cohort,design,set_id,members,stratum_distance,fine_dist_mean,fine_dist_max,logHR_M0,abs_logHR_M0,logHR_M1,abs_logHR_M1,p_M0,p_M1,fail_reason,audit_score
GSE39582,M1_msd,0,C19orf53;CDIPT-AS1;LOC101060817;RDH11,0.0,0.3198792583268753,0.7080682208727729,-0.243077507393239,0.243077507393239,-0.2280598795841583,0.2280598795841583,0.0008275570658468,0.0021418362452182,,b0
GSE39582,M1_msd,1,RNF181;CLCN1;H1FX;FAM84B,0.0,0.2563796153720191,0.7819809311933767,-0.0345907099207134,0.0345907099207134,-0.0031091061389861,0.0031091061389861,0.6357977599292591,0.9661670368832735,,b1
GSE39582,M1_msd,2,CSDE1;ADAMTSL5;PRSS3P2;ST7-OT3,0.0,0.3702229711740371,0.8777911867470569,-0.1801639181917807,0.1801639181917807,-0.130201920579995,0.130201920579995,0.0150055386982519,0.0789407593510483,,b2
GSE39582,M1_msd,3,AP2S1;ZNF343;SDC4;P4HA2,0.0,0.4600221404469038,0.972021128253914,-0.2300815830242249,0.2300815830242249,-0.1645799854518772,0.1645799854518772,0.0026002394512857,0.0295290363016082,,b3
GSE39582,M1_msd,4,UNC50;TMEM91;SNRPB;AP5Z1,0.0,0.345963535403881,1.173757030373345,-0.0898061233631921,0.0898061233631921,-0.0781569994712923,0.0781569994712923,0.2303820857089862,0.3051311299503008,,b4
GSE39582,M1_msd,5,CDC26;STBD1;LYSMD2;BCAT2,0.0,0.2425192411314814,0.4284723092499408,-0.1925585343334715,0.1925585343334715,-0.1118805115404622,0.1118805115404622,0.0119242890314302,0.1587385092217722,,b5
GSE39582,M1_msd,6,GABARAP;LOC101929792;UBL3;LOC101930388,0.0,0.4212840586509242,1.2619638652392522,0.1104021153085387,0.1104021153085387,0.1010247019052593,0.1010247019052593,0.1439875383787351,0.1601303163647067,,b6
GSE39582,M1_msd,7,NDUFA1;METTL10;ATP1B1;ADAT3,0.0,0.8690169170059584,1.743943886996097,-0.1971662819367755,0.1971662819367755,-0.1411366800135955,0.1411366800135955,0.0053594024074276,0.0387231851243489,,b7
GSE39582,M1_msd,8,IDH1;LOC102724314;DNMT1;COG2,0.0,0.1423947100243688,0.2492337264301536,-0.2126693274406967,0.2126693274406967,-0.1187282115649357,0.1187282115649357,0.0033426038238452,0.0912307618142366,,b8
GSE39582,M1_msd,9,UBE2K;PCDHGC3;YTHDF3;LMBRD1,0.0,0.1869854955175047,0.256488858345078,0.1424498128139801,0.1424498128139801,0.1521564842646713,0.1521564842646713,0.0598060080434185,0.0542767212502381,,b9
GSE39582,M1_msd,10,SSR2;LOC100507670;PNP;GAMT,0.0,0.4500369102015834,1.1147395788211891,-0.0447764236821713,0.0447764236821713,0.0259972542121483,0.0259972542121483,0.5321926806555706,0.7290393393117766,,b10
GSE39582,M1_msd,11,SNRPG;PYROXD2;TSTD1;SETD1A,0.0,0.4684628347639696,1.418407787163572,-0.1230913705492422,0.1230913705492422,-0.0953320435755527,0.0953320435755527,0.0965664776721038,0.2009770232060905,,b11
GSE39582,M1_msd,12,NDUFB5;GLUD2;KPNA2;PPP2R1B,0.0,0.5487414895546823,1.008043131485613,-0.0658018181402772,0.0658018181402772,-0.0143880403101304,0.0143880403101304,0.3699922787661962,0.8525739375312836,,b12
GSE39582,M1_msd,13,WDR45B;SEPT3;TSTA3;NEPRO,0.0,0.4435720263675788,0.74600645990768,-0.0126536908928989,0.0126536908928989,0.003107678360966,0.003107678360966,0.8613046648378431,0.967790056870672,,b13
GSE39582,M1_msd,14,VDAC1;MAPRE3;DNAJB1;SUPT7L,0.0,0.208971504355111,0.5949293460171544,0.0175605284084228,0.0175605284084228,-0.0291058948354521,0.0291058948354521,0.8059678558949442,0.67341030681959,,b14
GSE39582,M1_msd,15,TALDO1;SMARCD3;EBAG9;CFAP73,0.0,0.3778692237245439,1.2795944726723152,-0.0736152957437219,0.0736152957437219,-0.0139713133491314,0.0139713133491314,0.321022732740729,0.8525210099410254,,b15
GSE39582,M1_msd,16,RNASEK;CDC14B;GLUL;GMEB1,0.0,0.4532873242444287,1.169784329951035,-0.0254426172240747,0.0254426172240747,0.0368868720964652,0.0368868720964652,0.7185770423265267,0.6114910464029701,,b16
GSE39582,M1_msd,17,CDIPT;PCDHGC3;SNORA24;PIGC,0.0,0.4804318872994579,0.809050845707654,0.1202881878601919,0.1202881878601919,0.1018279882043301,0.1018279882043301,0.094737724837189,0.1598412143174343,,b17
GSE39582,M1_msd,18,PSMG2;ZNF503;HLA-B;NUDCD2,0.0,0.837120609837179,2.1359633224578327,-0.2495647729757722,0.2495647729757722,-0.186202987402783,0.186202987402783,0.0008199939760559,0.011461272863467,,b18
GSE39582,M1_msd,19,DYNLT1;TMEM185A;SYS1-DBNDD2;KREMEN2,0.0,0.5494316657972461,1.3476043670113658,-0.0689721544403064,0.0689721544403064,-0.1092066208874643,0.1092066208874643,0.336463538141986,0.1338962875033034,,b19
GSE39582,M1_msd,20,PPM1G;SMARCD3;C4orf48;DHRS7,0.0,0.1727135406094888,0.2278217718046039,0.016679366769614,0.016679366769614,0.06388645398807,0.06388645398807,0.8152528396911061,0.3921791236912321,,b20
GSE39582,M1_msd,21,SNAPIN;ARHGEF40;FAM177A1;RPAP2,0.0,0.1981598673639456,0.2552712454441799,-0.0293630351902786,0.0293630351902786,-0.0449806745632997,0.0449806745632997,0.69275194508069,0.5201810727930934,,b21
GSE39582,M1_msd,22,NME1-NME2;TPGS1;TARBP1;SNIP1,0.0,0.4979173039200048,1.648524150656013,-0.2149647196150177,0.2149647196150177,-0.1725877227815277,0.1725877227815277,0.0035669997025559,0.0179657471441719,,b22
GSE39582,M1_msd,23,PSMD14;CRYBB1;EPS8;GPATCH3,0.0,0.5618293298634957,1.010961369407792,-0.2332438197648501,0.2332438197648501,-0.167815980550889,0.167815980550889,0.0011034365168011,0.0190368303051161,,b23
GSE39582,M1_msd,24,TOMM6;RASSF4;DDX27;KRI1,0.0,0.4185817447984699,1.0636440148734143,-0.1371674932698232,0.1371674932698232,-0.1240687992447873,0.1240687992447873,0.0638767217719159,0.0959504475237999,,b24
GSE39582,M1_msd,25,NFKB1;NR2C1;RACGAP1;C19orf57,0.0,0.3030126546865684,0.588610271915917,-0.3453947255821388,0.3453947255821388,-0.2924491714778148,0.2924491714778148,2.064014893900739e-06,0.0001317924816,,b25
GSE39582,M1_msd,26,ABHD17A;ATXN2L;MYO5C;C14orf79,0.0,0.2744925374160131,0.5202539894364199,-0.0949302985098645,0.0949302985098645,-0.035232829773123,0.035232829773123,0.1963550891340969,0.6446792536706201,,b26
GSE39582,M1_msd,27,H2AFV;GRAP2;SNORD45B;NR2C2,0.0,0.244065556771771,0.3256629444201231,-0.1853476812731509,0.1853476812731509,-0.2026445546687711,0.2026445546687711,0.0103168769942102,0.0054278038895931,,b27
GSE39582,M1_msd,28,CTNND1;NKX1-1;CHCHD10;CYGB,0.0,0.4148663738761138,0.9572109787782186,-0.0423956941948533,0.0423956941948533,0.0322852689216438,0.0322852689216438,0.5625000486207153,0.6713685651910382,,b28
GSE39582,M1_msd,29,ASH2L;LOC102724314;C4orf48;LYRM2,0.0,0.1634378810668933,0.2169110768769408,-0.0873407596835619,0.0873407596835619,-0.02563214568585,0.02563214568585,0.2409630448356182,0.7213853962391408,,b29
GSE39582,M1_msd,30,PSMC5;LENG9;ACADVL;SLC8B1,0.0,0.4413106888814978,0.8279833981227712,-0.1755738324589988,0.1755738324589988,-0.0756627789775665,0.0756627789775665,0.0193767948232236,0.3268312965324987,,b30
GSE39582,M1_msd,31,MZT2A;RHPN1-AS1;SLC9A3R1;EMC7,0.0,0.3168065607290747,0.7293437961674755,-0.1221787977183553,0.1221787977183553,-0.0195980130212078,0.0195980130212078,0.0952203296258042,0.7892731126905699,,b31
GSE39582,M1_msd,32,TMX2-CTNND1;SWT1;SNORD88C;UROD,0.0,0.2324682453067191,0.4318540149130176,-0.1137733820088983,0.1137733820088983,-0.1229368075462193,0.1229368075462193,0.134746531157829,0.0963259683060825,,b32
GSE39582,M1_msd,33,PRR13;C20orf141;DGAT1;EXD2,0.0,0.4585780004250969,1.1418754654770369,-0.1381238753742605,0.1381238753742605,-0.0329666286439392,0.0329666286439392,0.0628059433920816,0.6605124537381619,,b33
GSE39582,M1_msd,34,GLRX5;ATP23;CLDN7;ANKRD13A,0.0,0.4710911544267444,0.9294112156271304,-0.2935148777682249,0.2935148777682249,-0.1545707796215294,0.1545707796215294,6.928170484403924e-05,0.0331935356482391,,b34
GSE39582,M1_msd,35,RBX1;RCBTB2;MIR7703;SRL,0.0,0.5776264832345159,1.4289832710567767,-0.1423361547541835,0.1423361547541835,-0.0947416486716831,0.0947416486716831,0.0473540811484268,0.1981173686167586,,b35
GSE39582,M1_msd,36,HNRNPF;FOXL1;CASP6;SOS1,0.0,0.1875693169593166,0.4152097029878507,-0.13758489077566,0.13758489077566,-0.07062894392556,0.07062894392556,0.0570595988499787,0.3287749857112181,,b36
GSE39582,M1_msd,37,TSEN34;BGLT3;TIPARP;WDR26,0.0,0.1672674730837404,0.276039978748088,0.0237045612464964,0.0237045612464964,-0.0767209491562804,0.0767209491562804,0.7525727859050413,0.3211627155597993,,b37
GSE39582,M1_msd,38,TRIM27;BMP2K;STAG2;EXOSC3,0.0,0.2343362640091639,0.5680747054817906,-0.1015323074233719,0.1015323074233719,-0.1127897247685543,0.1127897247685543,0.1650331128416142,0.1214189124579645,,b38
GSE39582,M1_msd,39,PDHB;CPEB2;TMEM243;RHPN1,0.0,0.2795016658384686,0.4593620693914928,-0.1278722060863436,0.1278722060863436,-0.1637126472969662,0.1637126472969662,0.0845858697325961,0.0314877860177689,,b39
GSE39582,M1_msd,40,KPNB1;PLAC9;RHPN2;RAB3GAP2,0.0,0.2121966190747257,0.3591144570084912,-0.1063621856897562,0.1063621856897562,-0.0445234266229712,0.0445234266229712,0.1422370183868923,0.5701751170675595,,b40
GSE39582,M1_msd,41,HNRNPR;EFCAB11;TOMM34;C2orf42,0.0,0.1297284048720443,0.1545237711300852,-0.1900387765451529,0.1900387765451529,-0.151318075564079,0.151318075564079,0.0092910393106108,0.0343094494673514,,b41
GSE39582,M1_msd,42,UBE2N;SNORA71B;SNORA18;SLC7A6OS,0.0,0.3100832732795688,0.5824211052808868,-0.1467099312327246,0.1467099312327246,-0.1875199447721326,0.1875199447721326,0.0411457468574269,0.0115686974435337,,b42
GSE39582,M1_msd,43,KDELR2;DUS3L;TRMT10C;STAC,0.0,0.3165018336839156,1.0310356822470392,-0.1359399680516058,0.1359399680516058,-0.0833239529545624,0.0833239529545624,0.0697032748072653,0.264675733871305,,b43
GSE39582,M1_msd,44,SERBP1;EFCAB11;SORL1;GPATCH3,0.0,0.3463033101497372,0.5219726732494473,-0.2768631267000851,0.2768631267000851,-0.229269794417306,0.229269794417306,0.0003027303624308,0.0017346015016119,,b44
GSE39582,M1_msd,45,HNRNPF;LOC730098;JUN;CNTFR,0.0,0.1889158357956548,0.4152097029878507,0.0255617300195581,0.0255617300195581,0.0627402396724999,0.0627402396724999,0.7282152902145349,0.4081577771163198,,b45
GSE39582,M1_msd,46,C14orf166;ENHO;CORO1C;PTK2B,0.0,0.5318045992830462,1.292732364435932,-0.006571492447562,0.006571492447562,0.0640007805874061,0.0640007805874061,0.9298552183631488,0.4056834619696781,,b46
GSE39582,M1_msd,47,NFKB1;DIO3OS;SYS1-DBNDD2;LOC101927705,0.0,0.2848501296969568,0.682894053241653,-0.1211117432665892,0.1211117432665892,-0.127295978879681,0.127295978879681,0.0849670297262129,0.0805965726912972,,b47
GSE39582,M1_msd,48,SNORA41;PLAC9;PSME2;ZSCAN25,0.0,0.9080069221626084,2.0864419520023234,-0.3201491473005544,0.3201491473005544,-0.2073209465439771,0.2073209465439771,3.2311929926313894e-05,0.008078962462136,,b48
GSE39582,M1_msd,49,KDELR2;LOC101928464;AHCY;SNORA17B,0.0,0.580879721526503,1.0310356822470392,-0.1542096380766306,0.1542096380766306,-0.1287721728221626,0.1287721728221626,0.0351696621023091,0.0863254025500286,,b49
GSE39582,M1_msd,50,RAB13;SPDL1;PCNA;SGSM2,0.0,0.6016954435582064,1.214776322647413,-0.0393391792600645,0.0393391792600645,-0.0270824048551022,0.0270824048551022,0.6018687510382787,0.7086755724475973,,b50
GSE39582,M1_msd,51,URGCP-MRPS24;ZNF619;SNORD27;GPATCH3,0.0,0.5692153543474616,1.2980047144525664,-0.253941904904242,0.253941904904242,-0.1739790733770138,0.1739790733770138,0.0010974669127852,0.022009759122328,,b51
GSE39582,M1_msd,52,SNORA41;LOC389641;SNORD81;MIR6132,0.0,0.7839518726042148,2.0864419520023234,-0.1705677289704728,0.1705677289704728,-0.1348029940883248,0.1348029940883248,0.0167360150885649,0.0526456835156639,,b52
GSE39582,M1_msd,53,DCTN3;SLC7A4;SNORD79;LPCAT3,0.0,0.3555559535468676,0.6670524665240513,-0.1306761971875119,0.1306761971875119,-0.0505339709488589,0.0505339709488589,0.0744744986125142,0.4991866669486242,,b53
GSE39582,M1_msd,54,MRPL49;LOC100129516;CHP1;CDK3,0.0,0.298039722076138,0.6027789246121524,-0.1021820567933456,0.1021820567933456,-0.0250064417758319,0.0250064417758319,0.1618069824098461,0.7431803801601577,,b54
GSE39582,M1_msd,55,NDUFS2;LOC100653086;TARBP1;ZNF142,0.0,0.2863085390782093,0.7413936179656484,-0.1522079135510565,0.1522079135510565,-0.0397672947126985,0.0397672947126985,0.0494776277154854,0.6090154500888746,,b55
GSE39582,M1_msd,56,RPL23;DOC2A;SNORA18;CWF19L1,0.0,0.2545197200456274,0.4130535567207979,-0.1142424571187928,0.1142424571187928,-0.0348372502171935,0.0348372502171935,0.1248861710074937,0.6412249958920138,,b56
GSE39582,M1_msd,57,CHMP3;FAM83A;CMSS1;REXO2,0.0,0.2902219578767458,0.6369725892561021,-0.0402217270047576,0.0402217270047576,-0.0649174242952446,0.0649174242952446,0.5889742099722997,0.376881893956942,,b57
GSE39582,M1_msd,58,RPL23;FOCAD;FAM177A1;POLD3,0.0,0.1649027213456876,0.2552712454441799,-0.1512010046975904,0.1512010046975904,-0.1552059732663555,0.1552059732663555,0.0453160611816362,0.0457799465226015,,b58
GSE39582,M1_msd,59,TOMM7;SEBOX;TMEM98;CCDC127,0.0,0.5735881433759461,1.4547301870499243,-0.0484660054703307,0.0484660054703307,-0.0361928072374807,0.0361928072374807,0.510621828709358,0.6469185749390249,,b59
GSE39582,M1_msd,60,MRPL9;NKX1-1;YWHAE;STK38,0.0,0.2437961590712551,0.5059298241631522,-0.1107312648678901,0.1107312648678901,-0.0511476248362498,0.0511476248362498,0.1192061211239309,0.4823336327720917,,b60
GSE39582,M1_msd,61,MRPL49;ZSCAN9;WIPI1;TRMT1,0.0,0.3267007410462837,0.6027789246121524,-0.1406099579624424,0.1406099579624424,-0.1161474709779514,0.1161474709779514,0.055041059187635,0.1219428607360995,,b61
GSE39582,M1_msd,62,SNORD10;GRAP2;CYC1;NDE1,0.0,0.5627102022968146,1.0027057445193213,-0.2095673561529026,0.2095673561529026,-0.1262065972480726,0.1262065972480726,0.0043619173930974,0.0961471354400537,,b62
GSE39582,M1_msd,63,PIGY;BRWD1;PKIG;FAM84B,0.0,0.2034028560241519,0.3634956875848785,-0.1229510525042227,0.1229510525042227,-0.1470056214922776,0.1470056214922776,0.0911868257973337,0.0480026955505057,,b63
GSE39582,M1_msd,64,AFTPH;HLA-DOB;HMGN3;KRAS,0.0,0.308713534776989,0.9301716835155804,-0.0780162497768123,0.0780162497768123,-0.0526721899260713,0.0526721899260713,0.2630196017864286,0.4759777877930985,,b64
GSE39582,M1_msd,65,TYK2;UBE2D1;CRELD2;MED17,0.0,0.1830404914564685,0.3327814155656774,-0.043209913418941,0.043209913418941,0.0255789110714989,0.0255789110714989,0.5817567915867505,0.7578356793083862,,b65
GSE39582,M1_msd,66,GANAB;DLGAP1-AS1;CTSS;C19orf25,0.0,0.3690528670321755,0.6085424986747718,-0.1313715367824122,0.1313715367824122,-0.0961649646287043,0.0961649646287043,0.0611161591927893,0.165070370693536,,b66
GSE39582,M1_msd,67,APP;CCAR2;SNRPB;SNORA17B,0.0,0.5408453506417926,1.173757030373345,-0.1920958736158222,0.1920958736158222,-0.1597840144685747,0.1597840144685747,0.0077453659410182,0.0300355594388122,,b67
GSE39582,M1_msd,68,SS18L2;ATXN2L;PLGRKT;MAPK7,0.0,0.1609654986849963,0.2243261518023077,-0.0764605753136599,0.0764605753136599,-0.071670207667211,0.071670207667211,0.3084270826336993,0.3289504498425275,,b68
GSE39582,M1_msd,69,MIR1236;SUPT3H;INPP1;PDE6G,0.0,0.2531057939698645,0.4908652849439818,-0.0067970373365602,0.0067970373365602,-0.0231688339441063,0.0231688339441063,0.9261226581383756,0.7500552965739372,,b69
GSE39582,M1_msd,70,RAB6C;LMLN;SNORD77;RPAP2,0.0,0.4667530078903439,0.8481812884019587,0.0424784270640821,0.0424784270640821,-0.0213220733155627,0.0213220733155627,0.5496499401306523,0.7723394221915489,,b70
GSE39582,M1_msd,71,ZDHHC6;SLC7A4;SNORD30;NDUFB7,0.0,0.3758850044365319,0.6081876256621663,-0.3228574810472541,0.3228574810472541,-0.2460851143645318,0.2460851143645318,1.4091743424778062e-05,0.0016594606364217,,b71
GSE39582,M1_msd,72,NDUFA13;GRAP2;SNORD31;ZNF394,0.0,0.5753246159172566,1.220125495441954,-0.2554681071764985,0.2554681071764985,-0.1847248731934221,0.1847248731934221,0.0006359399868484,0.0140712574486926,,b72
GSE39582,M1_msd,73,URGCP-MRPS24;PHLPP2;S100A10;CWC25,0.0,0.5573476220117856,1.2980047144525664,-0.1421002713124154,0.1421002713124154,-0.1973869835795289,0.1973869835795289,0.0623023506984489,0.0096372700866346,,b73
GSE39582,M1_msd,74,SRSF9;LOC389641;CDH1;BNIP1,0.0,0.4250808744020842,0.7656232764408546,-0.1827624210730801,0.1827624210730801,-0.1015730668412608,0.1015730668412608,0.0077571921449329,0.1542396356748488,,b74
GSE39582,M1_msd,75,ASH2L;INPP5F;PHGDH;GMEB1,0.0,0.1603348130532676,0.2092254903362379,-0.0333939373725308,0.0333939373725308,-0.0212384390256649,0.0212384390256649,0.6457125334823025,0.7837138284917821,,b75
GSE39582,M1_msd,76,DHX15;METTL10;DGAT1;GBAP1,0.0,0.4170702362190672,0.996002710675744,-0.1984573419638834,0.1984573419638834,-0.1004966666591384,0.1004966666591384,0.0077592622302591,0.1785565840221521,,b76
GSE39582,M1_msd,77,UBE2K;PAQR7;CRELD2;TMEM198,0.0,0.1712236558356758,0.3327814155656774,-0.0964830736732198,0.0964830736732198,-0.0332632801186031,0.0332632801186031,0.1770189314915096,0.6288085712633357,,b77
GSE39582,M1_msd,78,RNF181;GLT1D1;RSL24D1;MUM1,0.0,0.4179353704185012,0.7819809311933767,-0.019873369657214,0.019873369657214,-0.0046328280409442,0.0046328280409442,0.7782907697423208,0.9458872567627896,,b78
GSE39582,M1_msd,79,SNORA67;AZI2;CORO1C;HSF4,0.0,0.3169988591923339,0.5016006517426804,0.017528690499809,0.017528690499809,0.0340007032167636,0.0340007032167636,0.8161974080363953,0.6356817085201599,,b79
GSE39582,M1_msd,80,PRDX1;DUS3L;TMEM243;ACOX1,0.0,0.5548567088814074,1.6579516767378093,-0.219078981259099,0.219078981259099,-0.1867067432032815,0.1867067432032815,0.0032382714199839,0.0075370104535368,,b80
GSE39582,M1_msd,81,LOC101927180;ZNF619;PSME2;KIF1B,0.0,0.6659892359236415,1.4289832710567767,-0.1003711707556248,0.1003711707556248,-0.0531751580894924,0.0531751580894924,0.1563215955961666,0.4535672865281763,,b81
GSE39582,M1_msd,82,UFD1L;CMKLR1;GNPNAT1;ZNF20,0.0,0.3682994003596408,0.5843956014483438,-0.1970567979216059,0.1970567979216059,-0.0557092384163861,0.0557092384163861,0.0079901192489633,0.4604786827766851,,b82
GSE39582,M1_msd,83,SLC25A3;IL11RA;SNORD79;PTPN18,0.0,0.3828232320584971,0.6670524665240513,0.0227254416680206,0.0227254416680206,0.0348069324778318,0.0348069324778318,0.7583142599564932,0.6341936377510059,,b83
GSE39582,M1_msd,84,NDUFB10;FAM83A;MPC2;PKP4,0.0,0.3274410854302858,0.6413572029759124,-0.1853465829148976,0.1853465829148976,-0.1255839294211642,0.1255839294211642,0.0125054521154719,0.0893546080916672,,b84
GSE39582,M1_msd,85,GANAB;XIRP1;SNORA81;ZNF24,0.0,0.3417604189153809,0.6085424986747718,0.1914551988334443,0.1914551988334443,0.1209094494307637,0.1209094494307637,0.0082740158739875,0.0837078283658483,,b85
GSE39582,M1_msd,86,BOD1;F7;SNORA81;PHF3,0.0,0.1813359228151347,0.4459920557324504,0.1056770815467593,0.1056770815467593,0.0112382896448382,0.0112382896448382,0.1461406964651927,0.8807819901678099,,b86
GSE39582,M1_msd,87,FUCA2;VTN;SNORD80;CDK12,0.0,0.3379588941275346,0.6670524665240513,-0.1141472949220539,0.1141472949220539,-0.0910554172335634,0.0910554172335634,0.1320666645970285,0.2378279770732161,,b87
GSE39582,M1_msd,88,ITM2B;ATPAF2;FASTKD1;ACBD4,0.0,0.479264038882319,1.5336772311640954,-0.1284441930428439,0.1284441930428439,-0.034000359930374,0.034000359930374,0.0888252659828365,0.6572687054803464,,b88
GSE39582,M1_msd,89,TRIM27;HOXD9;MIR1234;DNAJC16,0.0,0.1064906325152529,0.1572192069498526,-0.1384319520782234,0.1384319520782234,-0.0442835839850504,0.0442835839850504,0.0629498391877416,0.5324064545019402,,b89
GSE39582,M1_msd,90,RALA;PGLYRP4;NXT1;RAB43,0.0,0.2771602704356778,0.5632871538114661,-0.1678628948076252,0.1678628948076252,-0.1286475557751447,0.1286475557751447,0.0225385018768689,0.0672714672304079,,b90
GSE39582,M1_msd,91,SNRNP27;JDP2;SPRY2;SENP3,0.0,0.1569338168662132,0.3956554238126197,0.010489138400187,0.010489138400187,0.0539285783124708,0.0539285783124708,0.8858582145325802,0.4776231302875011,,b91
GSE39582,M1_msd,92,NDUFB5;USP37;ABHD14B;BCAT2,0.0,0.4204204958790847,0.96752258794895,-0.1314053518626992,0.1314053518626992,-0.0908653162155043,0.0908653162155043,0.079857321717488,0.2360114351545228,,b92
GSE39582,M1_msd,93,SNAPIN;UBE2W;NUDT4P2;BCAP29,0.0,0.2605777702538738,0.4350494314330963,0.0181747076250033,0.0181747076250033,0.0658725874248135,0.0658725874248135,0.8167672882178619,0.4115850867302623,,b93
GSE39582,M1_msd,94,DPY30;GJB4;ACOT13;DSTNP2,0.0,0.2867533883563903,0.4623231349199393,-0.1282202157401047,0.1282202157401047,-0.1325547796521512,0.1325547796521512,0.0918277856957147,0.0966106107387047,,b94
GSE39582,M1_msd,95,RTN3;WDFY2;CTSB;ZNF24,0.0,0.368004507240848,0.8721402208989708,0.2275350134865669,0.2275350134865669,0.2060859600970593,0.2060859600970593,0.0019720032826706,0.0035381734228053,,b95
GSE39582,M1_msd,96,EIF4A3;ZBTB3;ASUN;TMEM87A,0.0,0.330950198050089,0.7961680088900536,-0.0797576304082314,0.0797576304082314,-0.0324569203901972,0.0324569203901972,0.278726204738751,0.6767388635190008,,b96
GSE39582,M1_msd,97,ATP5J;PCDHGC3;DEGS1;AP5Z1,0.0,0.4743263937784702,1.3072977314270515,0.0674935554396471,0.0674935554396471,0.1078200225005424,0.1078200225005424,0.3386685511518453,0.1572888957217782,,b97
GSE39582,M1_msd,98,LOC101927733;PLXNA3;MIR1304;GPATCH3,0.0,0.5455314147710005,1.402887797843355,-0.1172318753021436,0.1172318753021436,-0.1305554429642805,0.1305554429642805,0.1132096625775265,0.0825953182766207,,b98
GSE39582,M1_msd,99,HADHA;GJD2;EPCAM;REXO2,0.0,0.701028262316953,2.13533578945586,-0.1210349249038496,0.1210349249038496,-0.0633637600169745,0.0633637600169745,0.0776933321561259,0.3811310517300329,,b99
GSE39582,M1_msd,100,CAPNS1;MAPK8IP1;PLD3;PAK1,0.0,0.4550059140442973,1.3240674697876886,-0.1023627244631427,0.1023627244631427,-0.0718026113746773,0.0718026113746773,0.1637162571991974,0.3313630123602397,,b100
GSE39582,M1_msd,101,SNORA48;HCRP1;MANSC1;BCAP29,0.0,0.4155342736482446,0.9623057516994116,0.039220134686422,0.039220134686422,0.0427682363991733,0.0427682363991733,0.6015502536884507,0.5548464076871904,,b101
GSE39582,M1_msd,102,ZDHHC7;SPDL1;MIR1248;ADAT3,0.0,0.3077956767914422,0.4459920557324504,-0.0108365952205166,0.0108365952205166,0.002577348768937,0.002577348768937,0.8818770790441978,0.9717506708403656,,b102
GSE39582,M1_msd,103,KIAA1143;INPP5F;ZYX;ACBD4,0.0,0.1580752500135155,0.2612795282785762,-0.1514192933629778,0.1514192933629778,-0.1997397069293594,0.1997397069293594,0.0412228679713576,0.007458022938671,,b103
GSE39582,M1_msd,104,LUZP6;SNORA78;MRPL13;ZNF394,0.0,0.534345572585676,1.0298391116026289,-0.1178900161101091,0.1178900161101091,-0.0789653794275518,0.0789653794275518,0.116085888561988,0.2808339522075502,,b104
GSE39582,M1_msd,105,PYURF;SLURP1;LOC102724884;TAF1C,0.0,0.2575988167866896,0.4319850965440454,-0.1130640132053601,0.1130640132053601,-0.1388524732449171,0.1388524732449171,0.1169124304282739,0.0595741638635683,,b105
GSE39582,M1_msd,106,TRMT5;UBE2D1;SCAND1;WAS,0.0,0.2115616696253568,0.2473431945064439,-0.069324170407075,0.069324170407075,0.0097392331561495,0.0097392331561495,0.3720627885512276,0.892230499781999,,b106
GSE39582,M1_msd,107,DYNLT1;ZNF625-ZNF20;TMEM9;LMBRD1,0.0,0.4232554243482858,1.3476043670113658,-0.009574997138467,0.009574997138467,-0.0039655965663355,0.0039655965663355,0.8965457294796704,0.957533430797304,,b107
GSE39582,M1_msd,108,DIABLO;PLAC9;PLD3;ZNF20,0.0,0.1915348658976054,0.4384896154080496,-0.0159458888954092,0.0159458888954092,0.0909640750735511,0.0909640750735511,0.8307197457687812,0.2279067125446741,,b108
GSE39582,M1_msd,109,NGRN;RNF151;PNP;TMEM87A,0.0,0.2218205602204955,0.4153148151034898,-0.0211757684934526,0.0211757684934526,0.0542050303363741,0.0542050303363741,0.7771152758189543,0.46638208480734,,b109
GSE39582,M1_msd,110,UFD1L;C20orf141;CDKN1A;NDE1,0.0,0.3348811543874984,0.5843956014483438,-0.0812574961908979,0.0812574961908979,-0.042265888612243,0.042265888612243,0.2669871800540151,0.5631985311158574,,b110
GSE39582,M1_msd,111,ATRAID;PRDM6;NME4;KRAS,0.0,0.337953265923695,0.8697273000106365,0.1262936204763896,0.1262936204763896,0.0905796161360431,0.0905796161360431,0.0765367818141761,0.2384585702779814,,b111
GSE39582,M1_msd,112,RPS19BP1;MTSS1;GNPNAT1;DDX59,0.0,0.2504768818697972,0.5134801026880564,-0.1769442241033206,0.1769442241033206,-0.1476146420586681,0.1476146420586681,0.0225025207720115,0.0667253633763965,,b112
GSE39582,M1_msd,113,HMGB1;TPGS1;SNORD31;GTF3C4,0.0,0.5911768814571469,1.4305570150880746,-0.1622721203474497,0.1622721203474497,-0.1609563863339652,0.1609563863339652,0.0268256016706466,0.0269459358342542,,b113
GSE39582,M1_msd,114,SLC25A3;DOC2A;BAIAP2L1;VAPA,0.0,0.2401820247019281,0.5617289275625249,-0.1454841256597468,0.1454841256597468,-0.065550593760552,0.065550593760552,0.0514437821634582,0.3843886476179728,,b114
GSE39582,M1_msd,115,NDUFA13;ABLIM2;LOC101060817;VAPA,0.0,0.4295899889045252,1.220125495441954,-0.2071838017123133,0.2071838017123133,-0.1598268062346617,0.1598268062346617,0.0055072371616293,0.0352701599538275,,b115
GSE39582,M1_msd,116,JAGN1;SMG1P3;SNORA4;LOC100652768,0.0,0.276473038308594,0.4459920557324504,-0.0245807225807195,0.0245807225807195,0.0232529166971383,0.0232529166971383,0.7421319479531987,0.758463524886407,,b116
GSE39582,M1_msd,117,DHX32;SNORA78;BSG;PXYLP1,0.0,0.3103917922033496,0.7917959361543425,-0.0867893968011055,0.0867893968011055,-0.0604330069895853,0.0604330069895853,0.2216097127187249,0.3971486839875936,,b117
GSE39582,M1_msd,118,TBCA;CYP3A4;NMI;PIK3IP1,0.0,0.4716090455451288,1.3269679876669471,-0.2486014741881189,0.2486014741881189,-0.204311077314069,0.204311077314069,0.0018048847404665,0.0111564368214526,,b118
GSE39582,M1_msd,119,SNORD10;ZNHIT2;RNASEH2A;MED23,0.0,0.4398779645280835,0.9623057516994116,-0.1628895747959613,0.1628895747959613,-0.0742538955858836,0.0742538955858836,0.0263449231293463,0.3105821420404354,,b119
GSE39582,M1_msd,120,ANKRD17;CYP3A4;HLA-F;KREMEN2,0.0,0.2204710629029903,0.6121932693541559,-0.0371506849262358,0.0371506849262358,-0.0120624880365893,0.0120624880365893,0.6128838048760326,0.8689478459905822,,b120
GSE39582,M1_msd,121,SNORD10;LHX6;TMPRSS4;CWF19L1,0.0,0.4989481837173085,0.9623057516994116,-0.0079864962417293,0.0079864962417293,0.0522318194407681,0.0522318194407681,0.9096960509151784,0.4558105446930203,,b121
GSE39582,M1_msd,122,UFC1;COMMD10;SLIRP;EARS2,0.0,0.5447242013657126,1.0497631099514964,-0.1833338829679763,0.1833338829679763,-0.1633889248938856,0.1633889248938856,0.0149126990211473,0.0279618692235435,,b122
GSE39582,M1_msd,123,POLDIP2;CCDC74A;KLF5;CRTC3,0.0,0.2955344165339915,0.7611065410584129,-0.1102496540070178,0.1102496540070178,-0.0277495591564443,0.0277495591564443,0.1233410470452446,0.7228852665498469,,b123
GSE39582,M1_msd,124,TMEM14B;TEK;PSMC6;NFX1,0.0,0.3496750257067617,0.8617599687531762,0.0487009733701471,0.0487009733701471,0.036091000610591,0.036091000610591,0.5055217776392567,0.6127797885806217,,b124
GSE39582,M1_msd,125,MRPS22;WNT4;SNORA1;SH3PXD2B,0.0,0.2411965498808468,0.4130535567207979,-0.1578571818441501,0.1578571818441501,-0.1624702696504867,0.1624702696504867,0.0259434145112532,0.0246392730852837,,b125
GSE39582,M1_msd,126,MEMO1;SUPT3H;MAL2;ST7-OT3,0.0,0.4191964118070885,1.2050908730107406,-0.1552631043027949,0.1552631043027949,-0.1546168569131166,0.1546168569131166,0.0322307250567891,0.0276251784032225,,b126
GSE39582,M1_msd,127,EMC4;TMEM263;CHMP4B;NCOA6,0.0,0.4384667114469435,0.7811239764692479,-0.0643677513828399,0.0643677513828399,-0.0143483193930258,0.0143483193930258,0.3778117971564414,0.8432006701069433,,b127
GSE39582,M1_msd,128,RFXANK;ZBTB45;KLF10;SEMA4A,0.0,0.1974459011156218,0.4019140064283855,-0.0823364068381912,0.0823364068381912,0.0109069668342299,0.0109069668342299,0.2604573898296286,0.883291411629941,,b128
GSE39582,M1_msd,129,TSEN34;PTPRB;PSMB10;PHF6,0.0,0.1901924049715031,0.4792632351004413,-0.1950568111852942,0.1950568111852942,-0.1825040440797437,0.1825040440797437,0.0053955999188559,0.0114774447290563,,b129
GSE39582,M1_msd,130,HNRNPH3;BAIAP2;RABGGTB;LOC388210,0.0,0.0825466764317753,0.1680940944789434,-0.0753591934155259,0.0753591934155259,-0.1154495292243608,0.1154495292243608,0.3039504484466062,0.1148909355488324,,b130
GSE39582,M1_msd,131,ARF3;GALK1;BAG3;SNAPC5,0.0,0.2536187245860958,0.3314674736430054,-0.1126274401002898,0.1126274401002898,0.0103876767523605,0.0103876767523605,0.1116447871969072,0.8891636582196769,,b131
GSE39582,M1_msd,132,GUCD1;CDK14;ACADM;WASL,0.0,0.2985247657514949,0.546601346417819,-0.0354162632485029,0.0354162632485029,-0.017525423258393,0.017525423258393,0.6285383690915382,0.8200199685805112,,b132
GSE39582,M1_msd,133,TMEM50A;GJD2;NRIP1;C7orf43,0.0,0.3364304919526455,0.5741543623326198,-0.0253562285885756,0.0253562285885756,0.0210410522204802,0.0210410522204802,0.7273724693492056,0.7676750649943338,,b133
GSE39582,M1_msd,134,MRPL49;CLCN1;VMP1;CLPB,0.0,0.3010153404591833,0.6027789246121524,-0.0269888302737835,0.0269888302737835,-0.0212365653524144,0.0212365653524144,0.7123372078144842,0.7770611412253989,,b134
GSE39582,M1_msd,135,MIR6890;ZNF671;MICU2;URI1,0.0,0.5703377796835998,1.3618771742016542,-0.088589823961362,0.088589823961362,-0.0862304496197685,0.0862304496197685,0.2376374623119576,0.2712050309124953,,b135
GSE39582,M1_msd,136,COPZ1;TLR9;SNORD30;PRPF40B,0.0,0.3711311363326618,0.7091306654842555,-0.0989752835408702,0.0989752835408702,-0.0690689552849936,0.0690689552849936,0.1729930180324811,0.3465295205133938,,b136
GSE39582,M1_msd,137,LOC101930591;TMEM263;ACADVL;SMARCD1,0.0,0.3297031416442944,0.8279833981227712,-0.0655294911723608,0.0655294911723608,0.008060606593739,0.008060606593739,0.3805476506008119,0.9142160422502008,,b137
GSE39582,M1_msd,138,RPL23;SWT1;TMEM14A;NR2C2,0.0,0.2179356049991433,0.4160930214692893,-0.0482599761808109,0.0482599761808109,-0.0673169083676867,0.0673169083676867,0.5164412336574119,0.3708406031959147,,b138
GSE39582,M1_msd,139,CDV3;ERC1;SNORD50A;URI1,0.0,0.22985102751079,0.4144602319254768,-0.0047353421649011,0.0047353421649011,0.0125564805333765,0.0125564805333765,0.9486851328875396,0.8668879514996535,,b139
GSE39582,M1_msd,140,SRSF9;INPP5F;CRELD2;SLC48A1,0.0,0.3623337881288683,0.7377096499998873,-0.1292912344842169,0.1292912344842169,-0.0193872404313946,0.0193872404313946,0.0774420415151643,0.8017349144857012,,b140
GSE39582,M1_msd,141,JOSD1;TNRC6C-AS1;RABAC1;PKP4,0.0,0.3177098868888925,0.5144257370460414,0.0256796259136763,0.0256796259136763,0.0671961018856723,0.0671961018856723,0.7295268424653741,0.3539336517155438,,b141
GSE39582,M1_msd,142,SNORA41;NDUFB2-AS1;GSTP1;ZNF451,0.0,0.9073537821286258,2.0864419520023234,0.0307752683223127,0.0307752683223127,-0.0301405605026329,0.0301405605026329,0.6773112559249783,0.689839401308255,,b142
GSE39582,M1_msd,143,DDX47;ACHE;TUFT1;HIRIP3,0.0,0.2766736792126475,0.6525851453992904,-0.2505509653891018,0.2505509653891018,-0.1757395529763745,0.1757395529763745,0.0006371042695992,0.015924621189484,,b143
GSE39582,M1_msd,144,ASH2L;C1orf64;MAPK13;HAUS2,0.0,0.202664615484085,0.2878576093506134,-0.1409822679684242,0.1409822679684242,-0.0304977684503539,0.0304977684503539,0.0578553168183884,0.6882840040741036,,b144
GSE39582,M1_msd,145,PSMD14;ARHGEF25;MIR1304;SEMA6C,0.0,0.4048641929110886,1.010961369407792,0.0406966734668447,0.0406966734668447,-0.0342161783633589,0.0342161783633589,0.5854461733952929,0.6453508664347989,,b145
GSE39582,M1_msd,146,ATRAID;DNASE1L2;PRSS3P2;PTK2B,0.0,0.3335164298912469,0.8697273000106365,-0.0154496456284045,0.0154496456284045,0.0161438008172285,0.0161438008172285,0.8335535678178687,0.8247524512452243,,b146
GSE39582,M1_msd,147,ADIPOR1;MED31;PNP;ZNF20,0.0,0.224616229938229,0.4153148151034898,-0.0606733199022893,0.0606733199022893,0.021567835889833,0.021567835889833,0.4167327993186519,0.7785851549751455,,b147
GSE39582,M1_msd,148,CDC37;ARHGEF25;FAM177A1;SIAH1,0.0,0.1790561200115483,0.3134978250848142,0.0692058971901747,0.0692058971901747,0.0787572766155814,0.0787572766155814,0.3497430462708215,0.2964405767819486,,b148
GSE39582,M1_msd,149,SHISA5;SLC6A19;SNORD45A;BMPR1A,0.0,0.2933083687040229,0.614307722226474,-0.1400806043699456,0.1400806043699456,-0.1677889517393357,0.1677889517393357,0.0592086692165598,0.0257736676638296,,b149
GSE39582,M1_msd,150,ARHGAP17;SLURP1;MGLL;NOD1,0.0,0.2687736694510148,0.5644646422789583,-0.0035709398641029,0.0035709398641029,0.0112247941699374,0.0112247941699374,0.9604800785109252,0.8823815565731331,,b150
GSE39582,M1_msd,151,BAG6;AIRE;DSG2;RABL6,0.0,0.3110361549894282,0.8671894960505264,-0.1405661776260655,0.1405661776260655,-0.0974825619977716,0.0974825619977716,0.0502828753697065,0.1627420823294535,,b151
GSE39582,M1_msd,152,MRPL14;C15orf57;CTSA;PCCB,0.0,0.4420552027950556,0.919978381759952,-0.0649887718853939,0.0649887718853939,0.0642157837577914,0.0642157837577914,0.3835699242491822,0.3955992511858557,,b152
GSE39582,M1_msd,153,SPAG7;C9orf131;MAGED1;NFX1,0.0,0.3164584352256045,0.8523370773772087,-0.0253565109037263,0.0253565109037263,0.0144350372971082,0.0144350372971082,0.7312207000574781,0.849180514877539,,b153
GSE39582,M1_msd,154,SHISA5;DLGAP1-AS1;RPF2;CDK12,0.0,0.2748105628637736,0.614307722226474,-0.1753860896089389,0.1753860896089389,-0.2193530444514667,0.2193530444514667,0.0186716122069011,0.0039739897239022,,b154
GSE39582,M1_msd,155,NDUFAB1;FAM110D;DBNDD2;CAMTA1,0.0,0.6654780499946235,1.572794992415319,-0.2135732819404981,0.2135732819404981,-0.2036540353628275,0.2036540353628275,0.0047116167377763,0.0084886263667207,,b155
GSE39582,M1_msd,156,RPP25L;SYP;UAP1;HNRNPLL,0.0,0.2565019606162961,0.6610223273955135,-0.2152816841176955,0.2152816841176955,-0.2100813740619533,0.2100813740619533,0.0069638393429319,0.007592702032325,,b156
GSE39582,M1_msd,157,VDAC1;BDP1;SYS1-DBNDD2;KRI1,0.0,0.2715584973797667,0.682894053241653,-0.2185791709458658,0.2185791709458658,-0.2618649626555611,0.2618649626555611,0.002487854056779,0.0005102808182555,,b157
GSE39582,M1_msd,158,PIP4K2C;PGLYRP4;YTHDF3;DDX59,0.0,0.2055457411257061,0.256488858345078,0.0642924734539357,0.0642924734539357,0.0631511612683894,0.0631511612683894,0.3778737560684885,0.3959396641507393,,b158
GSE39582,M1_msd,159,CNOT1;NGF;JUNB;PHF3,0.0,0.1732435682190091,0.4343777790755503,0.0457033906619853,0.0457033906619853,0.0021703261727271,0.0021703261727271,0.5247916638181899,0.9751290676232434,,b159
GSE39582,M1_msd,160,ATP5G3;SPDL1;PSMC6;SENP3,0.0,0.287368257738472,0.6196794624664845,-0.1251118243395289,0.1251118243395289,-0.0952569693347728,0.0952569693347728,0.0894734140041774,0.2146968136847239,,b160
GSE39582,M1_msd,161,ARMC2-AS1;GJB4;ITGA6;HAUS2,0.0,0.6581029435951316,1.521339164438279,-0.0901859534832172,0.0901859534832172,-0.0451346131614621,0.0451346131614621,0.2137411508743484,0.5262751975388072,,b161
GSE39582,M1_msd,162,GLRX5;CCAR2;ADAP1;C19orf12,0.0,0.3143758046954664,0.5481025605461266,-0.1785992853966553,0.1785992853966553,-0.1081751658158589,0.1081751658158589,0.0166318041652955,0.1484266820144439,,b162
GSE39582,M1_msd,163,HNRNPAB;LOC103344931;CNN3;B9D2,0.0,0.6135826645560021,1.688580948221566,-0.2673851092438919,0.2673851092438919,-0.1812251173691579,0.1812251173691579,0.0002252425558307,0.0181099238365633,,b163
GSE39582,M1_msd,164,EIF3D;L3MBTL1;MIR6849;MUM1,0.0,0.4028680886482151,1.2506953944484305,-0.1335619154146547,0.1335619154146547,-0.1109153049671954,0.1109153049671954,0.0659511013720648,0.1266813888387902,,b164
GSE39582,M1_msd,165,TBC1D14;TMEM110-MUSTN1;SNHG8;SIAH1,0.0,0.2622807392780548,0.809050845707654,-0.1074778882799189,0.1074778882799189,-0.0513403885037991,0.0513403885037991,0.1351389473432362,0.4837146721411686,,b165
GSE39582,M1_msd,166,MDH1;PHTF2;PLGRKT;ZNF142,0.0,0.4213844514565963,1.1295067221567694,-0.0810975595251673,0.0810975595251673,-0.1139869070504277,0.1139869070504277,0.2683941287919534,0.1291257213061418,,b166
GSE39582,M1_msd,167,APP;LMLN;RASA1;SCFD1,0.0,0.283443939955581,0.6038085854923059,0.0242871242826507,0.0242871242826507,-0.0756861801656528,0.0756861801656528,0.7305033825133114,0.2944765552057138,,b167
GSE39582,M1_msd,168,NDUFS3;HLA-DOB;HMGCR;CEBPA-AS1,0.0,0.2311043733211721,0.3890553329978177,-0.2327532698043339,0.2327532698043339,-0.1367381606842486,0.1367381606842486,0.0016804831681232,0.0762135447991772,,b168
GSE39582,M1_msd,169,TMEM147;ZNF625-ZNF20;CHCHD7;ANKRD13A,0.0,0.3227998406350038,0.8093065027549776,-0.1650177979648832,0.1650177979648832,-0.0871729352619259,0.0871729352619259,0.0237519532255013,0.2182822460535055,,b169
GSE39582,M1_msd,170,ABCF1;LOC101927503;GBAS;MCTS1,0.0,0.2550324025892247,0.619211268009984,-0.0941952997527103,0.0941952997527103,-0.1282012365743119,0.1282012365743119,0.2071666316109115,0.081869107444695,,b170
GSE39582,M1_msd,171,R3HDM4;TMEM179;LCOR;NUTM2F,0.0,0.277205971434217,0.3609871359723678,-0.0267482385815883,0.0267482385815883,-0.017607702676623,0.017607702676623,0.7105794513899122,0.810859812524471,,b171
GSE39582,M1_msd,172,UFD1L;LOC101926963;MAPK13;GFM1,0.0,0.3062665848748571,0.5843956014483438,-0.1637397430227513,0.1637397430227513,-0.0591369135665464,0.0591369135665464,0.0237743500703235,0.40865855944632,,b172
GSE39582,M1_msd,173,MMADHC;CENPBD1;FAM8A1;DHRS7,0.0,0.4246667399435631,1.2475200797420432,-0.0231207302187495,0.0231207302187495,-0.0228153449270836,0.0228153449270836,0.7555677178733937,0.763743768422365,,b173
GSE39582,M1_msd,174,RAB6C;LOC100132167;SNORA24;NDUFS7,0.0,0.4769507403436097,0.8481812884019587,-0.0672010525563049,0.0672010525563049,-0.036760096431314,0.036760096431314,0.3522563590281531,0.6215038510754171,,b174
GSE39582,M1_msd,175,KDELR2;SP4;TMC4;APPBP2,0.0,0.4126430775642296,1.0310356822470392,0.0189924963801367,0.0189924963801367,-0.0054056360088225,0.0054056360088225,0.7985992268025093,0.9427231340513152,,b175
GSE39582,M1_msd,176,DNAJB11;LRRC37A4P;RHPN2;C2orf42,0.0,0.2790270040117827,0.5043442749940374,-0.2359063184592361,0.2359063184592361,-0.1563958923010318,0.1563958923010318,0.0016258452378292,0.0321195891316964,,b176
GSE39582,M1_msd,177,HNRNPUL1;HCRP1;CASP7;WAS,0.0,0.1681528508184284,0.2415238985617098,0.0270264144794918,0.0270264144794918,0.1022998427513077,0.1022998427513077,0.7235313482098459,0.1933102952493465,,b177
GSE39582,M1_msd,178,IFNGR2;RBBP9;INTS8;NDUFS7,0.0,0.3306647180539067,0.7567032063452955,-0.1084082029388647,0.1084082029388647,-0.0697391961469753,0.0697391961469753,0.1360902201478818,0.3406952037145563,,b178
GSE39582,M1_msd,179,TOMM6;AZI2;FASTKD1;SNORD49B,0.0,0.3384177571286732,1.0636440148734143,-0.0814726857843808,0.0814726857843808,-0.1273501891357091,0.1273501891357091,0.2859768694902151,0.106736958274917,,b179
GSE39582,M1_msd,180,PHB2;LOC730098;ASUN;LOC101930388,0.0,0.4891185919353338,1.6427626204574035,-0.1133949608604813,0.1133949608604813,-0.0650340033534853,0.0650340033534853,0.1233440627063444,0.3830718297457105,,b180
GSE39582,M1_msd,181,ATP5G3;HERC4;RFC4;MGC45922,0.0,0.2888274200946445,0.6196794624664845,-0.1539753416966398,0.1539753416966398,-0.1188059359802337,0.1188059359802337,0.033458303819701,0.1011794905049495,,b181
GSE39582,M1_msd,182,COX8A;LHFPL4;ASAP2;ICA1,0.0,0.4603581300893667,1.497688412113679,-0.0627692274617393,0.0627692274617393,-0.1117084971205251,0.1117084971205251,0.3966343429054275,0.126510173004603,,b182
GSE39582,M1_msd,183,MZT2A;MAPK8IP1;NUDT4P2;HEATR1,0.0,0.3498836806565022,0.7293437961674755,-0.1286451928119349,0.1286451928119349,-0.1243479034632977,0.1243479034632977,0.0757083542764043,0.0850223574945347,,b183
GSE39582,M1_msd,184,MRPL9;BRWD1;EIF4EBP1;PPIH,0.0,0.2251894576331619,0.3359876240825625,-0.159088313871078,0.159088313871078,-0.1418625201607427,0.1418625201607427,0.0292335662065179,0.0486128189980235,,b184
GSE39582,M1_msd,185,TOMM70;GLT1D1;CCNDBP1;SNORD49A,0.0,0.174740125541243,0.3138285201584349,0.0383594734406048,0.0383594734406048,0.1159137125794035,0.1159137125794035,0.5945537534707284,0.1133688174395368,,b185
GSE39582,M1_msd,186,IARS2;SEPT3;DEGS1;CNPY4,0.0,0.3624645104219426,0.7339824501227261,0.1362111558168813,0.1362111558168813,0.2139185281035448,0.2139185281035448,0.0631126119460572,0.0050120419194576,,b186
GSE39582,M1_msd,187,TMEM50A;SYP;LOC102724884;TMEM170A,0.0,0.294876217871793,0.5741543623326198,-0.1141424400004319,0.1141424400004319,-0.07527907673536,0.07527907673536,0.1192277162904171,0.2804686269449563,,b187
GSE39582,M1_msd,188,CAPNS1;LOC105371374;CPNE2;SUPT7L,0.0,0.4343217715470379,1.3240674697876886,-0.1077773096724638,0.1077773096724638,-0.1051308692411238,0.1051308692411238,0.1379716034875791,0.1538731543009443,,b188
GSE39582,M1_msd,189,DIABLO;TMEM110-MUSTN1;ROMO1;RUSC2,0.0,0.2345277339579,0.4384896154080496,-0.1006056952853533,0.1006056952853533,-0.0463383034836399,0.0463383034836399,0.1814856325700679,0.541737736968257,,b189
GSE39582,M1_msd,190,PIH1D1;HOXD9;CHP1;TMOD1,0.0,0.1661276951334372,0.2516670050376876,-0.0924671797116398,0.0924671797116398,0.0013167072196489,0.0013167072196489,0.2028977855255327,0.986002846628041,,b190
GSE39582,M1_msd,191,AP2M1;LOC100288175;LINC00493;MUM1,0.0,0.4922627029325033,0.87316075777573,-0.0632069418175354,0.0632069418175354,-0.0590777919488231,0.0590777919488231,0.3812235994247207,0.4312149337984411,,b191
GSE39582,M1_msd,192,HMGN1;LOC101929792;MAGED1;TRMT1,0.0,0.637989322486692,1.3827947091052586,-0.1197125465344701,0.1197125465344701,-0.0706822312788424,0.0706822312788424,0.0946040148533848,0.3420686055275916,,b192
GSE39582,M1_msd,193,RAB6C;MED31;SNORD5;CAND1,0.0,0.3758515156458903,0.8481812884019587,0.0067946854949279,0.0067946854949279,-0.0099477198918569,0.0099477198918569,0.9255472995376002,0.8973685383570069,,b193
GSE39582,M1_msd,194,KDELR2;CIDEA;CTSB;LPAR2,0.0,0.5884995369740228,1.0310356822470392,-0.0215965457982493,0.0215965457982493,0.0313690506342189,0.0313690506342189,0.7613796698800808,0.6696486399392972,,b194
GSE39582,M1_msd,195,MIR6789;SNCA;ACADVL;MARVELD1,0.0,0.3240265634867206,0.8279833981227712,0.0305919103030218,0.0305919103030218,0.0743720257629939,0.0743720257629939,0.6751312245693419,0.3285885110173078,,b195
GSE39582,M1_msd,196,NIPA2;LCMT2;TMEM243;PLEKHA5,0.0,0.1568813875568819,0.2701410916768498,-0.0651560513756342,0.0651560513756342,0.0083530993617934,0.0083530993617934,0.3767841730155806,0.910534080128628,,b196
GSE39582,M1_msd,197,P4HTM;NDUFB2-AS1;SLC9A3R1;IFT43,0.0,0.1963072544167986,0.299504790469243,-0.0981784384422364,0.0981784384422364,-0.0899701063037189,0.0899701063037189,0.191958895533666,0.238733734576554,,b197
GSE39582,M1_msd,198,SLC35A4;PYROXD2;PHGDH;EMC7,0.0,0.1592058601143828,0.2163421875404169,-0.0722989299662925,0.0722989299662925,-0.0157166662852082,0.0157166662852082,0.3141388266297855,0.8402592036878759,,b198
GSE39582,M1_msd,199,GRHPR;CPT1C;NOP58;B9D2,0.0,0.3720801601596714,0.9263294891327212,-0.1833912486242456,0.1833912486242456,-0.137077215922128,0.137077215922128,0.0152324190764913,0.0644976027210384,,b199
GSE39582,M1_msd,200,TRMT5;ZNHIT2;KIF5B;ACBD4,0.0,0.3318144978579597,0.7011493487633057,-0.223428170065771,0.223428170065771,-0.1681125780450334,0.1681125780450334,0.0032411148531327,0.0226075024013467,,b200
GSE39582,M1_msd,201,SAT1;YTHDF3-AS1;LYSMD2;CDK12,0.0,0.2970973684535753,0.6176708011558665,-0.105887175884249,0.105887175884249,-0.1064860124863929,0.1064860124863929,0.1533683811453849,0.1601322197677229,,b201
GSE39582,M1_msd,202,APP;LIPE;ROMO1;CYGB,0.0,0.2938309289857326,0.6038085854923059,-0.1391306306767023,0.1391306306767023,-0.0482044186334926,0.0482044186334926,0.0531959578337672,0.5052210540764897,,b202
GSE39582,M1_msd,203,HNRNPF;TMEM263;SNORA32;LRRC75A-AS1,0.0,0.2724461842476376,0.4152097029878507,0.0167657430857882,0.0167657430857882,0.0528844575384971,0.0528844575384971,0.818122251927393,0.4675546097598941,,b203
GSE39582,M1_msd,204,PIP4K2C;TMPRSS13;COX3;ZNF683,0.0,0.1140078665954207,0.2947975864831806,-0.1360623115134528,0.1360623115134528,-0.0945403626366518,0.0945403626366518,0.0623550393600698,0.2071414431058533,,b204
GSE39582,M1_msd,205,PEF1;BMP2K;MRPL13;CDK12,0.0,0.3030724847313182,0.6984494297890163,-0.2150949210293889,0.2150949210293889,-0.1861024631823671,0.1861024631823671,0.0029247584896849,0.0117180212332762,,b205
GSE39582,M1_msd,206,IARS2;GLT1D1;WRB;PCIF1,0.0,0.3006391783440083,0.7339824501227261,-0.1287454449067746,0.1287454449067746,-0.0888843066767529,0.0888843066767529,0.0791868154737592,0.2406900962422795,,b206
GSE39582,M1_msd,207,CDC123;ZFP92;RPF2;PODNL1,0.0,0.24494680746706,0.4336696448583793,-0.0552684521963524,0.0552684521963524,-0.0782699907852909,0.0782699907852909,0.4365599576639554,0.276633438699931,,b207
GSE39582,M1_msd,208,TMEM147;DLGAP1-AS1;SMCO4;BCAM,0.0,0.3470104903621559,0.8093065027549776,-0.0641755545223745,0.0641755545223745,-0.0555691935478524,0.0555691935478524,0.3704351559627102,0.4547723220794493,,b208
GSE39582,M1_msd,209,NCOA4;CCL17;ACOT13;TRMT1,0.0,0.4996971934067544,1.3074732949613963,-0.2168580406449262,0.2168580406449262,-0.1412115474084681,0.1412115474084681,0.0037538204927214,0.0718991630766238,,b209
GSE39582,M1_msd,210,C18orf32;SNCA;LOC728554;MIR6132,0.0,0.6019497885348346,1.6210840887465898,-0.132328908786904,0.132328908786904,-0.0868960197752635,0.0868960197752635,0.0632799625214951,0.2241292350571418,,b210
GSE39582,M1_msd,211,RPS19BP1;HCRP1;CHSY1;CCDC60,0.0,0.2438270250544035,0.5114449119213395,0.0328582521916035,0.0328582521916035,0.041808766720756,0.041808766720756,0.649757012793847,0.5448675472373953,,b211
GSE39582,M1_msd,212,PIGY;DDX11L2;ASAP2;SH3PXD2B,0.0,0.1517667848965317,0.2597632055315096,0.1428543866382081,0.1428543866382081,0.1242280408213137,0.1242280408213137,0.048687554176826,0.0961813313566479,,b212
GSE39582,M1_msd,213,COA4;SUPT3H;PAN3;C2orf42,0.0,0.2647729877544072,0.6491575522208021,-0.0537957985915738,0.0537957985915738,-0.1156243995912763,0.1156243995912763,0.4747857587850266,0.1141313477382079,,b213
GSE39582,M1_msd,214,SEC11A;LOC101927420;NELFCD;SLC22A31,0.0,0.4931285575618562,0.935209928513141,-0.1102233244586262,0.1102233244586262,0.0151877501787845,0.0151877501787845,0.1407207310701823,0.8340923882723712,,b214
GSE39582,M1_msd,215,NDFIP1;ADAMTS9;SNORD50B;ADCK2,0.0,0.2243986575901391,0.4144602319254768,0.0046148842841778,0.0046148842841778,-0.0129948619143827,0.0129948619143827,0.951900402807533,0.8648025557195589,,b215
GSE39582,M1_msd,216,UQCRC2;GLUD2;SHMT2;POLD3,0.0,0.2056362622587133,0.4915032008011392,-0.0757051975866001,0.0757051975866001,-0.0067733538815347,0.0067733538815347,0.305745448995804,0.929329738020044,,b216
GSE39582,M1_msd,217,CTDNEP1;DCP2;GTF2IRD1;TANGO6,0.0,0.1752119566129486,0.3845346017831901,-0.1195288338927918,0.1195288338927918,-0.0916337267989212,0.0916337267989212,0.1128593623133739,0.2008925954103352,,b217
GSE39582,M1_msd,218,ANKRD17;PRDM14;AHR;FAM219B,0.0,0.2218052470616718,0.4338290852702169,0.114793051636531,0.114793051636531,0.1468445808598783,0.1468445808598783,0.1274988822951253,0.0532284402004318,,b218
GSE39582,M1_msd,219,AUP1;GJD2;PPIF;BCAT2,0.0,0.2651541706267133,0.4187057024135179,-0.1434636809580677,0.1434636809580677,-0.0555485973557084,0.0555485973557084,0.0420332092897352,0.4441625497786008,,b219
GSE39582,M1_msd,220,NDUFA1;CDC14B;VEGFA;NR2C2,0.0,0.5152537023265011,1.4671171289272813,-0.018570258260818,0.018570258260818,-0.1104213043831604,0.1104213043831604,0.8006450839235707,0.1460220133042444,,b220
GSE39582,M1_msd,221,HNRNPF;VTN;PCNA;PIDD1,0.0,0.4819785355864154,1.214776322647413,-0.1729372155441314,0.1729372155441314,-0.0426268542518093,0.0426268542518093,0.0199968200334793,0.5789012940577782,,b221
GSE39582,M1_msd,222,NDUFAB1;KRBA2;TMEM141;URI1,0.0,0.6628473091193257,1.572794992415319,-0.2301358690853296,0.2301358690853296,-0.1624365887855684,0.1624365887855684,0.0020761311414119,0.0318543660687248,,b222
GSE39582,M1_msd,223,POLDIP2;LRP5L;PLGRKT;TMEM170A,0.0,0.1299775533040918,0.2243261518023077,-0.07269060828072,0.07269060828072,-0.0872889395275533,0.0872889395275533,0.345984700638157,0.2338055031176735,,b223
GSE39582,M1_msd,224,SRP9;TMEM110-MUSTN1;CHMP5;WDR26,0.0,0.6238614396303233,1.7484676931447525,0.0769420870785916,0.0769420870785916,0.0677162876893998,0.0677162876893998,0.2922090015528944,0.3583986302368274,,b224
GSE39582,M1_msd,225,RPL18A;FAM3C;PNPT1;SMOX,0.0,0.1653556004995962,0.3030507140174234,0.0284190793492671,0.0284190793492671,-0.0068099857447914,0.0068099857447914,0.6963256020091271,0.9231103630626576,,b225
GSE39582,M1_msd,226,NDFIP1;ZSCAN9;LOC101060817;SETD1A,0.0,0.094630542996273,0.1969450526796095,-0.0988079037360594,0.0988079037360594,-0.0834444362605707,0.0834444362605707,0.1869449135008979,0.2573250726273716,,b226
GSE39582,M1_msd,227,CTNND1;MFNG;SCRIB;MCTS1,0.0,0.2000620796003025,0.4318540149130176,-0.0790926426489399,0.0790926426489399,-0.0246102028407379,0.0246102028407379,0.2731882175039545,0.7374367742329148,,b227
GSE39582,M1_msd,228,UNC50;CARD8;SLC52A2;DICER1,0.0,0.1308596070088708,0.203426244585585,0.0301754535617596,0.0301754535617596,-0.0212463406143188,0.0212463406143188,0.6877810405481921,0.7829516615659216,,b228
GSE39582,M1_msd,229,PSMC5;ADAMTS10;HSD17B11;NUTM2F,0.0,0.4333315065427406,0.7151648524239879,-0.138401312819907,0.138401312819907,-0.052379982682757,0.052379982682757,0.059560781234642,0.4964038895747006,,b229
GSE39582,M1_msd,230,CTNND1;MAPK8IP1;SNHG8;C6orf106,0.0,0.4123523176111976,0.809050845707654,1.0267019024833838e-05,1.0267019024833838e-05,0.0055226236826873,0.0055226236826873,0.999889689539116,0.9411420555978958,,b230
GSE39582,M1_msd,231,SRSF2;PYROXD2;ADGRG1;NPPA,0.0,0.2830780361376278,0.7768750984602473,-0.1265905367643336,0.1265905367643336,-0.0926046242277427,0.0926046242277427,0.0786122717200208,0.1976117061478278,,b231
GSE39582,M1_msd,232,ATP6V1G1;NMRK2;PJA1;CDK12,0.0,0.1446391493129291,0.213214748409449,-0.051900165804956,0.051900165804956,-0.0646772214676315,0.0646772214676315,0.4614045848307996,0.3685593367067281,,b232
GSE39582,M1_msd,233,SLC25A5;RBBP9;SNORD25;MED12,0.0,0.7579797532187713,2.000941896179088,-0.25974446099946,0.25974446099946,-0.2247877237177387,0.2247877237177387,0.000611700375581,0.0023931104269908,,b233
GSE39582,M1_msd,234,SUB1;ARHGEF40;TMX1;PMS2P8,0.0,0.2373062151680303,0.4844531591122465,-0.1061656699822715,0.1061656699822715,-0.1334360673214907,0.1334360673214907,0.1461943492846514,0.0672678475490455,,b234
GSE39582,M1_msd,235,PFDN2;ADM5;MGLL;ZNF584,0.0,0.3335130026536888,0.5644646422789583,0.009479865314924,0.009479865314924,0.0613024245688032,0.0613024245688032,0.8979136803506609,0.4128797236613059,,b235
GSE39582,M1_msd,236,SELK;ADM5;LAMB3;B9D2,0.0,0.3684086152871165,0.7823815179024787,-0.0286859401452795,0.0286859401452795,0.0579970747784748,0.0579970747784748,0.7009067676064755,0.4348462386039822,,b236
GSE39582,M1_msd,237,SRSF9;RNASEH2B;RASA1;PDCD6,0.0,0.3121007186354745,0.7377096499998873,-0.0572129312075788,0.0572129312075788,-0.0866634707756652,0.0866634707756652,0.4504685012003541,0.2602976353759763,,b237
GSE39582,M1_msd,238,RAD23A;RNF151;GMNN;CLCF1,0.0,0.3154762332463708,0.638965289267699,-0.1822042583550626,0.1822042583550626,-0.1674031974803635,0.1674031974803635,0.0139529798577602,0.0233039375988242,,b238
GSE39582,M1_msd,239,C18orf32;LOC101928464;SUCLA2;PODNL1,0.0,0.6154223685956762,1.6210840887465898,-0.0178604239487519,0.0178604239487519,-0.0459918448818842,0.0459918448818842,0.8011535706226673,0.5232676494218298,,b239
GSE39582,M1_msd,240,ATF4;BORCS5;TUSC1;MIR4656,0.0,0.4709038199846019,1.2360114545996013,-0.0626413371463206,0.0626413371463206,-0.0589824775237048,0.0589824775237048,0.4013175686522114,0.4550481376550129,,b240
GSE39582,M1_msd,241,SPAG7;DUSP13;ELF3;PMS2P8,0.0,0.3210331389955566,0.695509930974455,-0.215442940013589,0.215442940013589,-0.1925225801768119,0.1925225801768119,0.0042069935769435,0.0082207269943132,,b241
GSE39582,M1_msd,242,STUB1;LZTFL1;PSMB8;STX7,0.0,0.4577662859641322,0.8838743197303649,-0.1655786496427052,0.1655786496427052,-0.1739608698086301,0.1739608698086301,0.0293889970196429,0.0228569660162193,,b242
GSE39582,M1_msd,243,IRF3;NT5DC2;CTNNB1;A4GALT,0.0,0.2170815336518426,0.4643119226368865,-0.1056611437257989,0.1056611437257989,0.0059065651362334,0.0059065651362334,0.1407134673852769,0.9369934659703392,,b243
GSE39582,M1_msd,244,RER1;MAPRE3;DHRS4L2;SLC25A16,0.0,0.0783979586914266,0.1743270373487524,-0.0968964299675786,0.0968964299675786,-0.0724781357959752,0.0724781357959752,0.1977690410331403,0.3209533651463533,,b244
GSE39582,M1_msd,245,URGCP-MRPS24;DLGAP1-AS1;SNORD28;MUM1,0.0,0.5510324605846094,1.2980047144525664,-0.2526674755725513,0.2526674755725513,-0.3309947443440931,0.3309947443440931,0.0005242639857995,6.116802064101658e-06,,b245
GSE39582,M1_msd,246,NDUFS3;L3MBTL1;SDF2L1;LOC400499,0.0,0.1832256150400286,0.2544187530196425,-0.2086302797876782,0.2086302797876782,-0.0748029708423115,0.0748029708423115,0.0056324485736031,0.3426198637618557,,b246
GSE39582,M1_msd,247,BCL2L2-PABPN1;UBE2D1;CPNE2;TCHP,0.0,0.1904962710574924,0.2415197225395458,-0.1784526103798141,0.1784526103798141,-0.1287056372495369,0.1287056372495369,0.0149411972469925,0.09362619963974,,b247
GSE39582,M1_msd,248,TALDO1;FGF17;THRIL;FAM65A,0.0,0.5189438543578873,1.2795944726723152,-0.1011873554755724,0.1011873554755724,-0.0353168324908537,0.0353168324908537,0.1756658839201376,0.6533876737010634,,b248
GSE39582,M1_msd,249,ZNF410;EBF4;PLGRKT;BCAM,0.0,0.1157372081318511,0.2243261518023077,0.0403016652636856,0.0403016652636856,0.0072194635699144,0.0072194635699144,0.5772283104063769,0.9226772242421364,,b249
GSE39582,M1_msd,250,TOMM7;LOC101929792;FAM177A1;CRCP,0.0,0.5290409177958524,1.4547301870499243,0.0200205396468969,0.0200205396468969,0.0016302409114418,0.0016302409114418,0.7814320195728135,0.9824175484979728,,b250
GSE39582,M1_msd,251,SNX3;MTSS1;SNRNP25;ZMYND11,0.0,0.3249415692794842,0.8467045415174982,-0.0803221551182834,0.0803221551182834,-0.0312209240618874,0.0312209240618874,0.2865656545584125,0.6854991487530471,,b251
GSE39582,M1_msd,252,YWHAZ;EBF4;GAS6;TRAF2,0.0,0.4433518191911632,1.102561265253864,0.0838033164008514,0.0838033164008514,0.1670821216898663,0.1670821216898663,0.2486022387015445,0.0230860018216516,,b252
GSE39582,M1_msd,253,TSEN34;FAM95B1;FAM213B;DDN,0.0,0.1647666253299933,0.4235950200747078,-0.1802905916779519,0.1802905916779519,-0.1337980314322421,0.1337980314322421,0.0138367037282986,0.0705487391986031,,b253
GSE39582,M1_msd,254,TMEM179B;YTHDF3-AS1;FASTKD1;ZNF584,0.0,0.1181273676917926,0.1917345253222924,-0.1363263140167583,0.1363263140167583,-0.095501782771578,0.095501782771578,0.0635963401597956,0.2149875988077119,,b254
GSE39582,M1_msd,255,SDF4;DLGAP1-AS1;PPIB;GTPBP8,0.0,0.5007225168824883,1.4947190052592365,-0.1164118704065257,0.1164118704065257,-0.043847057678757,0.043847057678757,0.1080277043873018,0.5517509400628582,,b255
GSE39582,M1_msd,256,CDC123;DNASE1L2;SMCO4;ABR,0.0,0.2728602576758303,0.4336696448583793,-0.1159457313642292,0.1159457313642292,-0.0086887555922564,0.0086887555922564,0.1092394252312441,0.909217224950572,,b256
GSE39582,M1_msd,257,ZDHHC16;NRAV;VPS4B;CTDSPL,0.0,0.1637020361169718,0.2601170534003286,-0.1392587214796227,0.1392587214796227,-0.0984292174207719,0.0984292174207719,0.0666104562321048,0.2002566521706984,,b257
GSE39582,M1_msd,258,JAGN1;PTPRB;DDX27;INTS1,0.0,0.1810427494827143,0.3405454399597196,-0.2877388798365412,0.2877388798365412,-0.2310933441409106,0.2310933441409106,6.915997757021092e-05,0.0017503135843871,,b258
GSE39582,M1_msd,259,NOP10;C19orf73;FAM213A;ABHD17B,0.0,0.3994066085844162,1.2720984453982354,-0.0782825707307873,0.0782825707307873,-0.0301414344669018,0.0301414344669018,0.2741211801005407,0.6783644532246287,,b259
GSE39582,M1_msd,260,PDIA6;BRWD1;CHP1;MECP2,0.0,0.4366357547987323,1.2229274361289173,0.0113301160493234,0.0113301160493234,0.0332434426248341,0.0332434426248341,0.8788245702314992,0.6615294398178188,,b260
GSE39582,M1_msd,261,NIPA2;FAM3C;CMSS1;CEP164,0.0,0.1969815354387131,0.2974395574715236,0.0093125423510498,0.0093125423510498,0.0320008545054057,0.0320008545054057,0.8998828650793962,0.6527611147493213,,b261
GSE39582,M1_msd,262,GLRX5;MAPK8IP1;AKR7A2;C19orf57,0.0,0.2946155958219095,0.5481025605461266,-0.1863935214112869,0.1863935214112869,-0.0952107278159472,0.0952107278159472,0.0111380564151125,0.1935483397048695,,b262
GSE39582,M1_msd,263,SNORA41;CIDEA;EZR;RNF219,0.0,0.6526137073248452,2.0864419520023234,0.0355018375630519,0.0355018375630519,0.0201390243912099,0.0201390243912099,0.6326584563200814,0.7854242586673061,,b263
GSE39582,M1_msd,264,MDH1;FAM83A;SNORA81;RPAP2,0.0,0.4902711628060819,1.1295067221567694,0.0795173570962459,0.0795173570962459,0.0549136912886306,0.0549136912886306,0.2790920289785296,0.4592381632078571,,b264
GSE39582,M1_msd,265,PRR13;KIAA0513;ATP1B1;FAM65A,0.0,0.7998192369301088,1.743943886996097,-0.1019377328306529,0.1019377328306529,0.0126129506679856,0.0126129506679856,0.1622378824904922,0.8670790453906536,,b265
GSE39582,M1_msd,266,AP2M1;DOC2A;TMPRSS4;FAM219B,0.0,0.4373569756386666,0.7678544233792474,0.0590134154102048,0.0590134154102048,0.106164645600492,0.106164645600492,0.4171928958067473,0.1242057369198727,,b266
GSE39582,M1_msd,267,MEMO1;FSD1;EZR;WAS,0.0,0.2082271809591303,0.2415238985617098,0.0817547874650826,0.0817547874650826,0.1034008013582376,0.1034008013582376,0.2488445482813281,0.1448605298414515,,b267
GSE39582,M1_msd,268,CSDE1;NMRK2;LYSMD2;PPP2R1B,0.0,0.4029548070610403,0.8777911867470569,-0.115300402347761,0.115300402347761,-0.030979119265618,0.030979119265618,0.117002942152506,0.6884011964450748,,b268
GSE39582,M1_msd,269,NOMO1;RNASEH2B;NUDT15;PIGV,0.0,0.3719657402132792,0.9382633176097204,-0.0824548463421162,0.0824548463421162,-0.0836662236792463,0.0836662236792463,0.2832896020378215,0.2649926668193016,,b269
GSE39582,M1_msd,270,RTCB;B4GALT1;CD99;ZNF142,0.0,0.4597528190921497,0.9583746882706646,-0.121755291836109,0.121755291836109,-0.0131336552836794,0.0131336552836794,0.0871014540158246,0.8629598052597343,,b270
GSE39582,M1_msd,271,RAB6C;ABO;SH3BGRL3;CEP164,0.0,0.5365549958250393,1.0269931297481794,0.0659961411813838,0.0659961411813838,0.0646875425268238,0.0646875425268238,0.3589377087370191,0.3705228378613341,,b271
GSE39582,M1_msd,272,NDUFA1;SP4;SLC9A3R1;PIK3IP1,0.0,0.4398308422907637,1.4671171289272813,-0.0917876374110506,0.0917876374110506,-0.0284887394930396,0.0284887394930396,0.2215255379048792,0.6919254309637226,,b272
GSE39582,M1_msd,273,MDH1;NNAT;ZNF511;PCDH1,0.0,0.3752534985014712,1.1295067221567694,-0.0662762432981126,0.0662762432981126,-0.0364440289433496,0.0364440289433496,0.3777636571677151,0.6317617406111564,,b273
GSE39582,M1_msd,274,PRICKLE4;BAIAP2;HIF1A;PPP2R2D,0.0,0.6233573959081837,1.275010045665717,0.012677210793686,0.012677210793686,-0.0588034108679412,0.0588034108679412,0.8696534109368367,0.4314706167903658,,b274
GSE39582,M1_msd,275,NOP10;ADAMTS9;PSMC6;YIF1B,0.0,0.504794787717819,1.2720984453982354,0.0170422039838796,0.0170422039838796,0.0739402806713922,0.0739402806713922,0.81925626848598,0.3426680854175076,,b275
GSE39582,M1_msd,276,TMEM14B;SLURP1;IMPA2;CWF19L1,0.0,0.4394434351612913,0.8617599687531762,-0.1484715134331526,0.1484715134331526,-0.0611215461174499,0.0611215461174499,0.0449131856060954,0.411130609885653,,b276
GSE39582,M1_msd,277,CACYBP;USP25;HIF1A;TOB2,0.0,0.4004029878085377,1.275010045665717,0.0259504942033309,0.0259504942033309,-0.07364772481987,0.07364772481987,0.7393777251787104,0.3485738905835778,,b277
GSE39582,M1_msd,278,GABARAPL2;PTCSC1;CDH1;NFYC,0.0,0.4430013129785681,0.8455457043904979,0.0282234842306276,0.0282234842306276,0.073195921469999,0.073195921469999,0.6991298796865799,0.3218871472982461,,b278
GSE39582,M1_msd,279,NDUFS3;STAB1;MSMO1;ZNF205,0.0,0.3464727890888482,0.968292572595619,-0.1761685235811473,0.1761685235811473,-0.0758249473892646,0.0758249473892646,0.0164479891046301,0.3215332200510834,,b279
GSE39582,M1_msd,280,SNRNP27;ATP23;DNAJB1;MRPS11,0.0,0.2453087834686647,0.5949293460171544,-0.084453134520565,0.084453134520565,-0.031604114188727,0.031604114188727,0.2551126852634546,0.6759683312485889,,b280
GSE39582,M1_msd,281,HNRNPA0;NT5DC2;PRPS2;STK10,0.0,0.2229522623329281,0.4501045318790705,-0.2180184470976452,0.2180184470976452,-0.2096910199251149,0.2096910199251149,0.0011455796990602,0.0036142435774884,,b281
GSE39582,M1_msd,282,CSDE1;ZNF503;CHMP5;NUTM2G,0.0,0.411786018239266,0.8777911867470569,0.0381013482389488,0.0381013482389488,-0.0059034128345901,0.0059034128345901,0.6046047564671184,0.937668566706968,,b282
GSE39582,M1_msd,283,POLDIP2;LMLN;EIF1AX;INTS1,0.0,0.2340908915906696,0.540414099778116,-0.1676478501499377,0.1676478501499377,-0.1931985099811286,0.1931985099811286,0.023633435680368,0.0080411950799372,,b283
GSE39582,M1_msd,284,H2AFV;OOEP;NME7;ZNF205,0.0,0.20684179526427,0.4390033433039335,-0.1844546595945742,0.1844546595945742,-0.2133697016920317,0.2133697016920317,0.0165502917079263,0.0059786591295534,,b284
GSE39582,M1_msd,285,SLC25A5;DLGAP1-AS1;SCO2;PDAP1,0.0,0.5875322624279478,2.000941896179088,-0.2337746781990801,0.2337746781990801,-0.1577433386084935,0.1577433386084935,0.0014568262661278,0.0364001191725362,,b285
GSE39582,M1_msd,286,P4HTM;RASSF4;SNORD5;SKIV2L2,0.0,0.2518250028571922,0.4130535567207979,-0.0572051499955997,0.0572051499955997,-0.1013008781806717,0.1013008781806717,0.4412996264817242,0.1816909006160501,,b286
GSE39582,M1_msd,287,ASH2L;DOCK5;LOC102724993;DHRS7,0.0,0.2790368970412382,0.7117683537260434,0.0199898814180598,0.0199898814180598,-0.0138684537247694,0.0138684537247694,0.7869683303246393,0.8501713203749339,,b287
GSE39582,M1_msd,288,PIH1D1;LCMT2;SLC52A2;SGSM2,0.0,0.1663310028983777,0.2516670050376876,-0.0538505003382623,0.0538505003382623,0.0206785572776768,0.0206785572776768,0.4397981459246129,0.7640138935214955,,b288
GSE39582,M1_msd,289,PWP1;SEBOX;GCH1;BRAP,0.0,0.1982647266745331,0.331786939104406,-0.1700521212243023,0.1700521212243023,-0.1484197819828452,0.1484197819828452,0.020809252438768,0.0557080008007051,,b289
GSE39582,M1_msd,290,GLT8D1;AHI1;DNMT1;ELMO2,0.0,0.1848120859612801,0.2492337264301536,-0.1375856170184714,0.1375856170184714,-0.1523469608094842,0.1523469608094842,0.0577560869900073,0.037909999084823,,b290
GSE39582,M1_msd,291,KDELR1;CPT1C;DBNDD2;WASL,0.0,0.4442183363531591,0.682894053241653,-0.093273183692,0.093273183692,-0.0742852821399517,0.0742852821399517,0.1826724163103791,0.302086563877079,,b291
GSE39582,M1_msd,292,MRPL14;GNG2;RPF2;RCOR2,0.0,0.3109317354880635,0.5898527798359828,-0.0617298783829075,0.0617298783829075,-0.0330343515792812,0.0330343515792812,0.4265146292616042,0.6620708061183807,,b292
GSE39582,M1_msd,293,QARS;SEBOX;RPS24;BRD7,0.0,0.6849191107380167,1.3618771742016542,-0.1039837224702845,0.1039837224702845,-0.0701992444497394,0.0701992444497394,0.1627355181424761,0.3535396077420669,,b293
GSE39582,M1_msd,294,ARPC5L;NRAV;PNPT1;SNORD49A,0.0,0.1523254940310108,0.3030507140174234,-0.1052220754853369,0.1052220754853369,-0.0889907639453602,0.0889907639453602,0.1552311366345247,0.245442958962907,,b294
GSE39582,M1_msd,295,MIR636;ATXN2L;HIF1A;GBAP1,0.0,0.5873028557690291,1.275010045665717,-0.1232934637566623,0.1232934637566623,-0.0318978229299257,0.0318978229299257,0.1088796497129329,0.6895047697664549,,b295
GSE39582,M1_msd,296,TBCA;TMEM185A;ZFAS1;CYB561D2,0.0,0.622243649879935,1.3269679876669471,-0.2496560527674844,0.2496560527674844,-0.2396561279213732,0.2396561279213732,0.0009854235016429,0.000846969786869,,b296
GSE39582,M1_msd,297,MIR1236;CEP63;NOP58;GLE1,0.0,0.4263430277138798,0.9263294891327212,-0.1425939078335153,0.1425939078335153,-0.161037187546772,0.161037187546772,0.0590742437178106,0.0367561688232212,,b297
GSE39582,M1_msd,298,LOC101927180;FAM110D;DHRS4L2;ZNF747,0.0,0.3241571792010707,0.9842794726062132,-0.1061818959576848,0.1061818959576848,-0.0204729916150029,0.0204729916150029,0.146068037046604,0.7813669978614409,,b298
GSE39582,M1_msd,299,BOD1;LHFPL4;CMSS1;PIDD1,0.0,0.1855775137230486,0.2974395574715236,-0.2042623305168399,0.2042623305168399,-0.1997427758357971,0.1997427758357971,0.0058636827495245,0.0078166661471772,,b299
GSE39582,M1_msd,300,NDUFB3;GRAP2;PFKM;PODNL1,0.0,0.2928576816074617,0.6332269117081629,-0.1915500080280339,0.1915500080280339,-0.1370157715200844,0.1370157715200844,0.0077900926556014,0.0618401138359434,,b300
GSE39582,M1_msd,301,PPM1G;KIAA0513;BAIAP2L1;SOS1,0.0,0.1389487711884565,0.2278217718046039,-0.1738492810688519,0.1738492810688519,-0.1284884829049978,0.1284884829049978,0.0195158958760251,0.0952677966286414,,b301
GSE39582,M1_msd,302,ADIPOR1;C20orf141;SNORD50A;PIDD1,0.0,0.211928948101578,0.4144602319254768,-0.0434793514008767,0.0434793514008767,0.0113298885802164,0.0113298885802164,0.5494551652462388,0.8839896967192279,,b302
GSE39582,M1_msd,303,RAD23A;MTSS1;BSG;LOC100133089,0.0,0.3261097762844783,0.7917959361543425,-0.0339943787808807,0.0339943787808807,-0.0501567714615947,0.0501567714615947,0.642494688010622,0.5038741587354776,,b303
GSE39582,M1_msd,304,UFC1;DUSP13;SMAGP;PCIF1,0.0,0.4638853153891572,1.0497631099514964,-0.2535002112727827,0.2535002112727827,-0.1979777764270957,0.1979777764270957,0.0003427369790281,0.004522631516482,,b304
GSE39582,M1_msd,305,CTNND1;TSC22D4;ABHD17C;BRD7,0.0,0.2331235828651366,0.4318540149130176,-0.0339026289692223,0.0339026289692223,0.0038875059435278,0.0038875059435278,0.6351045608282168,0.9592835812311628,,b305
GSE39582,M1_msd,306,LOC102724984;CPT1C;RABGGTB;C6orf106,0.0,0.2166977888295045,0.2906491068386058,0.0003256074865168,0.0003256074865168,0.0364020972684276,0.0364020972684276,0.9963881514744576,0.5992127877851947,,b306
GSE39582,M1_msd,307,TUBB;IPP;IFITM3;SMOX,0.0,0.9320755305815308,2.0509605704880456,0.0282123276026176,0.0282123276026176,0.0352484304546519,0.0352484304546519,0.6922243755648151,0.6400945834614498,,b307
GSE39582,M1_msd,308,ZDHHC7;LCMT2;BAIAP2L1;MED23,0.0,0.1812975357472494,0.3826860516062907,-0.0025676809860038,0.0025676809860038,0.0518151165516599,0.0518151165516599,0.9718337180751004,0.4762347944971339,,b308
GSE39582,M1_msd,309,GANAB;TMEM91;SPRY2;MIR4656,0.0,0.3006815132043864,0.6085424986747718,0.0009714251178633,0.0009714251178633,-0.0167388696251978,0.0167388696251978,0.9896048757473744,0.8284023720479773,,b309
GSE39582,M1_msd,310,HDGF;VTN;KLF10;IKBKE,0.0,0.4834601582728053,1.0365331993900468,-0.117662831901566,0.117662831901566,-0.0406479233007906,0.0406479233007906,0.108787075394368,0.5948786978006526,,b310
GSE39582,M1_msd,311,RRAGA;PHLPP2;C1QBP;PPP4R3B,0.0,0.3875894139839187,0.9094341273489164,-0.0396335121071898,0.0396335121071898,-0.0034462708532502,0.0034462708532502,0.603424499149612,0.9645976887027878,,b311
GSE39582,M1_msd,312,HNRNPA0;LOC103344931;SNORA8;RAB3GAP2,0.0,0.1862267551051596,0.4130535567207979,-0.0054965291663135,0.0054965291663135,-0.0500674442216031,0.0500674442216031,0.9410557122349816,0.5075063961840336,,b312
GSE39582,M1_msd,313,HNRNPH3;VAMP1;C1orf106;WAS,0.0,0.2380573355244813,0.6247406308469208,-0.0319709535556221,0.0319709535556221,0.0476651370016801,0.0476651370016801,0.6705001856245739,0.5456832481041978,,b313
GSE39582,M1_msd,314,SAT1;KIRREL;SNORD81;TAF1C,0.0,0.4102712337474654,0.6670524665240513,0.0902022249415001,0.0902022249415001,0.0170929464415412,0.0170929464415412,0.2161816525007553,0.8146946497190874,,b314
GSE39582,M1_msd,315,UBL5;TMPRSS13;TMEM9;POTEKP,0.0,0.2933682741694195,0.8353679337001975,-0.0293074979837302,0.0293074979837302,0.0147147785975237,0.0147147785975237,0.6820283231340396,0.8399379698889495,,b315
GSE39582,M1_msd,316,RPL18A;C5orf63;GTF2IRD1;SNORD49B,0.0,0.2073215574495182,0.3845346017831901,-0.0789009558452886,0.0789009558452886,-0.0679669169965705,0.0679669169965705,0.2838547045386888,0.3436853274779935,,b316
GSE39582,M1_msd,317,SELK;FKRP;RRAS;SLC8B1,0.0,0.3020225082378643,0.7823815179024787,0.0506273425883352,0.0506273425883352,0.1010844430720138,0.1010844430720138,0.478607747184516,0.1682401075342144,,b317
GSE39582,M1_msd,318,F11R;PATJ;ABHD14B;PPP1R2,0.0,0.2092913957556488,0.3924570587983517,0.0383322778091891,0.0383322778091891,0.0031082102077659,0.0031082102077659,0.5987368054600111,0.9641604774661584,,b318
GSE39582,M1_msd,319,HADHA;NGF;C1QBP;MAPK7,0.0,0.3853655243908381,0.9094341273489164,-0.0784315462344898,0.0784315462344898,0.0266977427572543,0.0266977427572543,0.2787913733832111,0.7241047527768469,,b319
GSE39582,M1_msd,320,MIR636;SLC7A4;MRPL1;NOD1,0.0,0.3402517874908378,0.7768750984602473,-0.2225311830966873,0.2225311830966873,-0.1916630765971987,0.1916630765971987,0.0021029637650491,0.012619489984339,,b320
GSE39582,M1_msd,321,SS18L2;MEGF8;FEN1;GAMT,0.0,0.2229902632346767,0.4595715755124021,-0.1938760064021441,0.1938760064021441,-0.0948344994786548,0.0948344994786548,0.0102784395720926,0.2217271489189938,,b321
GSE39582,M1_msd,322,BOD1;LOC102724314;SNORD74;ZNF683,0.0,0.2214679227693618,0.6670524665240513,-0.0145720723684808,0.0145720723684808,-0.0136751531796119,0.0136751531796119,0.8424004750202286,0.857087211265029,,b322
GSE39582,M1_msd,323,TALDO1;CLCN1;CCDC53;C3orf18,0.0,0.4151900332190004,1.2795944726723152,-0.0769304043079999,0.0769304043079999,-0.0029992874800389,0.0029992874800389,0.3038879481154437,0.9689123171418108,,b323
GSE39582,M1_msd,324,RAB13;INPP5F;CDKN1A;NFYC,0.0,0.4171323810345533,0.940448963755966,0.083434305854945,0.083434305854945,0.0924164425513691,0.0924164425513691,0.2587455251558074,0.194991476836473,,b324
GSE39582,M1_msd,325,DPY30;LOC389641;LRP11;WAS,0.0,0.2444204968119269,0.3547635604829615,-0.1173704439793565,0.1173704439793565,-0.1153180225950255,0.1153180225950255,0.1201064184978558,0.1213867162422091,,b325
GSE39582,M1_msd,326,NDUFA1;GANC;GBAS;BCAP29,0.0,0.5988130475531757,1.4671171289272813,-0.0371346076445315,0.0371346076445315,-0.0733754194175539,0.0733754194175539,0.6089441676280927,0.3016680382985378,,b326
GSE39582,M1_msd,327,RBX1;VWCE;LOC101929612;LRRC14,0.0,0.2999418680191684,0.5922181049320194,-0.1095860963051225,0.1095860963051225,-0.062791886699387,0.062791886699387,0.1406603742432303,0.4045720793004403,,b327
GSE39582,M1_msd,328,ATP5B;RPL32P3;SYS1-DBNDD2;RDH11,0.0,0.6291461651032068,1.6502959930496215,-0.2664803976086287,0.2664803976086287,-0.2613565122541588,0.2613565122541588,0.0004622244041536,0.0005807922600126,,b328
GSE39582,M1_msd,329,YY1AP1;TMEM110-MUSTN1;MLEC;NUTM2F,0.0,0.3109140745887349,0.8466834623374581,-0.139031728818846,0.139031728818846,-0.0530771958143207,0.0530771958143207,0.0545998256812512,0.4730725290310575,,b329
GSE39582,M1_msd,330,HNRNPH3;HCRP1;MYO5C;CISD2,0.0,0.1577994921829891,0.5202539894364199,-0.0401781375452907,0.0401781375452907,-0.0134034351980884,0.0134034351980884,0.5932999542031201,0.8609141621532391,,b330
GSE39582,M1_msd,331,ALDH9A1;LINC01184;MRPS28;DSTNP2,0.0,0.3558186469832082,0.7648773271433082,-0.1450494637402829,0.1450494637402829,-0.0845506365042624,0.0845506365042624,0.0465481687902507,0.2625746437239292,,b331
GSE39582,M1_msd,332,IARS2;GTF3C3;RND3;PHF3,0.0,0.3429203118925406,0.7339824501227261,0.0364780754357048,0.0364780754357048,-0.0276166998582315,0.0276166998582315,0.6167915020006994,0.7279838413346991,,b332
GSE39582,M1_msd,333,PSMD8;B4GALT1;MIR6800;CYGB,0.0,0.3297660103147564,0.8617519044137063,-0.0866727780891545,0.0866727780891545,0.0206186325018097,0.0206186325018097,0.2304856383598872,0.7809470579819934,,b333
GSE39582,M1_msd,334,PSMD1;BMP2K;SUPT4H1;PARD6A,0.0,0.315572769945279,0.458933415137389,-0.1948591717684173,0.1948591717684173,-0.1092690432413878,0.1092690432413878,0.0108530195883509,0.1625134108132366,,b334
GSE39582,M1_msd,335,NDFIP1;KIRREL;SNORA4;ANKS3,0.0,0.2095596310195462,0.4459920557324504,0.1759473523229399,0.1759473523229399,0.1797261478624019,0.1797261478624019,0.01685904735546,0.0158964804659364,,b335
GSE39582,M1_msd,336,NDUFA1;CDKN2AIPNL;PPIC;MRPS11,0.0,0.5616079022614734,1.4671171289272813,-0.0018141910519425,0.0018141910519425,0.0288065478603454,0.0288065478603454,0.9792640882039342,0.6866485705133671,,b336
GSE39582,M1_msd,337,ABL1;B4GALT1;CKS2;LINC01569,0.0,0.3653944276194018,1.0828062788285135,-0.1110132817560499,0.1110132817560499,-0.0738778402540648,0.0738778402540648,0.1257891859812903,0.337920975267544,,b337
GSE39582,M1_msd,338,DSTN;ARHGEF40;RASA1;KREMEN2,0.0,0.1968011339764035,0.4157774073555043,0.0130019754590723,0.0130019754590723,-0.0795148741707654,0.0795148741707654,0.8597676472575453,0.2693219797517415,,b338
GSE39582,M1_msd,339,CDC26;MIEF2;CCNG1;ELAVL1,0.0,0.3754005356198697,0.9998357788436568,-0.1784785774410086,0.1784785774410086,-0.0916237789560219,0.0916237789560219,0.0149100818078759,0.2236261048892596,,b339
GSE39582,M1_msd,340,RPL18A;CDK14;PRSS3P2;TMCC1,0.0,0.1687680651782326,0.2632802916230299,0.0455625870402129,0.0455625870402129,0.0025043977696296,0.0025043977696296,0.53667507023785,0.9738274507830816,,b340
GSE39582,M1_msd,341,IDH3G;MAPK8IP1;IER5;FAM84B,0.0,0.2092258627839819,0.4441957897435032,0.0481470193799491,0.0481470193799491,0.0380212419155371,0.0380212419155371,0.4981763225998301,0.5899682092002836,,b341
GSE39582,M1_msd,342,ERP29;USP27X;SNRPD1;TMEM175,0.0,0.3497877166331484,1.0147653773484102,-0.1621017817898484,0.1621017817898484,-0.0445949372221083,0.0445949372221083,0.0306606123905614,0.5588911615422815,,b342
GSE39582,M1_msd,343,NOP10;LOC100288175;FEN1;SLC8B1,0.0,0.4974415812767701,1.2720984453982354,-0.1173421165687114,0.1173421165687114,0.0317339694906048,0.0317339694906048,0.1080390952158722,0.6817785721135247,,b343
GSE39582,M1_msd,344,ERP29;ZNRF2;C2CD5;CISD2,0.0,0.3652028372370219,1.0147653773484102,-0.1808232386263225,0.1808232386263225,-0.1468450237480813,0.1468450237480813,0.0111243298878489,0.0437819300415222,,b344
GSE39582,M1_msd,345,SHFM1;CYP3A4;PSME2;CEBPA-AS1,0.0,0.5895247954332704,1.4289832710567767,-0.3123107915177335,0.3123107915177335,-0.2900837509550318,0.2900837509550318,8.177872753281148e-05,0.0003382381295766,,b345
GSE39582,M1_msd,346,UFD1L;FRG1JP;TARBP1;LUC7L,0.0,0.2711005106420357,0.5843956014483438,-0.1112921806312284,0.1112921806312284,-0.0804981144727589,0.0804981144727589,0.133928930967408,0.2821857461672926,,b346
GSE39582,M1_msd,347,TOMM70;HOXD9;LYPLA1;HNRNPLL,0.0,0.3570074326627129,0.7879072076790395,-0.0699653081136656,0.0699653081136656,-0.0643895986365624,0.0643895986365624,0.3309984955084911,0.3892522707000043,,b347
GSE39582,M1_msd,348,PSMD2;DCP2;SEC23B;BRD7,0.0,0.2250142881477743,0.5290835647957746,-0.1312116359355243,0.1312116359355243,-0.0911950711489733,0.0911950711489733,0.0813698678514128,0.2332638047954743,,b348
GSE39582,M1_msd,349,DDX41;C1orf64;RPF2;RABL6,0.0,0.2188130231136185,0.2933006860471819,-0.186405876390717,0.186405876390717,-0.1571838210204757,0.1571838210204757,0.0111134592420831,0.0344148082694395,,b349
GSE39582,M1_msd,350,BFAR;PHLPP2;SNRNP25;SEMA4A,0.0,0.1525900776096011,0.2350964356844432,-0.0817360046852694,0.0817360046852694,-0.0546551779493434,0.0546551779493434,0.2708402449381016,0.4546789076106683,,b350
GSE39582,M1_msd,351,LOC101930324;ATXN2L;MYO5C;SCFD1,0.0,0.3017504179032806,0.5202539894364199,-0.1211567870077534,0.1211567870077534,-0.0844659721932147,0.0844659721932147,0.0971262374761751,0.2674508918843403,,b351
GSE39582,M1_msd,352,TIMM23B;SLC7A4;MRPL1;ARAF,0.0,0.1366205221088519,0.1935474019542645,-0.2080860849792525,0.2080860849792525,-0.2093674283578573,0.2093674283578573,0.0048164949740431,0.0050584140542607,,b352
GSE39582,M1_msd,353,ABCF1;ABLIM2;PLP2;PPP1R2,0.0,0.4767862557417621,1.3834799011044818,0.0007851731266259,0.0007851731266259,-0.0367295922412909,0.0367295922412909,0.9910322013468604,0.6078183158571433,,b353
GSE39582,M1_msd,354,RTCB;CBX2;EPS8;TSC22D1,0.0,0.4340863716721358,0.8361239369768045,-0.2151649792750465,0.2151649792750465,-0.1590815666161485,0.1590815666161485,0.0021285801215812,0.0275187038663453,,b354
GSE39582,M1_msd,355,TALDO1;KIRREL;GBAS;GLE1,0.0,0.5589661064584699,1.2795944726723152,-0.018675624573156,0.018675624573156,-0.0229729755867819,0.0229729755867819,0.8006776301216494,0.7583894753229723,,b355
GSE39582,M1_msd,356,TRMT5;TMEM79;DGAT1;RDH13,0.0,0.2116613286700001,0.4068616259073597,-0.1332878207601099,0.1332878207601099,-0.107597367572144,0.107597367572144,0.0777461825732622,0.140224041548938,,b356
GSE39582,M1_msd,357,POLR2H;PLPPR3;ITGA6;HNRNPLL,0.0,0.3937101755702574,0.7786242789948187,-0.1712574693102379,0.1712574693102379,-0.1539906363420178,0.1539906363420178,0.0154388198576268,0.0357024750647449,,b357
GSE39582,M1_msd,358,RRAGA;UBE2W;SDC4;APPBP2,0.0,0.4308175792463005,0.972021128253914,0.033780617443357,0.033780617443357,-0.0252482654509415,0.0252482654509415,0.6517924707969587,0.7422352006763608,,b358
GSE39582,M1_msd,359,FAM21C;LOC105371374;TMPRSS4;PRPF40B,0.0,0.2126225322004542,0.6572124064490067,0.0141094975592906,0.0141094975592906,0.0141918997140372,0.0141918997140372,0.847724181544949,0.8492875606428087,,b359
GSE39582,M1_msd,360,PPP1CC;C1orf74;GOT1;CNTFR,0.0,0.5022859331043193,1.4218073172248349,-0.1493042317099523,0.1493042317099523,-0.0497097004285506,0.0497097004285506,0.043867846402539,0.5203540058062807,,b360
GSE39582,M1_msd,361,WDR45B;RPL32P3;ELF3;PKP4,0.0,0.4162230326983721,0.695509930974455,-0.1402356205747341,0.1402356205747341,-0.1882433072583286,0.1882433072583286,0.0630339107481966,0.0084900729781652,,b361
GSE39582,M1_msd,362,SF3B1;MYOC;SNORD30;HSF4,0.0,0.3194735810865744,0.6081876256621663,0.0021420197671141,0.0021420197671141,-0.0900420519965757,0.0900420519965757,0.9765678224561964,0.2388226897621882,,b362
GSE39582,M1_msd,363,SEC61G;INMT;TOMM34;BRAP,0.0,0.314854982257746,0.8829917299825139,-0.115093413584246,0.115093413584246,-0.083729792161158,0.083729792161158,0.1150804698230221,0.2432782527412006,,b363
GSE39582,M1_msd,364,BFAR;DZIP1L;SNORA63;LOC100130987,0.0,0.260984060451106,0.4459920557324504,0.0274318039338983,0.0274318039338983,-0.0136631816456302,0.0136631816456302,0.7018425438732344,0.8356252625402959,,b364
GSE39582,M1_msd,365,RTN3;C1orf74;SMCO4;TAF1C,0.0,0.2825204521862124,0.4368563019898054,-0.0432227138686939,0.0432227138686939,0.0487364739512801,0.0487364739512801,0.5512600692876537,0.5140226906571383,,b365
GSE39582,M1_msd,366,CDC37;PLAC9;CKS2;DDAH1,0.0,0.4081487930192478,1.0828062788285135,-0.193344233865023,0.193344233865023,-0.06728352297111,0.06728352297111,0.0090946118282498,0.3614041107526304,,b366
GSE39582,M1_msd,367,VDAC1;LOC143188;KLF5;TMEM87A,0.0,0.2728448004123101,0.7611065410584129,-0.0970422036675464,0.0970422036675464,-0.0237677485810999,0.0237677485810999,0.1608825875700192,0.7444846716392194,,b367
GSE39582,M1_msd,368,SNORA48;ADAMTS10;POLR2K;SENP3,0.0,0.3341566356073268,0.9623057516994116,-0.1352408322952981,0.1352408322952981,-0.013833067570708,0.013833067570708,0.0729724492528941,0.8587964130071322,,b368
GSE39582,M1_msd,369,LOC101930324;VTN;ZYX;ZNF683,0.0,0.2346983104230937,0.4664666384746786,-0.0993104328418464,0.0993104328418464,-0.053456341646929,0.053456341646929,0.1849913926432859,0.4910451682163652,,b369
GSE39582,M1_msd,370,CDC123;GANC;MIR1248;SLC22A31,0.0,0.2863487150096605,0.4459920557324504,-0.0671549442487925,0.0671549442487925,0.009160000755798,0.009160000755798,0.3603411925051837,0.9005013596893036,,b370
GSE39582,M1_msd,371,SRSF9;UBE2W;LYRM1;SLC25A16,0.0,0.3451302067626464,0.7377096499998873,-0.0443312344693681,0.0443312344693681,-0.0146317863134325,0.0146317863134325,0.5527425168539265,0.8516957193571586,,b371
GSE39582,M1_msd,372,ALDH9A1;WNT4;YWHAE;SH3BP5L,0.0,0.4068906286895373,0.7648773271433082,-0.0965604887941323,0.0965604887941323,0.0032045839408704,0.0032045839408704,0.1826910097599889,0.9658883559871704,,b372
GSE39582,M1_msd,373,GDI2;GPR4;PSMB8;MRM1,0.0,0.6323273116727176,1.3039672913153484,-0.025032033901981,0.025032033901981,-0.000118040841302,0.000118040841302,0.7292891067183711,0.9987114750300036,,b373
GSE39582,M1_msd,374,ATP5J;USP27X;CHCHD10;LENG1,0.0,0.6148207650749575,1.3072977314270515,-0.2341449603695301,0.2341449603695301,-0.1693016126573269,0.1693016126573269,0.001281831876929,0.0238442516533004,,b374
GSE39582,M1_msd,375,CNOT1;FAM110D;DNMT1;MUM1,0.0,0.1785879879666857,0.2492337264301536,-0.1706701442615625,0.1706701442615625,-0.1458756901642543,0.1458756901642543,0.0174481146521551,0.0522952043207115,,b375
GSE39582,M1_msd,376,TBC1D14;COMMD10;SNORD74;EMC7,0.0,0.2770342612992466,0.6670524665240513,-0.1062238272691179,0.1062238272691179,-0.0549507871557766,0.0549507871557766,0.1562049210604284,0.4885661062701817,,b376
GSE39582,M1_msd,377,TOMM6;FGF17;SNORD77;JARID2,0.0,0.5166091818987087,1.0636440148734143,-0.121605565781087,0.121605565781087,-0.1246922588592565,0.1246922588592565,0.0907183017955796,0.0857151040778165,,b377
GSE39582,M1_msd,378,YY1AP1;TMEM185A;ARFGAP3;BMPR1A,0.0,0.1251678894801634,0.2172022758061516,-0.0002462802047503,0.0002462802047503,-0.0128220012800335,0.0128220012800335,0.997413292696984,0.8668568184420814,,b378
GSE39582,M1_msd,379,RALA;RHPN1-AS1;HLA-B;RPAP2,0.0,0.7866729696822619,2.1359633224578327,-0.0418045336514595,0.0418045336514595,-0.0493139539740541,0.0493139539740541,0.5631829574354978,0.4802532802946946,,b379
GSE39582,M1_msd,380,TMX2-CTNND1;LINC01184;CDH1;BMPR1A,0.0,0.3594508632203957,0.7656232764408546,-0.0666115243703122,0.0666115243703122,-0.0713309070601452,0.0713309070601452,0.3744095314108476,0.3331338115529685,,b380
GSE39582,M1_msd,381,HADHA;NIPAL4;HMGCR;LOC100652768,0.0,0.2716231871444156,0.4229826358185485,-0.1238130086896738,0.1238130086896738,-0.0571162221114325,0.0571162221114325,0.0968655257925388,0.4473368892822883,,b381
GSE39582,M1_msd,382,CWC15;GLUD2;KIF5B;IKBKE,0.0,0.4276998852969744,0.7011493487633057,-0.0939051457283292,0.0939051457283292,-0.0268326063593153,0.0268326063593153,0.2002240052978119,0.7292290128431718,,b382
GSE39582,M1_msd,383,PPP1CC;ZFHX3;PSMC6;PPP2R2D,0.0,0.4868286364982712,1.4218073172248349,-0.0325457223024236,0.0325457223024236,-0.0763260466221316,0.0763260466221316,0.6608381513816088,0.3089727955437719,,b383
GSE39582,M1_msd,384,SEC61G;SNORA71B;SNORD76;BTBD7,0.0,0.437403279960519,0.8829917299825139,0.0157216326405648,0.0157216326405648,-0.0217135669330289,0.0217135669330289,0.8293459194384144,0.7738910806400903,,b384
GSE39582,M1_msd,385,STUB1;LOC100653086;ELF3;TMSB4Y,0.0,0.4314515943932555,0.7078240952873404,-0.0586120514899728,0.0586120514899728,-0.0682476438055567,0.0682476438055567,0.4453066374934591,0.3840568764507489,,b385
GSE39582,M1_msd,386,DCTN3;USP37;ACSL3;TRMT1,0.0,0.2281108105384478,0.5046297240340284,-0.0430682610888075,0.0430682610888075,-0.1039854278152568,0.1039854278152568,0.5600745212970746,0.1647418876090248,,b386
GSE39582,M1_msd,387,CTDNEP1;RPL32P3;ACADM;NUTM2G,0.0,0.2506662807570126,0.546601346417819,0.0333519110986459,0.0333519110986459,0.0157428231561439,0.0157428231561439,0.6436777581002608,0.8339307132425954,,b387
GSE39582,M1_msd,388,BCL2L2-PABPN1;PRDM6;FMR1;LOC101927705,0.0,0.2698335978021782,0.5481466530605444,0.1119641186992228,0.1119641186992228,0.1188734669044661,0.1188734669044661,0.1424467073762388,0.1322259561807079,,b388
GSE39582,M1_msd,389,RAB6C;ATP5S;MAGED1;CNTFR,0.0,0.4916104642260631,0.8523370773772087,0.1025982772539795,0.1025982772539795,0.0149942192007908,0.0149942192007908,0.1737753170335526,0.84525156638078,,b389
GSE39582,M1_msd,390,AP2S1;EBF4;SNORD88C;LOC101927151,0.0,0.2962934291235418,0.7404427311122135,-0.1757777327810936,0.1757777327810936,-0.1019137827461521,0.1019137827461521,0.0162463745164879,0.1714367798618833,,b390
GSE39582,M1_msd,391,TRMT5;ZNF343;MIR939;ZMYND11,0.0,0.1178329253014183,0.2149416955752239,-0.1007419909015232,0.1007419909015232,-0.0755679470364549,0.0755679470364549,0.1836933526027722,0.3182478015917417,,b391
GSE39582,M1_msd,392,MRPL3;CECR6;EIF2S3;DSTNP2,0.0,0.6093633854985109,1.3681027892686817,-0.0591481982912901,0.0591481982912901,0.0137395918449442,0.0137395918449442,0.4225864366278556,0.8575288525903633,,b392
GSE39582,M1_msd,393,ITM2B;MYOC;PFKM;KCMF1,0.0,0.5441569399954175,1.5336772311640954,-0.0317096883705424,0.0317096883705424,-0.0158802082020512,0.0158802082020512,0.6695370863112509,0.8329029403125654,,b393
GSE39582,M1_msd,394,SUN2;FAM3C;LYSMD2;LOC100505478,0.0,0.1853586843069697,0.4284723092499408,0.017474200605098,0.017474200605098,0.0359841274669747,0.0359841274669747,0.8159831545961809,0.6098862446509681,,b394
GSE39582,M1_msd,395,EIF4A1;SUPT3H;RABGGTB;PLEKHA5,0.0,0.3070161516335595,0.9623057516994116,-0.0096506173920288,0.0096506173920288,-0.1199146102934788,0.1199146102934788,0.898155563270509,0.1227111239560303,,b395
GSE39582,M1_msd,396,NDFIP1;SP4;MANSC1;C6orf106,0.0,0.1976776605791858,0.4525535770509324,0.0344981679065202,0.0344981679065202,0.086278799444583,0.086278799444583,0.646188950104836,0.2549184479657929,,b396
GSE39582,M1_msd,397,PWP1;GJD2;PFKM;ZC3H14,0.0,0.1545402598338414,0.2521676878810983,-0.1711859188104887,0.1711859188104887,-0.1620539187033288,0.1620539187033288,0.0202385720569689,0.03911592991356,,b397
GSE39582,M1_msd,398,VDAC2;BGLT3;CHSY1;ANKRD13A,0.0,0.5624093625456843,1.311188179211245,0.0080898772606107,0.0080898772606107,0.0241535139327137,0.0241535139327137,0.913924813110962,0.7508650200750846,,b398
GSE39582,M1_msd,399,ATP5I;LZTFL1;NUDT4P2;NDE1,0.0,0.4031359669417497,1.0124925113079044,-0.228560923256127,0.228560923256127,-0.2457629688868242,0.2457629688868242,0.0009101561363267,0.0005543913965164,,b399
GSE39582,M1_msd,400,PSMD14;GPR4;MAGED1;CWF19L1,0.0,0.5586894927257003,1.010961369407792,-0.0637833489904068,0.0637833489904068,-0.0310494264658717,0.0310494264658717,0.3663549204392192,0.6750414684183704,,b400
GSE39582,M1_msd,401,C18orf32;ARHGEF40;FMR1;STK10,0.0,0.6127060413383428,1.6210840887465898,-0.0358237394153668,0.0358237394153668,-0.0821303366045544,0.0821303366045544,0.6328036491657971,0.2859458877037585,,b401
GSE39582,M1_msd,402,CDC123;LOC101927503;CKLF-CMTM1;DR1,0.0,0.2558144077591721,0.4336696448583793,-0.1038330782507032,0.1038330782507032,-0.0532798589237231,0.0532798589237231,0.1539171887444465,0.4744391694181264,,b402
GSE39582,M1_msd,403,SHFM1;ZNF180;SUPT4H1;RPAP2,0.0,0.3566610053480885,0.696594879931881,-0.2378598485575919,0.2378598485575919,-0.2192974302097844,0.2192974302097844,0.0011315736053369,0.0032110408195072,,b403
GSE39582,M1_msd,404,HNRNPH3;C8orf60;ATP1B1;SLC22A31,0.0,0.477856506694021,1.743943886996097,-0.061428625828487,0.061428625828487,-0.001447017866306,0.001447017866306,0.4119219613465037,0.983591084520311,,b404
GSE39582,M1_msd,405,SRP9;PRDM14;NME1;TMEM184A,0.0,0.806849983409808,1.7484676931447525,-0.200183571858453,0.200183571858453,-0.1376377997570832,0.1376377997570832,0.0057204900818168,0.0497924244860105,,b405
GSE39582,M1_msd,406,PSMG2;LOC102724314;SH3BGRL3;DGUOK,0.0,0.6112753239007921,1.09863335230739,-0.1487926065964577,0.1487926065964577,-0.0972512180430438,0.0972512180430438,0.0370520011550502,0.1851233064063627,,b406
GSE39582,M1_msd,407,SCAMP3;ENHO;CCDC53;C19orf57,0.0,0.211833915511528,0.3056853279836485,-0.1935721391305618,0.1935721391305618,-0.1048569618118052,0.1048569618118052,0.0112737789815492,0.1580062025802358,,b407
GSE39582,M1_msd,408,ABL1;DZIP1L;XRN2;UNC93B1,0.0,0.1602033622473319,0.2531092351517409,-0.0197319436020589,0.0197319436020589,0.0450641170451848,0.0450641170451848,0.7886024893061607,0.5503762164971149,,b408
GSE39582,M1_msd,409,GDI2;L3MBTL1;RPS24;LUC7L,0.0,0.6899485598517915,1.3039672913153484,0.0462995771434546,0.0462995771434546,0.040114868777426,0.040114868777426,0.5198319689519704,0.5734848666933225,,b409
GSE39582,M1_msd,410,GUCD1;CCDC74B;ZNF511;KIF1B,0.0,0.1729806429248248,0.2386960987366291,-0.1017011898284397,0.1017011898284397,-0.0336891569575079,0.0336891569575079,0.1643821998127215,0.663787645292788,,b410
GSE39582,M1_msd,411,COPZ1;NDUFB2-AS1;LOC728554;ADCY9,0.0,0.3944472116856711,0.7091306654842555,-0.0410333966117555,0.0410333966117555,-0.0148094277702923,0.0148094277702923,0.5756907259687772,0.8427229384810627,,b411
GSE39582,M1_msd,412,ZNF622;VCX2;FAM213A;CAMTA1,0.0,0.1544705718869536,0.2785522566173102,-0.2115333832404813,0.2115333832404813,-0.1680938642253545,0.1680938642253545,0.0040458782835397,0.0203215174396842,,b412
GSE39582,M1_msd,413,IDH3G;ZNRF2;NME1;ZNF398,0.0,0.3797532424616091,1.19775172869983,-0.2123391350409141,0.2123391350409141,-0.1439312284120311,0.1439312284120311,0.0044932555771677,0.0403066056490779,,b413
GSE39582,M1_msd,414,SDF4;SPIN2A;UAP1;CDK12,0.0,0.2739134164033737,0.6610223273955135,-0.1003151930481424,0.1003151930481424,-0.1263815611943437,0.1263815611943437,0.1780373935578889,0.0932398801858481,,b414
GSE39582,M1_msd,415,RER1;STBD1;USP54;TANGO6,0.0,0.0677579535884622,0.1216101384944153,-0.1463400170900026,0.1463400170900026,-0.1253527476882813,0.1253527476882813,0.0460031754039263,0.0933021640246674,,b415
GSE39582,M1_msd,416,AP2S1;GANC;CLDN7;SEMA6C,0.0,0.4966372136195897,0.9294112156271304,-0.120562691505077,0.120562691505077,0.0037209527513333,0.0037209527513333,0.094082358902658,0.9592619052228252,,b416
GSE39582,M1_msd,417,LAMTOR1;ABO;STAG2;PPP4R3B,0.0,0.3851770545250654,0.709015295454247,0.0030352736451459,0.0030352736451459,-0.0282010035018949,0.0282010035018949,0.9668063068505708,0.7049592705796346,,b417
GSE39582,M1_msd,418,CTNND1;SEC22A;PRPS2;LMBRD1,0.0,0.3086286016060758,0.4501045318790705,0.0385145360568777,0.0385145360568777,-0.0222589939251938,0.0222589939251938,0.6072704259052443,0.7694551654947756,,b418
GSE39582,M1_msd,419,RAB13;GRAP2;POLR2K;SAMD4B,0.0,0.4193233108336153,0.940448963755966,-0.1011072245035964,0.1011072245035964,-0.0277726358720716,0.0277726358720716,0.1625603201821499,0.7043575616256801,,b419
GSE39582,M1_msd,420,ADI1;CPEB2;CLDN7;LRRC14,0.0,0.3470860480120695,0.9294112156271304,-0.0832940359661566,0.0832940359661566,-0.0396859948574278,0.0396859948574278,0.2598014256899927,0.5958130322361441,,b420
GSE39582,M1_msd,421,CTNND1;ARHGEF25;FAM35A;ANKS3,0.0,0.2586322387358102,0.4318540149130176,0.0337531985533673,0.0337531985533673,0.030806297947439,0.030806297947439,0.6509595906797936,0.6805766050656683,,b421
GSE39582,M1_msd,422,BCL2L2-PABPN1;FBXW4P1;LYSMD2;ADAT3,0.0,0.2317495137636603,0.4284723092499408,-0.1245128096755614,0.1245128096755614,-0.033830668885986,0.033830668885986,0.106309576668191,0.6714890224745966,,b422
GSE39582,M1_msd,423,USMG5;PPP1R9B;PHGDH;RAP2B,0.0,0.6066739819626837,1.826004836390916,-0.0454321535298639,0.0454321535298639,-0.0022161044503824,0.0022161044503824,0.5302796536742778,0.976405677860498,,b423
GSE39582,M1_msd,424,PDIA6;LHFPL4;EXOSC8;MRPS11,0.0,0.4441169832760129,1.2229274361289173,-0.1268865603410857,0.1268865603410857,-0.0485430680347406,0.0485430680347406,0.0911618479025481,0.5244164352082323,,b424
GSE39582,M1_msd,425,UBE2A;LOC101929792;PTTG1;FAM219B,0.0,0.4415881715633886,0.9946870425069532,0.0066123180194932,0.0066123180194932,0.0814625433764589,0.0814625433764589,0.9297890574153234,0.2916413246008636,,b425
GSE39582,M1_msd,426,ATPIF1;ADM5;TRAM1;DDN,0.0,0.1946978992889985,0.4457136079931519,-0.0834316123460526,0.0834316123460526,0.0489142836767578,0.0489142836767578,0.2576661701654222,0.5011192848653466,,b426
GSE39582,M1_msd,427,LOC102724984;SEC22A;ACSL3;BRD7,0.0,0.1600822539804024,0.2906491068386058,0.0036646236445005,0.0036646236445005,-0.0259848443658061,0.0259848443658061,0.9608892559573604,0.7401865204780571,,b427
GSE39582,M1_msd,428,SEC11A;CCDC74B;SNORD29;SNORA17B,0.0,0.485860346837614,0.935209928513141,-0.0509426211537779,0.0509426211537779,-0.0225237238096812,0.0225237238096812,0.4876706674391055,0.7597352294697844,,b428
GSE39582,M1_msd,429,SPAG7;RPL32P3;CEACAM5;MGC45922,0.0,0.2041990303381471,0.4736897213876873,0.034787311362779,0.034787311362779,0.0443836280001777,0.0443836280001777,0.6400722837513578,0.5476554785581245,,b429
GSE39582,M1_msd,430,UBQLN1;ZNF625-ZNF20;TARBP1;SH3PXD2B,0.0,0.1289219908820362,0.2135718685940495,-0.0849152627307768,0.0849152627307768,-0.0548640086734226,0.0548640086734226,0.2378248122716072,0.4648182604543182,,b430
GSE39582,M1_msd,431,PIGY;CIDEA;TMPRSS4;RSPH3,0.0,0.3436428404997222,0.6572124064490067,0.0428848213980596,0.0428848213980596,0.0101293535669253,0.0101293535669253,0.5643622171584703,0.8929732377123133,,b431
GSE39582,M1_msd,432,RNF20;RGS14;SNHG8;CCDC127,0.0,0.2878128124294636,0.809050845707654,-0.0273713768945709,0.0273713768945709,-0.0400310929227456,0.0400310929227456,0.7132355486291987,0.5887317036091205,,b432
GSE39582,M1_msd,433,ATP5J;LOC101928424;PRPS2;PIGV,0.0,0.5370623907833082,1.3072977314270515,-0.1669968521879099,0.1669968521879099,-0.204168684480378,0.204168684480378,0.0252737999126021,0.0067376133794851,,b433
GSE39582,M1_msd,434,SRSF2;ARHGEF40;SYS1-DBNDD2;PMS2P8,0.0,0.418247847486176,0.7768750984602473,-0.2412930547777008,0.2412930547777008,-0.2764381026778865,0.2764381026778865,0.00113561718492,0.0002966857820792,,b434
GSE39582,M1_msd,435,CHMP4A;NIPAL4;MGLL;SFI1,0.0,0.2625445463505478,0.5644646422789583,-0.0746052278346896,0.0746052278346896,-0.0682468172276943,0.0682468172276943,0.3043130306853728,0.3410163405726629,,b435
GSE39582,M1_msd,436,UFC1;RHPN1-AS1;RPS6KA3;URI1,0.0,0.4807563481020992,1.0497631099514964,-0.1219922147939714,0.1219922147939714,-0.1137511156662207,0.1137511156662207,0.0958734239347075,0.1280409410039822,,b436
GSE39582,M1_msd,437,RRAGA;PPP1R9B;TIMM10;PKP4,0.0,0.2788608400446457,0.4552119995059041,-0.0971691587820605,0.0971691587820605,-0.0340627645994116,0.0340627645994116,0.1863219405105801,0.6456515284155547,,b437
GSE39582,M1_msd,438,EIF4A1;SP4;SLC9A3R1;B3GAT3,0.0,0.3092477703420498,0.9623057516994116,-0.0376611234821862,0.0376611234821862,0.0196793749282931,0.0196793749282931,0.6209811736346156,0.769916678461281,,b438
GSE39582,M1_msd,439,TBC1D14;FSD1;ZNF121;GPATCH3,0.0,0.2437950891705489,0.533833070480894,-0.2620152919661168,0.2620152919661168,-0.1869340227479567,0.1869340227479567,0.0007106476547156,0.019278959823455,,b439
GSE39582,M1_msd,440,ZDHHC6;PCDHB11;EXOSC8;PTK2B,0.0,0.2314770674350417,0.4878067964236345,-0.1528910680499088,0.1528910680499088,-0.1023767721829697,0.1023767721829697,0.0346141802214998,0.1751762141682999,,b440
GSE39582,M1_msd,441,ARF3;LCMT2;PAM;MCFD2,0.0,0.2782305077168842,0.4727009835923719,0.0023657112090742,0.0023657112090742,0.0492982323559816,0.0492982323559816,0.9742478213898734,0.5054078546531184,,b441
GSE39582,M1_msd,442,PRICKLE4;LCMT2;GPRC5A;TMEM175,0.0,0.4480241122456062,1.0636440148734143,0.0004802679207762,0.0004802679207762,0.0956250633197211,0.0956250633197211,0.9946235937155328,0.1863514476869094,,b442
GSE39582,M1_msd,443,RNF20;GANC;HLA-F;MED23,0.0,0.2615216367806009,0.6121932693541559,0.0283703783380053,0.0283703783380053,0.0233064711431767,0.0233064711431767,0.7050662011244565,0.7613097754077858,,b443
GSE39582,M1_msd,444,CDIPT;CECR6;SNORD88C;MRM1,0.0,0.3498246640729305,0.7825698712864145,-0.1419271912011051,0.1419271912011051,-0.1017312928923073,0.1017312928923073,0.0551548005895732,0.1756500790339108,,b444
GSE39582,M1_msd,445,RRAGA;LOC105371374;SCRIB;STK38,0.0,0.1849296067240793,0.4552119995059041,-0.0451201795833894,0.0451201795833894,-0.0516508751905484,0.0516508751905484,0.5257487976997519,0.4589660163074239,,b445
GSE39582,M1_msd,446,SLC25A3;PIP5KL1;LAP3;C19orf12,0.0,0.4455962738145712,0.7934462326555194,-0.1743100001369736,0.1743100001369736,-0.1037594922083846,0.1037594922083846,0.0166459131844538,0.1565958230796374,,b446
GSE39582,M1_msd,447,TRMT5;CYP3A4;TUFT1;FKBP8,0.0,0.1564307629750911,0.2149416955752239,-0.104693928475977,0.104693928475977,-0.105819535555076,0.105819535555076,0.1597286724943473,0.1391589869092039,,b447
GSE39582,M1_msd,448,ATP5F1;CCDC74B;GCH1;ACOX1,0.0,0.1904246288150916,0.331786939104406,-0.1270541143183807,0.1270541143183807,-0.1258612792962017,0.1258612792962017,0.0779862718803281,0.0830009555774989,,b448
GSE39582,M1_msd,449,MDH1;ZNRF2;ETHE1;ANKRD13A,0.0,0.6179326138746548,1.1295067221567694,-0.1781738821343068,0.1781738821343068,-0.084859736040361,0.084859736040361,0.014717013246341,0.2463640189480774,,b449
GSE39582,M1_msd,450,CHMP4A;L2HGDH;MINOS1-NBL1;PHF3,0.0,0.285809908295224,0.8082266531808269,-0.0637384116874672,0.0637384116874672,-0.0783716382236937,0.0783716382236937,0.3920608845739668,0.2753994187230021,,b450
GSE39582,M1_msd,451,PRDX1;CDK14;ZFP36;HSF4,0.0,0.729396871141051,1.6579516767378093,0.1517868505877574,0.1517868505877574,0.1202222827243633,0.1202222827243633,0.0380411767914819,0.1210714855076426,,b451
GSE39582,M1_msd,452,EIF4A3;HERC4;TAX1BP1;CEBPA-AS1,0.0,0.3816703277253007,0.7961680088900536,-0.0451197482559364,0.0451197482559364,-0.1304122177008783,0.1304122177008783,0.5419224812454398,0.0947507600516256,,b452
GSE39582,M1_msd,453,TMEM179B;KAZALD1;CASP7;TROVE2,0.0,0.2058204766465124,0.2952163209221194,-0.0851313287278869,0.0851313287278869,-0.0498832482576256,0.0498832482576256,0.2393307318965123,0.5029754320088088,,b453
GSE39582,M1_msd,454,SENP3-EIF4A1;GPR4;ACSL3;TRAF2,0.0,0.333163750370037,0.8950728225581027,-0.030226175766931,0.030226175766931,-0.0472150147718468,0.0472150147718468,0.6843860205088438,0.5330975060682406,,b454
GSE39582,M1_msd,455,PSMD14;HOXD9;RHPN2;PXYLP1,0.0,0.3791388075682965,1.010961369407792,-0.2918571625208376,0.2918571625208376,-0.2168007952141739,0.2168007952141739,2.3348811375783327e-05,0.0018052888612051,,b455
GSE39582,M1_msd,456,RPL23;GRAP2;TATDN1;MAPK6,0.0,0.2764235992083875,0.498032149047894,-0.1360865731148161,0.1360865731148161,-0.0608676882391058,0.0608676882391058,0.0705513365309302,0.4207366953471473,,b456
GSE39582,M1_msd,457,F11R;CDC14B;SNORD45B;CASKIN2,0.0,0.1789202739295209,0.3256629444201231,-0.0262093281245914,0.0262093281245914,-0.0790647003641846,0.0790647003641846,0.7229279072432241,0.2823993794436263,,b457
GSE39582,M1_msd,458,NME2;BARX2;EIF6;CTDSPL,0.0,0.7967174269182785,1.648524150656013,-0.2126983436608643,0.2126983436608643,-0.1717168228391574,0.1717168228391574,0.0040884231674264,0.0183271176557707,,b458
GSE39582,M1_msd,459,CHMP3;LOC105371374;FHL2;UROD,0.0,0.4428824662171604,0.9148563929399196,0.0313552763120053,0.0313552763120053,0.0094530754398115,0.0094530754398115,0.6727978152529251,0.8979056254779298,,b459
GSE39582,M1_msd,460,AP2S1;CNNM2;LGMN;LOC101930388,0.0,0.3200987985990247,0.7404427311122135,-0.0218206628764254,0.0218206628764254,0.0935430513397908,0.0935430513397908,0.7632611228292043,0.2161204481400778,,b460
GSE39582,M1_msd,461,TMEM14B;ZNRF2;SNORA1;PCCB,0.0,0.346804747589252,0.8617599687531762,-0.0974172438768038,0.0974172438768038,-0.0917137877855951,0.0917137877855951,0.190865723218746,0.2218156403478041,,b461
GSE39582,M1_msd,462,CTDNEP1;RNF151;FMR1;BCAP29,0.0,0.2555392726892193,0.5481466530605444,-0.0891547858058794,0.0891547858058794,-0.0595442840368516,0.0595442840368516,0.2280000362057122,0.4191340477574428,,b462
GSE39582,M1_msd,463,ZNF410;ING2;CTNNB1;RABL6,0.0,0.2176090924457688,0.4643119226368865,-0.1293060195327526,0.1293060195327526,-0.1324517547479634,0.1324517547479634,0.0813148128693007,0.0902404949400188,,b463
GSE39582,M1_msd,464,DIABLO;NDUFB2-AS1;SLIRP;NFYC,0.0,0.4030757218703319,0.8364923559302101,-0.0632549475996473,0.0632549475996473,-0.0482812598425921,0.0482812598425921,0.37727065928872,0.5181585858929486,,b464
GSE39582,M1_msd,465,PDCD6IP;VAMP1;SEMA4B;URI1,0.0,0.3110206975398779,0.4529645373422789,-0.0813139288190353,0.0813139288190353,-0.0733471388800861,0.0733471388800861,0.2569770218043773,0.3328947962398071,,b465
GSE39582,M1_msd,466,UBE4A;TMEM91;USP54;WRAP73,0.0,0.1940811297706997,0.4885241495065811,-0.0983732134507356,0.0983732134507356,-0.0905129238797807,0.0905129238797807,0.1811423973265603,0.2399235608148928,,b466
GSE39582,M1_msd,467,ATRAID;LOC103344931;ANKMY2;MAPK6,0.0,0.3384620995974883,0.8697273000106365,-0.0447112985282971,0.0447112985282971,-0.0695610444267399,0.0695610444267399,0.5547210817054381,0.3753685093366395,,b467
GSE39582,M1_msd,468,COPZ1;TLR9;LGMN;SNORD65,0.0,0.3600493088899396,0.7091306654842555,-0.0343326686159247,0.0343326686159247,0.0446968132368627,0.0446968132368627,0.6299852617864603,0.5489172523339318,,b468
GSE39582,M1_msd,469,UFC1;USP27X;CTNNB1;BNIP1,0.0,0.4193596930525523,1.0497631099514964,-0.1207244382511135,0.1207244382511135,-0.0608186702060795,0.0608186702060795,0.0991092853288473,0.4253924557594714,,b469
GSE39582,M1_msd,470,NDFIP1;HOXD9;NDRG1;LOC100130987,0.0,0.3910204472949841,1.0494313436790454,-0.0695413398865791,0.0695413398865791,-0.0511942735396349,0.0511942735396349,0.3638611817741,0.4857081081257788,,b470
GSE39582,M1_msd,471,ZDHHC6;LHFPL4;PSMB10;SRPK2,0.0,0.3030875218953137,0.4878067964236345,-0.2726779970177618,0.2726779970177618,-0.2043011044361025,0.2043011044361025,0.0002871652835386,0.0074931844177417,,b471
GSE39582,M1_msd,472,DCTD;AHI1;SCRIB;RPAP2,0.0,0.1860278492633139,0.2527862585288429,-0.1218525218069133,0.1218525218069133,-0.1256271746706686,0.1256271746706686,0.0981423680636395,0.0921019815959469,,b472
GSE39582,M1_msd,473,FUCA2;ZNF343;SMAGP;PDE6G,0.0,0.263718742862337,0.5368999560884434,-0.205406841808805,0.205406841808805,-0.1259993701659682,0.1259993701659682,0.0042193842781851,0.0827025864863135,,b473
GSE39582,M1_msd,474,LARS;ARHGEF40;CPNE3;C19orf57,0.0,0.234580785227459,0.5371474923250349,-0.0977358498007753,0.0977358498007753,-0.1288066882203634,0.1288066882203634,0.1932189465182855,0.0870065756915265,,b474
GSE39582,M1_msd,475,RPL36AL;YTHDF3-AS1;PAN3;LOC101930388,0.0,0.5179996048440931,1.346417091687299,0.0176291568826457,0.0176291568826457,-0.040363797640193,0.040363797640193,0.8087597126530035,0.580202035371567,,b475
GSE39582,M1_msd,476,IFNGR2;NNAT;SNRPB;LOC100505478,0.0,0.5121497900542451,1.173757030373345,-0.0269651484128579,0.0269651484128579,-0.0480179942947655,0.0480179942947655,0.7111818681649771,0.5056598367619922,,b476
GSE39582,M1_msd,477,NDUFB10;CYLD;MIR1304;HIPK1,0.0,0.3195306562933425,0.6413572029759124,-0.058732569173912,0.058732569173912,-0.1032612931134353,0.1032612931134353,0.4320782330589248,0.1845634572000933,,b477
GSE39582,M1_msd,478,SRSF2;ATP5S;GAS6;LPCAT3,0.0,0.3491902281076446,0.7768750984602473,-0.0793759161889277,0.0793759161889277,-0.0098493270244007,0.0098493270244007,0.2889309879726855,0.9002077615801646,,b478
GSE39582,M1_msd,479,GANAB;PAQR7;CHMP5;A4GALT,0.0,0.3058646347715933,0.6085424986747718,0.1096008373084866,0.1096008373084866,0.0877265716018819,0.0877265716018819,0.1227301539156504,0.1762167781011762,,b479
GSE39582,M1_msd,480,TMED9;CXorf21;HSD17B11;PAK1,0.0,0.4882644558633068,0.7720535991917548,-0.1268151038589599,0.1268151038589599,-0.0488766507924373,0.0488766507924373,0.0794089632666218,0.5154436324361217,,b480
GSE39582,M1_msd,481,TMEM203;PAQR7;DCTN6;SH3PXD2B,0.0,0.1593712664433645,0.2408466105758912,-0.0612724933427177,0.0612724933427177,-0.0150299727885473,0.0150299727885473,0.4077162774700383,0.83277102983236,,b481
GSE39582,M1_msd,482,CHMP1A;SUPT3H;RHPN2;APPBP2,0.0,0.1510307443719114,0.3591144570084912,-0.1092817936521052,0.1092817936521052,-0.1369901452727223,0.1369901452727223,0.1432328481935512,0.0684047861370341,,b482
GSE39582,M1_msd,483,PLEKHJ1;C5orf63;TMEM98;ALG14,0.0,0.2589212818660199,0.531230644760547,-0.2196592911606945,0.2196592911606945,-0.1112443001068327,0.1112443001068327,0.0027163821520135,0.1089100935038751,,b483
GSE39582,M1_msd,484,GLT8D1;SEPT3;THOC3;DR1,0.0,0.2130353979375849,0.4712021197129686,0.0028511392341991,0.0028511392341991,0.0386631964581618,0.0386631964581618,0.9686855805884002,0.5917330057663432,,b484
GSE39582,M1_msd,485,PRICKLE4;ADM5;LOC101927178;NCOA6,0.0,0.3763233827600074,1.0636440148734143,-0.0631429639398317,0.0631429639398317,-0.0606579495943394,0.0606579495943394,0.4010499250761455,0.4207396927304364,,b485
GSE39582,M1_msd,486,PIGY;L2HGDH;CYC1;BTBD7,0.0,0.3748226382039136,1.0027057445193213,-0.1566013642097297,0.1566013642097297,-0.1334302448910685,0.1334302448910685,0.0364548470067331,0.0796707761871727,,b486
GSE39582,M1_msd,487,UFC1;UBE2D1;FEN1;MGC45922,0.0,0.4298608150565657,1.0497631099514964,-0.078555787138454,0.078555787138454,0.0078443793902139,0.0078443793902139,0.2879653902908308,0.9165456419542926,,b487
GSE39582,M1_msd,488,ADIPOR1;FAM3C;LAMP2;SRL,0.0,0.1686457258957245,0.2102742336059599,0.1844001225274277,0.1844001225274277,0.1398140189737053,0.1398140189737053,0.0100711118993546,0.0605675803084397,,b488
GSE39582,M1_msd,489,TMED9;NAA15;DBNDD2;GINS2,0.0,0.4425584396576706,0.7720535991917548,-0.2467644461583909,0.2467644461583909,-0.1950757884951844,0.1950757884951844,0.0005077284334192,0.0059710393549406,,b489
GSE39582,M1_msd,490,GHITM;ZFP92;TOPBP1;SCFD1,0.0,0.3146038339001678,0.9131216394890664,-0.0043102330130537,0.0043102330130537,-0.0119201890184026,0.0119201890184026,0.952976571910272,0.8765567230516749,,b490
GSE39582,M1_msd,491,MIR1236;LMLN;SNORD31;CNPY4,0.0,0.3375118655769055,0.6081876256621663,-0.0502327948964648,0.0502327948964648,-0.1008976544903138,0.1008976544903138,0.4935020591217082,0.186560250249325,,b491
GSE39582,M1_msd,492,SERBP1;LIPE;SERPINB1;SLC22A31,0.0,0.221347757416679,0.5219726732494473,-0.2304120629902742,0.2304120629902742,-0.1199894803456505,0.1199894803456505,0.0011762535054619,0.0907799601666806,,b492
GSE39582,M1_msd,493,DYNLT1;MYOC;PJA1;TBC1D16,0.0,0.4599415491938761,1.3476043670113658,0.0067671610402841,0.0067671610402841,-0.0235901550313682,0.0235901550313682,0.926524802152912,0.7532160348962986,,b493
GSE39582,M1_msd,494,UFD1L;FBXW4P1;SNORD5;GTF3C4,0.0,0.3336260239797329,0.5843956014483438,-0.0500643774620497,0.0500643774620497,-0.0455917656365081,0.0455917656365081,0.5036691205864328,0.5514175501386779,,b494
GSE39582,M1_msd,495,MIR6789;LOC101927503;SNORD88C;KRAS,0.0,0.1482002582903481,0.2569059078953276,-0.2254531525653923,0.2254531525653923,-0.1757727937866297,0.1757727937866297,0.0029492454899965,0.0224828977271907,,b495
GSE39582,M1_msd,496,NPM1;FOCAD;DSG2;PARD6A,0.0,0.7325895460711587,1.746499601440378,-0.2119621729719786,0.2119621729719786,-0.1881138762005085,0.1881138762005085,0.0018417278368058,0.0066886619219057,,b496
GSE39582,M1_msd,497,RAD23A;SPIN2A;RPS6KA3;BCAT2,0.0,0.2379113299224357,0.3530721774968335,-0.1367241146518412,0.1367241146518412,-0.1450024726537818,0.1450024726537818,0.0578645230414956,0.0407038128941191,,b497
GSE39582,M1_msd,498,UBE4A;CCAR2;RABGGTB;BCAP29,0.0,0.2357154141918328,0.4885241495065811,-0.0777990542680129,0.0777990542680129,-0.1071407544332364,0.1071407544332364,0.2793936595364418,0.1535030007713299,,b498
GSE39582,M1_msd,499,SLC25A5;ZFHX3;SMCO4;CWF19L1,0.0,0.6632488776619276,2.000941896179088,-0.118970457858175,0.118970457858175,-0.0146371366532278,0.0146371366532278,0.0966264553100836,0.8460684685791435,,b499
GSE39582,M1_msd,500,GABARAP;SMARCD3;PLGRKT;ZNF398,0.0,0.4496732568152806,1.2619638652392522,0.0356790275515337,0.0356790275515337,0.0430395263449508,0.0430395263449508,0.6191886627646497,0.5304069214264268,,b500
GSE39582,M1_msd,501,NME1-NME2;LOC101928424;ACSS2;KRI1,0.0,0.5809592785712219,1.648524150656013,-0.2931824174990201,0.2931824174990201,-0.2820198395921225,0.2820198395921225,0.000112901010509,0.0002084521129763,,b501
GSE39582,M1_msd,502,SNF8;GNGT2;TMEM30A;MCFD2,0.0,0.1603994224671196,0.2489214165746752,-0.0188601500627532,0.0188601500627532,0.0399827036161927,0.0399827036161927,0.7934445203494669,0.5868136667098438,,b502
GSE39582,M1_msd,503,ATP5F1;VTN;ABHD17C;DGUOK,0.0,0.2567292496197126,0.3984081658796339,-0.1774515387234227,0.1774515387234227,-0.1031202725621813,0.1031202725621813,0.0149178063378282,0.1700725979120619,,b503
GSE39582,M1_msd,504,MZT2A;NT5M;ATP6V1B2;LOC100505478,0.0,0.3096449475055835,0.7293437961674755,-0.1426635125882485,0.1426635125882485,-0.0780256865174757,0.0780256865174757,0.0526570073051208,0.2903165543958204,,b504
GSE39582,M1_msd,505,SRP9;LSM11;ACOT13;RUSC2,0.0,0.613560122619233,1.7484676931447525,-0.1011249057828538,0.1011249057828538,-0.1232567071408685,0.1232567071408685,0.177871610943507,0.1001762288537623,,b505
GSE39582,M1_msd,506,ERP29;RBBP9;CYSTM1;CCDC60,0.0,0.6539107122908381,1.2264183256290333,-0.1292501545275025,0.1292501545275025,-0.0668857801493926,0.0668857801493926,0.0759266789449707,0.3612167905268048,,b506
GSE39582,M1_msd,507,SND1;LOC145694;CD99;STX7,0.0,0.421305711481586,0.9583746882706646,-0.0032700337664831,0.0032700337664831,0.0117668573978866,0.0117668573978866,0.9639123498789616,0.875941423759563,,b507
GSE39582,M1_msd,508,UFC1;PLAC9;FAM35A;AP5Z1,0.0,0.3961709255885322,1.0497631099514964,-0.0388127427263962,0.0388127427263962,0.0287085185671091,0.0287085185671091,0.5855550016649074,0.7007798986316484,,b508
GSE39582,M1_msd,509,HNRNPA0;LOC101929792;PJA1;REXO2,0.0,0.1194337551423165,0.213214748409449,-0.0718510974627374,0.0718510974627374,-0.0176228869652485,0.0176228869652485,0.3358108049133635,0.8225155679574101,,b509
GSE39582,M1_msd,510,RPP25L;DUS3L;MICU2;RSPH3,0.0,0.2561916644618389,0.5379396479167048,-0.0202638404592259,0.0202638404592259,-0.0758311604845862,0.0758311604845862,0.7891298614432724,0.303744954704929,,b510
GSE39582,M1_msd,511,RAB13;TTC22;CNN3;SNIP1,0.0,0.3984964328110689,0.940448963755966,-0.0806679463715071,0.0806679463715071,-0.0345925533369265,0.0345925533369265,0.2711389745981974,0.6467579053335122,,b511
GSE39582,M1_msd,512,NDUFA1;CEP63;NT5C3B;CCDC127,0.0,0.4903161236470301,1.4671171289272813,-0.0716812331416941,0.0716812331416941,-0.1311622820134856,0.1311622820134856,0.3386629998302725,0.090256672590918,,b512
GSE39582,M1_msd,513,PDCD6IP;ZBTB45;ZFP36;TMSB4Y,0.0,0.3909346069697476,0.9034687643849832,0.0190421076056705,0.0190421076056705,0.018529818953197,0.018529818953197,0.7940253941766284,0.8103067890535204,,b513
GSE39582,M1_msd,514,HNRNPAB;VMA21;EZR;CCDC90B,0.0,0.5474920001572037,1.688580948221566,0.0282439404932042,0.0282439404932042,0.0337512263382669,0.0337512263382669,0.6971640272882713,0.636683017266048,,b514
GSE39582,M1_msd,515,PWP1;ZNF619;SNORD25;SKI,0.0,0.2892483206183489,0.6081876256621663,-0.0368250013610093,0.0368250013610093,-0.0823940105243545,0.0823940105243545,0.603143689785977,0.2456912391501229,,b515
GSE39582,M1_msd,516,EIF3D;NTF3;NDRG1;TROVE2,0.0,0.6664122259504152,1.2506953944484305,-0.0266950250961028,0.0266950250961028,0.013369262907158,0.013369262907158,0.7115697896233923,0.8543397049662917,,b516
GSE39582,M1_msd,517,GHITM;LOC101926963;MIR1234;NR2C2,0.0,0.304268189982892,0.9131216394890664,-0.0798522187062256,0.0798522187062256,-0.0434912462253023,0.0434912462253023,0.2782675978608916,0.5632039704849799,,b517
GSE39582,M1_msd,518,ATP5F1;UBE2W;PJA1;CHST10,0.0,0.1583471266984025,0.213214748409449,0.1207157040036433,0.1207157040036433,0.1054124306955193,0.1054124306955193,0.0908956313731534,0.1567378119742463,,b518
GSE39582,M1_msd,519,DHX15;LOC101926963;TMEM243;CNPY4,0.0,0.3800682290848383,0.996002710675744,-0.1017856075639315,0.1017856075639315,-0.0833045515843246,0.0833045515843246,0.1689999928528698,0.2730239541079065,,b519
GSE39582,M1_msd,520,TBCA;ATP5S;NEK7;CCDC60,0.0,0.5126247847571737,1.3269679876669471,-0.0478961834803887,0.0478961834803887,-0.1396545047691427,0.1396545047691427,0.5246455800512657,0.0541485278386617,,b520
GSE39582,M1_msd,521,PPP6C;NTF3;CDKN1B;BCAT2,0.0,0.2805594645815523,0.7201498429376776,-0.2487349953560303,0.2487349953560303,-0.142094737856283,0.142094737856283,0.0004560980337958,0.0608583706112341,,b521
GSE39582,M1_msd,522,C19orf53;CCDC74A;SLX1B-SULT1A4;KRAS,0.0,0.2808541014935676,0.7080682208727729,-0.0976754049529991,0.0976754049529991,0.0227992554565746,0.0227992554565746,0.1898727039596417,0.7698599257415243,,b522
GSE39582,M1_msd,523,PYURF;ZNHIT2;DHRS4L2;ELMO2,0.0,0.1558207384807781,0.2597632055315096,-0.1856470985787971,0.1856470985787971,-0.1317701269786711,0.1317701269786711,0.0099490741435458,0.0781629719999834,,b523
GSE39582,M1_msd,524,ERP29;WNT4;EIF4EBP1;STX2,0.0,0.3910596500860309,1.0147653773484102,-0.1237074242389681,0.1237074242389681,-0.0544682704283166,0.0544682704283166,0.0854013583578585,0.4679913607273227,,b524
GSE39582,M1_msd,525,NCOA4;GALK1;EFNA1;MAPK7,0.0,0.5236106694990608,1.3074732949613963,-0.1132171870287478,0.1132171870287478,-0.0411340808851516,0.0411340808851516,0.1214249758229915,0.5734751594246422,,b525
GSE39582,M1_msd,526,SLC25A3;PHTF2;SNORD30;DICER1,0.0,0.3658643454671715,0.6081876256621663,-0.0574944161983898,0.0574944161983898,-0.1126700732248094,0.1126700732248094,0.4280567075314923,0.129156436244891,,b526
GSE39582,M1_msd,527,GUCD1;NT5DC2;IER5;LOC101927705,0.0,0.2586783543005112,0.4441957897435032,-0.0717294373110787,0.0717294373110787,-0.0056733194689798,0.0056733194689798,0.3265469243485321,0.9388154798015788,,b527
GSE39582,M1_msd,528,LCMT1;SEPT3;MIR1248;MIR6132,0.0,0.2073332327265316,0.4459920557324504,-0.0532068986063451,0.0532068986063451,-0.0041709296202056,0.0041709296202056,0.4604607720892965,0.9528729010818549,,b528
GSE39582,M1_msd,529,ASH2L;LINC01184;VPS4B;RAP2B,0.0,0.1950629298381795,0.2589016189856913,-0.065192392920443,0.065192392920443,-0.0274960173607823,0.0274960173607823,0.3811474302620853,0.7193277770025117,,b529
GSE39582,M1_msd,530,EIF4A1;C1orf74;IER5;SLC7A6OS,0.0,0.4247339651422874,0.9623057516994116,-0.047230607676897,0.047230607676897,-0.0204477590828786,0.0204477590828786,0.5279496415054392,0.7842677024620799,,b530
GSE39582,M1_msd,531,ATP6V1G1;HLA-DOB;TATDN1;A4GALT,0.0,0.2195712216191288,0.498032149047894,-0.015138068154685,0.015138068154685,-0.0076271363670008,0.0076271363670008,0.8376363913404843,0.9212708216314588,,b531
GSE39582,M1_msd,532,NDUFB5;AIRE;NEK7;TMSB4Y,0.0,0.4253783951460293,0.96752258794895,0.0657535301730577,0.0657535301730577,0.004477227391765,0.004477227391765,0.3689552510351277,0.9540658410907128,,b532
GSE39582,M1_msd,533,UBL5;ZNF180;ANKMY2;LOC105378948,0.0,0.318827380221624,0.8353679337001975,-0.1487057000231453,0.1487057000231453,-0.1568411826177739,0.1568411826177739,0.0481780317414565,0.0353488322717853,,b533
GSE39582,M1_msd,534,LRRC8D;PLXNA3;SCRIB;TRMT1,0.0,0.1412300226496012,0.1847510549440291,-0.0810501056074975,0.0810501056074975,-0.0893234083348172,0.0893234083348172,0.2676600183024186,0.2202771924818953,,b534
GSE39582,M1_msd,535,APP;MYADML2;EIF3E;REXO2,0.0,0.2518774769856305,0.6038085854923059,-0.0895836552880969,0.0895836552880969,-0.1151082002483426,0.1151082002483426,0.2056546396892233,0.1274341988874001,,b535
GSE39582,M1_msd,536,LCMT1;SPDL1;SNORD76;LRRC14,0.0,0.2660201948055509,0.6670524665240513,-0.1001595831990165,0.1001595831990165,-0.1101261200830038,0.1101261200830038,0.1788527129400159,0.1333051509724055,,b536
GSE39582,M1_msd,537,TIMM23B;PTPRB;NBL1;PDE6G,0.0,0.2312043292468054,0.7166511929931533,-0.1192158135192648,0.1192158135192648,-0.0347696913251345,0.0347696913251345,0.1137901116908028,0.6569275831839285,,b537
GSE39582,M1_msd,538,PDCD6IP;GANC;ZWINT;ST7-OT3,0.0,0.3238550193756475,0.5729786237608241,-0.2673227266353095,0.2673227266353095,-0.1922772870512141,0.1922772870512141,0.0001670490692228,0.0058837138116338,,b538
GSE39582,M1_msd,539,ARF6;CCAR2;SNHG8;RHBG,0.0,0.3465918026646984,0.809050845707654,-0.0806310938087254,0.0806310938087254,-0.1068991270036668,0.1068991270036668,0.2822656464925399,0.1766834197451345,,b539
GSE39582,M1_msd,540,MRPL3;LOC100288175;RABGGTB;JARID2,0.0,0.4855097872257871,1.3681027892686817,-0.1746523989888095,0.1746523989888095,-0.1996375543626224,0.1996375543626224,0.014645845292029,0.0057896680304379,,b540
GSE39582,M1_msd,541,YWHAZ;LOC103344931;SERPINB1;FNTB,0.0,0.3568906374785253,1.102561265253864,0.0128192485913282,0.0128192485913282,0.0494421093612045,0.0494421093612045,0.861452687181737,0.5017350799008955,,b541
GSE39582,M1_msd,542,CHMP2A;C9orf131;SEC23B;MAPK7,0.0,0.2585033135673075,0.7069561288144194,-0.0796596607719644,0.0796596607719644,-0.0048094944232006,0.0048094944232006,0.2738641265510237,0.9476754745696244,,b542
GSE39582,M1_msd,543,SUN2;YTHDF3-AS1;LOC101927178;FAM84B,0.0,0.1322871925708413,0.2552712454441799,-0.0281718672370146,0.0281718672370146,-0.005731456330462,0.005731456330462,0.6934273368211716,0.9377251697917588,,b543
GSE39582,M1_msd,544,EIF3D;LOC101930416;SNRPB;SOS1,0.0,0.6578421205220346,1.2506953944484305,-0.1697664081036668,0.1697664081036668,-0.0675123216097612,0.0675123216097612,0.0278891451352198,0.395522645859926,,b544
GSE39582,M1_msd,545,HNRNPUL1;KLHL20;SCRIB;SIAH1,0.0,0.1270200819901178,0.1419666952602402,0.0150401563960232,0.0150401563960232,0.0525172152627511,0.0525172152627511,0.8424489479023728,0.507686338224441,,b545
GSE39582,M1_msd,546,SHC1;FSD1;CNN3;TROVE2,0.0,0.2751632050224556,0.4660993665023151,0.1031925599221637,0.1031925599221637,0.0376479170555484,0.0376479170555484,0.1606469485258872,0.62139563005682,,b546
GSE39582,M1_msd,547,ZNF410;HARBI1;PUS7;APBA3,0.0,0.221603296597521,0.534736651113428,-0.1561173264025334,0.1561173264025334,-0.1157052442097703,0.1157052442097703,0.0397417033192018,0.1167232790604718,,b547
GSE39582,M1_msd,548,SNRPG;C9orf131;ABHD14B;GFM1,0.0,0.5211690508609587,1.418407787163572,-0.1766618186562839,0.1766618186562839,-0.1002383406527235,0.1002383406527235,0.0186169212824568,0.1804918660922392,,b548
GSE39582,M1_msd,549,NGRN;ADAMTSL5;LINC00493;C19orf12,0.0,0.3406619194594246,0.87316075777573,-0.0646038339467326,0.0646038339467326,-0.0160784718245723,0.0160784718245723,0.3823226400826571,0.8313840638496897,,b549
GSE39582,M1_msd,550,SNRNP27;DDX11L2;NDRG1;ADAT3,0.0,0.3577588404508934,1.0494313436790454,0.0748476242342345,0.0748476242342345,0.0969058228456014,0.0969058228456014,0.3067585130882405,0.1834751002612948,,b550
GSE39582,M1_msd,551,HDGF;LOC100653086;TMPRSS4;EARS2,0.0,0.4890205974235188,1.0365331993900468,-0.0976783519111497,0.0976783519111497,-0.0388120196088468,0.0388120196088468,0.1908091189705728,0.6074861733168042,,b551
GSE39582,M1_msd,552,PRDX6;PROP1;PLGRKT;INO80D,0.0,0.3729894115454338,1.0053408006364442,0.1286715090706245,0.1286715090706245,0.0713622070769958,0.0713622070769958,0.0824771700271053,0.3589939284913304,,b552
GSE39582,M1_msd,553,MIR6748;ADAMTSL5;IMPA2;NUTM2G,0.0,0.2876271318101313,0.5414002147877092,-0.1379500724871048,0.1379500724871048,-0.0802175231653978,0.0802175231653978,0.0619518245234778,0.271037898182155,,b553
GSE39582,M1_msd,554,NDUFAB1;LOC100131043;SMAP1;CLCF1,0.0,0.6090193599105681,1.572794992415319,0.0326920361830386,0.0326920361830386,0.0250123843880808,0.0250123843880808,0.6719714817475506,0.7504703608920452,,b554
GSE39582,M1_msd,555,ABCF1;CECR6;LAMB3;PPP4R3B,0.0,0.2504735150735641,0.5135204124016041,0.0076026617689229,0.0076026617689229,0.0286841885592593,0.0286841885592593,0.9184700995101144,0.6952180047849081,,b555
GSE39582,M1_msd,556,SERBP1;MIEF2;NELFCD;TOB2,0.0,0.3958096651522387,0.7982890854901131,-0.2069025923093259,0.2069025923093259,-0.1941784283678053,0.1941784283678053,0.0061173464057167,0.0122391658138857,,b556
GSE39582,M1_msd,557,KPNB1;ATXN2L;SNORD5;PMS2P8,0.0,0.2463402591743698,0.4130535567207979,-0.134878728825818,0.134878728825818,-0.1577146496913528,0.1577146496913528,0.0660190588563838,0.04309898038243,,b557
GSE39582,M1_msd,558,AUP1;ZBTB3;FAM213A;CRCP,0.0,0.2428160018754105,0.4187057024135179,-0.0162868399100524,0.0162868399100524,0.0002249649068362,0.0002249649068362,0.82303049451642,0.9976274854459865,,b558
GSE39582,M1_msd,559,C1orf43;USP25;ACSS2;HAUS2,0.0,0.1640985307563074,0.2618658832343442,-0.0605020245171746,0.0605020245171746,-0.0221588985492536,0.0221588985492536,0.4262834980776862,0.7728749215431499,,b559
GSE39582,M1_msd,560,ETF1;MAPK8IP1;CHMP4B;PPP1R2,0.0,0.345596953091688,0.7074828144507931,-0.0525135639062439,0.0525135639062439,-0.0791858539099151,0.0791858539099151,0.4697143485456587,0.3028263656965175,,b560
GSE39582,M1_msd,561,MZT2A;LOC100132167;EIF6;CAND1,0.0,0.5519372639024528,1.149148916658587,-0.185578844871851,0.185578844871851,-0.1390777886390116,0.1390777886390116,0.013676503397156,0.0646909251033413,,b561
GSE39582,M1_msd,562,TMED9;FAM83A;BTG2;MIR6132,0.0,0.3573540883643946,0.7720535991917548,-0.0827815600420842,0.0827815600420842,-0.0180459747215071,0.0180459747215071,0.2801774683148925,0.8169349770430889,,b562
GSE39582,M1_msd,563,PSMD1;PPP1R9B;ASUN;PDAP1,0.0,0.2301060530684502,0.458933415137389,-0.2112386286004871,0.2112386286004871,-0.1070930860834004,0.1070930860834004,0.0032044589542247,0.1501645041601671,,b563
GSE39582,M1_msd,564,SRSF9;CCDC74A;ZNF511;ZNF142,0.0,0.3200513921251219,0.7377096499998873,-0.1308530759396549,0.1308530759396549,-0.0724491493660018,0.0724491493660018,0.0588699333855775,0.3266573543956669,,b564
GSE39582,M1_msd,565,ITM2B;WDR20;CHP1;HDAC5,0.0,0.5067165896462814,1.5336772311640954,0.1055335726648801,0.1055335726648801,0.1326703459759127,0.1326703459759127,0.1481255622861575,0.0787700444156229,,b565
GSE39582,M1_msd,566,BAG6;DST;LGMN;POLD3,0.0,0.1746923340916509,0.474541162992062,0.0548116186877321,0.0548116186877321,0.0532608079207759,0.0532608079207759,0.4628631042261915,0.4821176781798243,,b566
GSE39582,M1_msd,567,ATP5F1;STAU2;STK39;PHYKPL,0.0,0.1902679341176765,0.2653842847777702,-0.0746771128057798,0.0746771128057798,-0.1637206152855134,0.1637206152855134,0.2981790089631375,0.0287098039249321,,b567
GSE39582,M1_msd,568,ADAR;HOXD9;SNORD44;GMEB1,0.0,0.5346472444715451,1.189170280014854,-0.0505523295231006,0.0505523295231006,0.0255378193779346,0.0255378193779346,0.4996327280060574,0.7344419144032963,,b568
GSE39582,M1_msd,569,AP2M1;ARHGEF25;PFKM;LOC100652768,0.0,0.295217429064503,0.7678544233792474,0.051174042230344,0.051174042230344,0.0884384919558186,0.0884384919558186,0.4975406290853154,0.2274508332990674,,b569
GSE39582,M1_msd,570,TBCA;PRDM14;SNORD79;LOC100133089,0.0,0.5653051178518872,1.3269679876669471,-0.0999396769904541,0.0999396769904541,-0.1331488976021872,0.1331488976021872,0.1834487479210754,0.077425034306677,,b570
GSE39582,M1_msd,571,SNORA67;PTPRB;SQRDL;SMOX,0.0,0.4523554021113585,1.2618285771355455,-0.0191789765678994,0.0191789765678994,0.0723196898521819,0.0723196898521819,0.7961699174624647,0.3377291991834642,,b571
GSE39582,M1_msd,572,PSMG2;CCDC74B;MYO5C;LOC101928143,0.0,0.4425062042927877,1.09863335230739,-0.0406588330846589,0.0406588330846589,0.0044916672224769,0.0044916672224769,0.5802829521487618,0.9527649744889332,,b572
GSE39582,M1_msd,573,PDHB;DOCK5;MYO5C;B9D2,0.0,0.2947897468267721,0.5202539894364199,-0.2144329145961213,0.2144329145961213,-0.1302645594482689,0.1302645594482689,0.0050736955719036,0.1009339139672765,,b573
GSE39582,M1_msd,574,PIGY;PTCSC1;SNORD31;RHPN1,0.0,0.2814176968173787,0.6081876256621663,-0.1235017640096999,0.1235017640096999,-0.111784524576168,0.111784524576168,0.1042602650086865,0.1476267173436642,,b574
GSE39582,M1_msd,575,COA4;ZFP92;NELFCD;FAM212A,0.0,0.3441029033572523,0.7982890854901131,-0.1312907809708774,0.1312907809708774,-0.0915215383752518,0.0915215383752518,0.0823346723401756,0.2363016335140338,,b575
GSE39582,M1_msd,576,QARS;LOC145694;SUPT4H1;KANK2,0.0,0.4756741213918909,1.3618771742016542,-0.0632973663891068,0.0632973663891068,-0.005666437576783,0.005666437576783,0.3748231028154295,0.939654205271946,,b576
GSE39582,M1_msd,577,NACA;B4GALT1;RRAS;ALG14,0.0,0.4002309626121849,1.2048459989282632,-0.0559477570649648,0.0559477570649648,-0.0157394458807776,0.0157394458807776,0.4544640067786447,0.8386823116410558,,b577
GSE39582,M1_msd,578,HNRNPAB;LOC100653086;SNORD26;HNRNPLL,0.0,0.6595060391069761,1.688580948221566,-0.1732053489442365,0.1732053489442365,-0.117543674493635,0.117543674493635,0.0223935795735066,0.1434979767598614,,b578
GSE39582,M1_msd,579,BAG6;BAIAP2;ZFP36;PHYKPL,0.0,0.2964666182669311,0.9034687643849832,0.0959343903225643,0.0959343903225643,0.0751844520882536,0.0751844520882536,0.1731639608130526,0.297410598268318,,b579
GSE39582,M1_msd,580,MRPL3;LOC145694;COX3;PLEKHA5,0.0,0.4276031953696792,1.3681027892686817,-0.0920387126569105,0.0920387126569105,-0.1212783475011264,0.1212783475011264,0.2118223872390213,0.1076975765133766,,b580
GSE39582,M1_msd,581,UBQLN1;TMPRSS13;ABHD14B;KRAS,0.0,0.1729669332747722,0.3924570587983517,-0.1238852904590811,0.1238852904590811,-0.1156893572665804,0.1156893572665804,0.0890743709481295,0.1241184403134262,,b581
GSE39582,M1_msd,582,ZDHHC7;NT5M;PGM1;PGS1,0.0,0.3229320857840395,0.5973545010713665,-0.0345323063703263,0.0345323063703263,-0.0180931304518408,0.0180931304518408,0.6471015442852137,0.8090006974800069,,b582
GSE39582,M1_msd,583,SNORA41;PCNX2;GOT1;SNAPC5,0.0,0.705094572775467,2.0864419520023234,-0.1531274729740693,0.1531274729740693,-0.0530269273514061,0.0530269273514061,0.0476412164007892,0.5001696745285369,,b583
GSE39582,M1_msd,584,GNAS;B3GNTL1;NDRG1;MUM1,0.0,0.3417107695940186,1.0494313436790454,-0.0609000712566933,0.0609000712566933,-0.1343875641717798,0.1343875641717798,0.3891508625249673,0.0648219913440738,,b584
GSE39582,M1_msd,585,LOC102724984;FGF17;SOWAHC;PDSS1,0.0,0.1970237455235831,0.4055200707561642,-0.1937576335280286,0.1937576335280286,-0.1118833844087797,0.1118833844087797,0.009373325773209,0.1358403512878727,,b585
GSE39582,M1_msd,586,CACYBP;DLGAP1-AS1;MXI1;SNAPC5,0.0,0.2872707178930562,0.6924410254931178,-0.0671757669227345,0.0671757669227345,-0.0518114419932248,0.0518114419932248,0.3698676420536491,0.5194580583722538,,b586
GSE39582,M1_msd,587,SUN2;GTF3C3;SCAND1;C2orf42,0.0,0.1351574304151244,0.2473431945064439,-0.0400347615081294,0.0400347615081294,0.0168417808525313,0.0168417808525313,0.5946032481397832,0.8220310950562957,,b587
GSE39582,M1_msd,588,DDX5;WNT4;HLA-B;NIT1,0.0,0.772054132179583,2.1359633224578327,-0.0251317639384109,0.0251317639384109,-0.0096260587363823,0.0096260587363823,0.7279757001355558,0.8980582573624869,,b588
GSE39582,M1_msd,589,ATRAID;RASSF4;MPC2;POLD3,0.0,0.3573030188668209,0.8697273000106365,-0.1197579371684751,0.1197579371684751,-0.0758894503323959,0.0758894503323959,0.1054366212739503,0.3207357209540853,,b589
GSE39582,M1_msd,590,UBE2A;SLC7A4;KRT8;SENP3,0.0,0.590040516021585,1.6573869593826307,-0.0955433244491633,0.0955433244491633,0.0075441019592888,0.0075441019592888,0.1851820461419857,0.9164872729981052,,b590
GSE39582,M1_msd,591,C19orf53;BDP1;BTG2;LOC100133089,0.0,0.3276701170887177,0.7080682208727729,-0.0676958075913067,0.0676958075913067,-0.1026535180357899,0.1026535180357899,0.383907049214821,0.1916817679386319,,b591
GSE39582,M1_msd,592,BFAR;SLC6A19;CCNDBP1;SKI,0.0,0.1732831999186672,0.2975596746592506,0.0644321112119886,0.0644321112119886,0.0754597854376586,0.0754597854376586,0.3519019110487528,0.2707109467654486,,b592
GSE39582,M1_msd,593,SSR2;TMPRSS13;USP54;DSTNP2,0.0,0.3895856733852135,1.1147395788211891,-0.1400559786814003,0.1400559786814003,-0.0751110195354669,0.0751110195354669,0.0449579915927837,0.3082085527863831,,b593
GSE39582,M1_msd,594,TMX2;PCDHGC3;SMIM19;ICA1,0.0,0.3922474206864261,0.939153898950648,-0.0937893862060509,0.0937893862060509,-0.0712790907543867,0.0712790907543867,0.211653392728575,0.3375380576467521,,b594
GSE39582,M1_msd,595,CNOT1;VWCE;OAT;WAS,0.0,0.4308118307490838,1.1584007972425243,0.0166664037343268,0.0166664037343268,0.1003554934556206,0.1003554934556206,0.8217779116891221,0.1801641433146547,,b595
GSE39582,M1_msd,596,BAG6;ZNF326;RRAS;AGFG1,0.0,0.1214578465665448,0.2792801291986302,-0.0476216039656931,0.0476216039656931,-0.0691373058165418,0.0691373058165418,0.5044411467556387,0.3466161364913468,,b596
GSE39582,M1_msd,597,CTNND1;ATPAF2;SLC9A3R1;SUPT7L,0.0,0.1942668129689471,0.4318540149130176,-0.1227017437530259,0.1227017437530259,-0.0356479038982281,0.0356479038982281,0.1036014241425889,0.6437050844242118,,b597
GSE39582,M1_msd,598,UBL5;MYADML2;GPD1L;ZNF24,0.0,0.3391029900516925,0.8353679337001975,-0.0345670044113086,0.0345670044113086,-0.0448668992752744,0.0448668992752744,0.6422699786386793,0.561388572521052,,b598
GSE39582,M1_msd,599,ANKRD17;LRP5L;KPNA2;TCOF1,0.0,0.3549870961608021,1.008043131485613,-0.1560819485798973,0.1560819485798973,-0.1334091477504844,0.1334091477504844,0.0377626686531201,0.0851037953669491,,b599
GSE39582,M1_msd,600,LOC101930324;LENG9;SH3BGRL3;NEPRO,0.0,0.4838782873456102,1.0269931297481794,-0.1888470906585034,0.1888470906585034,-0.1681156212688986,0.1681156212688986,0.0124745688837319,0.0300996185210336,,b600
GSE39582,M1_msd,601,COA4;L2HGDH;POLR2K;C2orf42,0.0,0.173570375682735,0.2387686011778663,-0.1705133535464025,0.1705133535464025,-0.131297563346783,0.131297563346783,0.0238146492989687,0.0843608627377015,,b601
GSE39582,M1_msd,602,EIF3G;CECR6;RNF135;SNORD49A,0.0,0.3326156543581742,0.9393767968097382,-0.121714805894673,0.121714805894673,-0.0576297346551496,0.0576297346551496,0.0904374936703613,0.4247849906280811,,b602
GSE39582,M1_msd,603,PDIA6;LOC100996255;PPIC;PMS2P8,0.0,0.4833132744904936,1.2229274361289173,-0.0134690093033779,0.0134690093033779,0.0016520760642229,0.0016520760642229,0.8599190768536656,0.9823723756411248,,b603
GSE39582,M1_msd,604,ADI1;KIAA0513;TMEM230;SLC8B1,0.0,0.3044916323019366,0.8089973961260534,-0.0610358002746613,0.0610358002746613,0.0596069305424081,0.0596069305424081,0.391682477947685,0.4207513281646283,,b604
GSE39582,M1_msd,605,SS18L2;ADAMTS10;GBAS;DR1,0.0,0.2669682509402021,0.619211268009984,-0.1016086417965349,0.1016086417965349,-0.1004088320004728,0.1004088320004728,0.1766962391873723,0.1819882389496758,,b605
GSE39582,M1_msd,606,PIH1D1;VCX2;SNHG1;ST7,0.0,0.2928709491729218,0.6081876256621663,-0.2873433709562435,0.2873433709562435,-0.234157793118864,0.234157793118864,4.873425559213707e-05,0.0013490041014592,,b606
GSE39582,M1_msd,607,RPS29;DOC2A;GCH1;LOC400499,0.0,0.2808275548846385,0.5018237281013749,-0.121118956290105,0.121118956290105,-0.0673488649507769,0.0673488649507769,0.1010653178754833,0.382558540375525,,b607
GSE39582,M1_msd,608,PSMG2;CARD8;KLF5;ELAVL1,0.0,0.5778415367206543,1.09863335230739,-0.1251943378973061,0.1251943378973061,-0.0691937686293872,0.0691937686293872,0.0568090095282566,0.3440491586645399,,b608
GSE39582,M1_msd,609,LOC102724984;LOC145694;C1QBP;CLCF1,0.0,0.339205455739109,0.9094341273489164,-0.0635491915190123,0.0635491915190123,0.0384091194536127,0.0384091194536127,0.3899258670098553,0.6047377266629007,,b609
GSE39582,M1_msd,610,ARHGAP17;RBPMS-AS1;PAM;FAM212A,0.0,0.2044576158601704,0.4727009835923719,0.0088598443579346,0.0088598443579346,0.0015207753824153,0.0015207753824153,0.9043813011052334,0.983886250092658,,b610
GSE39582,M1_msd,611,RFXANK;GPR4;THAP12;SMOX,0.0,0.2007634029369422,0.397431565022063,-0.0327177160509395,0.0327177160509395,-0.0407945910094946,0.0407945910094946,0.6497198206549554,0.5647816687728998,,b611
GSE39582,M1_msd,612,SPAG7;SPDL1;SOWAHC;BAD,0.0,0.2692664438255947,0.4055200707561642,-0.0755894267372619,0.0755894267372619,-0.069490816507892,0.069490816507892,0.3181050799156666,0.3251754032427438,,b612
GSE39582,M1_msd,613,MIR6890;SERINC2;PKIG;KREMEN2,0.0,0.4846944314181595,1.3618771742016542,-0.1591815889189469,0.1591815889189469,-0.116647511259797,0.116647511259797,0.0292368292517506,0.1116522325181394,,b613
GSE39582,M1_msd,614,PSMD14;LCMT2;FAM177A1;TMEM170A,0.0,0.3709411769335132,1.010961369407792,-0.0513418053822667,0.0513418053822667,-0.0233699906170248,0.0233699906170248,0.4836114479439394,0.7577486406768799,,b614
GSE39582,M1_msd,615,MRPS24;NAA15;SNORA63;BRAP,0.0,0.5286671851762712,1.2980047144525664,-0.1420723805801778,0.1420723805801778,-0.1547646343884648,0.1547646343884648,0.0509009064796214,0.0378525405320459,,b615
GSE39582,M1_msd,616,SH3GLB1;GNG2;NUDT4P1;DNAJC16,0.0,0.2864754548924441,0.4099642926863985,0.0453909245659443,0.0453909245659443,0.0901857468689326,0.0901857468689326,0.5382346605163424,0.255515018580028,,b616
GSE39582,M1_msd,617,ASH2L;RNASEH2B;CMSS1;PLEKHA5,0.0,0.1373150127189769,0.2974395574715236,-0.1272055285993897,0.1272055285993897,-0.1493194062175397,0.1493194062175397,0.1031742425194981,0.062808104697542,,b617
GSE39582,M1_msd,618,EEF1B2;WDR20;PPIL3;IKBKE,0.0,0.6452168921029072,2.0864419520023234,-0.1562346102992361,0.1562346102992361,-0.1539260784085142,0.1539260784085142,0.0349159410848329,0.0462164080594099,,b618
GSE39582,M1_msd,619,DYNLT1;VCPIP1;SNORA8;CHST10,0.0,0.4655589040825216,1.3476043670113658,0.0569640818266461,0.0569640818266461,-0.01904686945681,0.01904686945681,0.4229800864987252,0.7890763522061329,,b619
GSE39582,M1_msd,620,JOSD1;BORCS5;SNORA1;LOC400499,0.0,0.2564582402215178,0.4130535567207979,-0.013998608967138,0.013998608967138,0.0198797123756285,0.0198797123756285,0.8523920621070792,0.7925719133750722,,b620
GSE39582,M1_msd,621,NDUFS3;B4GALT1;GPD1L;CWF19L1,0.0,0.2019201104885326,0.2315934569457268,-0.1416259975377791,0.1416259975377791,-0.016375214203248,0.016375214203248,0.0481873052872493,0.8314539574731856,,b621
GSE39582,M1_msd,622,ADI1;GPIHBP1;SDC4;MED7,0.0,0.4001586518850136,0.972021128253914,-0.1344530961084145,0.1344530961084145,-0.1165689892496683,0.1165689892496683,0.0669742918180954,0.1107417495378979,,b622
GSE39582,M1_msd,623,GABARAP;CDK14;TMEM98;RUSC2,0.0,0.5176507441741227,1.2619638652392522,0.0631242120699808,0.0631242120699808,0.0882206788625476,0.0882206788625476,0.3847576383864304,0.2234891787871991,,b623
GSE39582,M1_msd,624,SRSF9;F7;UBL3;LOC100505478,0.0,0.2839118455434671,0.7377096499998873,-0.1378519817263488,0.1378519817263488,-0.105630220758507,0.105630220758507,0.0568856583913359,0.1415899154527077,,b624
GSE39582,M1_msd,625,RPL23;GNGT2;SNORA63;AHNAK,0.0,0.2236750772183194,0.4459920557324504,0.1889079661265371,0.1889079661265371,0.2160266800668956,0.2160266800668956,0.0092884043170585,0.0029262990210027,,b625
GSE39582,M1_msd,626,HMGB1;GJD2;IFITM2;RHBG,0.0,0.8595410621085614,1.681776919632494,-0.0742050567243367,0.0742050567243367,-0.0838646587890996,0.0838646587890996,0.3098033983738051,0.252680781123263,,b626
GSE39582,M1_msd,627,MEMO1;SP4;SNORA32;SNAPC5,0.0,0.2348785847250392,0.4130535567207979,-0.0364722694546663,0.0364722694546663,-0.02422796900637,0.02422796900637,0.6175018942938046,0.7459098504379841,,b627
GSE39582,M1_msd,628,TMEM50A;FKRP;KPNA2;WASL,0.0,0.5167914384388838,1.008043131485613,-0.0970404701752072,0.0970404701752072,-0.0203483620104224,0.0203483620104224,0.1802353580550909,0.7777949304819671,,b628
GSE39582,M1_msd,629,LOC102724984;PRDM14;HLA-J;UROD,0.0,0.3963533297832406,0.9721848506274292,-0.0576579811610269,0.0576579811610269,0.0474217585398658,0.0474217585398658,0.4339815532735782,0.5167423168344704,,b629
GSE39582,M1_msd,630,RAB13;GRAP2;MEST;AGFG1,0.0,0.5821616613175223,0.940448963755966,-0.216541622607059,0.216541622607059,-0.1784364282575021,0.1784364282575021,0.0028021990695584,0.0189983607956708,,b630
GSE39582,M1_msd,631,NDUFS3;ENHO;LOC102724993;SLC22A31,0.0,0.3058485864760211,0.7117683537260434,-0.1161427088786008,0.1161427088786008,-0.0428219822187304,0.0428219822187304,0.1207894821495535,0.5600657882352887,,b631
GSE39582,M1_msd,632,SNORA48;INPP5F;LOC105376805;RNF219,0.0,0.4361247554126876,0.9623057516994116,-0.0046103864576014,0.0046103864576014,-0.0214710991202524,0.0214710991202524,0.950661700472024,0.7646187144897046,,b632
GSE39582,M1_msd,633,CTDNEP1;GJB4;LOC101060817;BCAM,0.0,0.1689483185323333,0.2188849502829564,-0.0653183749818931,0.0653183749818931,-0.0441565736456973,0.0441565736456973,0.3882958999268885,0.5703560135739798,,b633
GSE39582,M1_msd,634,DRG1;MAPK8IP1;IFITM2;MPC1,0.0,0.6762839687833625,1.681776919632494,-0.1574723617822828,0.1574723617822828,-0.0737256066560534,0.0737256066560534,0.0323828612994827,0.3030570167838204,,b634
GSE39582,M1_msd,635,SURF4;SERINC2;COMMD8;HEATR1,0.0,0.2920618163648089,0.5793187169304693,-0.0412961496007785,0.0412961496007785,0.0068478640825508,0.0068478640825508,0.5677424431959346,0.925242546156635,,b635
GSE39582,M1_msd,636,ANKRD17;B4GALT1;SLC25A46;DR1,0.0,0.1613926696962882,0.2052556947976171,-0.0075675545900715,0.0075675545900715,0.0560203013440974,0.0560203013440974,0.918664232243989,0.4637225105564609,,b636
GSE39582,M1_msd,637,LOC101927180;ZNHIT2;VMP1;ZNF205,0.0,0.4110390538034876,0.9842794726062132,-0.1651809635260858,0.1651809635260858,-0.1293537860502362,0.1293537860502362,0.0268589709059659,0.0739625713692917,,b637
GSE39582,M1_msd,638,F11R;BGLT3;GMNN;MGC45922,0.0,0.2432125140137692,0.638965289267699,-0.0701761984695236,0.0701761984695236,-0.0320158539436532,0.0320158539436532,0.3273974704857917,0.6396629345557643,,b638
GSE39582,M1_msd,639,PSMD1;DST;LAP3;LPCAT3,0.0,0.3448192491864669,0.7934462326555194,-0.2149420955239008,0.2149420955239008,-0.132463687995278,0.132463687995278,0.0050959684606613,0.0928650178985129,,b639
GSE39582,M1_msd,640,LCMT1;PRDM14;SNORD28;PPP4R3B,0.0,0.2423265450043147,0.6081876256621663,-0.2525455021550147,0.2525455021550147,-0.2411393328147671,0.2411393328147671,0.0007572672217855,0.0019708809622965,,b640
GSE39582,M1_msd,641,ZDHHC7;C19orf73;RPF2;CASKIN2,0.0,0.224889097056558,0.3826860516062907,-0.1109938293962703,0.1109938293962703,-0.1065096737427181,0.1065096737427181,0.1362050887410939,0.1538955884713669,,b641
GSE39582,M1_msd,642,FAM21C;PROP1;THAP12;STK10,0.0,0.2324988727002162,0.397431565022063,-0.0415118519202656,0.0415118519202656,0.0020010727445975,0.0020010727445975,0.5699000666602642,0.979362430552544,,b642
GSE39582,M1_msd,643,TOMM6;LOC389641;SNORA81;MED12,0.0,0.4827662691592061,1.0636440148734143,-0.0079846577234011,0.0079846577234011,-0.0349907215894247,0.0349907215894247,0.9138182607288444,0.6434392867279979,,b643
GSE39582,M1_msd,644,SNRPD2;APAF1;UGDH;CTDSPL,0.0,0.6562303470578159,1.7518734909343006,-0.16022823679353,0.16022823679353,-0.1223400291933049,0.1223400291933049,0.024947447008141,0.1025358475432437,,b644
GSE39582,M1_msd,645,RAB6C;AHI1;TMEM243;SH3BP5L,0.0,0.3756621607031711,0.8481812884019587,-0.0261020023933548,0.0261020023933548,-0.0116557534210734,0.0116557534210734,0.7154468171471344,0.8770930562490795,,b645
GSE39582,M1_msd,646,ARHGAP17;NNAT;CTSA;DNAJC2,0.0,0.2936957792995024,0.919978381759952,-0.0997758518307589,0.0997758518307589,-0.1253873594125553,0.1253873594125553,0.1856045360346213,0.1071789426652926,,b646
GSE39582,M1_msd,647,CDC37;CDK14;EFNA1;SH3BP5L,0.0,0.2843681439502337,0.5183625079739678,0.0073614977889747,0.0073614977889747,0.0596735353270052,0.0596735353270052,0.9180772632187376,0.3936403882551523,,b647
GSE39582,M1_msd,648,TOMM70;ZNF625-ZNF20;TOMM34;PIGV,0.0,0.1899534307593556,0.3138285201584349,-0.2030696647312004,0.2030696647312004,-0.1409448519606425,0.1409448519606425,0.0061635550867182,0.0591966354906574,,b648
GSE39582,M1_msd,649,UFC1;LOC145694;MGLL;SH3BP5L,0.0,0.4583553186057525,1.0497631099514964,0.0086368567466649,0.0086368567466649,0.0757075328746185,0.0757075328746185,0.9043397860292626,0.313062057305364,,b649
GSE39582,M1_msd,650,SNF8;C20orf141;GPRC5A;FNTB,0.0,0.2164250779863971,0.4697498561798131,-0.1164560026569978,0.1164560026569978,-0.0282658440329565,0.0282658440329565,0.1094834828734806,0.7072249498052432,,b650
GSE39582,M1_msd,651,MRPL49;LOC100129516;DDX27;ZNF394,0.0,0.3165036682352719,0.6027789246121524,-0.2108111079110288,0.2108111079110288,-0.1769126463062455,0.1769126463062455,0.0045460864095741,0.019729446416243,,b651
GSE39582,M1_msd,652,HADHA;LCMT2;AKR7A2;NFYC,0.0,0.2032247391968406,0.4229826358185485,-0.0404355208149916,0.0404355208149916,0.0979199798110333,0.0979199798110333,0.5620687420929834,0.1773274002519965,,b652
GSE39582,M1_msd,653,ZNF622;WNT4;ITGA2;KATNB1,0.0,0.1850833595221109,0.4200435658415287,-0.2505489491133506,0.2505489491133506,-0.2116574727048732,0.2116574727048732,0.0004367873805733,0.0024491041568631,,b653
GSE39582,M1_msd,654,HNRNPF;PRH2;PGM1;CWF19L1,0.0,0.326989322341929,0.5973545010713665,-0.0686855430643039,0.0686855430643039,0.0640383136925794,0.0640383136925794,0.3370959798477564,0.3899060805880786,,b654
GSE39582,M1_msd,655,TRMT5;DIO3OS;MEST;LUC7L,0.0,0.3706423521839028,0.9128759855822004,-0.1233889581906651,0.1233889581906651,-0.1534319390887538,0.1534319390887538,0.0939273914332582,0.0319695366104734,,b655
GSE39582,M1_msd,656,RER1;ADAMTS9;HMGN3;RAP2B,0.0,0.3365363127459099,0.9301716835155804,-0.0268544109242208,0.0268544109242208,-0.0034515596378471,0.0034515596378471,0.7202446062210186,0.9635077738877073,,b656
GSE39582,M1_msd,657,LCMT1;TSC22D4;TRMT10C;TCOF1,0.0,0.0935699707761153,0.2420306082125499,-0.2579816345813635,0.2579816345813635,-0.2055309902111511,0.2055309902111511,0.0005825111247435,0.0058861467293166,,b657
GSE39582,M1_msd,658,GDI2;SERINC2;RPS24;GTF2H1,0.0,0.6754990276253574,1.3039672913153484,0.0150251267066453,0.0150251267066453,0.0316230712928376,0.0316230712928376,0.8335993787160683,0.6571891142927946,,b658
GSE39582,M1_msd,659,DPY30;CEP63;PPIL1;RNF219,0.0,0.140329725314003,0.1924291091250296,-0.0997397630799804,0.0997397630799804,-0.1293796718025679,0.1293796718025679,0.1834180918509858,0.0882774702078827,,b659
GSE39582,M1_msd,660,ITM2B;SNORA71B;HACD3;RAB43,0.0,0.6389010700714299,1.5336772311640954,-0.0383514985716775,0.0383514985716775,0.0787858211237011,0.0787858211237011,0.5951310361935964,0.2810352162735734,,b660
GSE39582,M1_msd,661,YY1AP1;NT5M;TMEM98;C2orf42,0.0,0.2049267601646676,0.531230644760547,-0.0958965768596809,0.0958965768596809,0.004503150607179,0.004503150607179,0.1918757237033388,0.9539481601405768,,b661
GSE39582,M1_msd,662,SEC13;USP27X;ZNF593;CWC25,0.0,0.3463098315410231,0.9849003371639228,-0.2463390605706454,0.2463390605706454,-0.2018125026187244,0.2018125026187244,0.0010748253323035,0.0079894094350714,,b662
GSE39582,M1_msd,663,DNAJB11;EFCAB11;ACADVL;MAPK8,0.0,0.3979833550962154,0.8279833981227712,-0.126725023411147,0.126725023411147,-0.0920539023512782,0.0920539023512782,0.0915936139375266,0.2362878346638893,,b663
GSE39582,M1_msd,664,SRP9;MED31;MAP7;KIAA1217,0.0,0.4635644782364955,1.7484676931447525,-0.0850527474721158,0.0850527474721158,-0.0769171427299061,0.0769171427299061,0.2589436716219981,0.2946766789343381,,b664
GSE39582,M1_msd,665,QARS;PIP5KL1;CORO1C;SNAPC4,0.0,0.5914394455687368,1.3618771742016542,-0.094003964484796,0.094003964484796,-0.0468713423462182,0.0468713423462182,0.1905230289200534,0.5310219494429993,,b665
GSE39582,M1_msd,666,COX7C;TTC22;SORL1;SNAPC4,0.0,0.5250047072361048,1.2935948992280355,-0.1369516471269606,0.1369516471269606,-0.1097890879031523,0.1097890879031523,0.0628557522800413,0.1237388994125761,,b666
GSE39582,M1_msd,667,CDV3;ZNF326;CTSS;GTF3C4,0.0,0.2247753965811204,0.4956603600372232,-0.0559394033277885,0.0559394033277885,-0.0376113465149155,0.0376113465149155,0.4498978206891704,0.6269175926690199,,b667
GSE39582,M1_msd,668,PSMD1;SEBOX;GOT1;APBA3,0.0,0.2855136401530826,0.458933415137389,-0.1809566279957201,0.1809566279957201,-0.0768932552132513,0.0768932552132513,0.0213011354024216,0.3389481420564119,,b668
GSE39582,M1_msd,669,C14orf166;UBN2;ZNF121;H2AFX,0.0,0.5314146151194499,1.292732364435932,-0.153068985610797,0.153068985610797,-0.1846436321359284,0.1846436321359284,0.0260146967849018,0.0092278138049941,,b669
GSE39582,M1_msd,670,TMEM179B;SDS;SNORD74;MFN2,0.0,0.3031937359160642,0.6670524665240513,0.0007004315471901,0.0007004315471901,0.064287833869607,0.064287833869607,0.9922417602428852,0.3702698755070623,,b670
GSE39582,M1_msd,671,KDELR1;INPP5F;TMEM9;SMU1,0.0,0.2112600703650671,0.6252074010780442,-0.0610174738789993,0.0610174738789993,-0.0135131451475823,0.0135131451475823,0.3923289285942558,0.8568113588102988,,b671
GSE39582,M1_msd,672,ZDHHC16;LOC101928424;RHPN2;PKP4,0.0,0.2368543342840279,0.3591144570084912,-0.2186485552965932,0.2186485552965932,-0.1743869729720991,0.1743869729720991,0.0024724212035774,0.01090069584588,,b672
GSE39582,M1_msd,673,SNAPIN;C9orf131;SHMT2;PHF6,0.0,0.2313702005488967,0.4915032008011392,-0.033967859940938,0.033967859940938,0.0664370705602266,0.0664370705602266,0.6413615079837761,0.3882873466319005,,b673
GSE39582,M1_msd,674,ZDHHC7;ARHGEF40;HAT1;PPIH,0.0,0.2433328916786081,0.3826860516062907,-0.1814854887249964,0.1814854887249964,-0.191112256430176,0.191112256430176,0.0107196240075697,0.0084996667232121,,b674
GSE39582,M1_msd,675,NDUFAB1;PAQR7;FASTKD1;LOC105378948,0.0,0.445574974373708,1.572794992415319,-0.0943138714424798,0.0943138714424798,-0.1005291315767234,0.1005291315767234,0.2029337096985415,0.1620610015919596,,b675
GSE39582,M1_msd,676,SLC35A4;SNORA71B;SEMA4B;STX2,0.0,0.1750773970872477,0.4529645373422789,0.0422359781828074,0.0422359781828074,0.094331303843429,0.094331303843429,0.5702776852984308,0.2251975983833021,,b676
GSE39582,M1_msd,677,ZDHHC16;GANC;SNORD79;DDAH1,0.0,0.2768411024141242,0.6670524665240513,-0.1440117197290666,0.1440117197290666,-0.0835879855831925,0.0835879855831925,0.0574042500744797,0.2756035867741034,,b677
GSE39582,M1_msd,678,NME2;FSD1;ABHD17C;GPATCH3,0.0,0.6084130071072178,1.648524150656013,-0.2250256896963601,0.2250256896963601,-0.125420689886278,0.125420689886278,0.0021481775084615,0.0838778742600509,,b678
GSE39582,M1_msd,679,RPL36AL;CDK14;CHSY1;CASKIN2,0.0,0.5149681978928065,1.346417091687299,0.0600930488340234,0.0600930488340234,0.0565656014416026,0.0565656014416026,0.4129710165675114,0.440690851503005,,b679
GSE39582,M1_msd,680,RPS19BP1;NT5DC2;MYO5C;DNAJC16,0.0,0.2574144790956357,0.5202539894364199,-0.1722967072902716,0.1722967072902716,-0.0444371402742494,0.0444371402742494,0.0196237380958342,0.5563793156907033,,b680
GSE39582,M1_msd,681,GLRX5;DLGAP1-AS1;MINOS1-NBL1;ICA1,0.0,0.3958885130818644,0.8082266531808269,-0.1446308661388416,0.1446308661388416,-0.1330029372256128,0.1330029372256128,0.0442550128630864,0.0553551182695178,,b681
GSE39582,M1_msd,682,ATP6V1F;TSC22D4;SLX1B-SULT1A4;HPS4,0.0,0.3258136428543248,0.9842794726062132,-0.0887514386871078,0.0887514386871078,-0.0120978840052321,0.0120978840052321,0.2249889174256172,0.8625256403368096,,b682
GSE39582,M1_msd,683,EMC8;FOCAD;FAM35A;RSPH3,0.0,0.2334392897544862,0.4223258783059138,-0.1261809541032225,0.1261809541032225,-0.1585724266611672,0.1585724266611672,0.0917000188364068,0.0400171864132321,,b683
GSE39582,M1_msd,684,NPM1;DCP2;ACSL3;RAB43,0.0,0.5492925759333345,1.746499601440378,-0.1937272226549309,0.1937272226549309,-0.2301953842187768,0.2301953842187768,0.0059581168243387,0.0014642375270796,,b684
GSE39582,M1_msd,685,GRHPR;L3MBTL1;LOC728554;ZNF584,0.0,0.2621333653333657,0.4712021197129686,-0.0912977161217231,0.0912977161217231,-0.0410974069289435,0.0410974069289435,0.1963589074565414,0.5567859533359952,,b685
GSE39582,M1_msd,686,USMG5;PTCSC1;EIF3H;KATNB1,0.0,0.5616021647580557,1.826004836390916,-0.1675253089430097,0.1675253089430097,-0.1362239012985075,0.1362239012985075,0.0279554424991028,0.0743776081158385,,b686
GSE39582,M1_msd,687,ABL1;NIPAL4;TMEM30A;SLC22A31,0.0,0.1383946687969698,0.176237171605009,0.0092876312335875,0.0092876312335875,0.0355266457597358,0.0355266457597358,0.8976969078222891,0.6090010631523464,,b687
GSE39582,M1_msd,688,NCOA4;LOC101929792;TMX1;DSTNP2,0.0,0.5493443154228876,1.3074732949613963,0.0564604946831996,0.0564604946831996,0.1540665537185489,0.1540665537185489,0.4479696021333857,0.0514748885843875,,b688
GSE39582,M1_msd,689,C18orf32;C8orf60;DNAJB1;POLD3,0.0,0.6010902569812432,1.6210840887465898,0.0575985817265454,0.0575985817265454,0.0129058873023447,0.0129058873023447,0.4487569405623042,0.8610526694618454,,b689
GSE39582,M1_msd,690,RPL36AL;LSMEM2;LCOR;RPTOR,0.0,0.5191794049298437,1.346417091687299,-0.053595313879525,0.053595313879525,-0.0577295859624021,0.0577295859624021,0.4732557258693498,0.4537718250855765,,b690
GSE39582,M1_msd,691,CSDE1;PATJ;MAP7;SNAPC5,0.0,0.343892339201192,0.8777911867470569,-0.0504841668009451,0.0504841668009451,-0.0485360089495189,0.0485360089495189,0.5022475905146465,0.5135801703845055,,b691
GSE39582,M1_msd,692,TPI1;TMEM110-MUSTN1;MLEC;TMEM198,0.0,0.3474187987772246,0.8466834623374581,-0.2627920783741975,0.2627920783741975,-0.1736936375951857,0.1736936375951857,0.0003683213091095,0.0211196927040023,,b692
GSE39582,M1_msd,693,MIR6890;PAQR7;TMPRSS4;CCDC90B,0.0,0.5459432169632313,1.3618771742016542,0.0026105418318919,0.0026105418318919,-0.007248136001034,0.007248136001034,0.9707182470535688,0.9162888018433428,,b693
GSE39582,M1_msd,694,GDI2;LINC01184;NUDT15;YIF1B,0.0,0.5046358960293161,1.3039672913153484,-0.0852996092384985,0.0852996092384985,-0.0237395652771552,0.0237395652771552,0.2395934648181616,0.7453004553641036,,b694
GSE39582,M1_msd,695,DPY30;LOC101930416;GLOD4;SNIP1,0.0,0.1801814136108616,0.2419003565258067,-0.0432411951933369,0.0432411951933369,0.0268413380299049,0.0268413380299049,0.5570634723491481,0.7252587177472392,,b695
GSE39582,M1_msd,696,CHMP3;NGF;SNORA1;COG2,0.0,0.2988646416440525,0.6369725892561021,0.0036644221301991,0.0036644221301991,-0.0413996269604614,0.0413996269604614,0.959739306471697,0.573942084803456,,b696
GSE39582,M1_msd,697,CAPNS1;PATJ;EIF3E;TSC22D1,0.0,0.4509853966661911,1.3240674697876886,-0.0257023130099135,0.0257023130099135,-0.08767679858915,0.08767679858915,0.717084417712647,0.2217463749003215,,b697
GSE39582,M1_msd,698,SETSIP;ZFP92;TST;GRK5,0.0,0.6595657798311979,1.233023194738532,-0.1201479194072426,0.1201479194072426,-0.0172470167237751,0.0172470167237751,0.1135501811322345,0.8282365398880448,,b698
GSE39582,M1_msd,699,PWP1;LOC101928424;CDKN1B;LOC101927705,0.0,0.3018274627491902,0.7201498429376776,-0.1246791853565881,0.1246791853565881,-0.1580479862613007,0.1580479862613007,0.0839349247030657,0.0374246038295949,,b699
GSE39582,M1_msd,700,TOMM6;FAM95B1;YWHAE;RABL6,0.0,0.463534095194255,1.0636440148734143,-0.1037218222572499,0.1037218222572499,-0.0656045386404838,0.0656045386404838,0.1503712771695939,0.3710151938588556,,b700
GSE39582,M1_msd,701,ZDHHC7;GTF3C3;KPNA2;PCIF1,0.0,0.4033096923476058,1.008043131485613,-0.1634883267437078,0.1634883267437078,-0.1278789675142383,0.1278789675142383,0.0227170363391761,0.0846041101243992,,b701
GSE39582,M1_msd,702,TPI1;CLCN1;RRAS;TCHP,0.0,0.1972210308290815,0.3740404189130279,-0.1397802503709843,0.1397802503709843,-0.0884759183464186,0.0884759183464186,0.0543128432742604,0.2374098341123327,,b702
GSE39582,M1_msd,703,ZDHHC7;LOC145694;TMX1;SNORA17B,0.0,0.2907048275955033,0.4844531591122465,-0.0294531703613181,0.0294531703613181,0.0095231196692361,0.0095231196692361,0.6893119300704107,0.8965426063095554,,b703
GSE39582,M1_msd,704,ASH2L;NGF;BTG2;PIDD1,0.0,0.1637246528896052,0.331215486647081,-0.0779274460069369,0.0779274460069369,-0.0268225584777168,0.0268225584777168,0.280463610791175,0.700021134318271,,b704
GSE39582,M1_msd,705,NOMO1;PTCSC1;SHMT2;CEBPA-AS1,0.0,0.4090016280422094,0.9382633176097204,-0.0749857977946548,0.0749857977946548,-0.0401338532850047,0.0401338532850047,0.321981601881372,0.6050624004324763,,b705
GSE39582,M1_msd,706,UBE4A;LRRC37A4P;ASAP2;APPBP2,0.0,0.1980412972876833,0.4885241495065811,-0.0456127817526122,0.0456127817526122,-0.1274320430583348,0.1274320430583348,0.5291850022170124,0.0986050468392926,,b706
GSE39582,M1_msd,707,SNAPIN;TEK;GMNN;CAND1,0.0,0.2943057928450553,0.638965289267699,-0.1123471048949179,0.1123471048949179,-0.0427417924335805,0.0427417924335805,0.1269851123120459,0.5671361109183757,,b707
GSE39582,M1_msd,708,DDX41;FSD1;SNORD5;SRPK2,0.0,0.1882436011649241,0.4130535567207979,-0.0853154598707797,0.0853154598707797,-0.1149527271946491,0.1149527271946491,0.2301325432460025,0.1090199423775721,,b708
GSE39582,M1_msd,709,SLC25A5;B3GNTL1;UBE2T;ADAT3,0.0,0.6964908902630725,2.000941896179088,-0.2042303428986031,0.2042303428986031,-0.141727570406839,0.141727570406839,0.0043808346114136,0.0459535459570701,,b709
GSE39582,M1_msd,710,LOC101060373;VCX2;SNORA63;PPP4R3B,0.0,0.4074694443236081,0.9382633176097204,0.105347001373637,0.105347001373637,0.0748264027541137,0.0748264027541137,0.1515865128746026,0.3068174079570535,,b710
GSE39582,M1_msd,711,CSDE1;RBPMS-AS1;NORAD;CEBPA-AS1,0.0,0.424345784654641,0.8777911867470569,0.038322960119193,0.038322960119193,0.0526669366860672,0.0526669366860672,0.5943824198800911,0.4803003512112009,,b711
GSE39582,M1_msd,712,ARPC5L;NDUFB2-AS1;KPNA3;PPP4R3B,0.0,0.1351478673618162,0.2280765339740645,0.0091157579587262,0.0091157579587262,-0.0308982876878323,0.0308982876878323,0.9016340449661772,0.6895334745197768,,b712
GSE39582,M1_msd,713,TRIM27;TREML2;CPNE3;EXOC3,0.0,0.2262059246080993,0.5371474923250349,0.0167759804355717,0.0167759804355717,0.0487156609277368,0.0487156609277368,0.8241610105472722,0.4915826702777742,,b713
GSE39582,M1_msd,714,MRPL9;UBE2W;ITGA6;KRAS,0.0,0.3431552782967285,0.7786242789948187,-0.0078330235620791,0.0078330235620791,-0.0052004671430973,0.0052004671430973,0.9168406160399069,0.946401998027061,,b714
GSE39582,M1_msd,715,RER1;KIRREL;PHGDH;BTBD7,0.0,0.1259710979659364,0.2092254903362379,0.0213305996462827,0.0213305996462827,0.0221616503867378,0.0221616503867378,0.7656834814389832,0.766653169011633,,b715
GSE39582,M1_msd,716,ARF3;MIEF2;SORL1;ZMYND11,0.0,0.2437609004781416,0.5059841448109795,0.0353758447886576,0.0353758447886576,0.1237286795336766,0.1237286795336766,0.6318598214212583,0.1077039871522778,,b716
GSE39582,M1_msd,717,IFNGR2;PIP5KL1;SNORD80;FLYWCH2,0.0,0.440384327950772,0.7567032063452955,0.0941056774979297,0.0941056774979297,0.0443752130808913,0.0443752130808913,0.1833200724310891,0.5059178291293558,,b717
GSE39582,M1_msd,718,SUN2;ZNF343;MPC2;INO80D,0.0,0.1182215027558179,0.2537607157248956,-0.0778239260401158,0.0778239260401158,-0.0935056857056509,0.0935056857056509,0.2830688159781156,0.2215297385191466,,b718
GSE39582,M1_msd,719,RPP25L;FAM95B1;GADD45A;CDK12,0.0,0.1301029730748191,0.3376277051648828,-0.106874977375765,0.106874977375765,-0.1025830784187901,0.1025830784187901,0.1484533221718473,0.1724430032257167,,b719
GSE39582,M1_msd,720,HADHA;LOC103344931;MAGED1;LOC400499,0.0,0.3938266278565921,0.8523370773772087,-0.0466807463041678,0.0466807463041678,-0.0064888348684063,0.0064888348684063,0.5188293875811362,0.929592420571986,,b720
GSE39582,M1_msd,721,RALA;FRG1JP;YWHAE;CDK3,0.0,0.3599889859983463,0.5632871538114661,-0.001614248628849,0.001614248628849,-0.0172414880518987,0.0172414880518987,0.9827022424737047,0.8075859512353065,,b721
GSE39582,M1_msd,722,NDFIP1;RCBTB2;FAM213A;CWC25,0.0,0.1236261822091805,0.1524991940401831,0.0406716564229725,0.0406716564229725,0.0259279265316967,0.0259279265316967,0.5681894154676091,0.7322275968701373,,b722
GSE39582,M1_msd,723,SHFM1;SDS;SNORD45A;CTDSPL,0.0,0.353075742738939,0.696594879931881,-0.0931743894449349,0.0931743894449349,-0.1784593028092292,0.1784593028092292,0.2098336176575648,0.0166267702929611,,b723
GSE39582,M1_msd,724,CNOT1;ABO;NORAD;STX7,0.0,0.2771428667679299,0.6555168117211447,-0.0598027602312673,0.0598027602312673,-0.0447723342306585,0.0447723342306585,0.3933833734314084,0.5374894330041748,,b724
GSE39582,M1_msd,725,LOC101927733;CDKN2AIPNL;RPS6KA3;ZNF20,0.0,0.5256268282150808,1.402887797843355,-0.2030744933053641,0.2030744933053641,-0.2187590968667604,0.2187590968667604,0.0045169557276425,0.0027111365256494,,b725
GSE39582,M1_msd,726,EIF4A3;FAM95B1;TMEM230;P4HA2,0.0,0.429918759759513,0.8089973961260534,-0.061244482771962,0.061244482771962,-0.0324542314498122,0.0324542314498122,0.3954074148058999,0.6521484702660711,,b726
GSE39582,M1_msd,727,DRG1;GLT1D1;LOC105376805;ACBD4,0.0,0.4037930378662783,0.637590304195419,-0.1856048643769281,0.1856048643769281,-0.1075357913678409,0.1075357913678409,0.0171360542155765,0.1727882702994569,,b727
GSE39582,M1_msd,728,ETF1;MTSS1;FAM213B;URI1,0.0,0.2803643055519922,0.4235950200747078,-0.3068643326697159,0.3068643326697159,-0.2623237718061589,0.2623237718061589,5.3861196996897234e-05,0.0007494863109336,,b728
GSE39582,M1_msd,729,SNORA67;ZFHX3;FCGRT;SETD7,0.0,0.2985698377805987,0.5138529297066176,0.0367463393477804,0.0367463393477804,0.0659670695454276,0.0659670695454276,0.6114211624616454,0.3468376057881178,,b729
GSE39582,M1_msd,730,SUB1;CNNM2;FCGRT;RHPN1,0.0,0.256061364659686,0.5138529297066176,-0.0964716379854427,0.0964716379854427,0.0236437742988045,0.0236437742988045,0.1763741951638516,0.7464623515542097,,b730
GSE39582,M1_msd,731,PPP6C;IPP;MIR1248;MUM1,0.0,0.2122357904580585,0.4459920557324504,0.074582235422602,0.074582235422602,0.0140655055389523,0.0140655055389523,0.3291016812262295,0.8557962218140351,,b731
GSE39582,M1_msd,732,PDHB;STAU2;NORAD;RNF126P1,0.0,0.3552961972736668,0.6555168117211447,-0.1989927101476019,0.1989927101476019,-0.1636757886902033,0.1636757886902033,0.0066371755772822,0.0341258283887794,,b732
GSE39582,M1_msd,733,UBE2K;VMA21;ASAP2;NUTM2F,0.0,0.1712925418270402,0.2841236240408089,0.0455596809732799,0.0455596809732799,-0.0216297818054944,0.0216297818054944,0.5364043261681559,0.7654503743731154,,b733
GSE39582,M1_msd,734,TRMT5;DCP2;RNASEH2A;IKBKE,0.0,0.2974087992070473,0.5352843324300531,-0.2362895365120895,0.2362895365120895,-0.1646862425010541,0.1646862425010541,0.0010070989709478,0.0215648661159685,,b734
GSE39582,M1_msd,735,ZNF410;VCPIP1;ASAP2;JARID2,0.0,0.0940089109223124,0.2626291834016668,-0.0144907880339196,0.0144907880339196,-0.0716192387810107,0.0716192387810107,0.843560953617997,0.3379428360573716,,b735
GSE39582,M1_msd,736,TPI1;B3GNTL1;SDF2L1;KREMEN2,0.0,0.1920419795772091,0.3740404189130279,-0.1609160550438997,0.1609160550438997,-0.1143118132518384,0.1143118132518384,0.0263906046481255,0.1222945404329212,,b736
GSE39582,M1_msd,737,SHC1;PGLYRP4;RSL24D1;CCDC127,0.0,0.2660221775661645,0.5616479435190468,0.1842679911702769,0.1842679911702769,0.1933184261324562,0.1933184261324562,0.0103611213527826,0.0051322623327089,,b737
GSE39582,M1_msd,738,NIF3L1;FUT10;THAP12;C14orf79,0.0,0.224352641907219,0.397431565022063,-0.2154782750828354,0.2154782750828354,-0.23442536655223,0.23442536655223,0.0039818053909621,0.0029439132216205,,b738
GSE39582,M1_msd,739,PLEKHJ1;CDC14B;SNORA4;LGI2,0.0,0.2221096260735208,0.4459920557324504,-0.0051316528650783,0.0051316528650783,-0.0122203056400373,0.0122203056400373,0.9438777221467478,0.8684704993279843,,b739
GSE39582,M1_msd,740,SNORA67;MED31;CTSS;GFM1,0.0,0.2959092408684299,0.4956603600372232,-0.0802631639684739,0.0802631639684739,0.0236569363113145,0.0236569363113145,0.2892997514327171,0.7568353431496956,,b740
GSE39582,M1_msd,741,ZDHHC16;C5orf63;SNORD22;GFER,0.0,0.3005903923139255,0.6081876256621663,-0.2113322663995336,0.2113322663995336,-0.1311787001026081,0.1311787001026081,0.0041583082314392,0.0722092736834266,,b741
GSE39582,M1_msd,742,PSMD7;WDR20;PSME2;CRCP,0.0,0.5446225572105468,1.4289832710567767,-0.2492434924645495,0.2492434924645495,-0.2386331890991695,0.2386331890991695,0.0011284192869986,0.0017264733922729,,b742
GSE39582,M1_msd,743,MRPL14;CYP3A4;KPNA2;LOC100133089,0.0,0.4464798778952786,1.008043131485613,-0.1471033959309045,0.1471033959309045,-0.1525131689557962,0.1525131689557962,0.0538089188195496,0.0382646300381984,,b743
GSE39582,M1_msd,744,SCAMP3;GAB1;EXOSC8;CYGB,0.0,0.1478409003106972,0.1919437072967527,-0.0619687536803343,0.0619687536803343,-0.0164611535921917,0.0164611535921917,0.3974363580832905,0.8253528414614093,,b744
GSE39582,M1_msd,745,SNAPIN;C1orf64;SNORD77;PAK1,0.0,0.3543110167424818,0.6670524665240513,-0.1363757638907115,0.1363757638907115,-0.0765107552686456,0.0765107552686456,0.0648043475273546,0.308354872352663,,b745
GSE39582,M1_msd,746,PSMD7;STBD1;NUDT4P1;EXD2,0.0,0.2610176967567658,0.446182362849616,-0.1672710943746287,0.1672710943746287,-0.1548209775912845,0.1548209775912845,0.0254904996028917,0.0416535316573962,,b746
GSE39582,M1_msd,747,COPZ1;MIOX;STAP2;DHRS7,0.0,0.3419462646185239,0.7091306654842555,-0.1182809789918631,0.1182809789918631,-0.0712036255880774,0.0712036255880774,0.1062898174520778,0.3129460574963517,,b747
GSE39582,M1_msd,748,SAT1;RGS14;H1FX;MED7,0.0,0.2511662186461812,0.6176708011558665,-0.0067448835808083,0.0067448835808083,-0.0414773044557856,0.0414773044557856,0.9268928753797064,0.585589060917491,,b748
GSE39582,M1_msd,749,FAM21C;ZNF625-ZNF20;EIF4EBP1;EXOC3,0.0,0.1964900269393148,0.3359876240825625,-0.0928998822944945,0.0928998822944945,-0.037208445646867,0.037208445646867,0.2098223051609642,0.6184569574778254,,b749
GSE39582,M1_msd,750,HMGN1;AZI2;SRI;TRAF2,0.0,0.546875329402111,1.3827947091052586,-0.1838633267963708,0.1838633267963708,-0.1678648727128666,0.1678648727128666,0.0075823076031149,0.0216518639064881,,b750
GSE39582,M1_msd,751,SDF4;NAA15;MIR1304;PHYKPL,0.0,0.299988799499931,0.4130535567207979,-0.0434804796606149,0.0434804796606149,-0.0806457847511891,0.0806457847511891,0.566830937646513,0.3000019445678429,,b751
GSE39582,M1_msd,752,C1orf43;DDX11L2;CDKN1A;MCFD2,0.0,0.2704049650085177,0.5320660215496923,0.1151151817381948,0.1151151817381948,0.1251984877582519,0.1251984877582519,0.1140190029071551,0.0854708091271156,,b752
GSE39582,M1_msd,753,SNORA48;DCP2;KYAT3;PDCD2,0.0,0.2961270439318595,0.9623057516994116,-0.1108814894552264,0.1108814894552264,-0.1164656739799815,0.1164656739799815,0.1463283172602073,0.121500896935449,,b753
GSE39582,M1_msd,754,DPY30;MAGI3;CRELD2;ACBD4,0.0,0.2066842996632314,0.3327814155656774,-0.2875947793859109,0.2875947793859109,-0.2042341626581462,0.2042341626581462,0.0001784918182998,0.0081324815640183,,b754
GSE39582,M1_msd,755,RAB6C;LIPE;NBL1;IKBKE,0.0,0.4909361441015019,0.8481812884019587,-0.122209851898654,0.122209851898654,-0.0028157352348172,0.0028157352348172,0.067147364452552,0.970356652019986,,b755
GSE39582,M1_msd,756,TMED9;LOC101928424;DHRS4;CAND1,0.0,0.3037339434819076,0.7720535991917548,-0.166133992550215,0.166133992550215,-0.1372456726522668,0.1372456726522668,0.0282128751083329,0.0660407396978766,,b756
GSE39582,M1_msd,757,EDF1;TSC22D4;MRPS28;DDN,0.0,0.3244592263136744,0.8858025632135773,-0.1142773258700186,0.1142773258700186,-0.0303956717106242,0.0303956717106242,0.1183199859122821,0.6528428037023098,,b757
GSE39582,M1_msd,758,POLDIP2;ZNF625-ZNF20;RHPN2;LOC105378948,0.0,0.1892552822818841,0.3591144570084912,-0.2402758141544675,0.2402758141544675,-0.1740789016129847,0.1740789016129847,0.0011755428295691,0.0106550190124911,,b758
GSE39582,M1_msd,759,SUN2;DOCK5;FEN1;HSF4,0.0,0.2172096824113409,0.4595715755124021,-0.0592558946255211,0.0592558946255211,-0.0165512339835557,0.0165512339835557,0.4310209860535533,0.8287005342534057,,b759
GSE39582,M1_msd,760,DDX47;MAPK8IP1;GTF2IRD1;LOC400499,0.0,0.3349049850016545,0.6525851453992904,-0.1283271767982024,0.1283271767982024,-0.1423791534913329,0.1423791534913329,0.0753011667042256,0.0472536555898942,,b760
GSE39582,M1_msd,761,DCTN3;SPDL1;SNHG8;MCTS1,0.0,0.4152703922190108,0.809050845707654,-0.1037359915779971,0.1037359915779971,-0.1419360060491968,0.1419360060491968,0.1672524432440629,0.059863937184117,,b761
GSE39582,M1_msd,762,ARF3;AIRE;FAM213A;ZNF24,0.0,0.1572329045838486,0.2822975987731737,-0.0244805320316631,0.0244805320316631,0.0367503404260805,0.0367503404260805,0.7380634804768949,0.6157115114398486,,b762
GSE39582,M1_msd,763,SHISA5;RASSF4;CD99;GINS2,0.0,0.4594655389342895,0.9583746882706646,-0.1003221416762961,0.1003221416762961,-0.0342958010814153,0.0342958010814153,0.1698365088433207,0.6518113995547203,,b763
GSE39582,M1_msd,764,POLR2H;CARD8;SDC4;INTS1,0.0,0.4313982595121333,0.972021128253914,-0.2239663717628458,0.2239663717628458,-0.2211836508972841,0.2211836508972841,0.0034772109426179,0.0039593014985048,,b764
GSE39582,M1_msd,765,TMEM14B;PTPRB;CHSY1;FAM212A,0.0,0.398807681723071,0.8617599687531762,0.0184736368809032,0.0184736368809032,0.0409015784375086,0.0409015784375086,0.8022571210913627,0.5616020719042639,,b765
GSE39582,M1_msd,766,NACA;B3GNTL1;MLEC;TMEM175,0.0,0.5653265330182483,1.2048459989282632,-0.1731562820995917,0.1731562820995917,-0.1410357702696953,0.1410357702696953,0.0164119517288366,0.0570757236895673,,b766
GSE39582,M1_msd,767,RPL23;AHI1;SNORD74;DR1,0.0,0.3125367725951899,0.6670524665240513,-0.0352622659014797,0.0352622659014797,-0.0272673226756996,0.0272673226756996,0.6382161271331415,0.7206086625354118,,b767
GSE39582,M1_msd,768,TMX2;TMEM91;KRTCAP3;RABL6,0.0,0.3783391737347624,0.939153898950648,-0.1632926777538048,0.1632926777538048,-0.1142133446311154,0.1142133446311154,0.0265629555225805,0.1295635660839484,,b768
GSE39582,M1_msd,769,GAR1;LOC100288175;TMEM230;GBAP1,0.0,0.3621322254152267,0.8089973961260534,-0.1432741836454142,0.1432741836454142,-0.0241839993394396,0.0241839993394396,0.0451460150361332,0.7434797722715291,,b769
GSE39582,M1_msd,770,SNORA67;TREML2;DANCR;SNAPC5,0.0,0.3690096375838052,0.7511988692935951,-0.0440341736827588,0.0440341736827588,0.0980894919372808,0.0980894919372808,0.5368519652882591,0.1841897325852057,,b770
GSE39582,M1_msd,771,DPY30;GANC;FAM35A;CISD2,0.0,0.1961907949843561,0.4223258783059138,-0.1250184325658608,0.1250184325658608,-0.1165840207417753,0.1165840207417753,0.0822666605809557,0.1155003128980035,,b771
GSE39582,M1_msd,772,MRPS24;WDR20;CPNE2;IL17C,0.0,0.417922527155649,1.2980047144525664,-0.1690337018861386,0.1690337018861386,-0.2109521673430267,0.2109521673430267,0.0181440203683848,0.0036040950853968,,b772
GSE39582,M1_msd,773,CDV3;L3MBTL1;KPNA2;TROVE2,0.0,0.3837830678120779,1.008043131485613,0.0324157930350801,0.0324157930350801,0.021056008320153,0.021056008320153,0.6651942439488985,0.782002241817286,,b773
GSE39582,M1_msd,774,SDF4;LOC101926963;GCH1;RPTOR,0.0,0.2499270933690143,0.3409320518976813,-0.1369156568839364,0.1369156568839364,-0.1062198837398891,0.1062198837398891,0.0687800421029623,0.1705533797530418,,b774
GSE39582,M1_msd,775,ATP5G3;PLAC9;H1FX;C19orf12,0.0,0.233415793781938,0.6196794624664845,-0.1015617065003184,0.1015617065003184,0.0363313397692993,0.0363313397692993,0.1653831843737533,0.6394780297627224,,b775
GSE39582,M1_msd,776,SEC61G;C15orf57;MRPS28;SKI,0.0,0.4027852562937103,0.8829917299825139,-0.0175735028888328,0.0175735028888328,-0.0088183421680704,0.0088183421680704,0.8101007072026055,0.9062590488920326,,b776
GSE39582,M1_msd,777,SNAPIN;GANC;ACAT2;LGI2,0.0,0.2218767427919475,0.4010005968451491,-0.1177228924542188,0.1177228924542188,-0.0359373853748743,0.0359373853748743,0.1084610388491097,0.6355047216692955,,b777
GSE39582,M1_msd,778,GUCD1;VWCE;KPNA3;BMPR1A,0.0,0.1516552872508892,0.2386960987366291,-0.1518373052145412,0.1518373052145412,-0.04692988305932,0.04692988305932,0.0464735234825557,0.5229889273095774,,b778
GSE39582,M1_msd,779,VDAC2;MAPRE3;CYP51A1;DDN,0.0,0.5275635283354674,1.311188179211245,-0.106519195256959,0.106519195256959,-0.055741608818436,0.055741608818436,0.1496417092811544,0.4659970013168216,,b779
GSE39582,M1_msd,780,GABARAP;CDK14;RRAS;TFAP4,0.0,0.4092183625855073,1.2619638652392522,0.0793495625711771,0.0793495625711771,0.0863691785837522,0.0863691785837522,0.2798693662319683,0.2450579692125798,,b780
GSE39582,M1_msd,781,RNASEK;KIRREL;PLGRKT;DHRS7,0.0,0.4241675122729374,1.169784329951035,0.0631063891233582,0.0631063891233582,0.0742806679740672,0.0742806679740672,0.3853677983131799,0.3226815945063607,,b781
GSE39582,M1_msd,782,SUB1;FBXW4P1;SNORD50B;ZNF205,0.0,0.2068051897483772,0.4144602319254768,-0.0695584583841805,0.0695584583841805,-0.0748464381926804,0.0748464381926804,0.3402552902950301,0.3205011317067806,,b782
GSE39582,M1_msd,783,TBCA;PAQR7;PPIL1;LPCAT3,0.0,0.3927528810568221,1.3269679876669471,-0.2067860882147314,0.2067860882147314,-0.130803543109553,0.130803543109553,0.0045898097014126,0.0682471357787837,,b783
GSE39582,M1_msd,784,SNORA41;KRBA2;SNORA1;HEATR1,0.0,0.695466968701828,2.0864419520023234,-0.0234971493607806,0.0234971493607806,-0.0594783984041552,0.0594783984041552,0.7555972595383528,0.4257619983640971,,b784
GSE39582,M1_msd,785,ARMC2-AS1;COMMD10;NDRG1;PPP4R3B,0.0,0.7170565539286676,1.521339164438279,-0.108374696029645,0.108374696029645,-0.1258211159388746,0.1258211159388746,0.1568646073166673,0.1114802026971512,,b785
GSE39582,M1_msd,786,ATXN10;GRAP2;BSG;PHF6,0.0,0.3184325876810179,0.7917959361543425,-0.0807453698156344,0.0807453698156344,-0.0012883212095775,0.0012883212095775,0.2746714019527885,0.986304596741098,,b786
GSE39582,M1_msd,787,P4HTM;ATPAF2;TMEM98;LOC101927705,0.0,0.234919089154425,0.531230644760547,-0.1552209395968007,0.1552209395968007,-0.0723373707508342,0.0723373707508342,0.0349645006194402,0.34997732859623,,b787
GSE39582,M1_msd,788,CTBP2;USP37;VMP1;SGSM2,0.0,0.2705663384024053,0.4693024838019672,0.0535141685636747,0.0535141685636747,-0.0414426964153837,0.0414426964153837,0.4662395241084817,0.586770995103258,,b788
GSE39582,M1_msd,789,LUZP6;INPP5F;ROMO1;ANKS3,0.0,0.3875993314984575,1.0298391116026289,-0.1172232163617655,0.1172232163617655,-0.0859474258845123,0.0859474258845123,0.1125252965931022,0.2395181754578237,,b789
GSE39582,M1_msd,790,IARS2;ADAMTS9;COX3;WDR26,0.0,0.3596387089554014,0.7339824501227261,0.0744115815192778,0.0744115815192778,0.0213891852595381,0.0213891852595381,0.3089039243155383,0.765463084950935,,b790
GSE39582,M1_msd,791,HNRNPF;RNASEH2B;SCRIB;CAND1,0.0,0.1995002612787566,0.4152097029878507,-0.0804922104588219,0.0804922104588219,-0.016264300921813,0.016264300921813,0.2821040741468973,0.8309003650945577,,b791
GSE39582,M1_msd,792,SNORD10;COMMD10;PRPS2;SOS1,0.0,0.4143416772872534,0.9623057516994116,-0.093653097077497,0.093653097077497,-0.1543105603560535,0.1543105603560535,0.2078670719808483,0.0431273952546942,,b792
GSE39582,M1_msd,793,RPS19BP1;SEBOX;H1F0;SLC7A6OS,0.0,0.3354495897284025,0.7867910416623195,-0.1234316856659559,0.1234316856659559,-0.0999248827650598,0.0999248827650598,0.096532086307462,0.1848747454051886,,b793
GSE39582,M1_msd,794,NME1-NME2;CEP63;LOC100996740;SMARCD1,0.0,0.6395125381073944,1.648524150656013,-0.2670634423059376,0.2670634423059376,-0.2843843229478421,0.2843843229478421,0.0002553787535917,0.0002135286912699,,b794
GSE39582,M1_msd,795,NDUFS3;LMLN;SLC52A2;A4GALT,0.0,0.1714054378392384,0.2315934569457268,-0.0742620384788266,0.0742620384788266,-0.0337328121337242,0.0337328121337242,0.3060153309382619,0.641395765972721,,b795
GSE39582,M1_msd,796,MIR6789;STAB1;SEC23B;DNAJC2,0.0,0.1237350053399908,0.1575669841567885,-0.272553347070479,0.272553347070479,-0.195083079236814,0.195083079236814,0.0003442078057086,0.0114512949990632,,b796
GSE39582,M1_msd,797,UBE4A;WDR20;JUNB;DICER1,0.0,0.274653438427816,0.4885241495065811,0.1022532043263594,0.1022532043263594,-0.0026621766389114,0.0026621766389114,0.1753707348580605,0.9730786925515847,,b797
GSE39582,M1_msd,798,CCT7;MAPK8IP1;PAFAH1B3;PPIH,0.0,0.3888760702873629,1.01822935124673,-0.1951211727101288,0.1951211727101288,-0.1606632946379139,0.1606632946379139,0.0051316892991871,0.0188461929153427,,b798
GSE39582,M1_msd,799,GLRX5;CIDEA;THRIL;CCDC127,0.0,0.3482941338529491,0.5691945884383696,-0.1304035476966839,0.1304035476966839,-0.0862675090499519,0.0862675090499519,0.0766517021034703,0.256900179808127,,b799
GSE39582,M1_msd,800,HNRNPR;BGLT3;YWHAE;BCAM,0.0,0.2231767354253438,0.5059298241631522,-0.0315076763708053,0.0315076763708053,0.009301651401334,0.009301651401334,0.66166985731404,0.8979667253413939,,b800
GSE39582,M1_msd,801,ETF1;FAM104B;CDKN1B;CCDC159,0.0,0.3083549206466685,0.7201498429376776,-0.157351135596698,0.157351135596698,-0.0937039642260495,0.0937039642260495,0.0385325162385328,0.1981363412765981,,b801
GSE39582,M1_msd,802,ABHD17A;GNG2;ADAP1;SEMA4A,0.0,0.2667390889903062,0.3929334282193406,0.1149350204471428,0.1149350204471428,0.1520458878260785,0.1520458878260785,0.1134603921354547,0.0422299630788734,,b802
GSE39582,M1_msd,803,UBQLN1;USP27X;TPRKB;SMARCD1,0.0,0.1849720194161907,0.2531777011720471,-0.2222589802295333,0.2222589802295333,-0.194400927575011,0.194400927575011,0.0028602604956781,0.0110639504913888,,b803
GSE39582,M1_msd,804,MRPL9;TPGS1;FHL2;SUPT7L,0.0,0.3575592068970901,0.9148563929399196,-0.0606485589515169,0.0606485589515169,-0.0444930850108044,0.0444930850108044,0.4095326129347085,0.561256792378492,,b804
GSE39582,M1_msd,805,PWP1;C9orf131;FAM60A;RDH13,0.0,0.1695705328132221,0.4079643605815464,-0.1271302194750124,0.1271302194750124,-0.1365086067328024,0.1365086067328024,0.0767017419791962,0.0596642725681358,,b805
GSE39582,M1_msd,806,P4HTM;BORCS5;IFITM2;MCFD2,0.0,0.5383492153066187,1.681776919632494,-0.1087309675475602,0.1087309675475602,-0.0979515667765063,0.0979515667765063,0.1360204626312553,0.176545552784561,,b806
GSE39582,M1_msd,807,ATP5B;BDP1;GMNN;BTBD7,0.0,0.639380168523938,1.6502959930496215,-0.2328108369054263,0.2328108369054263,-0.2302285684016405,0.2302285684016405,0.0015043652559504,0.0021578102595137,,b807
GSE39582,M1_msd,808,RAB13;RHPN1-AS1;CASP7;SIAH1,0.0,0.3701076747194894,0.940448963755966,0.0562555353146256,0.0562555353146256,0.0995775707916122,0.0995775707916122,0.4334851728856823,0.1711900427196337,,b808
GSE39582,M1_msd,809,SNRPG;ZBTB45;S100A6;SUPT7L,0.0,0.55863493701883,1.418407787163572,-0.1351116200260308,0.1351116200260308,-0.0984831660555062,0.0984831660555062,0.0579334332345821,0.180242400506257,,b809
GSE39582,M1_msd,810,TYK2;LOC101928464;MGLL;TCHP,0.0,0.2431873200596593,0.5644646422789583,-0.097523990920031,0.097523990920031,-0.0548384072986065,0.0548384072986065,0.1791415862728712,0.4853297443336531,,b810
GSE39582,M1_msd,811,FAM21C;LRRC37A4P;MEST;CDK12,0.0,0.3137108463738862,0.9128759855822004,-0.209006794414327,0.209006794414327,-0.2483782917244723,0.2483782917244723,0.0048967161674257,0.0017015745619438,,b811
GSE39582,M1_msd,812,TIMM8B;LOC145694;ABHD14A-ACY1;TJP2,0.0,0.1913736283325864,0.3650908819921534,-0.0682476690454396,0.0682476690454396,-0.0577984851738543,0.0577984851738543,0.358841224904162,0.4181124401096971,,b812
GSE39582,M1_msd,813,DDX47;ZFP92;SNRNP25;SIAH1,0.0,0.293079721017729,0.6525851453992904,-0.1603410148084236,0.1603410148084236,-0.1219915154358208,0.1219915154358208,0.0286648459692191,0.1046140902730342,,b813
GSE39582,M1_msd,814,TOMM70;CDIPT-AS1;NELFCD;COG2,0.0,0.3547661914607103,0.7982890854901131,-0.1871655102002755,0.1871655102002755,-0.1596815397304981,0.1596815397304981,0.009524184482322,0.0287096818296123,,b814
GSE39582,M1_msd,815,CDV3;SUPT3H;SNORD47;ALDH3B1,0.0,0.2836626364303739,0.6670524665240513,0.2252300194551236,0.2252300194551236,0.1505910528509354,0.1505910528509354,0.0019866870232315,0.0365695376577526,,b815
GSE39582,M1_msd,816,RALA;F7;ELF3;ST7,0.0,0.375675450096834,0.695509930974455,-0.2390195864357235,0.2390195864357235,-0.2084738329975052,0.2084738329975052,0.0010168939559896,0.0012206454294995,,b816
GSE39582,M1_msd,817,GDI2;MEGF8;SNORD45C;NEPRO,0.0,0.5050818393786737,1.3039672913153484,0.0218907783698778,0.0218907783698778,-0.0129710091559996,0.0129710091559996,0.769306256251094,0.8659620267929488,,b817
GSE39582,M1_msd,818,NDUFB10;ZNF503;ATP6V1B2;TMOD1,0.0,0.2636260707259206,0.6413572029759124,-0.1470054342648279,0.1470054342648279,-0.101385836657101,0.101385836657101,0.0471893785467176,0.178696306312566,,b818
GSE39582,M1_msd,819,CCT7;STAB1;USP1;ZC3H14,0.0,0.3821798316845199,1.01822935124673,-0.139321823843701,0.139321823843701,-0.1114347559678543,0.1114347559678543,0.0645779411452472,0.14061303027298,,b819
GSE39582,M1_msd,820,ARHGAP17;ARHGEF25;SNRNP25;ITFG1,0.0,0.1609238255457088,0.2350964356844432,-0.0844253146339664,0.0844253146339664,-0.0498046945861611,0.0498046945861611,0.2496099465758097,0.5093683957061059,,b820
GSE39582,M1_msd,821,ATP5F1;MED31;TPRKB;RBM14,0.0,0.1243559097918567,0.2063802527612498,-0.1742936454324721,0.1742936454324721,-0.1268216177781355,0.1268216177781355,0.0191260166186671,0.0952531343899637,,b821
GSE39582,M1_msd,822,CTDNEP1;ZNF619;TMEM230;SKI,0.0,0.3543162900643671,0.8089973961260534,0.0722497350527406,0.0722497350527406,0.1063607921241319,0.1063607921241319,0.3102754748094117,0.1457186617456115,,b822
GSE39582,M1_msd,823,C19orf53;PRDM6;XPOT;RHPN1,0.0,0.3266636309707816,0.7080682208727729,-0.0356232091460629,0.0356232091460629,-0.0061545384366398,0.0061545384366398,0.6276685047213557,0.9335987932562716,,b823
GSE39582,M1_msd,824,HDGF;HERC4;RPS24;GFER,0.0,0.6472751653485362,1.0918793955105492,-0.0795827070962467,0.0795827070962467,-0.0472520348831442,0.0472520348831442,0.2791353239052128,0.5137832438756279,,b824
GSE39582,M1_msd,825,KDELR2;CPEB2;SCAND1;SKIV2L2,0.0,0.4402002620872964,1.0310356822470392,-0.10756030168477,0.10756030168477,-0.1282531372101487,0.1282531372101487,0.1444508701511177,0.1055571813020846,,b825
GSE39582,M1_msd,826,TIMM23B;FKRP;FDFT1;LOC105378948,0.0,0.2074949281759872,0.4244694071965887,-0.1473064009004106,0.1473064009004106,-0.1353849381201703,0.1353849381201703,0.0472057823427227,0.0727623974690794,,b826
GSE39582,M1_msd,827,DNAJB11;CXorf21;AKR7A2;NAT6,0.0,0.2413469172321728,0.5043442749940374,-0.1251672059954915,0.1251672059954915,0.0135812578228078,0.0135812578228078,0.0837735740411317,0.8511041326458515,,b827
GSE39582,M1_msd,828,ARHGAP17;SMARCD3;RND3;SCFD1,0.0,0.2207153787586398,0.4713645123695951,0.0767333103846823,0.0767333103846823,0.0136941057226797,0.0136941057226797,0.3093328186019429,0.8577103096108433,,b828
GSE39582,M1_msd,829,LOC101930591;C8orf60;PPIC;RAB43,0.0,0.1978074994222129,0.48552936225817,0.0880580897232541,0.0880580897232541,0.0961341261732825,0.0961341261732825,0.2389555919790784,0.1889551133836187,,b829
GSE39582,M1_msd,830,SHISA5;B4GALT1;ADGRG1;LOC100130987,0.0,0.3126462409662733,0.614307722226474,-0.1450213615619989,0.1450213615619989,-0.1063963237952054,0.1063963237952054,0.0486088683264899,0.1509108888835186,,b830
GSE39582,M1_msd,831,TMED9;CNTRL;EFNA1;CISD2,0.0,0.3696471364167112,0.7720535991917548,-0.0704201503112123,0.0704201503112123,-0.0483045042948524,0.0483045042948524,0.3313677072996429,0.4902573112259133,,b831
GSE39582,M1_msd,832,ANKRD17;CRYBB1;HSD17B11;RHBG,0.0,0.3034669516220945,0.7151648524239879,0.0050866810269326,0.0050866810269326,0.0080279443180592,0.0080279443180592,0.9449539123902062,0.9138982806178586,,b832
GSE39582,M1_msd,833,H2AFV;C1orf74;PRELID3B;EXD2,0.0,0.2795677114112049,0.5224650374589835,-0.1716344202845124,0.1716344202845124,-0.1442943819050922,0.1442943819050922,0.0218897231405628,0.0604347741126017,,b833
GSE39582,M1_msd,834,KIAA1143;LSM11;ASL;TMEM87A,0.0,0.2078594388173637,0.5437762529003659,-0.2276939692763812,0.2276939692763812,-0.188373223141954,0.188373223141954,0.0021788741541439,0.0162078615818923,,b834
GSE39582,M1_msd,835,EIF3G;LOC389641;ZFP36;ADCY9,0.0,0.550297626961031,0.9393767968097382,-0.1111969382129657,0.1111969382129657,-0.0679249285014482,0.0679249285014482,0.1318060055816121,0.3705783918584446,,b835
GSE39582,M1_msd,836,UBE2N;CINP;WRB;CRTC3,0.0,0.2559788395520934,0.5824211052808868,-0.110837345812748,0.110837345812748,-0.0612012706082137,0.0612012706082137,0.1203956773943823,0.4174066085909326,,b836
GSE39582,M1_msd,837,PRDX6;LOC642852;CTSA;MAPK8,0.0,0.5555040237126502,1.0053408006364442,0.0675540243437974,0.0675540243437974,0.1190387018819448,0.1190387018819448,0.3472827917914529,0.1033977745522452,,b837
GSE39582,M1_msd,838,GNAS;CEP63;PSME2;NUTM2F,0.0,0.4682821935497991,1.4289832710567767,-0.251700987981512,0.251700987981512,-0.2729860470941099,0.2729860470941099,0.0003872632681856,0.0001819454299533,,b838
GSE39582,M1_msd,839,ATPIF1;LRRC37A4P;MIR21;MAPK8,0.0,0.174989309298861,0.268576107380006,-0.1646739825999391,0.1646739825999391,-0.1928375618878202,0.1928375618878202,0.0236579750757718,0.0090923694579022,,b839
GSE39582,M1_msd,840,EMC4;MFSD4B;CTNNB1;GMEB1,0.0,0.3800418977880906,0.7811239764692479,0.0251045891047891,0.0251045891047891,0.1188281404705322,0.1188281404705322,0.7287211873629318,0.1134472307821223,,b840
GSE39582,M1_msd,841,NDUFA1;CCL17;INPP1;LOC101930388,0.0,0.4720109520210828,1.4671171289272813,0.0109039600756174,0.0109039600756174,0.0136978477630713,0.0136978477630713,0.8810157815632966,0.8561777393497021,,b841
GSE39582,M1_msd,842,CTBP2;GNG2;CANT1;RPTOR,0.0,0.3008787081749901,0.4576609399688367,-0.0736198919946895,0.0736198919946895,-0.0482704812391071,0.0482704812391071,0.3099447783035325,0.5091572500623383,,b842
GSE39582,M1_msd,843,MRPS22;ARHGEF40;NME1;CTDSPL,0.0,0.415187797178378,1.19775172869983,-0.2014412106057595,0.2014412106057595,-0.210444228320239,0.210444228320239,0.0077623374772688,0.0049204567302566,,b843
GSE39582,M1_msd,844,SH3GLB1;DUS3L;NME7;OGDH,0.0,0.3135459207215497,0.4390033433039335,-0.0333238297641425,0.0333238297641425,-0.0434344616395927,0.0434344616395927,0.6459074633692105,0.5564554393020702,,b844
GSE39582,M1_msd,845,RAB6C;OOEP;SMAGP;CAMTA1,0.0,0.4269839646814591,0.8481812884019587,-0.1730223256947236,0.1730223256947236,-0.1643433109825839,0.1643433109825839,0.0089753141687684,0.0128735324644335,,b845
GSE39582,M1_msd,846,RNF149;CLCN1;EMP2;IKBKE,0.0,0.3064359867843859,0.7247658315157497,-0.0426035501238167,0.0426035501238167,0.0141023012266673,0.0141023012266673,0.5548583305978553,0.845818262528009,,b846
GSE39582,M1_msd,847,RALA;CDIPT-AS1;CKS2;MFN2,0.0,0.5227604030982459,1.0828062788285135,-0.1760115244927859,0.1760115244927859,-0.1276115874933456,0.1276115874933456,0.0141174546709905,0.0756048838188744,,b847
GSE39582,M1_msd,848,SELK;CECR6;NORAD;ZNF451,0.0,0.4389308387210637,0.7823815179024787,0.0294603771872042,0.0294603771872042,0.0508499368759722,0.0508499368759722,0.6937534587834078,0.5110056555775258,,b848
GSE39582,M1_msd,849,UFC1;LENG9;DBNDD2;ABR,0.0,0.5495093902029324,1.0497631099514964,-0.1604202240915929,0.1604202240915929,-0.1357402297288746,0.1357402297288746,0.0204205838973417,0.067046853125699,,b849
GSE39582,M1_msd,850,NOMO2;LCMT2;MIR1248;PHYKPL,0.0,0.4384004488025624,0.9382633176097204,0.1928378140473458,0.1928378140473458,0.1692240588744262,0.1692240588744262,0.0110514590359625,0.0203929127758602,,b850
GSE39582,M1_msd,851,SNORA48;LOC100288175;ACADM;FAM212A,0.0,0.4582986348671614,0.9623057516994116,-0.0659606043169918,0.0659606043169918,-0.0073202499177159,0.0073202499177159,0.3695261438575717,0.9250061229386612,,b851
GSE39582,M1_msd,852,SH3GLB1;RHPN1-AS1;LRP11;RPTOR,0.0,0.2960614497956069,0.4099642926863985,-0.0159139656275008,0.0159139656275008,-0.0619049675267367,0.0619049675267367,0.8352932947218827,0.4122205024563833,,b852
GSE39582,M1_msd,853,RBX1;TLR9;ABHD14B;FLYWCH2,0.0,0.304469591728612,0.5922181049320194,-0.1404113176072136,0.1404113176072136,-0.0788950792923869,0.0788950792923869,0.056190507073979,0.3010263085414083,,b853
GSE39582,M1_msd,854,ATP5G3;MAGI3;ATP8B1;LOC101930388,0.0,0.2785495742015249,0.6196794624664845,-0.0852854463162307,0.0852854463162307,-0.0652208040614648,0.0652208040614648,0.2629555845061186,0.3916520359279621,,b854
GSE39582,M1_msd,855,HMGB1;ING2;PNPT1;SLC48A1,0.0,0.5308661248342694,1.4305570150880746,-0.2116768264598636,0.2116768264598636,-0.2022997445542476,0.2022997445542476,0.003006572485087,0.0049762143814895,,b855
GSE39582,M1_msd,856,HNRNPF;TREML2;RND3;RNF126P1,0.0,0.2720928621476248,0.4713645123695951,-0.04320777254081,0.04320777254081,0.0199009043213051,0.0199009043213051,0.5601814408484043,0.7842357419462451,,b856
GSE39582,M1_msd,857,PPM1G;LOC143188;ASAP2;CLPB,0.0,0.1209949317134901,0.2278217718046039,-0.0885553399263067,0.0885553399263067,-0.0376802124468561,0.0376802124468561,0.2428552545798494,0.6254303985221139,,b857
GSE39582,M1_msd,858,EMC4;GALK1;C2CD5;DNAJC2,0.0,0.3349023991484995,0.7811239764692479,-0.3360645957502022,0.3360645957502022,-0.2609519148076644,0.2609519148076644,2.3672118691253026e-06,0.0003743028385429,,b858
GSE39582,M1_msd,859,DHX15;BORCS5;SDF2L1;CRTC3,0.0,0.3669160675375069,0.996002710675744,-0.2051292092756341,0.2051292092756341,-0.0755585176646152,0.0755585176646152,0.0058408281610451,0.3322236322860898,,b859
GSE39582,M1_msd,860,NCOA4;BDP1;ASUN;NXPH3,0.0,0.4609069412362705,1.3074732949613963,-0.021741565271095,0.021741565271095,-0.0229392829761396,0.0229392829761396,0.7605088798494344,0.7556856218716759,,b860
GSE39582,M1_msd,861,SNORA48;ACHE;FMR1;KREMEN2,0.0,0.4351350999574835,0.9623057516994116,-0.1268747539636273,0.1268747539636273,-0.072366020746042,0.072366020746042,0.0833185942132482,0.3374715127915946,,b861
GSE39582,M1_msd,862,GHITM;SEPT3;SNORD29;NDE1,0.0,0.4310904782557179,0.9131216394890664,-0.0310939021415408,0.0310939021415408,-0.0238129380702817,0.0238129380702817,0.6713412275603341,0.7492756564297419,,b862
GSE39582,M1_msd,863,FAM21C;SMG1P3;FAM8A1;LOC101928143,0.0,0.1343049231455004,0.2380978921186712,0.0604584997423074,0.0604584997423074,0.045423752718238,0.045423752718238,0.4226369930980812,0.5513678380809981,,b863
GSE39582,M1_msd,864,BCL2L2-PABPN1;RNF151;ETHE1;C19orf25,0.0,0.4036189570687114,1.0452426059089228,-0.1943893906021487,0.1943893906021487,-0.1092083598389136,0.1092083598389136,0.0091770586999064,0.1479293501999179,,b864
GSE39582,M1_msd,865,RPS29;NTF3;TOPBP1;SLC8B1,0.0,0.1804652228433561,0.5018237281013749,-0.1602796587035956,0.1602796587035956,-0.0856031632185583,0.0856031632185583,0.0314656219756408,0.2775801106140214,,b865
GSE39582,M1_msd,866,TOMM7;MIOX;RHPN2;CLPB,0.0,0.5319123269438855,1.4547301870499243,-0.1791886964190272,0.1791886964190272,-0.1395291216790429,0.1395291216790429,0.0199298712650407,0.0474224499476272,,b866
GSE39582,M1_msd,867,TRIM27;RPL32P3;PSMB8;KIF1B,0.0,0.2722634400854563,0.8838743197303649,-0.080650401066228,0.080650401066228,-0.0673450408978448,0.0673450408978448,0.2877638723661184,0.3636911743813805,,b867
GSE39582,M1_msd,868,QARS;PCDHGC3;ASUN;BCAT2,0.0,0.4749058534246302,1.3618771742016542,-0.1315136530375419,0.1315136530375419,-0.0554695046527135,0.0554695046527135,0.0641383186345097,0.4532957729370902,,b868
GSE39582,M1_msd,869,AP2M1;ZFP92;RPS24;EXOSC3,0.0,0.5134956724591044,1.0918793955105492,0.0716414652467353,0.0716414652467353,0.0766145110729647,0.0766145110729647,0.317587144270952,0.2826027027335367,,b869
GSE39582,M1_msd,870,HNRNPF;B4GALT1;DCTN6;ALG14,0.0,0.234492918797543,0.4152097029878507,-0.1021913104098606,0.1021913104098606,0.0053863111146035,0.0053863111146035,0.1620736076041598,0.944640221230024,,b870
GSE39582,M1_msd,871,SPAG7;STAU2;MPC2;CCDC159,0.0,0.1808245936998849,0.2588791299795074,-0.1053105736258793,0.1053105736258793,-0.0602979451075236,0.0602979451075236,0.1533088459394773,0.4211841752581542,,b871
GSE39582,M1_msd,872,GANAB;FOCAD;MIR1304;NIT1,0.0,0.3176741649994776,0.6085424986747718,-0.0212985791377025,0.0212985791377025,-0.0844910218899735,0.0844910218899735,0.7732696490390942,0.2777232437656104,,b872
GSE39582,M1_msd,873,SEC61G;ZBTB45;PLEK2;CDK3,0.0,0.4174168000444318,0.8829917299825139,-0.1297704266891165,0.1297704266891165,-0.0712058436707809,0.0712058436707809,0.0735551559421496,0.3185904796003881,,b873
GSE39582,M1_msd,874,COPZ1;YTHDF3-AS1;EIF3E;SUPT7L,0.0,0.2544480080444644,0.7091306654842555,-0.0846310304532978,0.0846310304532978,-0.0586697707944319,0.0586697707944319,0.2531658155396126,0.4443355398291616,,b874
GSE39582,M1_msd,875,BOD1;FAM3C;NXT1;FKBP8,0.0,0.1617048749378039,0.1754735846511403,-0.035973359429435,0.035973359429435,-0.0622321135906867,0.0622321135906867,0.640039827399095,0.3851154639936357,,b875
GSE39582,M1_msd,876,ADIPOR1;GNGT2;SLX1B-SULT1A4;A4GALT,0.0,0.1413519206986861,0.2102742336059599,0.0394220907727035,0.0394220907727035,0.1733793516633778,0.1733793516633778,0.5806273365287751,0.0201145971206856,,b876
GSE39582,M1_msd,877,SRSF2;MAPRE3;S100A10;FKBP8,0.0,0.4383227476721674,0.7768750984602473,-0.0599363335784538,0.0599363335784538,-0.0574145496262593,0.0574145496262593,0.3988427210458536,0.4115096876312365,,b877
GSE39582,M1_msd,878,RNF20;MTSS1;LYSMD2;SNORA17B,0.0,0.230962741991917,0.4284723092499408,-0.1025629055738838,0.1025629055738838,-0.1434845502111746,0.1434845502111746,0.1745126571705001,0.0690276597937881,,b878
GSE39582,M1_msd,879,PSMD1;CENPBD1;LYSMD2;RHPN1,0.0,0.2920829200836411,0.458933415137389,-0.1950137377719062,0.1950137377719062,-0.1267557416451368,0.1267557416451368,0.0077067528411186,0.0908776581414789,,b879
GSE39582,M1_msd,880,EEF1B2;C19orf73;CSE1L;PLEKHA5,0.0,0.6122021122123633,2.0864419520023234,-0.1642837971847529,0.1642837971847529,-0.2189635697486383,0.2189635697486383,0.0235299097014166,0.0024970165139046,,b880
GSE39582,M1_msd,881,ARF6;RGS14;HMGN3;TSC22D1,0.0,0.3742764337574031,0.9301716835155804,-0.0543082574687841,0.0543082574687841,-0.0294321905713591,0.0294321905713591,0.4648540406043536,0.6885723856312769,,b881
GSE39582,M1_msd,882,CHMP2A;TMEM110-MUSTN1;KYAT3;MAPK8,0.0,0.2329024182252209,0.7069561288144194,-0.1077036143786321,0.1077036143786321,-0.0744476138539347,0.0744476138539347,0.1427015677440105,0.3252876011496505,,b882
GSE39582,M1_msd,883,KPNB1;CRYBB1;SNORA18;DR1,0.0,0.2689326368900743,0.4130535567207979,-0.0478732835409158,0.0478732835409158,-0.0726080946991515,0.0726080946991515,0.5046557858520079,0.3347448929372896,,b883
GSE39582,M1_msd,884,CNOT1;USP25;PHYH;CHST10,0.0,0.2331949431278771,0.6485797377647721,0.0177372741613094,0.0177372741613094,-0.0493774547371866,0.0493774547371866,0.807002574228459,0.5171308009912186,,b884
GSE39582,M1_msd,885,WDR45B;NAA15;VPS4B;NDE1,0.0,0.2965609143856793,0.6709788065238844,-0.148918203980812,0.148918203980812,-0.2087803023119794,0.2087803023119794,0.0403567906428844,0.0055908740490048,,b885
GSE39582,M1_msd,886,SEC61G;KRR1;ZFAS1;KATNB1,0.0,0.4586956154870163,0.8829917299825139,-0.1494769404239425,0.1494769404239425,-0.1768093477244883,0.1768093477244883,0.0431113253821586,0.0179773879830247,,b886
GSE39582,M1_msd,887,HADHA;LCMT2;FAM177A1;SKI,0.0,0.2781834724138899,0.4229826358185485,0.0384307552229503,0.0384307552229503,0.0647140212835908,0.0647140212835908,0.5948326105855322,0.3896520436284166,,b887
GSE39582,M1_msd,888,POLDIP2;USP27X;PPIF;HPS4,0.0,0.1834894662609214,0.2500815909061458,-0.188177944919753,0.188177944919753,-0.1662159732238193,0.1662159732238193,0.0088262016798449,0.0212265178928548,,b888
GSE39582,M1_msd,889,ALDH9A1;BAIAP2;SCRIB;EMC7,0.0,0.2852808199172724,0.7648773271433082,-0.1260006838550639,0.1260006838550639,-0.0476154422238735,0.0476154422238735,0.0913017293029866,0.5411578803321662,,b889
GSE39582,M1_msd,890,TOMM7;PHLPP2;EFNA1;SOS1,0.0,0.526576235519483,1.4547301870499243,0.0169931182304492,0.0169931182304492,-0.0780126338994729,0.0780126338994729,0.8137942398277045,0.3094504554044838,,b890
GSE39582,M1_msd,891,PRKCSH;CENPBD1;LYRM1;ELMO2,0.0,0.2326056668505823,0.4060199245833403,-0.0948367366553369,0.0948367366553369,-0.0609570375102086,0.0609570375102086,0.1984146526302468,0.3949424256877428,,b891
GSE39582,M1_msd,892,HNRNPUL1;CEP63;STK39;CCDC127,0.0,0.1508273764082794,0.2653842847777702,-0.1432288870460281,0.1432288870460281,-0.1948296255819679,0.1948296255819679,0.0504379060425248,0.0092392537287307,,b892
GSE39582,M1_msd,893,SUN2;ENHO;MEST;LOC101930388,0.0,0.2955148405137538,0.9128759855822004,0.0172394421820107,0.0172394421820107,0.0078012210065042,0.0078012210065042,0.8084221135361004,0.9139180828634056,,b893
GSE39582,M1_msd,894,ZNF410;DCP2;SMAGP;BRAP,0.0,0.22588100692958,0.5368999560884434,-0.1774435287737809,0.1774435287737809,-0.1420626823542976,0.1420626823542976,0.0114402556653666,0.0501602532093457,,b894
GSE39582,M1_msd,895,UNC50;GNGT2;PAN3;LOC105378948,0.0,0.2070293332993652,0.6491575522208021,0.021155988460109,0.021155988460109,-0.0499233043035177,0.0499233043035177,0.764908745141837,0.4785893395409458,,b895
GSE39582,M1_msd,896,CAPNS1;ZBTB45;PKIG;MRPS11,0.0,0.4927936174426562,1.3240674697876886,-0.1900219826902855,0.1900219826902855,-0.0764502072465822,0.0764502072465822,0.0096578539080328,0.3044757447808319,,b896
GSE39582,M1_msd,897,NELFE;ENHO;SNORA24;CRTC3,0.0,0.3896243929050617,0.809050845707654,-0.0677866488928356,0.0677866488928356,-0.0052930524137553,0.0052930524137553,0.3562646012627312,0.9458248475013918,,b897
GSE39582,M1_msd,898,SNRNP27;CDKN2AIPNL;ACOT13;LOC100652768,0.0,0.1925421113843964,0.4623231349199393,-0.1291499999844468,0.1291499999844468,-0.1304668149554087,0.1304668149554087,0.0768950163308844,0.0891129776854404,,b898
GSE39582,M1_msd,899,JOSD1;DUS3L;SDF2L1;NR2C2,0.0,0.2277760208999033,0.3713478521535843,-0.1893623603705601,0.1893623603705601,-0.0836401091270167,0.0836401091270167,0.0126689354904228,0.2902392916090964,,b899
GSE39582,M1_msd,900,TAF6;HERC4;MIR939;H2AFX,0.0,0.1388203669280783,0.1860331458687845,-0.0477748289090134,0.0477748289090134,-0.0508230957592552,0.0508230957592552,0.5283885848934826,0.5140687146399154,,b900
GSE39582,M1_msd,901,ZDHHC16;PPWD1;S100A10;NR2C2,0.0,0.2596295420550125,0.7205159412464447,-0.1251165434909459,0.1251165434909459,-0.1294933103395453,0.1294933103395453,0.0916417983078832,0.089095724945604,,b901
GSE39582,M1_msd,902,NGRN;WDFY2;ACOT13;AP5Z1,0.0,0.1845396723368969,0.4623231349199393,-0.0268531447507186,0.0268531447507186,-0.0561006158738968,0.0561006158738968,0.7187328799091408,0.4683532728184568,,b902
GSE39582,M1_msd,903,MIR6748;FBXW4P1;PUS7;NFX1,0.0,0.2413163835360572,0.534736651113428,-0.0641968639247193,0.0641968639247193,-0.0425380943297639,0.0425380943297639,0.3844673737133617,0.554753534921846,,b903
GSE39582,M1_msd,904,RTN3;WDCP;PODXL;ITFG1,0.0,0.3053689301448125,0.532214096148988,0.0312923836211137,0.0312923836211137,0.029516649179852,0.029516649179852,0.6731703216305849,0.6796147040555662,,b904
GSE39582,M1_msd,905,EIF4A3;SEBOX;ZYX;GBAP1,0.0,0.3691991225361249,0.7961680088900536,-0.0685474761921958,0.0685474761921958,0.004105971372678,0.004105971372678,0.3607549571409801,0.9571869250273743,,b905
GSE39582,M1_msd,906,DNAJB11;AHI1;MSMO1;MED12,0.0,0.476077653790227,0.968292572595619,-0.1289059853894536,0.1289059853894536,-0.1220828166861775,0.1220828166861775,0.0785234120419915,0.0831686565747938,,b906
GSE39582,M1_msd,907,CWC15;TNRC6C-AS1;LYRM1;MPC1,0.0,0.2952180460500144,0.6013334449161128,-0.0781438356821509,0.0781438356821509,-0.0356755957538488,0.0356755957538488,0.2804546099772915,0.6426086027699951,,b907
GSE39582,M1_msd,908,RFXANK;LOC101930416;RNF135;DDN,0.0,0.1200520138993813,0.1409212052327216,-0.0931556824630422,0.0931556824630422,-0.0171154514595786,0.0171154514595786,0.1895533049339669,0.819014381179086,,b908
GSE39582,M1_msd,909,AFTPH;LOC103344931;SMAP1;MAPK6,0.0,0.2420307491651643,0.5772167675173929,-0.0016512956498053,0.0016512956498053,0.0077661518344358,0.0077661518344358,0.9818844972187928,0.9188993708950424,,b909
GSE39582,M1_msd,910,PSMG2;NGF;SNORD81;MPC1,0.0,0.5041706428912517,1.09863335230739,-0.0395067938460947,0.0395067938460947,0.0022574131796977,0.0022574131796977,0.606408931470794,0.9765073249977506,,b910
GSE39582,M1_msd,911,TMEM50A;CCL17;KLF5;CTDSPL,0.0,0.4099048113982535,0.7611065410584129,-0.0995320145455986,0.0995320145455986,-0.013638825876835,0.013638825876835,0.1545051646111786,0.8502008265140839,,b911
GSE39582,M1_msd,912,BAG6;SNCA;ESRP1;SENP3,0.0,0.2497584233006221,0.8389549426314781,-0.0526788875400128,0.0526788875400128,-0.0166263004773812,0.0166263004773812,0.4478027976650408,0.8136604407131339,,b912
GSE39582,M1_msd,913,NACA;WDFY2;ABHD14A-ACY1;PHYKPL,0.0,0.4667632942855921,1.2048459989282632,-0.0083532429862146,0.0083532429862146,-0.0357017853416578,0.0357017853416578,0.9075453340061238,0.6144080858085311,,b913
GSE39582,M1_msd,914,APP;ADAMTSL5;PPIC;DHRS7,0.0,0.3435154500980715,0.6038085854923059,0.0605416254459579,0.0605416254459579,0.0505494826065116,0.0505494826065116,0.4017402537582889,0.4814739223412083,,b914
GSE39582,M1_msd,915,SF3B1;RGS14;MGLL;B3GAT3,0.0,0.2637007950603313,0.5644646422789583,0.0660893979165446,0.0660893979165446,0.0470762248868083,0.0470762248868083,0.3633867292714257,0.4836239892124843,,b915
GSE39582,M1_msd,916,MMADHC;PGLYRP4;NXT1;NDE1,0.0,0.4313249482228766,1.2475200797420432,-0.1210038369216132,0.1210038369216132,-0.1231473240979387,0.1231473240979387,0.0897306586738607,0.0795157964013193,,b916
GSE39582,M1_msd,917,NOMO1;LIPE;RHPN2;DNM1L,0.0,0.4146088552740049,0.9382633176097204,-0.216737559758774,0.216737559758774,-0.1482206173798721,0.1482206173798721,0.0024787135756878,0.038934346573575,,b917
GSE39582,M1_msd,918,PDIA6;BRWD1;SLC52A2;POTEKP,0.0,0.4413249298690654,1.2229274361289173,-0.014934972979106,0.014934972979106,0.0154297763136478,0.0154297763136478,0.8368303272397355,0.8335585865216284,,b918
GSE39582,M1_msd,919,CCT7;MROH1;SLC25A32;WRAP73,0.0,0.3499032242268909,1.01822935124673,-0.1828452342953326,0.1828452342953326,-0.1291440026126033,0.1291440026126033,0.0132084996189168,0.0765686191377859,,b919
GSE39582,M1_msd,920,DHX15;EFCAB11;NT5C3B;PDAP1,0.0,0.3815927338834545,0.996002710675744,-0.3238899188149935,0.3238899188149935,-0.3093200573769272,0.3093200573769272,7.621844464486869e-06,3.016250866635373e-05,,b920
GSE39582,M1_msd,921,EEF1B2;CNTRL;PSMB8;SMARCD1,0.0,0.8471379316270073,2.0864419520023234,-0.2335113446693792,0.2335113446693792,-0.1698514712758036,0.1698514712758036,0.0012860895052836,0.0232043006693172,,b921
GSE39582,M1_msd,922,ABCF1;EBF4;SNORD27;PCCB,0.0,0.2388602629677678,0.6081876256621663,-0.1019703300687726,0.1019703300687726,-0.0588012337431348,0.0588012337431348,0.1568060400526587,0.4353029974425044,,b922
GSE39582,M1_msd,923,HNRNPA0;BORCS5;CLDN7;NAT6,0.0,0.3050116918050055,0.9294112156271304,-0.2955359511557092,0.2955359511557092,-0.1568471769875014,0.1568471769875014,6.541701176663996e-05,0.0275683158465127,,b923
GSE39582,M1_msd,924,TBC1D14;POMGNT1;LOC728554;H2AFX,0.0,0.2043329446825702,0.4712021197129686,-0.1516694624720393,0.1516694624720393,-0.0738247160332151,0.0738247160332151,0.0360432357046047,0.3174251320788152,,b924
GSE39582,M1_msd,925,SRRM1;PCDHB11;TIPARP;LOC100505478,0.0,0.1675903075204226,0.350210550043487,-0.0798266173048566,0.0798266173048566,-0.0743198139655258,0.0743198139655258,0.2896248797336276,0.3228891304659731,,b925
GSE39582,M1_msd,926,FUCA2;RBM26;SNORD76;CDK12,0.0,0.3182304852380602,0.6670524665240513,-0.083832650034494,0.083832650034494,-0.0862674069849345,0.0862674069849345,0.262812099915747,0.2454247947296265,,b926
GSE39582,M1_msd,927,SNORA67;RBBP9;PRELID3B;FKBP8,0.0,0.3234112405931641,0.5224650374589835,-0.1414973336945578,0.1414973336945578,-0.0738496574710092,0.0738496574710092,0.0574213670401708,0.2987690532262635,,b927
GSE39582,M1_msd,928,SEC13;TREML2;SNRPB;CCDC90B,0.0,0.5729512776068075,1.173757030373345,-0.0796966358607116,0.0796966358607116,-0.039181481714896,0.039181481714896,0.2936023382604567,0.6041636675400631,,b928
GSE39582,M1_msd,929,NOP10;TTC22;PPIF;H2AFX,0.0,0.4245214054226638,1.2720984453982354,-0.1215953473724288,0.1215953473724288,0.0001868810919813,0.0001868810919813,0.0931451870530208,0.9979592927310243,,b929
GSE39582,M1_msd,930,SNX3;TEK;CNN3;PRPF40B,0.0,0.357351999417725,0.8467045415174982,0.0654826333876271,0.0654826333876271,0.0727954310421951,0.0727954310421951,0.3822776066170136,0.3206778162123849,,b930
GSE39582,M1_msd,931,UBE2N;ZNF503;PAFAH1B3;CNTFR,0.0,0.2406564077970008,0.5824211052808868,-0.170057295934611,0.170057295934611,-0.1667814006877461,0.1667814006877461,0.0194843306014358,0.0247810157480692,,b931
GSE39582,M1_msd,932,ATXN10;C5orf63;INPP1;CCDC60,0.0,0.2203914155459801,0.3639890885167072,-0.059408096412748,0.059408096412748,-0.0455889793178442,0.0455889793178442,0.4337084434139828,0.5413677884645152,,b932
GSE39582,M1_msd,933,IFT20;SDS;PUS7;RHPN1,0.0,0.2773904133288357,0.534736651113428,-0.0876121883249105,0.0876121883249105,-0.1314756570700699,0.1314756570700699,0.2492987911139628,0.0955733262379026,,b933
GSE39582,M1_msd,934,ZDHHC6;CCDC27;SNORD45C;FAM65A,0.0,0.3018603797060484,0.4878067964236345,0.0094567330248027,0.0094567330248027,-0.0034341201990061,0.0034341201990061,0.8971291692948585,0.9625234226051732,,b934
GSE39582,M1_msd,935,SH3GLB1;PHTF2;RNF135;LOC100652768,0.0,0.1938450240148046,0.4099642926863985,0.057280205834263,0.057280205834263,0.0127694397337323,0.0127694397337323,0.4452140782272717,0.85778077491704,,b935
GSE39582,M1_msd,936,WDR45B;ATPAF2;VMP1;LOC400499,0.0,0.3363556131570218,0.6709788065238844,-0.154154981853821,0.154154981853821,-0.1614910092547661,0.1614910092547661,0.042951920370267,0.0378051200788174,,b936
GSE39582,M1_msd,937,RAB13;LCMT2;RABAC1;ZNF20,0.0,0.458190321658219,0.940448963755966,0.0322591984674079,0.0322591984674079,0.1094682928116122,0.1094682928116122,0.6615843236209362,0.1269850378009829,,b937
GSE39582,M1_msd,938,SNF8;TMEM110-MUSTN1;PODXL;B3GAT3,0.0,0.2388047846857408,0.532214096148988,-0.0607450060291084,0.0607450060291084,-0.0024064625584748,0.0024064625584748,0.4119599929627356,0.9737340771188608,,b938
GSE39582,M1_msd,939,EIF3D;SNCA;MICU2;MED7,0.0,0.5403022362068153,1.2506953944484305,0.0016993493117531,0.0016993493117531,-0.0604922324294689,0.0604922324294689,0.9817870504925984,0.4177332813532322,,b939
GSE39582,M1_msd,940,IRF3;NT5DC2;BLVRB;HAUS2,0.0,0.138869157844914,0.1895090704638189,-0.1267471196128069,0.1267471196128069,-0.0310391685120453,0.0310391685120453,0.0816101837702987,0.669612975661473,,b940
GSE39582,M1_msd,941,COA4;TEK;TMPRSS4;CDK3,0.0,0.2899929379680503,0.6572124064490067,0.017116972385267,0.017116972385267,-0.0066990080433245,0.0066990080433245,0.8111271334561125,0.922088105241746,,b941
GSE39582,M1_msd,942,DCTN3;FBXW4P1;SNORD45A;ZNF205,0.0,0.2478759330512781,0.5046297240340284,-0.0382064979719139,0.0382064979719139,-0.0699250471292613,0.0699250471292613,0.5946607246335558,0.3320145109155203,,b942
GSE39582,M1_msd,943,DCAF12;TPGS1;ADD3;EXOSC3,0.0,0.3171317573495891,1.0806553734834858,-0.0893873805197362,0.0893873805197362,-0.0321445284098815,0.0321445284098815,0.2125209907011865,0.6411846177802558,,b943
GSE39582,M1_msd,944,ERP29;POMGNT1;SNORA81;LOC101927151,0.0,0.4301273790529035,1.0147653773484102,-0.0182131341132828,0.0182131341132828,0.0141907020007926,0.0141907020007926,0.8057118053268809,0.8468552645030687,,b944
GSE39582,M1_msd,945,KPNB1;DIO3OS;FAM210B;ZNF747,0.0,0.2702616040765538,0.4929638778729581,-0.097596650061528,0.097596650061528,-0.0640836518821475,0.0640836518821475,0.1751186336216222,0.3696407622161944,,b945
GSE39582,M1_msd,946,GABARAP;WDCP;SNRPD1;ZNF747,0.0,0.3856201380974994,1.2619638652392522,-0.1166783199493183,0.1166783199493183,-0.032872717389576,0.032872717389576,0.1241117069471975,0.6557094080407939,,b946
GSE39582,M1_msd,947,QARS;BARX2;COX3;CAND1,0.0,0.4990039865394114,1.3618771742016542,-0.141578337448805,0.141578337448805,-0.1301491934229353,0.1301491934229353,0.0627599636980685,0.1009083552153609,,b947
GSE39582,M1_msd,948,EIF4A3;VCPIP1;AHCY;KIF1B,0.0,0.4636475514550361,0.9503475344017522,-0.1331784727589009,0.1331784727589009,-0.1355455679146731,0.1355455679146731,0.0684444372077642,0.0707840966210934,,b948
GSE39582,M1_msd,949,CDC37;RNF151;LBR;STX2,0.0,0.3918761225198121,1.0555637628761905,-0.1862510897810577,0.1862510897810577,-0.1596845966745012,0.1596845966745012,0.0094180859592996,0.033622698228001,,b949
GSE39582,M1_msd,950,UQCRQ;LMLN;TMX1;STK10,0.0,0.585697848669498,1.5141137076539102,-0.1087045761893212,0.1087045761893212,-0.0839205216779804,0.0839205216779804,0.1352707650102758,0.2561707810937035,,b950
GSE39582,M1_msd,951,RNASEK;KAZALD1;MIR6849;LOC100505478,0.0,0.3538617170744561,1.169784329951035,-0.1820236493783716,0.1820236493783716,-0.1088537216414026,0.1088537216414026,0.0129358680162382,0.1457142955691991,,b951
GSE39582,M1_msd,952,P4HTM;CRYBB1;RSL24D1;DGUOK,0.0,0.2908235088993633,0.5616479435190468,-0.1024345719440364,0.1024345719440364,-0.078879085626338,0.078879085626338,0.1560679063130035,0.2798947394627,,b952
GSE39582,M1_msd,953,CACYBP;F7;PKIG;LOC100505478,0.0,0.1328903498216015,0.3634956875848785,-0.1789663670462069,0.1789663670462069,-0.1751549056873959,0.1751549056873959,0.0202761208722236,0.0236271871071529,,b953
GSE39582,M1_msd,954,RNASEK;DUSP13;BAIAP2L1;SIAH1,0.0,0.3845077167725517,1.169784329951035,-0.0822553287362744,0.0822553287362744,-0.0488766334689724,0.0488766334689724,0.2511869527237693,0.4760461301715707,,b954
GSE39582,M1_msd,955,SH3GLB1;LZTFL1;HLA-J;PIK3IP1,0.0,0.3963345714315471,0.9721848506274292,-0.0068078959355995,0.0068078959355995,0.0140476943450537,0.0140476943450537,0.9270207828746224,0.8589947397906589,,b955
GSE39582,M1_msd,956,KDELR1;ZNF619;CORO1C;TFAP4,0.0,0.3555958773466753,0.6252074010780442,-0.0470471258808737,0.0470471258808737,0.0599076844765041,0.0599076844765041,0.5122275711512811,0.4360068549445779,,b956
GSE39582,M1_msd,957,NME2;ZFHX3;IFITM2;PXYLP1,0.0,0.8587312036252435,1.681776919632494,-0.2056207818861115,0.2056207818861115,-0.1836476874025921,0.1836476874025921,0.0023258771615602,0.0046716307489648,,b957
GSE39582,M1_msd,958,ATP6V1G1;USP37;SYS1-DBNDD2;PMS2P8,0.0,0.2553172466395278,0.682894053241653,-0.1062921596720372,0.1062921596720372,-0.1512114603933834,0.1512114603933834,0.1508589208593492,0.0424678172737606,,b958
GSE39582,M1_msd,959,COPZ1;ATXN2L;PKIG;GTF2H1,0.0,0.3224357537865686,0.7091306654842555,-0.1871200710389388,0.1871200710389388,-0.1088248609445239,0.1088248609445239,0.0106030590028348,0.1561804166669125,,b959
GSE39582,M1_msd,960,LAMTOR1;INMT;MCM2;NPPA,0.0,0.3514894439746984,0.709015295454247,-0.0750996931681657,0.0750996931681657,-0.0033381834950381,0.0033381834950381,0.3031581813899735,0.964083165349666,,b960
GSE39582,M1_msd,961,KDELR1;YTHDF3-AS1;NDRG1;AHNAK,0.0,0.476443065367045,1.0494313436790454,0.0573957374285079,0.0573957374285079,0.1089743288092111,0.1089743288092111,0.4236106506401128,0.1345064947826461,,b961
GSE39582,M1_msd,962,NDUFAB1;AIRE;SQRDL;VAPA,0.0,0.7714460754551876,1.572794992415319,-0.1542466154722529,0.1542466154722529,-0.0395266531416122,0.0395266531416122,0.0449265565239608,0.6175853759347596,,b962
GSE39582,M1_msd,963,MRPL9;BTBD19;DNTTIP1;CHST10,0.0,0.2536335840983865,0.5331593196167737,0.0275153791575088,0.0275153791575088,0.0359288018208313,0.0359288018208313,0.7119907130163221,0.6239058203157146,,b963
GSE39582,M1_msd,964,VDAC2;VWCE;SNORA18;RDH11,0.0,0.5154444033133547,1.311188179211245,-0.0863527818991957,0.0863527818991957,-0.0887158531186514,0.0887158531186514,0.2439325634806398,0.2376301238353968,,b964
GSE39582,M1_msd,965,PSMD2;CCDC74B;UAP1;SNORA17B,0.0,0.3975374313416092,0.6610223273955135,-0.0918352680368459,0.0918352680368459,-0.0651429651145124,0.0651429651145124,0.2323880531747296,0.3988213666444817,,b965
GSE39582,M1_msd,966,CDC26;NRAV;PSMB10;PMS2P8,0.0,0.2285115995279214,0.4792632351004413,-0.2506034102217921,0.2506034102217921,-0.193566584337917,0.193566584337917,0.0011983839130062,0.0108795804760534,,b966
GSE39582,M1_msd,967,MZT2A;LZTFL1;PLEK2;CAMK2G,0.0,0.3415243865021957,0.7293437961674755,-0.21695826147697,0.21695826147697,-0.1808511193907108,0.1808511193907108,0.0028407400048661,0.0145643147000606,,b967
GSE39582,M1_msd,968,NDUFB10;LMF1;S100A6;ZBTB7B,0.0,0.4056330200681759,0.6413572029759124,-0.071383335983111,0.071383335983111,-0.0233935985015229,0.0233935985015229,0.3449627086636692,0.7603198221873397,,b968
GSE39582,M1_msd,969,DDX47;ACHE;CHMP4B;HIRIP3,0.0,0.4141856713819364,0.7074828144507931,-0.2879597117964687,0.2879597117964687,-0.1818006539169111,0.1818006539169111,6.504787510637562e-05,0.0095632789034853,,b969
GSE39582,M1_msd,970,POLR2H;ARHGEF25;SNORD2;C19orf25,0.0,0.3025934575466397,0.479847673054524,0.0414911687087921,0.0414911687087921,0.0329696719774865,0.0329696719774865,0.5791296813535276,0.6501667923532688,,b970
GSE39582,M1_msd,971,SEC13;LRP5L;THRIL;LUC7L,0.0,0.4556251098683584,0.9849003371639228,-0.0986462034423357,0.0986462034423357,-0.0672044842457084,0.0672044842457084,0.1904980940948836,0.3964242249372721,,b971
GSE39582,M1_msd,972,P4HTM;BTBD19;SNORD50A;NAT6,0.0,0.1996381666335326,0.4144602319254768,-0.0481104821632608,0.0481104821632608,-0.0833913709571833,0.0833913709571833,0.5054428653627709,0.2455289987494515,,b972
GSE39582,M1_msd,973,CSDE1;PIP5KL1;ITGA6;DGUOK,0.0,0.5443418385586667,0.8777911867470569,-0.0868221918938891,0.0868221918938891,-0.0903437821262774,0.0903437821262774,0.21797913010192,0.2046410098351854,,b973
GSE39582,M1_msd,974,SEC11A;WDCP;MIR1248;PIK3IP1,0.0,0.3833129835347761,0.935209928513141,0.1063822497198798,0.1063822497198798,0.1371650347514207,0.1371650347514207,0.159718266839255,0.053979710842591,,b974
GSE39582,M1_msd,975,VDAC1;LHX6;DNTTIP1;PHYKPL,0.0,0.2399015589740401,0.5331593196167737,-0.0222543102620282,0.0222543102620282,-0.0503176925135126,0.0503176925135126,0.754320261744336,0.4847503414150369,,b975
GSE39582,M1_msd,976,TALDO1;PTCSC1;MYO5C;BRAP,0.0,0.5021422050739932,1.2795944726723152,-0.1748999049472453,0.1748999049472453,-0.0836767294697755,0.0836767294697755,0.014595672688895,0.2711395212594468,,b976
GSE39582,M1_msd,977,COA4;BAIAP2;LOC102724993;LINC01569,0.0,0.2603129624662693,0.7117683537260434,-0.095742905935505,0.095742905935505,-0.1148051204746568,0.1148051204746568,0.1882791135588901,0.1251143943633061,,b977
GSE39582,M1_msd,978,ANKRD17;CLASP2;CHMP4B;KIF1B,0.0,0.268153071172388,0.7074828144507931,-0.0300204971533203,0.0300204971533203,-0.0568205364981597,0.0568205364981597,0.6867068482986965,0.4458303405846069,,b978
GSE39582,M1_msd,979,MAEA;LOC102724314;CKS1B;LOC101930388,0.0,0.2746366473018905,0.6324772886669996,-0.0499072816323373,0.0499072816323373,-0.0170842422468993,0.0170842422468993,0.4834176595181636,0.8127551834212913,,b979
GSE39582,M1_msd,980,GDI2;LOC101927420;EIF1AX;CEBPA-AS1,0.0,0.5298012650856343,1.3039672913153484,-0.0411487276446434,0.0411487276446434,-0.0061338898326511,0.0061338898326511,0.584076844739069,0.9382470745563252,,b980
GSE39582,M1_msd,981,SS18L2;L3MBTL1;EIF4EBP1;ABR,0.0,0.2281623105360984,0.3359876240825625,-0.1821680348844805,0.1821680348844805,-0.1096581387046622,0.1096581387046622,0.0134502534949704,0.1242992507508076,,b981
GSE39582,M1_msd,982,CHMP1A;PRH2;DNAJB1;MIR6132,0.0,0.2343505354317086,0.5949293460171544,-0.0621241065978308,0.0621241065978308,-0.0298235404023836,0.0298235404023836,0.3988053710962903,0.6835493834269046,,b982
GSE39582,M1_msd,983,NDUFS3;LOC100653086;CSE1L;SH3BP5L,0.0,0.1908490770300318,0.2315934569457268,-0.1563296026515681,0.1563296026515681,-0.0448797258443704,0.0448797258443704,0.0419252562215836,0.56515949369327,,b983
GSE39582,M1_msd,984,LOC101930591;LINC01184;JUNB;LOC100130987,0.0,0.2437046504259039,0.4343777790755503,-0.0399369283206645,0.0399369283206645,-0.1004920713491963,0.1004920713491963,0.5944298906306676,0.1929821274359699,,b984
GSE39582,M1_msd,985,HMGB1;PHTF2;IFITM3;LOC101927705,0.0,0.9556756671496948,2.0509605704880456,-0.0427113791995613,0.0427113791995613,-0.0501341195932516,0.0501341195932516,0.5801627128349851,0.5170410402373267,,b985
GSE39582,M1_msd,986,ATP6V1G1;CECR6;SDF2L1;HAUS2,0.0,0.1573248038365796,0.2544187530196425,-0.0607222290316206,0.0607222290316206,0.0150355702619984,0.0150355702619984,0.4098317564098985,0.840641020223579,,b986
GSE39582,M1_msd,987,TALDO1;TPGS1;CTSB;CLPB,0.0,0.5834963315281687,1.2795944726723152,-0.0311046701425132,0.0311046701425132,0.0731126452558956,0.0731126452558956,0.6672898174544486,0.3286076971873634,,b987
GSE39582,M1_msd,988,ATP5F1;PCDHB11;SCO2;ACBD4,0.0,0.1522499330712196,0.2612795282785762,-0.198324222802898,0.198324222802898,-0.1458723112767077,0.1458723112767077,0.0095620232777671,0.0726039265162841,,b988
GSE39582,M1_msd,989,RPL18A;LOC100996255;GNPNAT1;PRPF40B,0.0,0.1766663321679052,0.5134801026880564,-0.0882419140494703,0.0882419140494703,-0.0590586650123865,0.0590586650123865,0.2543649306151659,0.4571809646657526,,b989
GSE39582,M1_msd,990,GDI2;FAM83A;S100A6;ITFG1,0.0,0.5627644151814746,1.3039672913153484,0.173133989408847,0.173133989408847,0.1443795794802709,0.1443795794802709,0.0220582405831543,0.0623746640017369,,b990
GSE39582,M1_msd,991,DCTD;USP27X;BSG;CCDC90B,0.0,0.306491250668667,0.7917959361543425,-0.0236547831893994,0.0236547831893994,-0.0413672231096115,0.0413672231096115,0.7464567723928395,0.5739900340009446,,b991
GSE39582,M1_msd,992,ABCF1;LOC102724314;LOC100996740;LOC101927151,0.0,0.216169410930468,0.5409211807641007,-0.0698456311900021,0.0698456311900021,-0.0899892522808816,0.0899892522808816,0.3154447990646289,0.2121429554058892,,b992
GSE39582,M1_msd,993,ARPC5L;FUT10;FDFT1;BNIP1,0.0,0.1646610548488285,0.4244694071965887,-0.1656598730131145,0.1656598730131145,-0.1385770278231121,0.1385770278231121,0.0210842054737769,0.0675902614775024,,b993
GSE39582,M1_msd,994,SEC13;DST;ATP1B1;TSC22D1,0.0,0.7548061598328643,1.743943886996097,-0.0209280952739894,0.0209280952739894,-0.0223466636294363,0.0223466636294363,0.7798591484543291,0.7546621318518679,,b994
GSE39582,M1_msd,995,ARF6;PTCSC1;PPIC;NUTM2G,0.0,0.275159088338912,0.48552936225817,0.1008472153757165,0.1008472153757165,0.0902547835968905,0.0902547835968905,0.1526544716317543,0.1991296713403697,,b995
GSE39582,M1_msd,996,GANAB;RGS14;SRI;PDCD2,0.0,0.3121334988716662,0.6085424986747718,-0.1699799791612101,0.1699799791612101,-0.0704290841399176,0.0704290841399176,0.0223422298633018,0.3383791784096818,,b996
GSE39582,M1_msd,997,CHMP1A;LOC101928464;UGDH;PIGV,0.0,0.1981485209585486,0.4565811985647067,-0.0940038444348947,0.0940038444348947,-0.0164073865387718,0.0164073865387718,0.1984261683134242,0.8223320454898508,,b997
GSE39582,M1_msd,998,P4HTM;LSMEM2;GMNN;STX2,0.0,0.2390061936921677,0.638965289267699,-0.151337682906759,0.151337682906759,-0.1525410129480667,0.1525410129480667,0.0365037567281684,0.0376093033230933,,b998
GSE39582,M1_msd,999,DDX5;CCAR2;NBL1;SNORD65,0.0,0.3829237721230428,0.7166511929931533,-0.0670766096958181,0.0670766096958181,0.0083015433859238,0.0083015433859238,0.3563627975874774,0.9083949525674568,,b999
GSE39582,M2_msd_coexpr,0,NOMO2;EFCAB11;PTTG1;PAK1,0.0,0.5888553398450544,0.9946870425069532,-0.276930107884734,0.276930107884734,-0.2687247701201632,0.2687247701201632,8.903322481868246e-05,9.928081454131282e-05,,b1000
GSE39582,M2_msd_coexpr,1,TOMM70;LSM11;KRTCAP3;ABHD17B,0.0,0.1585863742846981,0.3138285201584349,-0.1418930092104465,0.1418930092104465,-0.1253147177224843,0.1253147177224843,0.0512573350689973,0.0910394660151007,,b1001
GSE39582,M2_msd_coexpr,2,RAB6C;ZNHIT2;NEK7;DNAJC16,0.0,0.3981959009707115,0.8481812884019587,0.0308325046028003,0.0308325046028003,0.0634177448972557,0.0634177448972557,0.6691062250472665,0.3852529757865561,,b1002
GSE39582,M2_msd_coexpr,3,UQCRC2;CYLD;EXOSC8;UROD,0.0,0.1221413740719288,0.1791458946445437,-0.0315938820681985,0.0315938820681985,-0.0215665663483459,0.0215665663483459,0.6709781776862181,0.7782551386002027,,b1003
GSE39582,M2_msd_coexpr,4,TMEM50A;POMGNT1;ABHD14A-ACY1;C19orf12,0.0,0.3200528768156913,0.5741543623326198,-0.1294878089512951,0.1294878089512951,-0.0157940941141775,0.0157940941141775,0.0761905244077078,0.8278657482022739,,b1004
GSE39582,M2_msd_coexpr,5,YWHAZ;DST;SEC23B;ABHD17B,0.0,0.3406264555926535,1.102561265253864,-0.0287111986630846,0.0287111986630846,-0.0203957045686767,0.0203957045686767,0.6973325453991118,0.7890672315056392,,b1005
GSE39582,M2_msd_coexpr,6,ADAR;BORCS5;GMNN;ANKRD13A,0.0,0.5559489924645211,1.189170280014854,-0.2160777182587031,0.2160777182587031,-0.1245846338693126,0.1245846338693126,0.0063762522303788,0.1151324225258437,,b1006
GSE39582,M2_msd_coexpr,7,TMEM179B;RCBTB2;ZNF593;C6orf106,0.0,0.1582253261473617,0.2275815201324857,-0.0063214286409645,0.0063214286409645,0.0810176768566271,0.0810176768566271,0.9321853491302144,0.2654708103913238,,b1007
GSE39582,M2_msd_coexpr,8,KPNB1;CBX2;PSME2;SNORD49B,0.0,0.5017191348233249,1.4289832710567767,-0.2362894303169394,0.2362894303169394,-0.179507108796812,0.179507108796812,0.0015829342355177,0.0181534346045283,,b1008
GSE39582,M2_msd_coexpr,9,MRPL3;CXorf21;PAM;BRAP,0.0,0.5458031204888862,1.3681027892686817,-0.126407345683153,0.126407345683153,-0.0998103154391874,0.0998103154391874,0.0822185677059032,0.1843435400424723,,b1009
GSE39582,M2_msd_coexpr,10,PSMD7;DST;ARFGAP3;C14orf79,0.0,0.2415966392147984,0.446182362849616,-0.0534190902498039,0.0534190902498039,-0.1186332880624144,0.1186332880624144,0.4595576523076609,0.0954603538700506,,b1010
GSE39582,M2_msd_coexpr,11,NCOA4;LOC100506538;PHGDH;ZNF20,0.0,0.4622908891873358,1.3074732949613963,-0.1131928065024845,0.1131928065024845,-0.0581810751067504,0.0581810751067504,0.1229553577456875,0.4356739081745856,,b1011
GSE39582,M2_msd_coexpr,12,ZNF622;NAA15;UBL3;BNIP1,0.0,0.1466373203059662,0.278401619005483,-0.264869357348124,0.264869357348124,-0.2382339041788493,0.2382339041788493,0.0004062077737317,0.0013346318040571,,b1012
GSE39582,M2_msd_coexpr,13,ZDHHC16;CDKN2AIPNL;SMAGP;HSF4,0.0,0.2468721807724468,0.5368999560884434,-0.2617007423782404,0.2617007423782404,-0.1715941743497728,0.1715941743497728,0.0003477421213982,0.0141282798019795,,b1013
GSE39582,M2_msd_coexpr,14,GANAB;GALK1;PRELID3B;PDCD2,0.0,0.3158386552857782,0.6085424986747718,-0.2281767071800532,0.2281767071800532,-0.1925440205402303,0.1925440205402303,0.001873842389399,0.0096622305307273,,b1014
GSE39582,M2_msd_coexpr,15,CDIPT;DST;FAM213B;NUDCD2,0.0,0.328008258679253,0.7825698712864145,-0.1265706707384375,0.1265706707384375,-0.1399792270113837,0.1399792270113837,0.0928601009775882,0.0689003522284166,,b1015
GSE39582,M2_msd_coexpr,16,NDUFA13;CDKN2AIPNL;ROMO1;CAND1,0.0,0.4537619051920425,1.220125495441954,-0.2588937585311159,0.2588937585311159,-0.2029647436958438,0.2029647436958438,0.0006747833313856,0.0075402084001853,,b1016
GSE39582,M2_msd_coexpr,17,COPZ1;NT5DC2;PAM;BCAT2,0.0,0.3948111845560954,0.7091306654842555,-0.1930684096058426,0.1930684096058426,-0.1125884767544196,0.1125884767544196,0.0074042994166445,0.1434041636644058,,b1017
GSE39582,M2_msd_coexpr,18,NDUFS2;IL11RA;BSG;LPAR2,0.0,0.4941195389168119,0.7917959361543425,-0.0144441094333418,0.0144441094333418,0.0615107003186211,0.0615107003186211,0.8399187315217433,0.4027240299188709,,b1018
GSE39582,M2_msd_coexpr,19,CAPNS1;CXorf21;SLC9A3R1;TMSB4Y,0.0,0.4547237287748171,1.3240674697876886,-0.0438049308698828,0.0438049308698828,-0.0020276181379022,0.0020276181379022,0.5459354656113542,0.9770565324608732,,b1019
GSE39582,M2_msd_coexpr,20,DHX15;WDCP;HACD3;KREMEN2,0.0,0.4609503716959603,0.996002710675744,-0.1507916152096322,0.1507916152096322,-0.1041573864320732,0.1041573864320732,0.0381283304153792,0.1481928786011123,,b1020
GSE39582,M2_msd_coexpr,21,GANAB;C19orf73;DANCR;DDX59,0.0,0.4342326914602707,0.7511988692935951,-0.0863768115070825,0.0863768115070825,-0.0718292488248223,0.0718292488248223,0.2269014827948624,0.3398238700687687,,b1021
GSE39582,M2_msd_coexpr,22,SNORA48;CYLD;MAPK13;SH3PXD2B,0.0,0.385003810518549,0.9623057516994116,-0.0413928467247959,0.0413928467247959,0.0386680149835603,0.0386680149835603,0.5831170195893083,0.6156683623434778,,b1022
GSE39582,M2_msd_coexpr,23,NDUFB3;NAA15;HIF1A;ZNF398,0.0,0.5812344530746241,1.275010045665717,-0.0900431836999595,0.0900431836999595,-0.1179971083683932,0.1179971083683932,0.1936571239226953,0.0981931442955152,,b1023
GSE39582,M2_msd_coexpr,24,RPL23;LOC100506538;XPOT;LPAR2,0.0,0.2011567796496767,0.2751125618638464,-0.2042525543105122,0.2042525543105122,-0.155117520103669,0.155117520103669,0.00663382400551,0.0404635076696868,,b1024
GSE39582,M2_msd_coexpr,25,TRMT5;LOC100996255;VMP1;JARID2,0.0,0.2487020844629665,0.4693024838019672,-0.0528590123496227,0.0528590123496227,-0.1136452690339762,0.1136452690339762,0.4682165110308474,0.1379175079763248,,b1025
GSE39582,M2_msd_coexpr,26,CDV3;LIPE;CYC1;TMOD1,0.0,0.3159384231040806,1.0027057445193213,-0.0837245185680125,0.0837245185680125,0.0092307459740893,0.0092307459740893,0.2551673309571272,0.8996496975504791,,b1026
GSE39582,M2_msd_coexpr,27,PYURF;CPEB2;STAG2;MECP2,0.0,0.3032711335727763,0.5680747054817906,0.0838895321437386,0.0838895321437386,-0.0241821892954989,0.0241821892954989,0.2475832767464183,0.7459712039334067,,b1027
GSE39582,M2_msd_coexpr,28,UBE4A;WDCP;ROMO1;NIT1,0.0,0.2519024361004689,0.4885241495065811,-0.113691744566164,0.113691744566164,-0.103495875389501,0.103495875389501,0.1272841794454475,0.17011117568832,,b1028
GSE39582,M2_msd_coexpr,29,NME2;LOC100506538;TOMM34;CDK3,0.0,0.5208261813054254,1.648524150656013,-0.2010812129254566,0.2010812129254566,-0.186901483424775,0.186901483424775,0.0061989759036643,0.0095928033465363,,b1029
GSE39582,M2_msd_coexpr,30,SPAG7;LOC100506538;DCXR;TMEM175,0.0,0.1746885823108095,0.2588791299795074,-0.114488950489059,0.114488950489059,-0.0237009783189225,0.0237009783189225,0.1109026482922405,0.7428954408826518,,b1030
GSE39582,M2_msd_coexpr,31,EIF4A1;CBX2;LOC101927178;ABR,0.0,0.403474708898904,0.9623057516994116,-0.1210504945566607,0.1210504945566607,-0.0760851005123664,0.0760851005123664,0.0968181704413704,0.3133243915424462,,b1031
GSE39582,M2_msd_coexpr,32,EMC4;CBX2;YWHAE;PIDD1,0.0,0.3764291909453082,0.7811239764692479,-0.1040740365399551,0.1040740365399551,0.0100054197041828,0.0100054197041828,0.1417383924826608,0.8892260841317763,,b1032
GSE39582,M2_msd_coexpr,33,LAMTOR1;CDK14;SEC23B;LOC101930388,0.0,0.2458114327312122,0.709015295454247,0.0723263765387311,0.0723263765387311,0.1094813339580409,0.1094813339580409,0.3342848449952356,0.1543170217224984,,b1033
GSE39582,M2_msd_coexpr,34,DCTD;IL11RA;SNRPD1;CAND1,0.0,0.1639617456172271,0.210261598514626,-0.0618783717746058,0.0618783717746058,-0.021425470195358,0.021425470195358,0.4149714572895596,0.776429814243407,,b1034
GSE39582,M2_msd_coexpr,35,LAMTOR1;CDK14;PSMB8;NAT6,0.0,0.4613493312146104,0.8838743197303649,-0.1006913544347181,0.1006913544347181,-0.0368602224105292,0.0368602224105292,0.1653355217950413,0.6117346074227541,,b1035
GSE39582,M2_msd_coexpr,36,HNRNPA0;HARBI1;PPIC;TMOD1,0.0,0.167437432254474,0.48552936225817,-0.037614086089678,0.037614086089678,0.0018407794019467,0.0018407794019467,0.6077890878770296,0.980890694556668,,b1036
GSE39582,M2_msd_coexpr,37,KDELR1;LIPE;SNRNP25;SRL,0.0,0.2817606143678296,0.6252074010780442,-0.2156571441206104,0.2156571441206104,-0.10747925756105,0.10747925756105,0.0045066399250505,0.1645952791719276,,b1037
GSE39582,M2_msd_coexpr,38,ZNF622;SNCA;PPIB;UROD,0.0,0.4672483314545297,1.4947190052592365,-0.0994319283940475,0.0994319283940475,-0.0058131479462767,0.0058131479462767,0.1546991266731837,0.933849183847562,,b1038
GSE39582,M2_msd_coexpr,39,SETSIP;LOC100996255;EXOSC8;PHYKPL,0.0,0.4231325381476455,1.233023194738532,-0.021936777689029,0.021936777689029,-0.0113242595989312,0.0113242595989312,0.7683591195918342,0.8811757103547007,,b1039
GSE39582,M2_msd_coexpr,40,GRHPR;SNCA;PPIF;PRPF40B,0.0,0.1673399027011085,0.2602838692359608,-0.0260795664573347,0.0260795664573347,0.0014322936566172,0.0014322936566172,0.7172951179324547,0.9838122383438878,,b1040
GSE39582,M2_msd_coexpr,41,GHITM;DCAKD;KRTCAP3;TSC22D1,0.0,0.3503793780219846,0.9131216394890664,-0.0766317699763997,0.0766317699763997,-0.0092835611801665,0.0092835611801665,0.2907655738726039,0.9039857231962624,,b1041
GSE39582,M2_msd_coexpr,42,CNOT1;SWT1;ACAT2;INTS1,0.0,0.185241117482485,0.4010005968451491,-0.2571664448519791,0.2571664448519791,-0.2574686471665989,0.2574686471665989,0.0006599508960438,0.0004740936339242,,b1042
GSE39582,M2_msd_coexpr,43,LAMTOR1;LOC100506538;TMEM30A;ACOX1,0.0,0.2692369277194033,0.709015295454247,-0.0660668915550427,0.0660668915550427,-0.0105480414977024,0.0105480414977024,0.3733506590390759,0.8902130660448764,,b1043
GSE39582,M2_msd_coexpr,44,FUCA2;ZNHIT2;SMAGP;SMU1,0.0,0.2979632756442709,0.5368999560884434,-0.2417413349531753,0.2417413349531753,-0.1358070597764004,0.1358070597764004,0.0007799402782267,0.0639482606164745,,b1044
GSE39582,M2_msd_coexpr,45,PDCD6IP;CXorf21;SRPK1;VAPA,0.0,0.2038229908715518,0.3822002933206355,-0.0113698987891274,0.0113698987891274,-0.0048614076338055,0.0048614076338055,0.8753473778085769,0.9502889507781443,,b1045
GSE39582,M2_msd_coexpr,46,SSR2;CINP;HIF1A;TFAP4,0.0,0.6662045185746228,1.275010045665717,-0.1377669064426548,0.1377669064426548,-0.1051140148085027,0.1051140148085027,0.059925733969184,0.1714770042721651,,b1046
GSE39582,M2_msd_coexpr,47,SAT1;DST;ODC1;AGFG1,0.0,0.6124362797513115,1.4828910613729165,-0.0507489981537376,0.0507489981537376,-0.1059637502428502,0.1059637502428502,0.4963943482607493,0.1619713518486906,,b1047
GSE39582,M2_msd_coexpr,48,ATPIF1;L2HGDH;IGFBP7;MAPK8,0.0,0.1389020270343518,0.1555891902994494,-0.0774391238743446,0.0774391238743446,-0.0589300526779623,0.0589300526779623,0.293916464021717,0.4484757414096778,,b1048
GSE39582,M2_msd_coexpr,49,PWP1;HARBI1;RND3;NAT6,0.0,0.2005001911124928,0.4713645123695951,-0.2233977592304419,0.2233977592304419,-0.2060530691329214,0.2060530691329214,0.0034704174468556,0.0055475963245549,,b1049
GSE39582,M2_msd_coexpr,50,CAPNS1;LOC100996255;VMP1;PMS2P8,0.0,0.5045415632911358,1.3240674697876886,-0.0569399769507454,0.0569399769507454,-0.1072617102852859,0.1072617102852859,0.4410788061952885,0.1517550188122042,,b1050
GSE39582,M2_msd_coexpr,51,NACA;MROH1;MIR7703;KCMF1,0.0,0.7374563852964338,1.4289832710567767,-0.283429574734385,0.283429574734385,-0.2823932397436614,0.2823932397436614,0.0001080930012209,0.0001841807272747,,b1051
GSE39582,M2_msd_coexpr,52,RPL18A;TMEM263;ROMO1;SRPK2,0.0,0.1454909468140298,0.2790794413887434,-0.1664892482319882,0.1664892482319882,-0.1487965454871844,0.1487965454871844,0.0262568172278167,0.0499576504487841,,b1052
GSE39582,M2_msd_coexpr,53,AUP1;SNCA;UAP1;DSTNP2,0.0,0.3688174204434924,0.6610223273955135,0.0136132421760606,0.0136132421760606,0.0466353552863635,0.0466353552863635,0.8510595003266758,0.5076639816794001,,b1053
GSE39582,M2_msd_coexpr,54,PWP1;ATPAF2;DHRS4L2;SETD1A,0.0,0.0604925077575303,0.0959214601681577,-0.2055668330337524,0.2055668330337524,-0.1395899535189717,0.1395899535189717,0.0048372425282048,0.0719368599503042,,b1054
GSE39582,M2_msd_coexpr,55,DDX47;POMGNT1;ITGAV;PMS2P8,0.0,0.464768785616389,0.8809165125277708,-0.1522336495404494,0.1522336495404494,-0.1613453904987625,0.1613453904987625,0.0346899426609523,0.0200893882167946,,b1055
GSE39582,M2_msd_coexpr,56,RNF181;NAA15;HIF1A;DDN,0.0,0.5986510111178597,1.275010045665717,-0.1035819494996634,0.1035819494996634,-0.112554977299701,0.112554977299701,0.1559056578325786,0.1369618479529656,,b1056
GSE39582,M2_msd_coexpr,57,TBCA;LSM11;DANCR;CDK12,0.0,0.5608057757703948,1.3269679876669471,-0.2325588790512626,0.2325588790512626,-0.2107559765341571,0.2107559765341571,0.0018569503535886,0.0058006430752625,,b1057
GSE39582,M2_msd_coexpr,58,ATP5I;MROH1;KIAA0101;TAF1C,0.0,0.4061214794698418,1.0124925113079044,-0.2004156612983758,0.2004156612983758,-0.1692757889352024,0.1692757889352024,0.0055478084922169,0.0205445078905672,,b1058
GSE39582,M2_msd_coexpr,59,SLC35A4;CDK14;HACD3;HEATR1,0.0,0.2649168378571949,0.7720094700716688,-0.0286063888435225,0.0286063888435225,0.0148051171088506,0.0148051171088506,0.6921915869755534,0.8449734213051907,,b1059
GSE39582,M2_msd_coexpr,60,AFTPH;CCAR2;PPIC;DDX59,0.0,0.2186590500326395,0.48552936225817,0.0246695090332878,0.0246695090332878,0.0293060635383905,0.0293060635383905,0.7345460934012095,0.6921690195984559,,b1060
GSE39582,M2_msd_coexpr,61,KIAA1143;CPEB2;SORL1;PDE6G,0.0,0.1995529890210091,0.5059841448109795,0.0048370241462275,0.0048370241462275,-0.1060483924556447,0.1060483924556447,0.9463051288846552,0.1558517460316321,,b1061
GSE39582,M2_msd_coexpr,62,DHX15;CDK14;SERINC1;PIGC,0.0,0.4483281637304395,0.996002710675744,0.1104862421114907,0.1104862421114907,0.087750413655167,0.087750413655167,0.1582134215049091,0.2700430942759735,,b1062
GSE39582,M2_msd_coexpr,63,GLT8D1;SWT1;MIR6849;SCFD1,0.0,0.0966302938349968,0.1476232611788209,-0.0135370178888464,0.0135370178888464,-0.105584598283628,0.105584598283628,0.8522929006593871,0.1479914682964848,,b1063
GSE39582,M2_msd_coexpr,64,VDAC1;C1orf74;PPIL1;IKBKE,0.0,0.1460301893941333,0.2871713891205419,-0.210154908493598,0.210154908493598,-0.1355715087778829,0.1355715087778829,0.0037641542049262,0.0664029064909632,,b1064
GSE39582,M2_msd_coexpr,65,TMX2;IL11RA;RMI2;ALG14,0.0,0.4467330272730884,0.939153898950648,-0.200632950459502,0.200632950459502,-0.1202517622148884,0.1202517622148884,0.0060222866500682,0.1123689666930009,,b1065
GSE39582,M2_msd_coexpr,66,ZDHHC6;CCAR2;RMI2;ZNF24,0.0,0.3133120294106203,0.5428968961166623,-0.1822458669690355,0.1822458669690355,-0.114298801279069,0.114298801279069,0.0167411270595234,0.1502079591532824,,b1066
GSE39582,M2_msd_coexpr,67,SS18L2;C1orf74;UAP1;NCOA6,0.0,0.2787560347141047,0.6610223273955135,-0.1788758778672897,0.1788758778672897,-0.1365586026955879,0.1365586026955879,0.0197057507205175,0.0663779440686348,,b1067
GSE39582,M2_msd_coexpr,68,IFNGR2;KLHL20;RND3;SEMA4A,0.0,0.3803938817040121,0.7567032063452955,0.200449611809402,0.200449611809402,0.1254491309206596,0.1254491309206596,0.0073731557976289,0.0988729537669847,,b1068
GSE39582,M2_msd_coexpr,69,FUCA2;RGS14;RPS6KA3;PIDD1,0.0,0.2269714308968967,0.3980421820549275,-0.2360571144009274,0.2360571144009274,-0.1678354525559386,0.1678354525559386,0.0017644682524472,0.0292668388782793,,b1069
GSE39582,M2_msd_coexpr,70,MIR6748;C1orf74;SCO2;SLC22A31,0.0,0.140912369395464,0.1785119348984227,-0.1677788987532293,0.1677788987532293,-0.0486482367582328,0.0486482367582328,0.0205616867289627,0.5221465221348827,,b1070
GSE39582,M2_msd_coexpr,71,BCL2L2-PABPN1;VMA21;PFKM;C14orf79,0.0,0.2014545947192956,0.2521676878810983,-0.1457563286597889,0.1457563286597889,-0.1369758847077617,0.1369758847077617,0.0503728395798361,0.0682366007324983,,b1071
GSE39582,M2_msd_coexpr,72,VGLL4;GLUD2;TMEM30A;BTBD7,0.0,0.1177664245197506,0.1236528027938169,0.0548571888814769,0.0548571888814769,0.0512206480887929,0.0512206480887929,0.4699836809120865,0.5119718175058023,,b1072
GSE39582,M2_msd_coexpr,73,HMGN1;LIPE;SNORD88C;BMPR1A,0.0,0.4675442607055013,1.3827947091052586,-0.2543092858248273,0.2543092858248273,-0.1813089007231037,0.1813089007231037,0.0005363239346875,0.0164701801941401,,b1073
GSE39582,M2_msd_coexpr,74,SETSIP;IL11RA;PPIF;CCDC90B,0.0,0.4399916543754079,1.233023194738532,0.0151263909499386,0.0151263909499386,0.0264877631768653,0.0264877631768653,0.8390864046631817,0.7225977854503915,,b1074
GSE39582,M2_msd_coexpr,75,TBCA;LOC100506538;MIR21;SLC22A31,0.0,0.4514705665601335,1.3269679876669471,-0.2038690454369805,0.2038690454369805,-0.2288356096494432,0.2288356096494432,0.0075983651294344,0.0037043427921216,,b1075
GSE39582,M2_msd_coexpr,76,ATXN10;GLUD2;MIR21;NXPH3,0.0,0.1672174892407014,0.268576107380006,0.0493908060871948,0.0493908060871948,0.0628783782147855,0.0628783782147855,0.4950132261961272,0.3894480124181646,,b1076
GSE39582,M2_msd_coexpr,77,NDUFA13;DCAKD;XPOT;BRD7,0.0,0.3974746264205053,1.220125495441954,-0.2064507827060657,0.2064507827060657,-0.1507248644844941,0.1507248644844941,0.0050342915149587,0.0441569434003908,,b1077
GSE39582,M2_msd_coexpr,78,RPL36AL;ATPAF2;MIR6800;RPAP2,0.0,0.453543568943717,1.346417091687299,-0.1841023780957821,0.1841023780957821,-0.1159853721295282,0.1159853721295282,0.0150224411960984,0.1190768303025413,,b1078
GSE39582,M2_msd_coexpr,79,VGLL4;ZBTB45;CLDN7;ITFG1,0.0,0.3442004086374871,0.9294112156271304,-0.1631056691571115,0.1631056691571115,-0.0801357085651672,0.0801357085651672,0.0170361484844261,0.2537188561329158,,b1079
GSE39582,M2_msd_coexpr,80,RTCB;LOC100996255;LOC728554;ZNF24,0.0,0.2920639425001478,0.5507873772274521,-0.0695028122531287,0.0695028122531287,0.0352646110552699,0.0352646110552699,0.3604644157287598,0.6548864867167051,,b1080
GSE39582,M2_msd_coexpr,81,GDI2;CPEB2;SNRPB;COG2,0.0,0.6898452965729879,1.3039672913153484,-0.0705844446906351,0.0705844446906351,-0.0581553751305358,0.0581553751305358,0.3449096608830422,0.4365293547757128,,b1081
GSE39582,M2_msd_coexpr,82,TOMM70;CBX2;PPIF;PKP4,0.0,0.2436784509673333,0.3138285201584349,-0.1480714979420121,0.1480714979420121,-0.1202302903422612,0.1202302903422612,0.041518712424206,0.0980442731784134,,b1082
GSE39582,M2_msd_coexpr,83,SEC61G;NRAV;MIR939;MGC45922,0.0,0.2686811419787209,0.8829917299825139,-0.0804565411555247,0.0804565411555247,-0.0712202495656166,0.0712202495656166,0.2720074203743479,0.3354921596634833,,b1083
GSE39582,M2_msd_coexpr,84,GABARAP;SWT1;CSE1L;ARAF,0.0,0.4055765011722937,1.2619638652392522,-0.0267600730135152,0.0267600730135152,-0.1189300341224696,0.1189300341224696,0.7253179843188475,0.1021601270064764,,b1084
GSE39582,M2_msd_coexpr,85,MIR6890;C19orf73;GCSH;CWC25,0.0,0.4633441110395486,1.3618771742016542,-0.234757693229497,0.234757693229497,-0.2326008843618761,0.2326008843618761,0.0016835340875891,0.0018860862791724,,b1085
GSE39582,M2_msd_coexpr,86,CTBP2;KLHL20;TOMM34;KANK2,0.0,0.2464064758528483,0.4576609399688367,0.0568576255929157,0.0568576255929157,0.0472661950258122,0.0472661950258122,0.4467756426367862,0.5249805693095834,,b1086
GSE39582,M2_msd_coexpr,87,AP2M1;DOCK5;IGFBP7;SMOX,0.0,0.2757517005659688,0.7678544233792474,0.1915101954502557,0.1915101954502557,0.1493387510875353,0.1493387510875353,0.0098625079696778,0.0306425294282616,,b1087
GSE39582,M2_msd_coexpr,88,R3HDM4;MROH1;SCRIB;TFAP4,0.0,0.1487411760612156,0.2863134518677055,-0.1020218494396398,0.1020218494396398,-0.0768003745704586,0.0768003745704586,0.1583365754248898,0.2946654069022492,,b1088
GSE39582,M2_msd_coexpr,89,YWHAZ;C1orf74;PSME2;SRL,0.0,0.7066684892929257,1.4289832710567767,-0.1966902250520922,0.1966902250520922,-0.1021636764448774,0.1021636764448774,0.0069741481964044,0.1596725238534493,,b1089
GSE39582,M2_msd_coexpr,90,APP;MROH1;SRPK1;KCMF1,0.0,0.2575721918683684,0.6038085854923059,-0.1537618301058777,0.1537618301058777,-0.1763769290019787,0.1763769290019787,0.0377276614253348,0.0181605418764269,,b1090
GSE39582,M2_msd_coexpr,91,DSTN;CPEB2;GSTP1;LOC101928143,0.0,0.4474289340112679,1.1788665917272678,0.0974846039885119,0.0974846039885119,0.0250284669606281,0.0250284669606281,0.1983542035398354,0.7227848765566058,,b1091
GSE39582,M2_msd_coexpr,92,QARS;LIPE;ACAT2;MARVELD1,0.0,0.5157522639342944,1.3618771742016542,-0.1715523013969011,0.1715523013969011,-0.0820931160297884,0.0820931160297884,0.0194415436551075,0.2803883704978186,,b1092
GSE39582,M2_msd_coexpr,93,P4HTM;DST;TIMM10;RDH13,0.0,0.1494394442187187,0.2458205703207188,-0.1331402241682591,0.1331402241682591,-0.1733879525559683,0.1733879525559683,0.0756536836958846,0.020368729585166,,b1093
GSE39582,M2_msd_coexpr,94,MDH1;DOCK5;RMI2;PLEKHA5,0.0,0.4410351660001158,1.1295067221567694,-0.1237796591401903,0.1237796591401903,-0.1368594091573138,0.1368594091573138,0.0949190305346601,0.0756511244184407,,b1094
GSE39582,M2_msd_coexpr,95,BOD1;NRAV;STAG2;PTK2B,0.0,0.2455404351946946,0.5680747054817906,-0.1027320102820781,0.1027320102820781,-0.1518141863738186,0.1518141863738186,0.1601845733103167,0.0395970261125866,,b1095
GSE39582,M2_msd_coexpr,96,SNAPIN;DST;KIAA0101;REXO2,0.0,0.1963276024402571,0.3735101607682681,-0.0409732963018619,0.0409732963018619,0.003958261876778,0.003958261876778,0.5809389858391982,0.9571610642295224,,b1096
GSE39582,M2_msd_coexpr,97,SETSIP;GALK1;LOC101927178;SRL,0.0,0.4372512216964603,1.233023194738532,-0.2460830341165215,0.2460830341165215,-0.18018625151698,0.18018625151698,0.0012669170300058,0.020362516925812,,b1097
GSE39582,M2_msd_coexpr,98,MRPL34;DOCK5;RND3;HSF4,0.0,0.2416955979355881,0.4713645123695951,-0.0360557301943748,0.0360557301943748,-0.0805364727761596,0.0805364727761596,0.628370017932804,0.2739386175316878,,b1098
GSE39582,M2_msd_coexpr,99,CHMP3;BORCS5;GNPNAT1;SLC22A31,0.0,0.3472866481656256,0.6369725892561021,-0.2029173859260782,0.2029173859260782,-0.1285235678933075,0.1285235678933075,0.0073754793163611,0.0842400542387322,,b1099
GSE39582,M2_msd_coexpr,100,MIR1236;BORCS5;PSMA7;DDAH1,0.0,0.3881033865097497,0.7576123754557008,-0.2572951911513473,0.2572951911513473,-0.207224350364966,0.207224350364966,0.0009176668933184,0.0066030530361586,,b1100
GSE39582,M2_msd_coexpr,101,SAT1;TMEM263;NUDT15;CASKIN2,0.0,0.2849677597811837,0.6176708011558665,0.0137160040189294,0.0137160040189294,-0.0542359276947616,0.0542359276947616,0.8519491272655155,0.4750607508544666,,b1101
GSE39582,M2_msd_coexpr,102,DYNLT1;CYLD;SNRPD1;RDH11,0.0,0.4244967664845725,1.3476043670113658,-0.0827196320470121,0.0827196320470121,-0.0963755717940082,0.0963755717940082,0.2582589050543526,0.2073612623005984,,b1102
GSE39582,M2_msd_coexpr,103,PIGY;RCBTB2;FAM213B;LRRC14,0.0,0.2399297000293947,0.4235950200747078,-0.0904986632954446,0.0904986632954446,-0.063185885228148,0.063185885228148,0.2090697296513737,0.3994419422012595,,b1103
GSE39582,M2_msd_coexpr,104,RPP25L;C1orf74;MAPK13;NPPA,0.0,0.1453513201110063,0.2878576093506134,-0.1411057949911278,0.1411057949911278,-0.0768341693467562,0.0768341693467562,0.0518657039412325,0.2746650943048089,,b1104
GSE39582,M2_msd_coexpr,105,SPAG7;IL11RA;PPIB;B9D2,0.0,0.5107537558310435,1.4947190052592365,-0.0366029161084302,0.0366029161084302,0.0685086894507451,0.0685086894507451,0.6079463180989472,0.3409278538930231,,b1105
GSE39582,M2_msd_coexpr,106,STUB1;SWT1;FMR1;B3GNT4,0.0,0.3831597373803783,0.7078240952873404,-0.0272035967710048,0.0272035967710048,-0.1268255225031843,0.1268255225031843,0.7114694888949629,0.0797741355394913,,b1106
GSE39582,M2_msd_coexpr,107,ABHD17A;LIPE;LOC728554;RPTOR,0.0,0.2699413036160802,0.4712021197129686,-0.111358083142406,0.111358083142406,-0.0085709765718267,0.0085709765718267,0.1321556347286471,0.9073296367053312,,b1107
GSE39582,M2_msd_coexpr,108,ABCF1;LOC100506538;EIF2S3;ST7,0.0,0.2695658435037006,0.6141794191779418,-0.1775594145220866,0.1775594145220866,-0.1055547720282495,0.1055547720282495,0.015679358913258,0.1643462565002605,,b1108
GSE39582,M2_msd_coexpr,109,DHX32;HARBI1;TOMM34;C3orf18,0.0,0.1716769939766759,0.2959905370502302,-0.0616163047464207,0.0616163047464207,-0.0106322843508109,0.0106322843508109,0.4139774950038578,0.8869196998927293,,b1109
GSE39582,M2_msd_coexpr,110,YWHAZ;LOC100996255;LOC101927178;MCTS1,0.0,0.3937306063281561,1.102561265253864,0.0110762114976381,0.0110762114976381,0.0136218150872311,0.0136218150872311,0.8774503245344447,0.8524237346567652,,b1110
GSE39582,M2_msd_coexpr,111,LOC101927180;DCAKD;CYC1;SEMA6C,0.0,0.5599322595391277,1.0027057445193213,-0.1565256101505089,0.1565256101505089,-0.0738808254009699,0.0738808254009699,0.035202210843645,0.3258895586921251,,b1111
GSE39582,M2_msd_coexpr,112,TMEM50A;IL11RA;LOC728554;MED7,0.0,0.3659852828309555,0.5741543623326198,0.0364417624645545,0.0364417624645545,0.0520167535778209,0.0520167535778209,0.6281222772120031,0.4770065942183523,,b1112
GSE39582,M2_msd_coexpr,113,SNORA41;DCAKD;SDF2L1;HAUS2,0.0,0.6343416266467632,2.0864419520023234,-0.1256217003534399,0.1256217003534399,-0.0345289859313491,0.0345289859313491,0.0823247539804978,0.6419313919032321,,b1113
GSE39582,M2_msd_coexpr,114,YWHAZ;MROH1;SLIRP;LPAR2,0.0,0.565149057437838,1.102561265253864,-0.136008836356071,0.136008836356071,-0.0956812182001635,0.0956812182001635,0.0562489047149829,0.1796602117445358,,b1114
GSE39582,M2_msd_coexpr,115,BCL2L2-PABPN1;CCAR2;GMNN;ST7-OT3,0.0,0.277567262751434,0.638965289267699,-0.3097633943255489,0.3097633943255489,-0.2169389957734932,0.2169389957734932,4.139694950037474e-05,0.0038960618594828,,b1115
GSE39582,M2_msd_coexpr,116,SNAPIN;KLHL20;NEK7;CAMTA1,0.0,0.2765589233339217,0.4374956897163014,0.0512369912172292,0.0512369912172292,0.0474155562679427,0.0474155562679427,0.4969404746586162,0.5242604152745267,,b1116
GSE39582,M2_msd_coexpr,117,SEC61G;L2HGDH;PLEK2;SH3BP5L,0.0,0.4251065039284785,0.8829917299825139,-0.095326919033299,0.095326919033299,-0.0428197073003397,0.0428197073003397,0.1903169986431215,0.5509072830494103,,b1117
GSE39582,M2_msd_coexpr,118,DCTD;TMEM263;PPIL1;PHYKPL,0.0,0.1672490153482992,0.2324260881344984,-0.0590553876581397,0.0590553876581397,-0.0333802638018689,0.0333802638018689,0.4452771005357157,0.658235533409731,,b1118
GSE39582,M2_msd_coexpr,119,SSR2;MROH1;FAM60A;HAUS2,0.0,0.4206743416926598,1.1147395788211891,-0.0839395782773851,0.0839395782773851,-0.0326539762421584,0.0326539762421584,0.2367224797039651,0.645387960492957,,b1119
GSE39582,M2_msd_coexpr,120,CHMP3;NRAV;SRPK1;FAM84B,0.0,0.2339332621930633,0.6369725892561021,-0.0921753310693459,0.0921753310693459,-0.1130696277823923,0.1130696277823923,0.2018216269191611,0.1288036560476923,,b1120
GSE39582,M2_msd_coexpr,121,PDHB;DOCK5;LAMP2;SMOX,0.0,0.1998867066944313,0.4593620693914928,-0.0132633966230206,0.0132633966230206,-0.0573099062742576,0.0573099062742576,0.853475036814289,0.4326502804893178,,b1121
GSE39582,M2_msd_coexpr,122,VGLL4;CPEB2;ACAT2;MGC45922,0.0,0.1936748799167226,0.4010005968451491,-0.0947882619574402,0.0947882619574402,-0.1583231171036535,0.1583231171036535,0.2032782510329245,0.0321414213297473,,b1122
GSE39582,M2_msd_coexpr,123,ALDH9A1;CINP;GNPNAT1;NR2C2,0.0,0.3910895052126192,0.7648773271433082,-0.1998323240575263,0.1998323240575263,-0.1657704382155096,0.1657704382155096,0.0078705442989922,0.028311442874351,,b1123
GSE39582,M2_msd_coexpr,124,TIMM23B;DCAKD;EIF4EBP1;PTK2B,0.0,0.1711245430511727,0.3359876240825625,-0.1774146353635304,0.1774146353635304,-0.1006341248291314,0.1006341248291314,0.0163196866521894,0.1876847526448439,,b1124
GSE39582,M2_msd_coexpr,125,NGRN;CDK14;SNRPB;TMEM175,0.0,0.3916988747106362,1.173757030373345,0.0325713708306997,0.0325713708306997,0.0953797666010622,0.0953797666010622,0.6446511783746542,0.1769299838424365,,b1125
GSE39582,M2_msd_coexpr,126,PIGY;LOC100506538;GCSH;PDCD6,0.0,0.1812471586354743,0.2597632055315096,-0.1705521718627796,0.1705521718627796,-0.1669316047244183,0.1669316047244183,0.0243061739458379,0.0288021162025068,,b1126
GSE39582,M2_msd_coexpr,127,GANAB;SWT1;DPM1;NUTM2F,0.0,0.4844826818468639,0.9696815650628768,0.0109096448160019,0.0109096448160019,-0.0661235515712961,0.0661235515712961,0.8813852510313887,0.357418844135302,,b1127
GSE39582,M2_msd_coexpr,128,PIH1D1;NT5DC2;PLP2;KANK1,0.0,0.4575625546852998,1.3834799011044818,-0.1590849336804815,0.1590849336804815,-0.1548930850334691,0.1548930850334691,0.0232944555579746,0.0348121526039023,,b1128
GSE39582,M2_msd_coexpr,129,HNRNPUL1;LSM11;SNORD88C;C6orf106,0.0,0.1733382954617006,0.2569059078953276,-0.1465587803963199,0.1465587803963199,-0.0780429001797139,0.0780429001797139,0.0412847683302923,0.3034295732250177,,b1129
GSE39582,M2_msd_coexpr,130,BCL2L2-PABPN1;ATPAF2;MIR939;POTEKP,0.0,0.137849418247863,0.2634493677501735,-0.0585332793696119,0.0585332793696119,0.0265620984160814,0.0265620984160814,0.4136400905042143,0.7222873851119888,,b1130
GSE39582,M2_msd_coexpr,131,SNORA67;VMA21;PHGDH;CCDC90B,0.0,0.2225251592378475,0.405380436181655,0.0661832060729809,0.0661832060729809,0.0324219718930093,0.0324219718930093,0.3619297006219213,0.6694449733928558,,b1131
GSE39582,M2_msd_coexpr,132,ADAR;LSM11;CLDN7;HAUS2,0.0,0.5796705581621452,1.189170280014854,-0.0788978653907172,0.0788978653907172,0.0387770654437125,0.0387770654437125,0.2863405385566653,0.6090391627865932,,b1132
GSE39582,M2_msd_coexpr,133,ZDHHC7;LIPE;ITGAV;LUC7L,0.0,0.4034944688858607,0.8809165125277708,-0.0162760273492436,0.0162760273492436,0.007713312688993,0.007713312688993,0.8231509847064711,0.9190224214103512,,b1133
GSE39582,M2_msd_coexpr,134,SUN2;NT5DC2;TRMT10C;PIGC,0.0,0.1337688778381236,0.2510924275438075,-0.1117533563481264,0.1117533563481264,-0.058527725731817,0.058527725731817,0.1277067328713604,0.4336944535638773,,b1134
GSE39582,M2_msd_coexpr,135,SUB1;DOCK5;ZNF511;DR1,0.0,0.1760670812075742,0.2515494633170709,-0.0517520066585565,0.0517520066585565,-0.0470315282734693,0.0470315282734693,0.4762975970969076,0.5353892929946598,,b1135
GSE39582,M2_msd_coexpr,136,PDIA6;ZBTB45;NAA38;BNIP1,0.0,0.3510601450884342,1.2229274361289173,-0.239435719706125,0.239435719706125,-0.1097714476948761,0.1097714476948761,0.0013414886863909,0.1574303830727956,,b1136
GSE39582,M2_msd_coexpr,137,ATP5J;TMEM263;TIPARP;CNPY4,0.0,0.4396455700391838,1.3072977314270515,0.1045541319538882,0.1045541319538882,0.0731640381828242,0.0731640381828242,0.1719628315132325,0.3203711826083331,,b1137
GSE39582,M2_msd_coexpr,138,SNORA48;NT5DC2;TOMM34;RHBG,0.0,0.3620608841259346,0.9623057516994116,-0.1184029305845545,0.1184029305845545,-0.0873104733098073,0.0873104733098073,0.0958256740718005,0.2453476316663588,,b1138
GSE39582,M2_msd_coexpr,139,PRDX1;CBX2;PSMB10;TMEM198,0.0,0.5928733843306636,1.6579516767378093,-0.1903905242068186,0.1903905242068186,-0.1552958805034356,0.1552958805034356,0.0093221212047205,0.0268396913890759,,b1139
GSE39582,M2_msd_coexpr,140,MRPL3;LSM11;RFC4;GRK5,0.0,0.4838069835703774,1.3681027892686817,-0.199267915728107,0.199267915728107,-0.169212217608568,0.169212217608568,0.0071945195228095,0.0260080863770031,,b1140
GSE39582,M2_msd_coexpr,141,COPZ1;C19orf73;MIR939;NFYC,0.0,0.2527678837877541,0.7091306654842555,-0.1172079605119841,0.1172079605119841,-0.0535073808599703,0.0535073808599703,0.1047537876520664,0.4666003440681856,,b1141
GSE39582,M2_msd_coexpr,142,PIH1D1;CYLD;GCSH;GTPBP8,0.0,0.1447540317794821,0.2516670050376876,-0.1995073641400585,0.1995073641400585,-0.1677744084761568,0.1677744084761568,0.0082868973867965,0.0294310392602843,,b1142
GSE39582,M2_msd_coexpr,143,DDX47;GLUD2;GOT1;NUTM2G,0.0,0.3352594413483059,0.6525851453992904,-0.1236631325633644,0.1236631325633644,-0.0256761545125076,0.0256761545125076,0.0963390493250576,0.7382028641662486,,b1143
GSE39582,M2_msd_coexpr,144,GABARAPL2;VMA21;THRIL;PHF3,0.0,0.4103424837146118,0.8455457043904979,0.0761540448457323,0.0761540448457323,0.0371157780544677,0.0371157780544677,0.2918627553118084,0.6191559982660841,,b1144
GSE39582,M2_msd_coexpr,145,ATP5I;GLUD2;ITGAV;MECP2,0.0,0.554356392594452,1.0124925113079044,0.0397863970016803,0.0397863970016803,0.0277407449731355,0.0277407449731355,0.5811654150448691,0.7052345595120946,,b1145
GSE39582,M2_msd_coexpr,146,PDIA6;SWT1;CSE1L;HDAC5,0.0,0.4310228956131153,1.2229274361289173,-0.0503135489059773,0.0503135489059773,-0.1076766745205745,0.1076766745205745,0.4967307893091686,0.1511601676665482,,b1146
GSE39582,M2_msd_coexpr,147,RAB6C;VMA21;C19orf48;RSPH3,0.0,0.3884455454223445,0.8481812884019587,0.0374889686181759,0.0374889686181759,-0.0056683624952888,0.0056683624952888,0.6126807695653556,0.9395358355637388,,b1147
GSE39582,M2_msd_coexpr,148,APP;EFCAB11;TMEM30A;SLC25A16,0.0,0.2598254304207414,0.6038085854923059,-0.0500543440593054,0.0500543440593054,-0.1034218885567722,0.1034218885567722,0.4865198703993729,0.1599767572520137,,b1148
GSE39582,M2_msd_coexpr,149,MIR6890;GALK1;RACGAP1;POTEKP,0.0,0.5799123364130992,1.3618771742016542,-0.2333440607298546,0.2333440607298546,-0.1310407418866672,0.1310407418866672,0.0010325478781896,0.0780939942152269,,b1149
GSE39582,M2_msd_coexpr,150,CWC15;EFCAB11;RND3;SH3BP5L,0.0,0.3499314766621286,0.6013334449161128,-0.1248100224632334,0.1248100224632334,-0.1373976746558597,0.1373976746558597,0.09265982219901,0.067544503726896,,b1150
GSE39582,M2_msd_coexpr,151,PSMD1;CPEB2;PPIC;NAT6,0.0,0.3147124403916057,0.48552936225817,-0.0567474952881663,0.0567474952881663,-0.0658604613461224,0.0658604613461224,0.4491195155377904,0.3714657587977032,,b1151
GSE39582,M2_msd_coexpr,152,VDAC2;HARBI1;SCAND1;PPP4R3B,0.0,0.4471438768388898,1.311188179211245,-0.1709955406690966,0.1709955406690966,-0.0919295473374203,0.0919295473374203,0.0242945120631816,0.2300709527263659,,b1152
GSE39582,M2_msd_coexpr,153,SRRM1;EFCAB11;UBE2T;RDH11,0.0,0.2829322860896247,0.4727686980273083,-0.2161064648001606,0.2161064648001606,-0.1777615408473196,0.1777615408473196,0.0025592288623014,0.0163228163503458,,b1153
GSE39582,M2_msd_coexpr,154,IFNGR2;EFCAB11;ABHD14A-ACY1;JARID2,0.0,0.3815837847465863,0.7567032063452955,-0.1561078039514898,0.1561078039514898,-0.1631930196170425,0.1631930196170425,0.0245122914764532,0.0201491295170013,,b1154
GSE39582,M2_msd_coexpr,155,GABARAPL2;KLHL20;UBL3;DHRS7,0.0,0.3510412794461118,0.8455457043904979,0.1529646248365422,0.1529646248365422,0.1239987924319554,0.1239987924319554,0.0417614919391573,0.1038543244728835,,b1155
GSE39582,M2_msd_coexpr,156,RER1;POMGNT1;SNRPB;ANKS3,0.0,0.3751287336909061,1.173757030373345,-0.1842981917165689,0.1842981917165689,-0.0911639941371399,0.0911639941371399,0.0124375472768512,0.211527502774137,,b1156
GSE39582,M2_msd_coexpr,157,RBX1;ZNHIT2;EXOSC8;PAK1,0.0,0.3004526376019028,0.5922181049320194,-0.2322762230473246,0.2322762230473246,-0.1678217198595901,0.1678217198595901,0.0010789352000907,0.0180872303772636,,b1157
GSE39582,M2_msd_coexpr,158,EEF1B2;WDCP;ODC1;SMARCD1,0.0,0.961646425204801,2.0864419520023234,-0.2010213920340683,0.2010213920340683,-0.1526771209298634,0.1526771209298634,0.0051843071667198,0.0387556350780847,,b1158
GSE39582,M2_msd_coexpr,159,FUCA2;POMGNT1;FAM213B;MAPK8,0.0,0.2720108105467686,0.4235950200747078,-0.2050243026802831,0.2050243026802831,-0.1500454222832163,0.1500454222832163,0.0066767776804119,0.051478566684777,,b1159
GSE39582,M2_msd_coexpr,160,GLRX5;CINP;PPIF;UNC93B1,0.0,0.2571122566960307,0.5481025605461266,-0.1119196155371313,0.1119196155371313,-0.0469629541606879,0.0469629541606879,0.1197762127888754,0.5249005720389874,,b1160
GSE39582,M2_msd_coexpr,161,SURF4;LIPE;GMNN;PHYKPL,0.0,0.3906127000557551,0.638965289267699,-0.1792809210201113,0.1792809210201113,-0.0639614476066067,0.0639614476066067,0.0171220723789671,0.3991418141773456,,b1161
GSE39582,M2_msd_coexpr,162,SNORD10;LSM11;ITGAV;C2orf42,0.0,0.5053095987935439,0.9623057516994116,-0.0258832941761084,0.0258832941761084,-0.0082529974915817,0.0082529974915817,0.7348696469408044,0.914270100071354,,b1162
GSE39582,M2_msd_coexpr,163,JAGN1;EFCAB11;TIMM10;PDCD2,0.0,0.1887281076880933,0.3405454399597196,-0.3383060417729931,0.3383060417729931,-0.2536278753166162,0.2536278753166162,6.036924881695805e-06,0.0005808657202552,,b1163
GSE39582,M2_msd_coexpr,164,HMGN1;CBX2;CCNDBP1;CEBPA-AS1,0.0,0.4455234029279741,1.3827947091052586,-0.0969909445930724,0.0969909445930724,-0.020486166052519,0.020486166052519,0.1767639050125131,0.7833682417528198,,b1164
GSE39582,M2_msd_coexpr,165,TOMM6;BORCS5;NUDT15;PKP4,0.0,0.4426643040029661,1.0636440148734143,-0.0979343446844071,0.0979343446844071,-0.0971284371085851,0.0971284371085851,0.1938137226103997,0.1969830731832277,,b1165
GSE39582,M2_msd_coexpr,166,TBCA;LOC100506538;CORO1C;GRK5,0.0,0.5296821400739395,1.3269679876669471,-0.1777354610126723,0.1777354610126723,-0.114917975441461,0.114917975441461,0.0168593889891698,0.1041117106380247,,b1166
GSE39582,M2_msd_coexpr,167,ALDH9A1;KLHL20;UBE2T;CNPY4,0.0,0.3829038135064519,0.7648773271433082,0.0481180161543293,0.0481180161543293,0.127882601199307,0.127882601199307,0.4997076427408031,0.0918477493119992,,b1167
GSE39582,M2_msd_coexpr,168,ABCF1;HARBI1;KPNA2;SNORD49B,0.0,0.354033041928695,1.008043131485613,-0.1103228834953476,0.1103228834953476,-0.0486551091751592,0.0486551091751592,0.1274042403828827,0.5129585528640295,,b1168
GSE39582,M2_msd_coexpr,169,RNF103-CHMP3;KLHL20;MIR7703;RNF219,0.0,0.5825833520025477,1.4289832710567767,0.0071373341555986,0.0071373341555986,-0.0113577250528511,0.0113577250528511,0.9264934086242668,0.8847707409781141,,b1169
GSE39582,M2_msd_coexpr,170,ADIPOR1;TMEM263;NELFCD;ZNF205,0.0,0.2961559064186927,0.7982890854901131,-0.1413851170274821,0.1413851170274821,-0.0626413278194152,0.0626413278194152,0.0588283666696415,0.3879030664076863,,b1170
GSE39582,M2_msd_coexpr,171,PSMG2;C19orf73;KRTCAP3;STK10,0.0,0.4177242622885256,1.09863335230739,-0.1396681376650424,0.1396681376650424,-0.0931590285077263,0.0931590285077263,0.0518022262796485,0.2029659378417856,,b1171
GSE39582,M2_msd_coexpr,172,LRRC8D;KLHL20;BSG;ABHD17B,0.0,0.2725312758956031,0.7917959361543425,0.0332942435077936,0.0332942435077936,0.0416274328245812,0.0416274328245812,0.6463791735327655,0.567127120452517,,b1172
GSE39582,M2_msd_coexpr,173,ETF1;LOC100506538;CKS2;MRM1,0.0,0.4164623394518651,1.0828062788285135,-0.2347214437013474,0.2347214437013474,-0.1871231399461932,0.1871231399461932,0.0014876626673644,0.0108008921385347,,b1173
GSE39582,M2_msd_coexpr,174,SNRPG;GLUD2;FAM213B;MRM1,0.0,0.5352940170716034,1.418407787163572,-0.2221199726584195,0.2221199726584195,-0.1137556621764319,0.1137556621764319,0.0029041595066719,0.123283107761926,,b1174
GSE39582,M2_msd_coexpr,175,JOSD1;LOC100506538;DHRS4L2;MCFD2,0.0,0.1798376973369438,0.3713478521535843,-0.0954149512452907,0.0954149512452907,-0.0338207451409003,0.0338207451409003,0.2094345440648293,0.6618237817122706,,b1175
GSE39582,M2_msd_coexpr,176,MIR6748;LOC100506538;EIF4EBP1;MRPS11,0.0,0.1985505276932504,0.3359876240825625,-0.1131142583535417,0.1131142583535417,-0.0275636674898606,0.0275636674898606,0.1140553882838241,0.7061769014604444,,b1176
GSE39582,M2_msd_coexpr,177,NDUFS2;TMEM263;ITGAV;DNAJC2,0.0,0.4521750936139771,0.8809165125277708,-0.0846639515462226,0.0846639515462226,-0.1029165624832025,0.1029165624832025,0.2450609404099738,0.1717332983864682,,b1177
GSE39582,M2_msd_coexpr,178,MRPL3;C1orf74;MIR6800;RPTOR,0.0,0.4661260409456058,1.3681027892686817,-0.2236742081874591,0.2236742081874591,-0.1649725750734912,0.1649725750734912,0.0020625952572185,0.0240232520895173,,b1178
GSE39582,M2_msd_coexpr,179,UBE2K;C19orf73;PPIL1;NFYC,0.0,0.1432862992792072,0.1907939718545837,-0.1371424283115769,0.1371424283115769,-0.08914313209883,0.08914313209883,0.0618973241518885,0.2311447314883064,,b1179
GSE39582,M2_msd_coexpr,180,NDUFB10;ATPAF2;LOC101060817;CCDC159,0.0,0.2508885046137486,0.6413572029759124,-0.2284778416896778,0.2284778416896778,-0.1118251758006004,0.1118251758006004,0.0020833114744206,0.1305961278809918,,b1180
GSE39582,M2_msd_coexpr,181,UNC50;RGS14;SMAGP;KRAS,0.0,0.18533418586301,0.5368999560884434,-0.1773576704168559,0.1773576704168559,-0.1180194893691796,0.1180194893691796,0.0124847423235519,0.097322371771828,,b1181
GSE39582,M2_msd_coexpr,182,TIMM23B;GLUD2;CSE1L;ZNF584,0.0,0.1534080053329578,0.206876507960506,-0.1546937341899109,0.1546937341899109,-0.1077532713754734,0.1077532713754734,0.033647464084895,0.1514581839964057,,b1182
GSE39582,M2_msd_coexpr,183,ATP5B;RCBTB2;FAM60A;CLCF1,0.0,0.5788070361134734,1.6502959930496215,-0.0811653149986245,0.0811653149986245,-0.061617540810562,0.061617540810562,0.2577881012129157,0.4166575926076522,,b1183
GSE39582,M2_msd_coexpr,184,ATPIF1;C1orf74;PLP2;GRK5,0.0,0.4686973872584142,1.3834799011044818,-0.1765323792118681,0.1765323792118681,-0.1013116205031199,0.1013116205031199,0.0157793827260971,0.1545063569246089,,b1184
GSE39582,M2_msd_coexpr,185,SRRM1;DST;RMI2;PARD6A,0.0,0.3116275557160014,0.5428968961166623,-0.074419724746598,0.074419724746598,-0.0124015560613838,0.0124015560613838,0.3139415306260966,0.8687421624491674,,b1185
GSE39582,M2_msd_coexpr,186,SNORD10;IL11RA;NELFCD;DNAJC2,0.0,0.4949469135619408,0.9623057516994116,-0.1702193106478517,0.1702193106478517,-0.1666189642056982,0.1666189642056982,0.0194690314044559,0.0194925340664956,,b1186
GSE39582,M2_msd_coexpr,187,LCMT1;CDKN2AIPNL;ITGAV;PPP4R3B,0.0,0.2976417023620789,0.8809165125277708,-0.1275539567277805,0.1275539567277805,-0.1481599112254307,0.1481599112254307,0.0827920301064991,0.0503881927094085,,b1187
GSE39582,M2_msd_coexpr,188,NCOA4;CBX2;FAM60A;INO80D,0.0,0.4804079546494543,1.3074732949613963,-0.049819395272458,0.049819395272458,-0.0805993779788824,0.0805993779788824,0.5000361172924687,0.2764991406135588,,b1188
GSE39582,M2_msd_coexpr,189,EEF1B2;ZBTB45;KRTCAP3;CDK3,0.0,0.638895919962155,2.0864419520023234,-0.1456692139806454,0.1456692139806454,-0.1070148247368114,0.1070148247368114,0.039505145639449,0.1379723561434223,,b1189
GSE39582,M2_msd_coexpr,190,NOMO1;CCAR2;VMP1;PARD6A,0.0,0.4538196444881833,0.9382633176097204,-0.0367584560109779,0.0367584560109779,-0.0523353123673223,0.0523353123673223,0.6100959283969121,0.4818210278023457,,b1190
GSE39582,M2_msd_coexpr,191,DDX47;CCAR2;EXOSC8;FAM219B,0.0,0.27804574767125,0.6525851453992904,-0.1068833721106427,0.1068833721106427,-0.0481160946932314,0.0481160946932314,0.1414788704612104,0.501724266586081,,b1191
GSE39582,M2_msd_coexpr,192,SRRM1;KLHL20;SNRPB;LOC101927705,0.0,0.465013387604527,1.173757030373345,-0.0557254420350646,0.0557254420350646,0.021268279389199,0.021268279389199,0.4482920486759657,0.7707212087957487,,b1192
GSE39582,M2_msd_coexpr,193,SLC35A4;VMA21;MIR939;TFAP4,0.0,0.1176611081249627,0.1668089182599538,-0.1261354799668278,0.1261354799668278,-0.0982172353490706,0.0982172353490706,0.0828395137912347,0.1703647608549272,,b1193
GSE39582,M2_msd_coexpr,194,MIR6890;CXorf21;GOT1;DHRS7,0.0,0.4921480376790593,1.3618771742016542,-0.0635547196975059,0.0635547196975059,0.039750710092039,0.039750710092039,0.390451470974466,0.6044721627087588,,b1194
GSE39582,M2_msd_coexpr,195,CHMP3;C1orf74;CSE1L;C7orf43,0.0,0.2991204843245233,0.6369725892561021,-0.1107527266786412,0.1107527266786412,-0.0988483907469083,0.0988483907469083,0.1341013014252209,0.1806578982283854,,b1195
GSE39582,M2_msd_coexpr,196,STUB1;CYLD;PSMA7;ABHD17B,0.0,0.3976799850016858,0.7576123754557008,-0.2130661706840697,0.2130661706840697,-0.2147139846661024,0.2147139846661024,0.0043685285015352,0.0043801920634324,,b1196
GSE39582,M2_msd_coexpr,197,RPS19BP1;LOC100506538;GSTP1;CFAP73,0.0,0.3716663692507482,1.1788665917272678,-0.1923354878155698,0.1923354878155698,-0.1104042179250977,0.1104042179250977,0.0098264805186768,0.1424748873003649,,b1197
GSE39582,M2_msd_coexpr,198,DCTD;BORCS5;CYC1;SNIP1,0.0,0.3617566051213469,1.0027057445193213,-0.1547680096144507,0.1547680096144507,-0.0805922419314806,0.0805922419314806,0.0358377509143086,0.2848650912392922,,b1198
GSE39582,M2_msd_coexpr,199,PSMD14;SWT1;NAA38;GTF3C4,0.0,0.3452389587953562,1.010961369407792,-0.1704288611644374,0.1704288611644374,-0.1924792509356139,0.1924792509356139,0.0246846455719646,0.0163772408787768,,b1199
GSE39582,M2_msd_coexpr,200,SHC1;KLHL20;KRT8;BRD7,0.0,0.5112533664484861,1.6573869593826307,0.1322572601267288,0.1322572601267288,0.1874790505537156,0.1874790505537156,0.0730873111143419,0.0131823204007569,,b1200
GSE39582,M2_msd_coexpr,201,ZDHHC7;POMGNT1;DHRS4L2;VAPA,0.0,0.1760567585695487,0.3826860516062907,-0.0762908831672371,0.0762908831672371,-0.0140197605507674,0.0140197605507674,0.314895062961946,0.8568451551537355,,b1201
GSE39582,M2_msd_coexpr,202,NIF3L1;GLUD2;ADAP1;CASKIN2,0.0,0.1857516320401767,0.3929334282193406,-0.0743589967961343,0.0743589967961343,-0.0135077488619951,0.0135077488619951,0.3224919750216056,0.8533301808352469,,b1202
GSE39582,M2_msd_coexpr,203,TBC1D14;LSM11;SRPK1;BAD,0.0,0.1215173391011485,0.2344205149739187,-0.2094311981699571,0.2094311981699571,-0.1697231800007524,0.1697231800007524,0.0056658503047988,0.0337910014111666,,b1203
GSE39582,M2_msd_coexpr,204,SUB1;DST;KIAA0101;PIDD1,0.0,0.1961672074803306,0.3735101607682681,-0.0915370999490671,0.0915370999490671,-0.0953242782574229,0.0953242782574229,0.205629178030144,0.2176983306683038,,b1204
GSE39582,M2_msd_coexpr,205,QARS;WDCP;LOC101927178;GFM1,0.0,0.4729774885566037,1.3618771742016542,-0.1074492484094263,0.1074492484094263,-0.0867498117339361,0.0867498117339361,0.1418967464671049,0.2416932995394757,,b1205
GSE39582,M2_msd_coexpr,206,VGLL4;C1orf74;EXOSC8;UNC93B1,0.0,0.1345943908958415,0.1791458946445437,-0.0905043163543671,0.0905043163543671,-0.0567509945514947,0.0567509945514947,0.2050996967523146,0.4308178255564611,,b1206
GSE39582,M2_msd_coexpr,207,PRDX6;SWT1;STAG2;TMEM170A,0.0,0.4324025762189333,1.0053408006364442,0.0830516089480278,0.0830516089480278,-0.0031342744703623,0.0031342744703623,0.2630079241999778,0.9677677380127384,,b1207
GSE39582,M2_msd_coexpr,208,NCOA4;SWT1;EIF4EBP1;RAB43,0.0,0.4691014799174929,1.3074732949613963,-0.0665418124103671,0.0665418124103671,-0.0272985013514303,0.0272985013514303,0.3755220136983533,0.706294843669635,,b1208
GSE39582,M2_msd_coexpr,209,BAG6;L2HGDH;GNPNAT1;BCAT2,0.0,0.223759340492909,0.5134801026880564,-0.2027972643573458,0.2027972643573458,-0.1455749967209927,0.1455749967209927,0.005401679987705,0.0478417281845004,,b1209
GSE39582,M2_msd_coexpr,210,ABL1;DST;SORL1;LINC01569,0.0,0.2023621541132773,0.5059841448109795,0.0843700589233025,0.0843700589233025,0.0092304738598344,0.0092304738598344,0.2492074757218434,0.903330345572733,,b1210
GSE39582,M2_msd_coexpr,211,ARF3;WDCP;RPS6KA3;GAMT,0.0,0.1902978346132757,0.3530721774968335,-0.1350917844426601,0.1350917844426601,-0.0880613007029744,0.0880613007029744,0.0718084627832805,0.2617245999822265,,b1211
GSE39582,M2_msd_coexpr,212,MRPL3;C1orf74;EXOSC8;HEATR1,0.0,0.4353996988224036,1.3681027892686817,-0.1469479544818858,0.1469479544818858,-0.1254620182894675,0.1254620182894675,0.0479218199539289,0.0938984863929286,,b1212
GSE39582,M2_msd_coexpr,213,GLRX5;ATPAF2;SLIRP;DHRS7,0.0,0.4016024686935734,0.8364923559302101,-0.143179119566102,0.143179119566102,-0.0875902869809182,0.0875902869809182,0.0485254220042634,0.2504801716116186,,b1213
GSE39582,M2_msd_coexpr,214,GDI2;NRAV;SLIRP;MGC45922,0.0,0.5703877552292296,1.3039672913153484,-0.0749193011975651,0.0749193011975651,-0.0364233869397923,0.0364233869397923,0.3031022225244932,0.6247962798489394,,b1214
GSE39582,M2_msd_coexpr,215,COMMD3;RCBTB2;FAM8A1;MCTS1,0.0,0.2156742547272928,0.3211375451181377,0.0358877346983509,0.0358877346983509,0.0401000958822516,0.0401000958822516,0.6255573106910283,0.5925902979163756,,b1215
GSE39582,M2_msd_coexpr,216,ATP5I;LSM11;YWHAE;NOD1,0.0,0.4535919691055978,1.0124925113079044,-0.1098117643355694,0.1098117643355694,-0.0461290530663767,0.0461290530663767,0.131697879472418,0.5460658861633791,,b1216
GSE39582,M2_msd_coexpr,217,MRPL18;MROH1;MRPS28;LOC101928143,0.0,0.2608873925434752,0.7209927615365359,-0.0880238203946178,0.0880238203946178,-0.077034364163322,0.077034364163322,0.2344725821404895,0.2906719667814795,,b1217
GSE39582,M2_msd_coexpr,218,CTDNEP1;GLUD2;SNRPB;FKBP8,0.0,0.4064398852251916,1.173757030373345,-0.0957344239476936,0.0957344239476936,0.0189511984154997,0.0189511984154997,0.2014789532075057,0.7975292978714162,,b1218
GSE39582,M2_msd_coexpr,219,SETSIP;ATPAF2;MIR7703;CWC25,0.0,0.7245173797513057,1.4289832710567767,-0.2746470800987116,0.2746470800987116,-0.1973171835455257,0.1973171835455257,0.0005164539854915,0.0173497701644747,,b1219
GSE39582,M2_msd_coexpr,220,APP;MROH1;LOC101060817;ZNF683,0.0,0.2158875758163864,0.6038085854923059,-0.1611312458185284,0.1611312458185284,-0.1236023836598367,0.1236023836598367,0.0307777948432774,0.079484548572302,,b1220
GSE39582,M2_msd_coexpr,221,NGRN;NAA15;PPIC;RPAP2,0.0,0.2756547964201919,0.48552936225817,0.0444160637360533,0.0444160637360533,0.0283508974254602,0.0283508974254602,0.547402971581823,0.7012187632299227,,b1221
GSE39582,M2_msd_coexpr,222,PSMD7;CPEB2;HIF1A;PCDH1,0.0,0.5016249052607537,1.275010045665717,-0.0573199286538577,0.0573199286538577,-0.1162298320336659,0.1162298320336659,0.4438948299157842,0.1171208936419679,,b1222
GSE39582,M2_msd_coexpr,223,ARPC5L;TMEM263;TMEM30A;SEMA6C,0.0,0.1327779152395088,0.169801400130362,0.0984269732596809,0.0984269732596809,0.0886461589410697,0.0886461589410697,0.1883481109276403,0.2529991247118111,,b1223
GSE39582,M2_msd_coexpr,224,PRDX1;CYLD;MIR21;NEPRO,0.0,0.5617114334875704,1.6579516767378093,0.0537038137391057,0.0537038137391057,-0.0162740283977145,0.0162740283977145,0.4729329462143317,0.8356762507222489,,b1224
GSE39582,M2_msd_coexpr,225,ATP5B;KLHL20;EZR;EMC7,0.0,0.5586243044560074,1.6502959930496215,-0.0043598209659604,0.0043598209659604,0.0849749420961098,0.0849749420961098,0.95163820377832,0.2433195557660246,,b1225
GSE39582,M2_msd_coexpr,226,EIF3D;EFCAB11;PAM;GMEB1,0.0,0.5057064488169463,1.2506953944484305,-0.1813536763252394,0.1813536763252394,-0.1517987591048647,0.1517987591048647,0.0093101866553009,0.0342964429680208,,b1226
GSE39582,M2_msd_coexpr,227,SEC61G;SNCA;SCAND1;LOC101930388,0.0,0.3162991297987375,0.8829917299825139,0.0212939211944381,0.0212939211944381,0.0062936796615259,0.0062936796615259,0.7704551050289599,0.930871467890024,,b1227
GSE39582,M2_msd_coexpr,228,PSMA6;CINP;LOC728554;SLC22A31,0.0,0.3608023966580701,0.7183502998507227,-0.1681547533219098,0.1681547533219098,-0.1184751948112528,0.1184751948112528,0.0198921501421514,0.1055212553003751,,b1228
GSE39582,M2_msd_coexpr,229,APP;LSM11;PPIB;BRAP,0.0,0.585548354091747,1.4947190052592365,-0.1128800215614046,0.1128800215614046,-0.0332362245418028,0.0332362245418028,0.1151997833974069,0.6687988493280914,,b1229
GSE39582,M2_msd_coexpr,230,EMC4;ATPAF2;EIF4EBP1;COG2,0.0,0.3249892223002975,0.7811239764692479,-0.1252590966423329,0.1252590966423329,0.024623201887443,0.024623201887443,0.0816046312052962,0.739592506320232,,b1230
GSE39582,M2_msd_coexpr,231,RNF181;LSM11;PLEK2;ZNF394,0.0,0.411992992380171,0.7819809311933767,-0.1318478583258283,0.1318478583258283,-0.0868587099235663,0.0868587099235663,0.0734267535121449,0.2247624300747512,,b1231
GSE39582,M2_msd_coexpr,232,LOC101930591;CCAR2;TMEM30A;PHF6,0.0,0.1270942749709408,0.162631740479365,-0.0125232022531747,0.0125232022531747,0.0280731298774166,0.0280731298774166,0.8607577470604284,0.7117495820867888,,b1232
GSE39582,M2_msd_coexpr,233,LOC101927180;CINP;TOMM34;MGC45922,0.0,0.3353228609675107,0.9842794726062132,-0.1131445844543752,0.1131445844543752,-0.0724808925367584,0.0724808925367584,0.1214949132525912,0.3168476313182862,,b1233
GSE39582,M2_msd_coexpr,234,SND1;NT5DC2;SNORD88C;MED17,0.0,0.2784842710648959,0.528618167530643,-0.2127527588198089,0.2127527588198089,-0.1674147752759104,0.1674147752759104,0.001643196100953,0.0162100098099178,,b1234
GSE39582,M2_msd_coexpr,235,LOC101930324;CDK14;PSMA7;SNORA17B,0.0,0.4015444585358632,0.7576123754557008,-0.1800976219300999,0.1800976219300999,-0.1999465317390032,0.1999465317390032,0.0155801262024873,0.0080294049683887,,b1235
GSE39582,M2_msd_coexpr,236,PPP6C;CCAR2;CCNDBP1;SMU1,0.0,0.1097504803438709,0.1242131271150221,-0.071578240464448,0.071578240464448,0.0390342978833344,0.0390342978833344,0.3307140002767297,0.6090047637866155,,b1236
GSE39582,M2_msd_coexpr,237,SLC25A3;LSM11;PLEK2;PGS1,0.0,0.3286714995588616,0.5617289275625249,-0.0984929851496061,0.0984929851496061,-0.0845605312494901,0.0845605312494901,0.1766095772190333,0.2647280145050634,,b1237
GSE39582,M2_msd_coexpr,238,CHMP2A;CINP;PNP;TMSB4Y,0.0,0.359937637340062,0.7069561288144194,-0.0779692778267912,0.0779692778267912,-0.0632054271798776,0.0632054271798776,0.2901093545892648,0.3954625329004185,,b1238
GSE39582,M2_msd_coexpr,239,RAB6C;CYLD;SCAND1;KRAS,0.0,0.324401754078105,0.8481812884019587,0.0412429737724909,0.0412429737724909,0.0500054451878709,0.0500054451878709,0.578356337108948,0.5285843727013416,,b1239
GSE39582,M2_msd_coexpr,240,HMGN1;BORCS5;MXI1;TOB2,0.0,0.6076149356986916,1.3827947091052586,-0.1075543955305277,0.1075543955305277,-0.1362076589185351,0.1362076589185351,0.1480454584762326,0.0755264898006357,,b1240
GSE39582,M2_msd_coexpr,241,VDAC2;IL11RA;PLEK2;RABL6,0.0,0.5582394773987516,1.311188179211245,-0.0830360997212378,0.0830360997212378,-0.0609918761063973,0.0609918761063973,0.2603659293369228,0.4204465786131932,,b1241
GSE39582,M2_msd_coexpr,242,STUB1;TMEM263;GMNN;NAT6,0.0,0.4035436000474886,0.7078240952873404,-0.2559409941067101,0.2559409941067101,-0.2365506044453293,0.2365506044453293,0.0005525596512328,0.0011793618765266,,b1242
GSE39582,M2_msd_coexpr,243,UBE2N;BORCS5;CLDN7;MUM1,0.0,0.4541272796520952,0.9294112156271304,-0.2352498695434916,0.2352498695434916,-0.1473259082177524,0.1473259082177524,0.0015145231943798,0.0398189459404726,,b1243
GSE39582,M2_msd_coexpr,244,TBCA;SWT1;UBL3;LPAR2,0.0,0.4890163020363187,1.3269679876669471,-0.1117049033193748,0.1117049033193748,-0.1806174001314686,0.1806174001314686,0.1315980378609203,0.0119370786053547,,b1244
GSE39582,M2_msd_coexpr,245,ARF6;BORCS5;PSMB10;MCTS1,0.0,0.2619159754159876,0.4792632351004413,-0.1930693106535137,0.1930693106535137,-0.1503779984883242,0.1503779984883242,0.011268144095066,0.0465170736190015,,b1245
GSE39582,M2_msd_coexpr,246,SNAPIN;LOC100996255;SNRNP25;HSF4,0.0,0.1917308363285306,0.2482210517418348,-0.1047107819553399,0.1047107819553399,-0.0161798896400331,0.0161798896400331,0.1620163378352658,0.8304910549047805,,b1246
GSE39582,M2_msd_coexpr,247,SNORA67;CPEB2;THOC3;RDH13,0.0,0.3025573730870424,0.4712021197129686,-0.0053382993847559,0.0053382993847559,-0.0137255964268054,0.0137255964268054,0.9431974486366472,0.8507365470276268,,b1247
GSE39582,M2_msd_coexpr,248,SNORD23;LOC100506538;KIAA0101;CCDC159,0.0,0.4694034584566676,1.3309172500742397,-0.2186401554217843,0.2186401554217843,-0.109733841987668,0.109733841987668,0.0026823062377704,0.122998626062152,,b1248
GSE39582,M2_msd_coexpr,249,UBE4A;BORCS5;PLP2;SOS1,0.0,0.5166749770590848,1.3834799011044818,-0.0698249798220142,0.0698249798220142,-0.111149630139394,0.111149630139394,0.3346694087254016,0.1523598932297244,,b1249
GSE39582,M2_msd_coexpr,250,IFNGR2;CINP;NXT1;SNORD49B,0.0,0.2928379030105272,0.7567032063452955,-0.0418615049750278,0.0418615049750278,-0.0378726810260435,0.0378726810260435,0.5571334271169002,0.6012609695196551,,b1250
GSE39582,M2_msd_coexpr,251,RPS29;CDKN2AIPNL;ZNF511;TMEM170A,0.0,0.2268580484997465,0.5018237281013749,-0.0880927475771786,0.0880927475771786,-0.0567224534454065,0.0567224534454065,0.2315962447933921,0.4601334251965848,,b1251
GSE39582,M2_msd_coexpr,252,BCL2L2-PABPN1;DST;SNRPD1;ANKRD13A,0.0,0.1516792295602616,0.2758061516963474,-0.0534372778261507,0.0534372778261507,-0.0156979672162317,0.0156979672162317,0.4764607001630123,0.8376547411167593,,b1252
GSE39582,M2_msd_coexpr,253,CHMP4A;LIPE;LOC728554;JARID2,0.0,0.2477389919432948,0.4712021197129686,-0.1883647835724837,0.1883647835724837,-0.1246942261939063,0.1246942261939063,0.0077163890489602,0.0831474437102287,,b1253
GSE39582,M2_msd_coexpr,254,MRPS22;IL11RA;RFC4;PHF3,0.0,0.1691111608661147,0.2819263871389943,-0.0570580134209729,0.0570580134209729,-0.0979928052264616,0.0979928052264616,0.4519268680915194,0.2130136099139409,,b1254
GSE39582,M2_msd_coexpr,255,MIR6748;CDKN2AIPNL;PCNA;KANK2,0.0,0.4325859600052285,1.214776322647413,-0.1163761292213892,0.1163761292213892,-0.0554002504128422,0.0554002504128422,0.1057990280561767,0.4440274878071718,,b1255
GSE39582,M2_msd_coexpr,256,TMEM50A;LSM11;ASUN;ZNF24,0.0,0.2445110040829851,0.5741543623326198,-0.034750897303315,0.034750897303315,0.0027458935897145,0.0027458935897145,0.6397416342882025,0.971890755413283,,b1256
GSE39582,M2_msd_coexpr,257,SNF8;CCAR2;LOC728554;CLCF1,0.0,0.2417494530236504,0.4712021197129686,-0.1380506927095444,0.1380506927095444,-0.0541740627087626,0.0541740627087626,0.0630448450889499,0.4701787171005648,,b1257
GSE39582,M2_msd_coexpr,258,LOC102724984;CXorf21;PLEK2;SRPK2,0.0,0.2593821847443823,0.5025099061535695,-0.1098985701666556,0.1098985701666556,-0.0047189075848481,0.0047189075848481,0.1293429481584134,0.9471692870252534,,b1258
GSE39582,M2_msd_coexpr,259,TMED9;ZNHIT2;SAPCD2;SH3PXD2B,0.0,0.3992508814041706,0.7720535991917548,-0.1731427266944214,0.1731427266944214,-0.1140091329095943,0.1140091329095943,0.0144267940867864,0.1147261509128232,,b1259
GSE39582,M2_msd_coexpr,260,CAPNS1;SNCA;EXOSC8;RPTOR,0.0,0.4625603648454241,1.3240674697876886,-0.1465300595846247,0.1465300595846247,-0.1195259769078418,0.1195259769078418,0.0453641202444226,0.0966930409823844,,b1260
GSE39582,M2_msd_coexpr,261,R3HDM4;C1orf74;PSME2;SKI,0.0,0.5382469759065793,1.4289832710567767,-0.1536306021885963,0.1536306021885963,-0.1323074717537277,0.1323074717537277,0.0328882880060801,0.0731851511454939,,b1261
GSE39582,M2_msd_coexpr,262,PYURF;L2HGDH;MGLL;HIRIP3,0.0,0.2680842989112292,0.5644646422789583,-0.1423168709412067,0.1423168709412067,-0.0898866920458265,0.0898866920458265,0.0528893444933599,0.2329785799507077,,b1262
GSE39582,M2_msd_coexpr,263,TBC1D14;ZBTB45;ABHD14A-ACY1;IKBKE,0.0,0.2005742813453089,0.3650908819921534,-0.2554907601813905,0.2554907601813905,-0.1283604686832298,0.1283604686832298,0.0004354441216285,0.0910084252231556,,b1263
GSE39582,M2_msd_coexpr,264,PRICKLE4;ATPAF2;PAM;CNTFR,0.0,0.445982532305047,1.0636440148734143,-0.0368448365053387,0.0368448365053387,-0.0338010262855773,0.0338010262855773,0.6114596701723832,0.649594554903077,,b1264
GSE39582,M2_msd_coexpr,265,EDF1;CBX2;ASAP2;SH3BP5L,0.0,0.3108297957681628,0.8858025632135773,-0.0443195583865682,0.0443195583865682,0.003358786196296,0.003358786196296,0.5552679431896994,0.9631681478940056,,b1265
GSE39582,M2_msd_coexpr,266,ZDHHC6;GALK1;SERINC1;RPTOR,0.0,0.3110258715915198,0.4878067964236345,-0.2095209641206724,0.2095209641206724,-0.1082612866993232,0.1082612866993232,0.0037418964969471,0.1318459030391064,,b1266
GSE39582,M2_msd_coexpr,267,PRDX6;LOC100996255;C1QBP;NUTM2G,0.0,0.5617083817747944,1.0053408006364442,-0.0214257660780535,0.0214257660780535,0.0604299075553139,0.0604299075553139,0.7688300277523819,0.4200602877290568,,b1267
GSE39582,M2_msd_coexpr,268,LOC101060373;LOC100506538;LOC728554;PHYKPL,0.0,0.4333475112029021,0.9382633176097204,-0.0720341610361304,0.0720341610361304,-0.0419981860209402,0.0419981860209402,0.3345497273220127,0.5683173465918955,,b1268
GSE39582,M2_msd_coexpr,269,UQCRC2;CXorf21;PFKM;BNIP1,0.0,0.1282706625488432,0.2521676878810983,-0.1221741838019289,0.1221741838019289,-0.0715092188837421,0.0715092188837421,0.0763066202204295,0.3181284185556665,,b1269
GSE39582,M2_msd_coexpr,270,RPL36AL;POMGNT1;TMEM30A;C2orf42,0.0,0.4264655644808653,1.346417091687299,-0.0097592381662977,0.0097592381662977,0.019441356779812,0.019441356779812,0.896737748241453,0.7970281220017053,,b1270
GSE39582,M2_msd_coexpr,271,COPZ1;ZNHIT2;EIF4EBP1;TJP2,0.0,0.3281589522164274,0.7091306654842555,-0.1371519257201386,0.1371519257201386,-0.0856184360910629,0.0856184360910629,0.0588145567339075,0.233246779467375,,b1271
GSE39582,M2_msd_coexpr,272,BFAR;WDCP;SLIRP;PTPN18,0.0,0.2900637400678064,0.8364923559302101,-0.1289806483713613,0.1289806483713613,-0.1236875233347232,0.1236875233347232,0.0869630933167735,0.0905660917098117,,b1272
GSE39582,M2_msd_coexpr,273,TMEM50A;ATPAF2;MXI1;CDK12,0.0,0.3571695341935953,0.6924410254931178,-0.1185101441083326,0.1185101441083326,-0.0176059050534445,0.0176059050534445,0.1068730616255642,0.7976330935611662,,b1273
GSE39582,M2_msd_coexpr,274,ATPIF1;IL11RA;LOC101060817;NPPA,0.0,0.1500668644017297,0.1969450526796095,-0.1599050487987485,0.1599050487987485,-0.1176504017633452,0.1176504017633452,0.0358868862246088,0.1048653294102299,,b1274
GSE39582,M2_msd_coexpr,275,HNRNPH3;RGS14;KPNA2;PARD6A,0.0,0.3402974701527927,1.008043131485613,-0.1460249588352438,0.1460249588352438,-0.0627934967501014,0.0627934967501014,0.0402727319989357,0.3856281963966026,,b1275
GSE39582,M2_msd_coexpr,276,GABARAPL2;LOC100506538;YWHAE;RAP2B,0.0,0.4254689167234406,0.8455457043904979,-0.0122035743697493,0.0122035743697493,0.0544407396134064,0.0544407396134064,0.8651787340221316,0.4549919672871716,,b1276
GSE39582,M2_msd_coexpr,277,PRDX1;DST;KPNA2;ZNF747,0.0,0.7212687447309386,1.6579516767378093,-0.0440132601905378,0.0440132601905378,-0.0414800223612286,0.0414800223612286,0.5524982481472092,0.5730904832932768,,b1277
GSE39582,M2_msd_coexpr,278,ADI1;VMA21;RACGAP1;DNM1L,0.0,0.2848099349200729,0.588610271915917,-0.1261112969102642,0.1261112969102642,-0.095116541184724,0.095116541184724,0.0772032003785168,0.2004219922850095,,b1278
GSE39582,M2_msd_coexpr,279,RPS19BP1;IL11RA;SLC9A3R1;NFX1,0.0,0.1552590863371896,0.1944824660153936,-0.0789261896367891,0.0789261896367891,0.0041588536821685,0.0041588536821685,0.2806486451641338,0.952598419999704,,b1279
GSE39582,M2_msd_coexpr,280,TOMM70;LIPE;MIR6800;TAF1C,0.0,0.1872573728843868,0.3138285201584349,-0.1874895117140145,0.1874895117140145,-0.1440357255308708,0.1440357255308708,0.0077821509575653,0.0501197759066819,,b1280
GSE39582,M2_msd_coexpr,281,CDV3;RCBTB2;MRPS28;ST7-OT3,0.0,0.1744111567042124,0.2634304600952435,-0.0761430249188182,0.0761430249188182,-0.0158337194789458,0.0158337194789458,0.3006800829037666,0.8307279120439401,,b1281
GSE39582,M2_msd_coexpr,282,UQCRQ;GALK1;PCNA;SLC8B1,0.0,0.7373714461321403,1.5141137076539102,-0.3152223895512626,0.3152223895512626,-0.1858912771471244,0.1858912771471244,9.373949840409926e-06,0.0110866644071571,,b1282
GSE39582,M2_msd_coexpr,283,CHMP4A;DCAKD;DHRS4L2;PIDD1,0.0,0.0883834403245787,0.14538395876819,-0.1899559058527024,0.1899559058527024,-0.1562419693909337,0.1562419693909337,0.0090151589571173,0.0449968095440872,,b1283
GSE39582,M2_msd_coexpr,284,RNF181;KLHL20;PTTG1;NFX1,0.0,0.5125318483332562,0.9946870425069532,-0.0842861464671153,0.0842861464671153,-0.0671080275289426,0.0671080275289426,0.2523386501579419,0.3562432106516146,,b1284
GSE39582,M2_msd_coexpr,285,PDCD6IP;ATPAF2;PNPT1;MECP2,0.0,0.2429215136654963,0.3822002933206355,-0.0740993079736015,0.0740993079736015,-0.0507279923999134,0.0507279923999134,0.3153490087983078,0.4951502524907556,,b1285
GSE39582,M2_msd_coexpr,286,NOMO2;DCAKD;SLIRP;UNC93B1,0.0,0.4882863636357415,0.9382633176097204,-0.1054105980780007,0.1054105980780007,-0.0502744946132695,0.0502744946132695,0.1529580131803762,0.5069336580695192,,b1286
GSE39582,M2_msd_coexpr,287,LCMT1;ATPAF2;CYC1;KRAS,0.0,0.322200111346935,1.0027057445193213,-0.2313410275711768,0.2313410275711768,-0.1149080153309416,0.1149080153309416,0.0019730858539266,0.1346272818178958,,b1287
GSE39582,M2_msd_coexpr,288,SNORA48;SWT1;MIR939;MAPK8,0.0,0.3015560338975608,0.9623057516994116,-0.0525379574944562,0.0525379574944562,-0.0827560241176466,0.0827560241176466,0.4793996809288866,0.2579597882631146,,b1288
GSE39582,M2_msd_coexpr,289,YWHAZ;RCBTB2;GNPNAT1;SEMA4A,0.0,0.4754722807284071,1.102561265253864,0.0126335860770559,0.0126335860770559,0.0648324812809917,0.0648324812809917,0.8613086817281528,0.3989852520694489,,b1289
GSE39582,M2_msd_coexpr,290,PWP1;LOC100996255;ACAT2;LOC101930388,0.0,0.1393883334812512,0.4010005968451491,-0.0859333351395776,0.0859333351395776,-0.1056217889858531,0.1056217889858531,0.2542865172773283,0.1696287554860661,,b1290
GSE39582,M2_msd_coexpr,291,UBQLN1;CINP;GMNN;LOC101928143,0.0,0.2278676606337615,0.638965289267699,-0.1089767859108307,0.1089767859108307,-0.120377563973337,0.120377563973337,0.1425368955866479,0.1105337416809721,,b1291
GSE39582,M2_msd_coexpr,292,COPZ1;CPEB2;GSTP1;SEMA6C,0.0,0.5600435231163737,1.1788665917272678,-0.0044498199239086,0.0044498199239086,-0.0018167890445181,0.0018167890445181,0.9524658215147352,0.9800852921367604,,b1292
GSE39582,M2_msd_coexpr,293,C14orf166;ATPAF2;MAPK13;MED17,0.0,0.4587161469522531,1.292732364435932,-0.1339845142555517,0.1339845142555517,-0.0730743509277028,0.0730743509277028,0.0555755041464847,0.3254914020632292,,b1293
GSE39582,M2_msd_coexpr,294,NDUFA13;LOC100996255;DANCR;SIAH1,0.0,0.5352685759850884,1.220125495441954,-0.1194017315547035,0.1194017315547035,-0.0371013119494532,0.0371013119494532,0.1094661369308559,0.6245795795576159,,b1294
GSE39582,M2_msd_coexpr,295,LCMT1;RCBTB2;SDF2L1;HPS4,0.0,0.1521975021417702,0.2544187530196425,-0.1601725181425342,0.1601725181425342,-0.0718354457923412,0.0718354457923412,0.0345526163138076,0.3438660740329594,,b1295
GSE39582,M2_msd_coexpr,296,SNX3;LOC100996255;LOC102724993;MECP2,0.0,0.4523197646176863,0.8467045415174982,0.1579993072148249,0.1579993072148249,0.0941968746358364,0.0941968746358364,0.0244678046714728,0.1950165492511246,,b1296
GSE39582,M2_msd_coexpr,297,NIF3L1;L2HGDH;DHRS4;LOC101930388,0.0,0.08135475414743,0.1474131142174172,-0.096609613945972,0.096609613945972,-0.0957382798543016,0.0957382798543016,0.1953973866481274,0.204557309685513,,b1297
GSE39582,M2_msd_coexpr,298,HNRNPUL1;RGS14;DPM1;MED7,0.0,0.3523709644030601,0.9696815650628768,-0.1906120763369902,0.1906120763369902,-0.1687032428283019,0.1687032428283019,0.0090708999719974,0.0213196841199104,,b1298
GSE39582,M2_msd_coexpr,299,PIH1D1;HARBI1;RND3;TJP2,0.0,0.2358412151891013,0.4713645123695951,-0.1603798337275898,0.1603798337275898,-0.1972131059360359,0.1972131059360359,0.0372686586410382,0.0095499285064657,,b1299
GSE39582,M2_msd_coexpr,300,UFD1L;CINP;ADAP1;LOC100652768,0.0,0.3118384261273443,0.5843956014483438,-0.1092817107513963,0.1092817107513963,-0.0514732275326912,0.0514732275326912,0.1436293851661581,0.4986531735838699,,b1300
GSE39582,M2_msd_coexpr,301,KDELR1;NAA15;MLEC;GBAP1,0.0,0.4775257152722995,0.8466834623374581,-0.2074554698683051,0.2074554698683051,-0.0840356074541546,0.0840356074541546,0.0050611011362656,0.2562536823232756,,b1301
GSE39582,M2_msd_coexpr,302,MZT2A;MROH1;NXT1;TMEM170A,0.0,0.2525171204481375,0.7293437961674755,-0.1422861358359647,0.1422861358359647,-0.1106637755102957,0.1106637755102957,0.0512361850585357,0.1224156706505679,,b1302
GSE39582,M2_msd_coexpr,303,NELFE;CINP;MIR6849;PHYKPL,0.0,0.22718758814223,0.4908652849439818,-0.1130572583060661,0.1130572583060661,-0.1112116445926747,0.1112116445926747,0.1252861417950445,0.1295082936278028,,b1303
GSE39582,M2_msd_coexpr,304,HADHA;ZNHIT2;EIF2S3;LPAR2,0.0,0.3655405089187675,0.6141794191779418,-0.1046452870579144,0.1046452870579144,-0.0075917870312441,0.0075917870312441,0.1380245569853245,0.9194961797611104,,b1304
GSE39582,M2_msd_coexpr,305,LOC101060373;NT5DC2;CMSS1;BCAP29,0.0,0.3888588536822263,0.9382633176097204,-0.1484235816319755,0.1484235816319755,-0.1358491414599423,0.1358491414599423,0.0466884464920807,0.0736632265984289,,b1305
GSE39582,M2_msd_coexpr,306,TSEN34;HARBI1;AHCY;ZNF358,0.0,0.3328589342092066,0.9503475344017522,-0.2279450291534556,0.2279450291534556,-0.1764063590967153,0.1764063590967153,0.0021166173198071,0.0168274378471928,,b1306
GSE39582,M2_msd_coexpr,307,R3HDM4;LOC100506538;EIF2S3;EMC7,0.0,0.3020833944851214,0.6141794191779418,-0.1057025064208175,0.1057025064208175,-0.002909512469873,0.002909512469873,0.1458271795981035,0.969016549371939,,b1307
GSE39582,M2_msd_coexpr,308,ATP5G3;LSM11;MXI1;GRK5,0.0,0.399329811458359,0.6924410254931178,-0.1367136060210557,0.1367136060210557,-0.1031730323157523,0.1031730323157523,0.0636347452084099,0.1842588274591136,,b1308
GSE39582,M2_msd_coexpr,309,EDF1;ZBTB45;MRPS28;NUTM2G,0.0,0.382190981827523,0.8858025632135773,-0.1902991175264768,0.1902991175264768,-0.0701150764537754,0.0701150764537754,0.0096161544412755,0.3387653903783599,,b1309
GSE39582,M2_msd_coexpr,310,RPL18A;LOC100506538;PTTG1;ZMYND11,0.0,0.3384404176882826,0.9946870425069532,-0.214140340946064,0.214140340946064,-0.1561369796477403,0.1561369796477403,0.0059324425309577,0.0487603138625973,,b1310
GSE39582,M2_msd_coexpr,311,PIP4K2C;TMEM263;ARFGAP3;BNIP1,0.0,0.1142128847160226,0.2172022758061516,-0.0817957094086713,0.0817957094086713,-0.0688947206626734,0.0688947206626734,0.2642315307900759,0.3552782053705259,,b1311
GSE39582,M2_msd_coexpr,312,LUZP6;NRAV;AHCY;IL17C,0.0,0.5434428585382146,1.0298391116026289,-0.153569180578753,0.153569180578753,-0.1206149857708598,0.1206149857708598,0.038625310918686,0.1096026662442355,,b1312
GSE39582,M2_msd_coexpr,313,UBL5;L2HGDH;THOC3;SLC22A31,0.0,0.3888045006786448,0.8353679337001975,-0.1115509333292918,0.1115509333292918,-0.0528647746164161,0.0528647746164161,0.1259997194105677,0.4701845651821821,,b1313
GSE39582,M2_msd_coexpr,314,PSMG2;C19orf73;FMR1;FAM219B,0.0,0.4862684630327064,1.09863335230739,-0.012791926263515,0.012791926263515,0.0187620361771418,0.0187620361771418,0.86360056260792,0.8102623389843464,,b1314
GSE39582,M2_msd_coexpr,315,ATXN10;CCAR2;BSG;CAMK2G,0.0,0.274574958880852,0.7917959361543425,-0.1398230388170668,0.1398230388170668,-0.0662583744731147,0.0662583744731147,0.0687757479569393,0.3960378466844263,,b1315
GSE39582,M2_msd_coexpr,316,NME1-NME2;CXorf21;MIR1234;REXO2,0.0,0.4945304811778214,1.648524150656013,-0.1530430900917858,0.1530430900917858,-0.1365280326980364,0.1365280326980364,0.0316743712015396,0.0566236963951098,,b1316
GSE39582,M2_msd_coexpr,317,CWC15;CCAR2;NELFCD;MAPK7,0.0,0.4216825001993686,0.7982890854901131,-0.1593654973054957,0.1593654973054957,-0.0985024077800169,0.0985024077800169,0.0333826724729012,0.1765709233728204,,b1317
GSE39582,M2_msd_coexpr,318,TSEN34;DST;PSMA7;PDCD2,0.0,0.2330183034110587,0.7576123754557008,-0.1928257110914401,0.1928257110914401,-0.2284174799053771,0.2284174799053771,0.0126596671587231,0.0034305245915057,,b1318
GSE39582,M2_msd_coexpr,319,PPP1CC;LIPE;SORL1;TOB2,0.0,0.5687254818108435,1.4218073172248349,-0.1646213406771188,0.1646213406771188,-0.124153710530203,0.124153710530203,0.0267882275001655,0.105274688109571,,b1319
GSE39582,M2_msd_coexpr,320,BOD1;MROH1;GSTP1;CCDC159,0.0,0.3689895977574916,1.1788665917272678,-0.0748754386200414,0.0748754386200414,-0.0580341684766064,0.0580341684766064,0.2916689460858562,0.4057066836141832,,b1320
GSE39582,M2_msd_coexpr,321,PIGY;C1orf74;DANCR;CEP164,0.0,0.3214654549065976,0.7511988692935951,-0.1333473947619281,0.1333473947619281,-0.0589764176745498,0.0589764176745498,0.0692970621388022,0.4428775546456744,,b1321
GSE39582,M2_msd_coexpr,322,SDF4;BORCS5;UBL3;EXD2,0.0,0.2228718954454036,0.3409320518976813,-0.0932329188345283,0.0932329188345283,-0.0397726441236867,0.0397726441236867,0.2106722771028226,0.5815182605108393,,b1322
GSE39582,M2_msd_coexpr,323,CDC123;LSM11;NXT1;LOC100652768,0.0,0.2022742601464774,0.4336696448583793,-0.1891299523340412,0.1891299523340412,-0.1360898799525703,0.1360898799525703,0.0091693635482172,0.0710954194847708,,b1323
GSE39582,M2_msd_coexpr,324,CHMP2A;GLUD2;PTTG1;ANKRD13A,0.0,0.5246486703514144,0.9946870425069532,-0.2037557996334057,0.2037557996334057,-0.0700086965987828,0.0700086965987828,0.0077917576372572,0.3547790573043495,,b1324
GSE39582,M2_msd_coexpr,325,RAB6C;EFCAB11;MLEC;ZNF394,0.0,0.528430098454565,0.8481812884019587,-0.2050937352989932,0.2050937352989932,-0.1718370518651545,0.1718370518651545,0.0039300221860176,0.014333354230421,,b1325
GSE39582,M2_msd_coexpr,326,NCOA4;DST;EIF6;PRPF40B,0.0,0.6408385491732106,1.3074732949613963,0.0516928910675882,0.0516928910675882,0.0930319216575824,0.0930319216575824,0.4848872986636089,0.2277660042563477,,b1326
GSE39582,M2_msd_coexpr,327,BCL2L2-PABPN1;LIPE;MIR1234;DNAJC16,0.0,0.1183360897279385,0.1572192069498526,-0.1418329826129975,0.1418329826129975,-0.0414239791391294,0.0414239791391294,0.0617778829364185,0.5774638127571398,,b1327
GSE39582,M2_msd_coexpr,328,CHMP4A;LSM11;EIF4EBP1;NFYC,0.0,0.16928833034047,0.3359876240825625,-0.0912912288734705,0.0912912288734705,-0.0643214207101738,0.0643214207101738,0.1965581482509453,0.3983495130362666,,b1328
GSE39582,M2_msd_coexpr,329,KDELR1;RGS14;ZWINT;MARVELD1,0.0,0.363410472279141,0.6252074010780442,-0.090254193173062,0.090254193173062,0.0048269454756243,0.0048269454756243,0.2138340147508007,0.9477029304853788,,b1329
GSE39582,M2_msd_coexpr,330,SERBP1;VMA21;SNORD88C;B3GNT4,0.0,0.2866931652423397,0.5219726732494473,-0.1823800803681672,0.1823800803681672,-0.1814964123312044,0.1814964123312044,0.0133950234332194,0.0126080382687424,,b1330
GSE39582,M2_msd_coexpr,331,ADIPOR1;TMEM263;KPNA2;SMARCD1,0.0,0.4017171332128202,1.008043131485613,-0.0954297426472391,0.0954297426472391,-0.0185267648347398,0.0185267648347398,0.1904725519595866,0.8074527527564715,,b1331
GSE39582,M2_msd_coexpr,332,PSMA6;GALK1;PRELID3B;GFER,0.0,0.4052956974297806,0.7183502998507227,-0.3449036833302747,0.3449036833302747,-0.2437080791846129,0.2437080791846129,4.13071783656615e-06,0.0006995780850857,,b1332
GSE39582,M2_msd_coexpr,333,MIR6748;GLUD2;CKS2;MUM1,0.0,0.3918215302340132,1.0828062788285135,-0.1482591808697504,0.1482591808697504,-0.0887513534944092,0.0887513534944092,0.0445561489211876,0.2238964497407749,,b1333
GSE39582,M2_msd_coexpr,334,SNORA48;EFCAB11;MIR21;FAM65A,0.0,0.3816672549629521,0.9623057516994116,-0.0263327677408125,0.0263327677408125,-0.0716642105159729,0.0716642105159729,0.7225516533831108,0.3302128675016131,,b1334
GSE39582,M2_msd_coexpr,335,DHX15;LIPE;C1QBP;SUPT7L,0.0,0.5379854516076386,0.996002710675744,-0.2419756138355177,0.2419756138355177,-0.1495661173247689,0.1495661173247689,0.0010095585445378,0.0515481098413787,,b1335
GSE39582,M2_msd_coexpr,336,PDHB;TMEM263;HACD3;CCDC159,0.0,0.362108227420141,0.7720094700716688,-0.073079514236079,0.073079514236079,0.0026402358316511,0.0026402358316511,0.3059634738377773,0.9713808325031528,,b1336
GSE39582,M2_msd_coexpr,337,SUN2;BORCS5;DCXR;PPP1R2,0.0,0.1555520817734608,0.2265944357136929,-0.042311091078866,0.042311091078866,-0.0076790207275603,0.0076790207275603,0.5636529292523904,0.9169890750673684,,b1337
GSE39582,M2_msd_coexpr,338,TSEN34;LOC100996255;SEC23B;CAND1,0.0,0.1192894260697416,0.210261598514626,-0.1755144919200185,0.1755144919200185,-0.1684676206611672,0.1684676206611672,0.0211155195485771,0.0340390055880488,,b1338
GSE39582,M2_msd_coexpr,339,AUP1;LIPE;HACD3;MRM1,0.0,0.3701209452589341,0.7720094700716688,-0.1306649411195273,0.1306649411195273,-0.0337143743908641,0.0337143743908641,0.0732390066585897,0.6466921858268628,,b1339
GSE39582,M2_msd_coexpr,340,ATP5B;IL11RA;SNRPD1;ZNF584,0.0,0.5293678038779133,1.6502959930496215,-0.1486469856075253,0.1486469856075253,-0.0641246255657949,0.0641246255657949,0.0486356916065649,0.4013132144182143,,b1340
GSE39582,M2_msd_coexpr,341,TOMM70;KLHL20;MAPK13;FKBP8,0.0,0.2297816023551071,0.3138285201584349,-0.0320102580167842,0.0320102580167842,0.018898808438725,0.018898808438725,0.6789031788047855,0.8039498687464463,,b1341
GSE39582,M2_msd_coexpr,342,ZDHHC6;CDK14;MXI1;NUDCD2,0.0,0.3341772496553461,0.6924410254931178,-0.1030672032801436,0.1030672032801436,-0.1083263037231311,0.1083263037231311,0.1676755080095733,0.1636050611314223,,b1342
GSE39582,M2_msd_coexpr,343,ALDH9A1;DOCK5;BSG;KREMEN2,0.0,0.4216724157848292,0.7917959361543425,-0.0237036452496664,0.0237036452496664,-0.0079332497397157,0.0079332497397157,0.7420468273749612,0.914252766838933,,b1343
GSE39582,M2_msd_coexpr,344,NACA;VMA21;ASAP2;C7orf43,0.0,0.4068999760949829,1.2048459989282632,0.0081424050478107,0.0081424050478107,-0.0479366595850373,0.0479366595850373,0.9092592201258975,0.5102341855665994,,b1344
GSE39582,M2_msd_coexpr,345,PSMC5;SNCA;GNPNAT1;SKI,0.0,0.3893914403545012,0.6243606912033958,-0.1398313641328316,0.1398313641328316,-0.1520934995475402,0.1520934995475402,0.0476064165604489,0.0389634210072828,,b1345
GSE39582,M2_msd_coexpr,346,PSMG2;CYLD;THRIL;TOB2,0.0,0.4948694281232718,1.09863335230739,-0.0909078856413601,0.0909078856413601,-0.0790702276551805,0.0790702276551805,0.23212191715753,0.3057636732137984,,b1346
GSE39582,M2_msd_coexpr,347,SNAPIN;RCBTB2;LAMP2;SNORD49A,0.0,0.16732431834198,0.2482210517418348,0.1070507195168144,0.1070507195168144,0.1335199037794005,0.1335199037794005,0.1530328416739326,0.0821766539843015,,b1347
GSE39582,M2_msd_coexpr,348,RNF103-CHMP3;KLHL20;TRMT10C;SFI1,0.0,0.2527519718272982,0.6369725892561021,0.0077010680283841,0.0077010680283841,5.686529009999615e-05,5.686529009999615e-05,0.9182443103659146,0.9994119637117496,,b1348
GSE39582,M2_msd_coexpr,349,CHMP3;CDKN2AIPNL;PSMB8;SEMA4A,0.0,0.4444922768125579,0.8838743197303649,-0.0946529758052441,0.0946529758052441,-0.0777343522870844,0.0777343522870844,0.2005378612617743,0.3090074782967472,,b1349
GSE39582,M2_msd_coexpr,350,SNORD23;BORCS5;SMAGP;WAS,0.0,0.5572988384008943,1.3309172500742397,-0.1859496727021238,0.1859496727021238,-0.0937923259604764,0.0937923259604764,0.0083891733041169,0.2000798992203738,,b1350
GSE39582,M2_msd_coexpr,351,EDF1;C19orf73;RND3;RAB3GAP2,0.0,0.4034740784388002,0.8858025632135773,-0.0121906120969382,0.0121906120969382,-0.0581742156080784,0.0581742156080784,0.8678733870897639,0.4257573664473363,,b1351
GSE39582,M2_msd_coexpr,352,SUB1;C19orf73;MELK;DDAH1,0.0,0.2834605891723493,0.556156233375447,-0.1578912813716152,0.1578912813716152,-0.1483495395475351,0.1483495395475351,0.0313067579139586,0.0380171141288003,,b1352
GSE39582,M2_msd_coexpr,353,SNORD23;CDK14;HACD3;CNPY4,0.0,0.5938563535918587,1.3309172500742397,0.0517884207552236,0.0517884207552236,0.1204441944115917,0.1204441944115917,0.4683488942197512,0.1013524777467788,,b1353
GSE39582,M2_msd_coexpr,354,LARS;VMA21;KRTCAP3;PPP4R3B,0.0,0.1345638449244351,0.1849761638046528,-0.0317492378324841,0.0317492378324841,-0.0651955300382736,0.0651955300382736,0.6655175653829708,0.3875422997812402,,b1354
GSE39582,M2_msd_coexpr,355,HDGF;CBX2;EXOSC8;GPATCH3,0.0,0.3899951334791415,1.0365331993900468,-0.2031215046169644,0.2031215046169644,-0.1149708499800656,0.1149708499800656,0.0045435070390394,0.1035667631033035,,b1355
GSE39582,M2_msd_coexpr,356,MEMO1;EFCAB11;THOC3;PDE6G,0.0,0.2201425803430226,0.4712021197129686,-0.1422972957262622,0.1422972957262622,-0.1156198876986019,0.1156198876986019,0.0477098729154348,0.1105589147286905,,b1356
GSE39582,M2_msd_coexpr,357,SRRM1;ZBTB45;MIR939;CRCP,0.0,0.1925867711084983,0.350210550043487,-0.1755596627994357,0.1755596627994357,-0.0855834617394006,0.0855834617394006,0.0164930341628355,0.2618280337140182,,b1357
GSE39582,M2_msd_coexpr,358,DSTN;TMEM263;SLC52A2;SCFD1,0.0,0.2255500949268928,0.4157774073555043,0.041677560088606,0.041677560088606,0.0254907596652406,0.0254907596652406,0.5828420705289148,0.7432995007938374,,b1358
GSE39582,M2_msd_coexpr,359,MDH1;GALK1;SCRIB;ZNF394,0.0,0.4085333252161514,1.1295067221567694,-0.2940046613597281,0.2940046613597281,-0.1995012759878413,0.1995012759878413,0.0002010134793157,0.0118933249207537,,b1359
GSE39582,M2_msd_coexpr,360,TMED9;LIPE;PPIB;MRM1,0.0,0.6391353032503853,1.4947190052592365,-0.1426525598497642,0.1426525598497642,-0.010949706897356,0.010949706897356,0.0469316471179212,0.8816321902843844,,b1360
GSE39582,M2_msd_coexpr,361,KPNB1;HARBI1;LOC102724993;GFER,0.0,0.3529787225418427,0.7117683537260434,-0.2186232699508879,0.2186232699508879,-0.1485492638536272,0.1485492638536272,0.0042921392893773,0.0521976856018902,,b1361
GSE39582,M2_msd_coexpr,362,RNF20;CBX2;RACGAP1;SMOX,0.0,0.2484484200015203,0.588610271915917,-0.107649143341861,0.107649143341861,-0.1201514466626944,0.1201514466626944,0.1316143190902388,0.0945690378777371,,b1362
GSE39582,M2_msd_coexpr,363,PSMD1;NT5DC2;TIMM10;JARID2,0.0,0.2812713557101629,0.458933415137389,-0.2790107301258899,0.2790107301258899,-0.210754045189197,0.210754045189197,9.317084062599318e-05,0.0054436377042241,,b1363
GSE39582,M2_msd_coexpr,364,GDI2;C1orf74;PPIF;POTEKP,0.0,0.4894074390035631,1.3039672913153484,-0.0086999430494083,0.0086999430494083,0.0779397443621773,0.0779397443621773,0.9019546670831632,0.2788319447626803,,b1364
GSE39582,M2_msd_coexpr,365,ATP5I;GALK1;ZWINT;CCDC90B,0.0,0.4499673647567311,1.0124925113079044,-0.3360230621424364,0.3360230621424364,-0.2726038968226732,0.2726038968226732,7.732722072111989e-06,0.0002142297806115,,b1365
GSE39582,M2_msd_coexpr,366,DDX5;CBX2;GSTP1;BAD,0.0,0.526731687245406,1.1788665917272678,-0.1023482343931971,0.1023482343931971,-0.0690444471021934,0.0690444471021934,0.1646252294713169,0.3225028030477487,,b1366
GSE39582,M2_msd_coexpr,367,PFDN2;LIPE;YWHAE;HIRIP3,0.0,0.3143331852492107,0.5213611605711415,-0.0912909709316815,0.0912909709316815,0.0131250685910388,0.0131250685910388,0.1965588118080083,0.8537385547850946,,b1367
GSE39582,M2_msd_coexpr,368,PPP6C;RCBTB2;SLIRP;PCIF1,0.0,0.2947165896302232,0.8364923559302101,-0.1631472652059128,0.1631472652059128,-0.1317271885208721,0.1317271885208721,0.0254939248169556,0.0749792290031759,,b1368
GSE39582,M2_msd_coexpr,369,GDI2;GALK1;PHGDH;MAPK8,0.0,0.4341497983642655,1.3039672913153484,-0.1081868540954873,0.1081868540954873,-0.0689893593492222,0.0689893593492222,0.1348307870543121,0.372297456557364,,b1369
GSE39582,M2_msd_coexpr,370,RNASEK;ZBTB45;MIR939;MED12,0.0,0.3870741652813652,1.169784329951035,-0.1460516108631833,0.1460516108631833,-0.0743570352141836,0.0743570352141836,0.0466358825788397,0.3307024833228107,,b1370
GSE39582,M2_msd_coexpr,371,PSMA6;L2HGDH;KRT8;GFER,0.0,0.6950501193300929,1.6573869593826307,-0.1769680999293426,0.1769680999293426,-0.0913005388107208,0.0913005388107208,0.0156117916306784,0.1908969577251968,,b1371
GSE39582,M2_msd_coexpr,372,SND1;GALK1;NEK7;LYRM2,0.0,0.3221843664771343,0.528618167530643,-0.2820299155584529,0.2820299155584529,-0.1956416283156823,0.1956416283156823,0.0001828729232192,0.008935120580266,,b1372
GSE39582,M2_msd_coexpr,373,NOMO2;WDCP;CSE1L;FAM84B,0.0,0.3210176679526945,0.9382633176097204,-0.1098870274438303,0.1098870274438303,-0.1432418126580831,0.1432418126580831,0.135963054204648,0.0580431192996265,,b1373
GSE39582,M2_msd_coexpr,374,GUCD1;GLUD2;LOC102724993;ANKS3,0.0,0.3065796067973791,0.7117683537260434,-0.126738186502247,0.126738186502247,-0.016329448093303,0.016329448093303,0.0987963250650314,0.8368088893508214,,b1374
GSE39582,M2_msd_coexpr,375,UBQLN1;DOCK5;ADAP1;LOC101930388,0.0,0.1522308365836033,0.3929334282193406,0.0862410405770398,0.0862410405770398,0.0248303107560434,0.0248303107560434,0.2497007289518134,0.7465306104914862,,b1375
GSE39582,M2_msd_coexpr,376,CNOT1;POMGNT1;ROMO1;MRM1,0.0,0.1896110707491885,0.2790794413887434,-0.2359018089923737,0.2359018089923737,-0.1853125178667492,0.1853125178667492,0.0013412481784409,0.0099784051935735,,b1376
GSE39582,M2_msd_coexpr,377,IFNGR2;ZNHIT2;MIR7703;AHNAK,0.0,0.6257449848245786,1.4289832710567767,-0.0613776818310407,0.0613776818310407,-0.0122144621176024,0.0122144621176024,0.3877335462448573,0.8630888752913557,,b1377
GSE39582,M2_msd_coexpr,378,PSMD7;MROH1;PNPT1;MECP2,0.0,0.2496335779311666,0.446182362849616,-0.0937790537431212,0.0937790537431212,-0.1240700945908161,0.1240700945908161,0.202926879797597,0.097121626993731,,b1378
GSE39582,M2_msd_coexpr,379,SRP9;VMA21;XPOT;RPAP2,0.0,0.5942989060463464,1.7484676931447525,-0.0624848570717624,0.0624848570717624,-0.0982554868345826,0.0982554868345826,0.3588679043530663,0.1601417847100033,,b1379
GSE39582,M2_msd_coexpr,380,F11R;LOC100506538;LOC101927178;SOS1,0.0,0.1341568120184875,0.2552712454441799,-0.0546121560490036,0.0546121560490036,-0.0408779710399228,0.0408779710399228,0.4681559832022404,0.5821061842575876,,b1380
GSE39582,M2_msd_coexpr,381,SHISA5;ATPAF2;LOC101060817;SEMA6C,0.0,0.2661545085515441,0.614307722226474,-0.1938385010188521,0.1938385010188521,-0.1116730246136279,0.1116730246136279,0.0090067926163535,0.1304688772545824,,b1381
GSE39582,M2_msd_coexpr,382,UBE2K;RGS14;PUS7;ACOX1,0.0,0.2374438932299885,0.534736651113428,-0.19334222710926,0.19334222710926,-0.1566433349689386,0.1566433349689386,0.0053674091654644,0.0226378164679551,,b1382
GSE39582,M2_msd_coexpr,383,SNAPIN;BORCS5;DCXR;SMARCD1,0.0,0.2119618593766898,0.2531777011720471,-0.1802047597366455,0.1802047597366455,-0.0593304532503979,0.0593304532503979,0.015162176076494,0.4181756937441989,,b1383
GSE39582,M2_msd_coexpr,384,HNRNPUL1;POMGNT1;ROMO1;GTF2H1,0.0,0.1736447196140404,0.2790794413887434,-0.1941496798492942,0.1941496798492942,-0.1346631477481079,0.1346631477481079,0.0065060862493862,0.0564830256179834,,b1384
GSE39582,M2_msd_coexpr,385,GANAB;CBX2;DANCR;BCAP29,0.0,0.4126821345564584,0.7511988692935951,-0.1494229239399043,0.1494229239399043,-0.0917399128940402,0.0917399128940402,0.0466394531074719,0.2250517874494707,,b1385
GSE39582,M2_msd_coexpr,386,ATP5B;POMGNT1;NXT1;SKI,0.0,0.5625626768796577,1.6502959930496215,-0.1712067427491344,0.1712067427491344,-0.1621611713454806,0.1621611713454806,0.0171101530305139,0.0294292793882735,,b1386
GSE39582,M2_msd_coexpr,387,DHX32;SWT1;PSMA7;TMEM170A,0.0,0.3024494278158574,0.7576123754557008,-0.0567710433204866,0.0567710433204866,-0.1085422297703305,0.1085422297703305,0.4474608860303805,0.1339551528427216,,b1387
GSE39582,M2_msd_coexpr,388,NOMO1;LOC100506538;GMNN;VAPA,0.0,0.4515136614489424,0.9382633176097204,-0.2054357039454252,0.2054357039454252,-0.1662791059631914,0.1662791059631914,0.0076349738170623,0.0371111433380615,,b1388
GSE39582,M2_msd_coexpr,389,SNF8;CPEB2;THOC3;RHBG,0.0,0.2690526827761546,0.4712021197129686,-0.0665967844700961,0.0665967844700961,-0.0741341089244967,0.0741341089244967,0.3512215466579115,0.3275931251721417,,b1389
GSE39582,M2_msd_coexpr,390,ERP29;CXorf21;PPIB;IKBKE,0.0,0.7454840028873395,1.4947190052592365,-0.1100555522575142,0.1100555522575142,0.0566549920767321,0.0566549920767321,0.1176567024946555,0.4530894140369369,,b1390
GSE39582,M2_msd_coexpr,391,PRDX6;CYLD;PSMB8;PODNL1,0.0,0.5138724232260559,1.0053408006364442,-0.03610596343861,0.03610596343861,-0.0135011311671788,0.0135011311671788,0.6382552714650744,0.8668300086160424,,b1391
GSE39582,M2_msd_coexpr,392,MEMO1;DST;NXT1;MED7,0.0,0.1670279858362321,0.2504086095948235,-0.0821092351299153,0.0821092351299153,-0.1575641295339823,0.1575641295339823,0.2724802212920029,0.0416177980061814,,b1392
GSE39582,M2_msd_coexpr,393,SUN2;LOC100996255;NEK7;SNIP1,0.0,0.1837616490756544,0.4374956897163014,0.1122138073940653,0.1122138073940653,0.0982622119643145,0.0982622119643145,0.1179503285212193,0.1750233227069979,,b1393
GSE39582,M2_msd_coexpr,394,PFDN2;LIPE;PSMB8;RAB3GAP2,0.0,0.4079126002817853,0.8838743197303649,-0.0673907386388971,0.0673907386388971,-0.0127458702372333,0.0127458702372333,0.3732886869301222,0.8682822983794589,,b1394
GSE39582,M2_msd_coexpr,395,DCTN3;CDKN2AIPNL;PLEK2;TMSB4Y,0.0,0.3238457014558385,0.5046297240340284,-0.0744079121051229,0.0744079121051229,-0.0693048795284451,0.0693048795284451,0.2968859528498272,0.3194603116077056,,b1395
GSE39582,M2_msd_coexpr,396,NDUFS2;EFCAB11;ASUN;BCAT2,0.0,0.3355093300124472,0.7413936179656484,-0.2611279241112748,0.2611279241112748,-0.1723239093205192,0.1723239093205192,0.0003894878085803,0.0227575523209358,,b1396
GSE39582,M2_msd_coexpr,397,PDCD6IP;LOC100506538;SCAND1;HAUS2,0.0,0.2086513469614931,0.3822002933206355,-0.1406038478189362,0.1406038478189362,-0.0712814550738754,0.0712814550738754,0.0596254774281163,0.3398975766965405,,b1397
GSE39582,M2_msd_coexpr,398,UBE2N;CDKN2AIPNL;SNRPB;LENG1,0.0,0.4752987459098501,1.173757030373345,-0.2712407096632044,0.2712407096632044,-0.2150527228595001,0.2150527228595001,0.0001402456816788,0.00284172476987,,b1398
GSE39582,M2_msd_coexpr,399,TRIM27;SWT1;RND3;EXD2,0.0,0.1981250978651214,0.4713645123695951,-0.0232300891642507,0.0232300891642507,-0.0718504888379052,0.0718504888379052,0.7549075012741435,0.3212009562198539,,b1399
GSE39582,M2_msd_coexpr,400,H2AFV;CDKN2AIPNL;ARFGAP3;BCAM,0.0,0.1826844262628519,0.3033746401439856,-0.1637531043430008,0.1637531043430008,-0.1584429038108108,0.1584429038108108,0.0270386376394926,0.0293984568331922,,b1400
GSE39582,M2_msd_coexpr,401,COPZ1;LOC100996255;BRI3BP;BRAP,0.0,0.3578499868659244,0.7091306654842555,-0.1637012505374351,0.1637012505374351,-0.0683599954571671,0.0683599954571671,0.0245096729223367,0.3669190893012517,,b1401
GSE39582,M2_msd_coexpr,402,PDHB;CYLD;EIF6;MED23,0.0,0.4492063384120843,1.149148916658587,-0.1177719226082638,0.1177719226082638,-0.0586139029717966,0.0586139029717966,0.1147164027886711,0.4423930503794583,,b1402
GSE39582,M2_msd_coexpr,403,DPY30;CCAR2;PAM;MED23,0.0,0.2253443937501399,0.4727009835923719,-0.1091325075655818,0.1091325075655818,-0.1144460113171505,0.1144460113171505,0.1316521671855523,0.1317735456266874,,b1403
GSE39582,M2_msd_coexpr,404,PIH1D1;HARBI1;FAM213B;RHPN1,0.0,0.2460233337848204,0.4235950200747078,-0.239620698027894,0.239620698027894,-0.1433316980999033,0.1433316980999033,0.0014462014425593,0.0581726106556032,,b1404
GSE39582,M2_msd_coexpr,405,BOD1;CYLD;LOC728554;CEBPA-AS1,0.0,0.2177760214891692,0.4712021197129686,-0.0633225953828001,0.0633225953828001,-0.051532598092156,0.051532598092156,0.3907472495956912,0.4948155393632076,,b1405
GSE39582,M2_msd_coexpr,406,PEF1;IL11RA;TIMM10;LPAR2,0.0,0.2199600375610788,0.2751125618638464,-0.142109225942903,0.142109225942903,-0.0929101994916383,0.0929101994916383,0.0512677884138744,0.2244323477862366,,b1406
GSE39582,M2_msd_coexpr,407,TSEN34;SNCA;TRMT10C;NEPRO,0.0,0.1187782566356207,0.2440379374023446,-0.1529646643169248,0.1529646643169248,-0.1717076228312749,0.1717076228312749,0.040402419700242,0.02266070403057,,b1407
GSE39582,M2_msd_coexpr,408,SAT1;IL11RA;ROMO1;NUDCD2,0.0,0.2752228245765192,0.6176708011558665,-0.1264928785789475,0.1264928785789475,-0.1803914161523846,0.1803914161523846,0.0912390961832647,0.0218687590463808,,b1408
GSE39582,M2_msd_coexpr,409,GRHPR;L2HGDH;FAM8A1;RHPN1,0.0,0.2085795314947019,0.2602838692359608,-0.1036944727607318,0.1036944727607318,-0.0907162285039911,0.0907162285039911,0.1775128902520154,0.2467598358888484,,b1409
GSE39582,M2_msd_coexpr,410,CHMP4A;POMGNT1;RFC4;ANKRD13A,0.0,0.2129571644100369,0.2819263871389943,-0.2049810868862122,0.2049810868862122,-0.1764759203775713,0.1764759203775713,0.0058489351328885,0.0181918983731166,,b1410
GSE39582,M2_msd_coexpr,411,SNF8;C1orf74;DPM1;RDH11,0.0,0.3813931291801527,0.9696815650628768,-0.2536779094056103,0.2536779094056103,-0.2045747114427794,0.2045747114427794,0.0004829360947576,0.0066657621570758,,b1411
GSE39582,M2_msd_coexpr,412,PSMA6;KLHL20;LOC101927178;B3GNT4,0.0,0.3291683505299432,0.7183502998507227,-0.0085749332750961,0.0085749332750961,-0.0355005863266477,0.0355005863266477,0.9072647545856246,0.6297731777327438,,b1412
GSE39582,M2_msd_coexpr,413,DNAJB11;SWT1;LOC102724993;PRPF40B,0.0,0.3321311315310261,0.7117683537260434,0.0655049065573615,0.0655049065573615,0.004512858354474,0.004512858354474,0.3708844245498951,0.9517507487094414,,b1413
GSE39582,M2_msd_coexpr,414,ARF6;ATPAF2;SERINC1;POTEKP,0.0,0.2630315152845719,0.4257213560756309,0.1149957789590985,0.1149957789590985,0.1654011473576021,0.1654011473576021,0.1220865393733965,0.0273199433147207,,b1414
GSE39582,M2_msd_coexpr,415,NIPA2;DCAKD;RMI2;NBR1,0.0,0.2774941639101463,0.5428968961166623,-0.202582478763917,0.202582478763917,-0.0954172948126088,0.0954172948126088,0.0050751537588193,0.1885567839451518,,b1415
GSE39582,M2_msd_coexpr,416,APP;NRAV;MIR1234;CCDC159,0.0,0.2023896605375255,0.6038085854923059,-0.0820359853450168,0.0820359853450168,-0.0649886516254519,0.0649886516254519,0.2567143366210928,0.3689263475457167,,b1416
GSE39582,M2_msd_coexpr,417,NIPA2;C19orf73;NXT1;SNORA17B,0.0,0.1910924304409022,0.2616026595864978,-0.1927012429730563,0.1927012429730563,-0.1382369588377104,0.1382369588377104,0.0090484187266689,0.0712312477900439,,b1417
GSE39582,M2_msd_coexpr,418,SNF8;L2HGDH;KRT8;ZNF20,0.0,0.5692707313792118,1.6573869593826307,-0.2243322849037123,0.2243322849037123,-0.1022903536433188,0.1022903536433188,0.0028012502162482,0.1636350225431798,,b1418
GSE39582,M2_msd_coexpr,419,RPL18A;ZBTB45;ITGAV;CLCF1,0.0,0.3018515835739249,0.8809165125277708,-0.0527097996276855,0.0527097996276855,-0.0262369065961458,0.0262369065961458,0.4884042728241431,0.7364646136731592,,b1419
GSE39582,M2_msd_coexpr,420,SURF4;CPEB2;PSMA7;LINC01569,0.0,0.3941576750672668,0.7576123754557008,-0.1132290460949272,0.1132290460949272,-0.1001339312432588,0.1001339312432588,0.1286632904213914,0.1957731617337214,,b1420
GSE39582,M2_msd_coexpr,421,ABHD17A;EFCAB11;CYC1;STAC,0.0,0.3716019524526166,1.0027057445193213,-0.0841018115019981,0.0841018115019981,-0.0244538424046168,0.0244538424046168,0.2516166923396351,0.7361508911346917,,b1421
GSE39582,M2_msd_coexpr,422,NELFE;KLHL20;SNRNP25;TFAP4,0.0,0.2520448376177052,0.4908652849439818,-0.2081836892300031,0.2081836892300031,-0.1328050922909771,0.1328050922909771,0.0070391018663316,0.0910788561442591,,b1422
GSE39582,M2_msd_coexpr,423,KPNB1;NT5DC2;C19orf48;B3GAT3,0.0,0.2119626469706031,0.3227883729515992,-0.1576016451216334,0.1576016451216334,-0.1137654133692858,0.1137654133692858,0.0277792648157534,0.1094909880604033,,b1423
GSE39582,M2_msd_coexpr,424,PIGY;CINP;GMNN;RNF219,0.0,0.2889892156164275,0.638965289267699,-0.1764443009696653,0.1764443009696653,-0.1629095571525692,0.1629095571525692,0.0192774789543565,0.0326165347596965,,b1424
GSE39582,M2_msd_coexpr,425,JOSD1;RCBTB2;PLP2;DSTNP2,0.0,0.540627688621623,1.3834799011044818,0.0791600036487302,0.0791600036487302,0.1093235268507238,0.1093235268507238,0.266301632032648,0.132114285655158,,b1425
GSE39582,M2_msd_coexpr,426,ADIPOR1;LOC100996255;MIR1234;RELT,0.0,0.1069726004904139,0.2102742336059599,0.0563952898069063,0.0563952898069063,0.0762103720834374,0.0762103720834374,0.4454754275467196,0.3208017610563333,,b1426
GSE39582,M2_msd_coexpr,427,UQCRQ;NT5DC2;ZNF511;PLEKHA5,0.0,0.4761666371527319,1.5141137076539102,-0.2149144933705499,0.2149144933705499,-0.1720082004920105,0.1720082004920105,0.0025650162580645,0.0170916167114548,,b1427
GSE39582,M2_msd_coexpr,428,ATP6V1F;DCAKD;STAG2;CAMTA1,0.0,0.4784622139014822,0.9842794726062132,-0.1868935264833818,0.1868935264833818,-0.1846041488401763,0.1846041488401763,0.0121318409026816,0.012300125419217,,b1428
GSE39582,M2_msd_coexpr,429,R3HDM4;VMA21;CLDN7;MRPS11,0.0,0.3926844045480963,0.9294112156271304,-0.048156775303032,0.048156775303032,0.0384880255899566,0.0384880255899566,0.5025065100972727,0.591339658528794,,b1429
GSE39582,M2_msd_coexpr,430,DPY30;L2HGDH;CSE1L;C7orf43,0.0,0.1854038121466724,0.2125013340389003,-0.1877200842028073,0.1877200842028073,-0.1891333645764161,0.1891333645764161,0.0117448049272538,0.0091163258119292,,b1430
GSE39582,M2_msd_coexpr,431,NME2;ZBTB45;NXT1;SRPK2,0.0,0.4891759491384506,1.648524150656013,-0.2714843931330826,0.2714843931330826,-0.2083785539807555,0.2083785539807555,9.702071930511416e-05,0.0028548100663403,,b1431
GSE39582,M2_msd_coexpr,432,ZDHHC7;C1orf74;DANCR;MIR6132,0.0,0.3668410199387371,0.7511988692935951,-0.2824649592372219,0.2824649592372219,-0.1493332996045479,0.1493332996045479,0.0001380363995529,0.0487574259906814,,b1432
GSE39582,M2_msd_coexpr,433,PPP6C;C19orf73;YWHAE;REXO2,0.0,0.2084330632106451,0.5059298241631522,-0.1309305654731128,0.1309305654731128,-0.0779532669515917,0.0779532669515917,0.0725292165581584,0.3019940413485491,,b1433
GSE39582,M2_msd_coexpr,434,P4HTM;SNCA;SNRPD1;NFX1,0.0,0.1229213131606179,0.1314927243724542,-0.0918673766451871,0.0918673766451871,-0.0799558378602681,0.0799558378602681,0.2105787490538719,0.2684161863779226,,b1434
GSE39582,M2_msd_coexpr,435,TMED9;POMGNT1;MXI1;MCFD2,0.0,0.4585524748724747,0.7720535991917548,-0.0342870874899486,0.0342870874899486,-0.0204707461851376,0.0204707461851376,0.6454485135874788,0.7727556627947584,,b1435
GSE39582,M2_msd_coexpr,436,SPAG7;GALK1;CLDN7;LOC100133089,0.0,0.3510383879376115,0.9294112156271304,-0.1887400275615476,0.1887400275615476,-0.0751417595749815,0.0751417595749815,0.0133037724363704,0.3143088597546625,,b1436
GSE39582,M2_msd_coexpr,437,ATPIF1;DCAKD;THOC3;SH3PXD2B,0.0,0.2300582873906286,0.4712021197129686,-0.1425418243257979,0.1425418243257979,-0.0367340991527338,0.0367340991527338,0.0454611552127874,0.6117989018838711,,b1437
GSE39582,M2_msd_coexpr,438,F11R;ZNHIT2;CLDN7;MGC45922,0.0,0.315496298468859,0.9294112156271304,-0.069640268621249,0.069640268621249,0.0492446481043916,0.0492446481043916,0.3333481915682784,0.483468183185502,,b1438
GSE39582,M2_msd_coexpr,439,TOMM70;C19orf73;PPIL1;ZNF584,0.0,0.1946674721434922,0.3138285201584349,-0.1668072309458985,0.1668072309458985,-0.129016465401537,0.129016465401537,0.0211463779983317,0.0746587133537023,,b1439
GSE39582,M2_msd_coexpr,440,IFT20;DST;STAG2;SUPT7L,0.0,0.2528777342779331,0.5680747054817906,0.0964952359727339,0.0964952359727339,-0.0301867390597701,0.0301867390597701,0.1849013414825361,0.6935201326978456,,b1440
GSE39582,M2_msd_coexpr,441,TSEN34;HARBI1;HACD3;CCDC60,0.0,0.284192278181915,0.7720094700716688,-0.1778045184615794,0.1778045184615794,-0.1184245936539488,0.1184245936539488,0.0130457417044631,0.09535845137125,,b1441
GSE39582,M2_msd_coexpr,442,ZNF622;NT5DC2;KPNA2;GFER,0.0,0.3817448287433252,1.008043131485613,-0.2681819979383844,0.2681819979383844,-0.1746487505327351,0.1746487505327351,0.0001753169651344,0.0147959580627402,,b1442
GSE39582,M2_msd_coexpr,443,ARF3;KLHL20;FAM8A1;HIPK1,0.0,0.2024485097996559,0.2822975987731737,0.0769026791357046,0.0769026791357046,0.0954569337623241,0.0954569337623241,0.3003418033417318,0.2240310737460533,,b1443
GSE39582,M2_msd_coexpr,444,EMC4;LIPE;PPIL1;ADCY9,0.0,0.2983240074468729,0.7811239764692479,-0.1608970139643827,0.1608970139643827,-0.0323360418311278,0.0323360418311278,0.0258846086338889,0.664882530475971,,b1444
GSE39582,M2_msd_coexpr,445,DCTD;LIPE;CCNDBP1;SEMA4A,0.0,0.1372801046794273,0.1701446868145436,-0.007968040837156,0.007968040837156,0.1263938313468987,0.1263938313468987,0.9139814250614668,0.0938413604341413,,b1445
GSE39582,M2_msd_coexpr,446,AP2M1;NT5DC2;MAPK13;CCDC159,0.0,0.3237755475851198,0.7678544233792474,-0.062455629247763,0.062455629247763,0.0199048218057696,0.0199048218057696,0.3800780319449511,0.783787027312375,,b1446
GSE39582,M2_msd_coexpr,447,YY1AP1;HARBI1;DANCR;TSC22D1,0.0,0.2808997597660363,0.7511988692935951,-0.1342809916961176,0.1342809916961176,-0.0567250279239794,0.0567250279239794,0.0628084001905874,0.4584423129627618,,b1447
GSE39582,M2_msd_coexpr,448,ETF1;GLUD2;PUS7;AHNAK,0.0,0.284201177386801,0.534736651113428,-0.04750143130611,0.04750143130611,0.0147136340864229,0.0147136340864229,0.520645064967487,0.8440101054899884,,b1448
GSE39582,M2_msd_coexpr,449,CDC123;LOC100506538;SNRNP25;GRK5,0.0,0.2397315003572382,0.4336696448583793,-0.2852677256740898,0.2852677256740898,-0.1867812445740399,0.1867812445740399,0.0001418967893622,0.0148081158142645,,b1449
GSE39582,M2_msd_coexpr,450,LOC101060373;BORCS5;AHCY;PARD6A,0.0,0.57299118757917,0.9503475344017522,-0.1281445314180131,0.1281445314180131,-0.0834621702901014,0.0834621702901014,0.0751354014853782,0.2611280082037676,,b1450
GSE39582,M2_msd_coexpr,451,SETSIP;KLHL20;NXT1;PPP1R2,0.0,0.4272845552579777,1.233023194738532,0.0193211113860994,0.0193211113860994,0.0290107301944226,0.0290107301944226,0.8000617430940508,0.7159296100086635,,b1451
GSE39582,M2_msd_coexpr,452,GUCD1;NRAV;SDF2L1;B9D2,0.0,0.1719440972313341,0.2544187530196425,-0.2501358673962132,0.2501358673962132,-0.1182528281100316,0.1182528281100316,0.0008093607542265,0.119409250240328,,b1452
GSE39582,M2_msd_coexpr,453,SEC13;RGS14;SNRPB;BAD,0.0,0.6150357919972154,1.173757030373345,-0.181466337161716,0.181466337161716,-0.0784114597574781,0.0784114597574781,0.0124561819755219,0.2683014213339573,,b1453
GSE39582,M2_msd_coexpr,454,PPP2R1A;DCAKD;SNRNP25;DR1,0.0,0.2311250367169846,0.4514601301730735,-0.1957300566225299,0.1957300566225299,-0.0872187569342664,0.0872187569342664,0.0060996769690771,0.2359705165533485,,b1454
GSE39582,M2_msd_coexpr,455,P4HTM;DCAKD;BRI3BP;DNM1L,0.0,0.2450569442668921,0.5172058376331128,-0.2107413955535109,0.2107413955535109,-0.1498926720616928,0.1498926720616928,0.0035587006923764,0.0408798188011247,,b1455
GSE39582,M2_msd_coexpr,456,STUB1;MROH1;ODC1;DR1,0.0,0.5980365908683737,1.4828910613729165,-0.1584652326800078,0.1584652326800078,-0.1215814691391539,0.1215814691391539,0.0325520005000861,0.1025487396530173,,b1456
GSE39582,M2_msd_coexpr,457,GANAB;RCBTB2;PPIF;KANK2,0.0,0.3061013071909848,0.6085424986747718,0.0718035227482724,0.0718035227482724,0.1043035502643045,0.1043035502643045,0.3309791835183213,0.160995333651051,,b1457
GSE39582,M2_msd_coexpr,458,SAT1;HARBI1;CKS1B;BCAM,0.0,0.3643577590915635,0.6324772886669996,-0.0555798516423314,0.0555798516423314,-0.0625354839113484,0.0625354839113484,0.4558818124774438,0.4216360333732805,,b1458
GSE39582,M2_msd_coexpr,459,PRKCSH;LIPE;MIR7703;FLYWCH2,0.0,0.5123924270813369,1.4289832710567767,-0.2201127612819629,0.2201127612819629,-0.1021511224707639,0.1021511224707639,0.0031381933009968,0.1616512310995711,,b1459
GSE39582,M2_msd_coexpr,460,ABHD17A;CYLD;ABHD14A-ACY1;RHPN1,0.0,0.2298646370907584,0.3650908819921534,-0.0266492603432726,0.0266492603432726,0.0480415721701793,0.0480415721701793,0.7240180512279064,0.5287143440894013,,b1460
GSE39582,M2_msd_coexpr,461,SS18L2;VMA21;FAM177A1;LENG1,0.0,0.1613749108511759,0.2552712454441799,-0.1496229879450334,0.1496229879450334,-0.152177230256586,0.152177230256586,0.0378761479677511,0.0302968206465013,,b1461
GSE39582,M2_msd_coexpr,462,PSMD1;VMA21;RNF11;SIAH1,0.0,0.2059778517422101,0.458933415137389,0.0538312569708615,0.0538312569708615,0.0334949561988003,0.0334949561988003,0.4654310284001945,0.6635707588069066,,b1462
GSE39582,M2_msd_coexpr,463,RPS19BP1;RCBTB2;SRPK1;MAPK8,0.0,0.13924172473687,0.1944824660153936,-0.1135162287855007,0.1135162287855007,-0.0796851863144066,0.0796851863144066,0.1283969554872798,0.3145660858276762,,b1463
GSE39582,M2_msd_coexpr,464,KIAA1143;LOC100506538;LOC728554;HIPK1,0.0,0.1866614651376532,0.4712021197129686,-0.1714040842736277,0.1714040842736277,-0.1896794356603551,0.1896794356603551,0.0212230333518031,0.0095045782787236,,b1464
GSE39582,M2_msd_coexpr,465,JAGN1;DOCK5;ODC1;AP5Z1,0.0,0.4905309660257446,1.4828910613729165,-0.2848131231141376,0.2848131231141376,-0.1882091918668155,0.1882091918668155,0.0001253063358106,0.0111908038483628,,b1465
GSE39582,M2_msd_coexpr,466,MRPL3;RGS14;SNORD88C;BCAT2,0.0,0.4829462044521405,1.3681027892686817,-0.234187946066457,0.234187946066457,-0.1407607824041578,0.1407607824041578,0.0011108148655769,0.0536510273500962,,b1466
GSE39582,M2_msd_coexpr,467,LOC101927180;SNCA;YWHAE;PTK2B,0.0,0.4460167717992714,0.9842794726062132,-0.0222389527204023,0.0222389527204023,0.0488263140608751,0.0488263140608751,0.7621362805145185,0.5093891696932376,,b1467
GSE39582,M2_msd_coexpr,468,KDELR1;C1orf74;PPIB;SLC25A16,0.0,0.6085962374321544,1.4947190052592365,-0.1184651254869328,0.1184651254869328,-0.0045642502545063,0.0045642502545063,0.110494390185086,0.9515274730153448,,b1468
GSE39582,M2_msd_coexpr,469,MIR6890;L2HGDH;THOC3;VAPA,0.0,0.5250537777352015,1.3618771742016542,-0.0994056305323093,0.0994056305323093,-0.0436712060715282,0.0436712060715282,0.1913797637021191,0.5772530373426045,,b1469
GSE39582,M2_msd_coexpr,470,BCL2L2-PABPN1;DOCK5;NUDT15;LOC101927151,0.0,0.1620992822567565,0.3053121440451958,-0.0829415548439128,0.0829415548439128,-0.081511622040938,0.081511622040938,0.265672796331488,0.2748615998879983,,b1470
GSE39582,M2_msd_coexpr,471,NIF3L1;NAA15;SNORD88C;PPP4R3B,0.0,0.1863008535330994,0.2569059078953276,-0.1896162460364622,0.1896162460364622,-0.1825957956689225,0.1825957956689225,0.008849911493356,0.0137879095959127,,b1471
GSE39582,M2_msd_coexpr,472,JOSD1;CXorf21;C19orf48;PLEKHA5,0.0,0.2067422413799895,0.3713478521535843,-0.044821018377756,0.044821018377756,-0.0034976521290047,0.0034976521290047,0.5347798782841022,0.9635140322753112,,b1472
GSE39582,M2_msd_coexpr,473,APP;C1orf74;CORO1C;SMARCD1,0.0,0.3746796111124045,0.6038085854923059,-0.1584056693528535,0.1584056693528535,-0.0458246657189511,0.0458246657189511,0.0313711001531198,0.5576396625701061,,b1473
GSE39582,M2_msd_coexpr,474,HDGF;NRAV;LOC728554;BAD,0.0,0.4538941307109947,1.0365331993900468,-0.1290683432006695,0.1290683432006695,-0.0625156477581917,0.0625156477581917,0.0748887610822422,0.3783811859509735,,b1474
GSE39582,M2_msd_coexpr,475,SURF4;LSM11;GLOD4;LOC101927151,0.0,0.2546990882231345,0.5793187169304693,-0.0655160043241201,0.0655160043241201,0.0258190445409888,0.0258190445409888,0.3800756011875542,0.7460748540700315,,b1475
GSE39582,M2_msd_coexpr,476,PSMD14;MROH1;MAPK13;JARID2,0.0,0.4019695522158759,1.010961369407792,-0.1859329654617343,0.1859329654617343,-0.1563921713703215,0.1563921713703215,0.0062635889673523,0.023302158657044,,b1476
GSE39582,M2_msd_coexpr,477,SRRM1;HARBI1;PFKM;NUTM2G,0.0,0.2473012762075895,0.350210550043487,-0.1954333841872239,0.1954333841872239,-0.0746440270552095,0.0746440270552095,0.0084858055241841,0.3416324858269121,,b1477
GSE39582,M2_msd_coexpr,478,IFT20;NT5DC2;GOT1;ACOX1,0.0,0.2092085994642249,0.283183637565187,-0.1523341613851491,0.1523341613851491,-0.1143790375853129,0.1143790375853129,0.0373358799001445,0.1331377386254811,,b1478
GSE39582,M2_msd_coexpr,479,UNC50;LOC100996255;TOMM34;C19orf12,0.0,0.1015704575041236,0.1922541029013762,-0.0732489947769889,0.0732489947769889,-0.0530486494393099,0.0530486494393099,0.3245799229706675,0.4902358234756983,,b1479
GSE39582,M2_msd_coexpr,480,AUP1;DCAKD;GMNN;SLC8B1,0.0,0.3138741587561045,0.638965289267699,-0.1993188551630307,0.1993188551630307,-0.1020917780527051,0.1020917780527051,0.0062659353957384,0.1702909296286144,,b1480
GSE39582,M2_msd_coexpr,481,CTDNEP1;CDKN2AIPNL;LOC101927178;ITFG1,0.0,0.1861415586309772,0.2552712454441799,-0.0900720387216304,0.0900720387216304,-0.0601024745539814,0.0601024745539814,0.2307489163133357,0.4230391622472946,,b1481
GSE39582,M2_msd_coexpr,482,BCL2L2-PABPN1;LIPE;TIPARP;ADCY9,0.0,0.1496929409548398,0.1693795275713955,-0.1110574740916311,0.1110574740916311,-0.0877335086418986,0.0877335086418986,0.1308358391852577,0.2407763437208251,,b1482
GSE39582,M2_msd_coexpr,483,CDIPT;NAA15;YWHAE;AGFG1,0.0,0.4453308314737359,0.7825698712864145,-0.1100962683951957,0.1100962683951957,-0.0640098092486272,0.0640098092486272,0.1317448839396954,0.3789326361946773,,b1483
GSE39582,M2_msd_coexpr,484,SLC35A4;CYLD;DANCR;GBAP1,0.0,0.2912726233868492,0.7511988692935951,-0.109431896276171,0.109431896276171,0.0168752131773114,0.0168752131773114,0.1333746323365192,0.8277381504982152,,b1484
GSE39582,M2_msd_coexpr,485,PPP1CC;LOC100506538;ITGAV;LPAR2,0.0,0.6673337277427183,1.4218073172248349,-0.1909795269933056,0.1909795269933056,-0.1580551616689583,0.1580551616689583,0.0074383654278922,0.0344652243458274,,b1485
GSE39582,M2_msd_coexpr,486,ARF3;TMEM263;DHRS4L2;FAM84B,0.0,0.142007057100207,0.2822975987731737,-0.0971596030894929,0.0971596030894929,-0.0499195781295633,0.0499195781295633,0.1976596943771169,0.5275587622623286,,b1486
GSE39582,M2_msd_coexpr,487,COPZ1;CYLD;PSMB8;RDH13,0.0,0.4551391247436696,0.8838743197303649,-0.1411363662374941,0.1411363662374941,-0.0837392022049726,0.0837392022049726,0.0582225049680049,0.2675861724255348,,b1487
GSE39582,M2_msd_coexpr,488,DCAF12;GLUD2;FAM177A1;ZNF683,0.0,0.1099490437393677,0.2552712454441799,0.007817533099201,0.007817533099201,0.0989058949283838,0.0989058949283838,0.9126892042522852,0.1790999910019108,,b1488
GSE39582,M2_msd_coexpr,489,EMC4;ZBTB45;PAM;PKP4,0.0,0.4077697620590381,0.7811239764692479,-0.0934924559578913,0.0934924559578913,-0.0027637805320226,0.0027637805320226,0.1824579609243946,0.9698338985411258,,b1489
GSE39582,M2_msd_coexpr,490,COX7C;LOC100996255;PNPT1;ZNF205,0.0,0.421316857077376,1.2935948992280355,-0.1695183004662672,0.1695183004662672,-0.1639485267208331,0.1639485267208331,0.0195657894614018,0.0315983624712401,,b1490
GSE39582,M2_msd_coexpr,491,BAG6;CDK14;IGFBP7;POLD3,0.0,0.1076025992556834,0.1555891902994494,0.1288675465730727,0.1288675465730727,0.1143648198443794,0.1143648198443794,0.0877206817909377,0.1367799468857149,,b1491
GSE39582,M2_msd_coexpr,492,LOC101060373;EFCAB11;GCSH;KIAA1217,0.0,0.3243617902281103,0.9382633176097204,-0.1709523724647824,0.1709523724647824,-0.2113268477452273,0.2113268477452273,0.0218577006542854,0.0032073226150086,,b1492
GSE39582,M2_msd_coexpr,493,UBE4A;POMGNT1;BSG;GRK5,0.0,0.4069234118073122,0.7917959361543425,-0.0531252054563137,0.0531252054563137,-0.0254663257511669,0.0254663257511669,0.4649214422727781,0.7302794520067605,,b1493
GSE39582,M2_msd_coexpr,494,DPY30;L2HGDH;PHGDH;APBA3,0.0,0.180794591670257,0.2092254903362379,-0.1125237584898944,0.1125237584898944,-0.1378793838759853,0.1378793838759853,0.1307022295142244,0.0752555723676575,,b1494
GSE39582,M2_msd_coexpr,495,SND1;CDK14;PLP2;POTEKP,0.0,0.5740108992529684,1.3834799011044818,0.0095652876466798,0.0095652876466798,0.0159506026555836,0.0159506026555836,0.8948040320206345,0.8282940214107645,,b1495
GSE39582,M2_msd_coexpr,496,TBC1D14;VMA21;PSMA7;CCDC127,0.0,0.2698046428911997,0.7576123754557008,-0.1475359989792848,0.1475359989792848,-0.1239836757850594,0.1239836757850594,0.0507382692157878,0.1038029598528274,,b1496
GSE39582,M2_msd_coexpr,497,HMGN1;NT5DC2;LOC102724993;BAD,0.0,0.6216714579465243,1.3827947091052586,-0.1680332817737181,0.1680332817737181,-0.1451264321001726,0.1451264321001726,0.0224501214576206,0.0544532813314467,,b1497
GSE39582,M2_msd_coexpr,498,SAT1;DST;IGFBP7;MCTS1,0.0,0.2530795145686803,0.6176708011558665,0.151184925369015,0.151184925369015,0.0474144484252477,0.0474144484252477,0.036245969488992,0.5164079484336169,,b1498
GSE39582,M2_msd_coexpr,499,GABARAP;ATPAF2;RMI2;GFER,0.0,0.5407698852876024,1.2619638652392522,-0.1556513558602122,0.1556513558602122,-0.0378678917322513,0.0378678917322513,0.0305237166636479,0.5968562830738642,,b1499
GSE39582,M2_msd_coexpr,500,SLC35A4;C19orf73;ABHD14A-ACY1;STAC,0.0,0.1724799079726779,0.3650908819921534,-0.0401182494073611,0.0401182494073611,0.0052675772678503,0.0052675772678503,0.5808933494435287,0.9429447624321824,,b1500
GSE39582,M2_msd_coexpr,501,ZDHHC7;DOCK5;AHCY;WAS,0.0,0.413214891161727,0.9503475344017522,-0.0433615340325743,0.0433615340325743,0.032574285626624,0.032574285626624,0.5699498442852486,0.6877824739974745,,b1501
GSE39582,M2_msd_coexpr,502,DDX47;NAA15;TIMM10;FNTB,0.0,0.2814257519602827,0.6525851453992904,-0.1915072378033548,0.1915072378033548,-0.1641153212913175,0.1641153212913175,0.0085326664122732,0.0261213438795361,,b1502
GSE39582,M2_msd_coexpr,503,GUCD1;RCBTB2;TIPARP;RAP2B,0.0,0.1989532271000457,0.2589016189856913,0.0237068209829384,0.0237068209829384,0.0492393608146013,0.0492393608146013,0.7563105110073473,0.5159521590200145,,b1503
GSE39582,M2_msd_coexpr,504,AP2M1;ZBTB45;LOC728554;CYB561D2,0.0,0.3781968786486649,0.7678544233792474,-0.1287010462206822,0.1287010462206822,-0.0210385208899234,0.0210385208899234,0.0744117581265844,0.7746998379086529,,b1504
GSE39582,M2_msd_coexpr,505,HMGN1;MROH1;MAPK13;ZNF24,0.0,0.4538534157866165,1.3827947091052586,-0.1091688615714342,0.1091688615714342,-0.0786215072429928,0.0786215072429928,0.1321628279899195,0.2806537187794441,,b1505
GSE39582,M2_msd_coexpr,506,LOC101930324;CXorf21;PRELID3B;CISD2,0.0,0.2993316501631651,0.5224650374589835,-0.0979893168044651,0.0979893168044651,-0.1015396545212876,0.1015396545212876,0.1646442898528591,0.1629400698937918,,b1506
GSE39582,M2_msd_coexpr,507,PPP6C;CXorf21;RNF11;NAT6,0.0,0.1214293084444284,0.1852802398211698,0.0065707179393207,0.0065707179393207,0.0206177269110067,0.0206177269110067,0.9288090350325764,0.7806489212334414,,b1507
GSE39582,M2_msd_coexpr,508,PRR13;CINP;SNRPB;TMEM184A,0.0,0.6436452950042666,1.173757030373345,-0.2323185497658061,0.2323185497658061,-0.1382496912827845,0.1382496912827845,0.0019699777968739,0.0553130560397918,,b1508
GSE39582,M2_msd_coexpr,509,HDGF;CXorf21;CSE1L;SCFD1,0.0,0.3940783020876359,1.0365331993900468,-0.0864650972990645,0.0864650972990645,-0.0898844356758571,0.0898844356758571,0.2303009286804346,0.2249411687770365,,b1509
GSE39582,M2_msd_coexpr,510,UQCRC2;LOC100996255;SCAND1;PARD6A,0.0,0.161596847352248,0.2834996494260233,-0.034534717883856,0.034534717883856,0.0113483095492776,0.0113483095492776,0.6422999235546549,0.8782621178370591,,b1510
GSE39582,M2_msd_coexpr,511,NME1-NME2;LIPE;TMEM30A;IKBKE,0.0,0.5416726193153968,1.648524150656013,-0.2167801762691052,0.2167801762691052,-0.1201175093021258,0.1201175093021258,0.0024602197334569,0.1005549878785202,,b1511
GSE39582,M2_msd_coexpr,512,IFNGR2;CBX2;RPS6KA3;PIDD1,0.0,0.3321095867477404,0.7567032063452955,-0.1269976128082437,0.1269976128082437,-0.1608836886628499,0.1608836886628499,0.0810799427429558,0.0279115621595778,,b1512
GSE39582,M2_msd_coexpr,513,UBE4A;POMGNT1;THRIL;MAPK8,0.0,0.3310311945005975,0.5691945884383696,-0.1138535319656195,0.1138535319656195,-0.0995056186299465,0.0995056186299465,0.1174287005600577,0.2003319070498278,,b1513
GSE39582,M2_msd_coexpr,514,TOMM6;CINP;ABHD14A-ACY1;MUM1,0.0,0.4370937402290441,1.0636440148734143,-0.1687717477696057,0.1687717477696057,-0.1582546769626432,0.1582546769626432,0.0233338788898295,0.0291132014946216,,b1514
GSE39582,M2_msd_coexpr,515,TBC1D14;RCBTB2;ROMO1;HIRIP3,0.0,0.1465786770499518,0.2790794413887434,-0.2251129021495638,0.2251129021495638,-0.1194127092285119,0.1194127092285119,0.0038440095671023,0.1345841261383485,,b1515
GSE39582,M2_msd_coexpr,516,LOC101927180;CXorf21;RPS6KA3;APPBP2,0.0,0.4054146917439552,0.9842794726062132,-0.0580304117839812,0.0580304117839812,-0.0974046693367478,0.0974046693367478,0.4197913809947847,0.1945635887116328,,b1516
GSE39582,M2_msd_coexpr,517,C1orf43;CDK14;RFC4;SH3BP5L,0.0,0.2064502353223405,0.2819263871389943,-0.0598172920897942,0.0598172920897942,0.0184927422543091,0.0184927422543091,0.4124035493243433,0.8027286969189651,,b1517
GSE39582,M2_msd_coexpr,518,GABARAP;EFCAB11;PSMB8;RDH13,0.0,0.6097553883866959,1.2619638652392522,-0.2174766957630913,0.2174766957630913,-0.1823994240774384,0.1823994240774384,0.0027895483835945,0.0098683740586476,,b1518
GSE39582,M2_msd_coexpr,519,CWC15;NAA15;TMEM30A;HIPK1,0.0,0.270390757701019,0.6013334449161128,0.0058767970746818,0.0058767970746818,-0.0300809960197695,0.0300809960197695,0.9350697780743958,0.6875769625528323,,b1519
GSE39582,M2_msd_coexpr,520,CDIPT;HARBI1;HACD3;BCAM,0.0,0.4404655719753678,0.7825698712864145,-0.0500433991098042,0.0500433991098042,0.0381177521480218,0.0381177521480218,0.4955258818744158,0.6033876949647244,,b1520
GSE39582,M2_msd_coexpr,521,TOMM70;C19orf73;PSMA7;TMSB4Y,0.0,0.3490395022659481,0.7576123754557008,-0.1609134191510573,0.1609134191510573,-0.1773267118428995,0.1773267118428995,0.0306723785503084,0.0178690044130987,,b1521
GSE39582,M2_msd_coexpr,522,P4HTM;POMGNT1;PAM;PCDH1,0.0,0.2137768747448616,0.4727009835923719,-0.1014683042166039,0.1014683042166039,-0.1164252404169177,0.1164252404169177,0.1669285972170813,0.1220763978137709,,b1522
GSE39582,M2_msd_coexpr,523,DDX5;RGS14;NRIP1;ITFG1,0.0,0.3167565241886796,0.5646827576897548,-0.0022924198461522,0.0022924198461522,-0.0119508768983546,0.0119508768983546,0.9744481520063604,0.8755811507887931,,b1523
GSE39582,M2_msd_coexpr,524,TRMT5;ZBTB45;BSG;KIAA1217,0.0,0.2806179587664777,0.7917959361543425,-0.1104875516542971,0.1104875516542971,-0.0562859607941667,0.0562859607941667,0.1244006804413156,0.433621939267608,,b1524
GSE39582,M2_msd_coexpr,525,KPNB1;CYLD;LOC101060817;BNIP1,0.0,0.1510096475377295,0.3227883729515992,-0.2020596506712333,0.2020596506712333,-0.186474198089974,0.186474198089974,0.0053490162022663,0.0129902669539968,,b1525
GSE39582,M2_msd_coexpr,526,UBQLN1;ATPAF2;LOC102724993;P4HA2,0.0,0.2503386564808188,0.7117683537260434,-0.0959442386590775,0.0959442386590775,-0.0843013623955001,0.0843013623955001,0.2005003834729114,0.2738421050122858,,b1526
GSE39582,M2_msd_coexpr,527,CDIPT;GALK1;EZR;CCDC127,0.0,0.3035861121464709,0.7825698712864145,-0.042389691104949,0.042389691104949,0.0236925011249054,0.0236925011249054,0.5701768070835241,0.7509834194261483,,b1527
GSE39582,M2_msd_coexpr,528,HMGN1;TMEM263;FAM8A1;LUC7L,0.0,0.4987251683326545,1.3827947091052586,-0.0064960898014428,0.0064960898014428,-0.017920141639659,0.017920141639659,0.9296715957371168,0.8142302338074039,,b1528
GSE39582,M2_msd_coexpr,529,ATP5G3;NT5DC2;GLOD4;HNRNPLL,0.0,0.3051818486047558,0.6196794624664845,-0.1616774593242562,0.1616774593242562,-0.0811686463368944,0.0811686463368944,0.0243277452278185,0.2850984205168356,,b1529
GSE39582,M2_msd_coexpr,530,ADI1;LIPE;NXT1;SH3BP5L,0.0,0.1462608191740101,0.1851160821155771,-0.159930371636522,0.159930371636522,-0.0315424790530213,0.0315424790530213,0.028609238965907,0.6731133097029274,,b1530
GSE39582,M2_msd_coexpr,531,LOC101927180;C19orf73;CLDN7;STK10,0.0,0.5752445553188509,0.9842794726062132,-0.1506060043593526,0.1506060043593526,-0.0524751604189862,0.0524751604189862,0.0346470394865136,0.4468780184389525,,b1531
GSE39582,M2_msd_coexpr,532,TOMM6;CBX2;LOC728554;MAPK8,0.0,0.4453742247994722,1.0636440148734143,-0.1160968409319836,0.1160968409319836,-0.0924142308635786,0.0924142308635786,0.1167264386370574,0.2016233113721128,,b1532
GSE39582,M2_msd_coexpr,533,PRDX1;TMEM263;FAM60A;BNIP1,0.0,0.5523286639991511,1.6579516767378093,-0.1152672427898096,0.1152672427898096,-0.1209264315578782,0.1209264315578782,0.1065543595975874,0.099077516463222,,b1533
GSE39582,M2_msd_coexpr,534,ZDHHC16;CPEB2;FAM60A;DNAJC16,0.0,0.2142239503546673,0.4079643605815464,-0.0976623603734743,0.0976623603734743,-0.0858699991663306,0.0858699991663306,0.1813271413734961,0.2586049218441157,,b1534
GSE39582,M2_msd_coexpr,535,TOMM70;C1orf74;SCAND1;BAD,0.0,0.2339309339203455,0.3138285201584349,-0.1854484742886381,0.1854484742886381,-0.0986745077259269,0.0986745077259269,0.0120965103569466,0.1796081192084541,,b1535
GSE39582,M2_msd_coexpr,536,NGRN;ZNHIT2;NRIP1;SEMA4A,0.0,0.2147840781803521,0.4069477174187497,0.0148534276828211,0.0148534276828211,0.0599360625404788,0.0599360625404788,0.8417800696527662,0.4279878694827695,,b1536
GSE39582,M2_msd_coexpr,537,BOD1;RGS14;HIF1A;MUM1,0.0,0.4239679322335242,1.275010045665717,-0.1044906136110657,0.1044906136110657,-0.1392786935507096,0.1392786935507096,0.1426058362653847,0.0532271856467619,,b1537
GSE39582,M2_msd_coexpr,538,SS18L2;DST;THOC3;TFAP4,0.0,0.2163349746778013,0.4712021197129686,-0.0949061254337939,0.0949061254337939,-0.0832870566863956,0.0832870566863956,0.2113792420907605,0.2632806094400323,,b1538
GSE39582,M2_msd_coexpr,539,TMEM203;DOCK5;STAG2;RSPH3,0.0,0.2638329860664702,0.5680747054817906,0.0461131486323629,0.0461131486323629,-0.038332804501565,0.038332804501565,0.5283584243165852,0.6089308956460547,,b1539
GSE39582,M2_msd_coexpr,540,VDAC2;MROH1;PSME2;LOC101927151,0.0,0.7244103550163978,1.4289832710567767,-0.2394556072948833,0.2394556072948833,-0.1994751127357379,0.1994751127357379,0.0015179997168344,0.0087898715610541,,b1540
GSE39582,M2_msd_coexpr,541,RPL18A;LIPE;LAMP2;PARD6A,0.0,0.1660708293082405,0.2834996494260233,-0.0823034313189404,0.0823034313189404,-0.0255392059035513,0.0255392059035513,0.2605281765434905,0.7244717994186505,,b1541
GSE39582,M2_msd_coexpr,542,ZDHHC6;EFCAB11;ASAP2;POLD3,0.0,0.2038623090664846,0.4878067964236345,-0.149421176201392,0.149421176201392,-0.1684764958417881,0.1684764958417881,0.0396705959657754,0.0245599728758478,,b1542
GSE39582,M2_msd_coexpr,543,DCTN3;GALK1;PSMB8;C19orf12,0.0,0.4216176696126054,0.8838743197303649,-0.2481508333488238,0.2481508333488238,-0.1504089728069221,0.1504089728069221,0.0010705820615369,0.053099154492912,,b1543
GSE39582,M2_msd_coexpr,544,GUCD1;BORCS5;ODC1;RABL6,0.0,0.5231312983838778,1.4828910613729165,-0.2836083434772775,0.2836083434772775,-0.1885137699207315,0.1885137699207315,0.0002221328680256,0.0166345382959333,,b1544
GSE39582,M2_msd_coexpr,545,NDUFB10;DOCK5;SERINC1;AGFG1,0.0,0.3561651920818322,0.6413572029759124,-0.0727508400738979,0.0727508400738979,-0.0538495608928447,0.0538495608928447,0.3295155532785191,0.4800212571167259,,b1545
GSE39582,M2_msd_coexpr,546,R3HDM4;RGS14;PHGDH;CNPY4,0.0,0.1786516903191424,0.2863134518677055,0.0259038360791124,0.0259038360791124,0.0737478156198271,0.0737478156198271,0.7148342670885575,0.3219848369116975,,b1546
GSE39582,M2_msd_coexpr,547,SLC25A3;CXorf21;PRELID3B;SFI1,0.0,0.3676390422621721,0.5617289275625249,-0.0898388830882804,0.0898388830882804,-0.0494836377595282,0.0494836377595282,0.2046419221275004,0.5017949726312607,,b1547
GSE39582,M2_msd_coexpr,548,SETSIP;LSM11;EZR;SEMA6C,0.0,0.4288135732961923,1.233023194738532,0.0240051754671886,0.0240051754671886,0.0657107471124526,0.0657107471124526,0.7377418439120698,0.3752874393092187,,b1548
GSE39582,M2_msd_coexpr,549,NOP10;DOCK5;PAM;LOC100133089,0.0,0.4833130458567296,1.2720984453982354,0.0457733546467139,0.0457733546467139,0.0356110590267012,0.0356110590267012,0.5441183474855195,0.6321681517996318,,b1549
GSE39582,M2_msd_coexpr,550,TBC1D14;MROH1;EZR;DDN,0.0,0.1127548823377147,0.225892341973751,-0.0669056416592949,0.0669056416592949,-0.0006280201555109,0.0006280201555109,0.3477976045302241,0.9932544489758504,,b1550
GSE39582,M2_msd_coexpr,551,TOMM70;DOCK5;DANCR;APBA3,0.0,0.3337612348216731,0.7511988692935951,-0.1652319432815312,0.1652319432815312,-0.1209872334066076,0.1209872334066076,0.0293036773983582,0.1228463113464186,,b1551
GSE39582,M2_msd_coexpr,552,GLT8D1;L2HGDH;ASAP2;SNORD49A,0.0,0.1030183429001167,0.1298082974622535,-0.0093322239232329,0.0093322239232329,-0.0494234731544784,0.0494234731544784,0.9011767717891548,0.4991232551942283,,b1552
GSE39582,M2_msd_coexpr,553,ARF6;HARBI1;ODC1;SRPK2,0.0,0.4810188171362042,1.4828910613729165,-0.1681847339189544,0.1681847339189544,-0.1098209188204568,0.1098209188204568,0.0259951161498932,0.1458681738447721,,b1553
GSE39582,M2_msd_coexpr,554,PRDX1;C19orf73;TMEM30A;SNORA17B,0.0,0.5452158977889332,1.6579516767378093,-0.0508628347282794,0.0508628347282794,-0.0739244682541848,0.0739244682541848,0.4824667811618705,0.3196016056326842,,b1554
GSE39582,M2_msd_coexpr,555,SAT1;CDKN2AIPNL;SCAND1;MIR4656,0.0,0.257745090944586,0.6176708011558665,-0.1398230259283191,0.1398230259283191,-0.1431341723556504,0.1431341723556504,0.0597535520635776,0.0534536906006636,,b1555
GSE39582,M2_msd_coexpr,556,NDUFS2;DCAKD;FAM8A1;ZNF24,0.0,0.2901913072430242,0.7413936179656484,-0.052069759715134,0.052069759715134,0.0661758992293465,0.0661758992293465,0.4900153589555862,0.3987340581730979,,b1556
GSE39582,M2_msd_coexpr,557,MRPL3;CDKN2AIPNL;NXT1;TMEM175,0.0,0.4372872496650719,1.3681027892686817,-0.1899015366907374,0.1899015366907374,-0.1313433208838894,0.1313433208838894,0.0072477009237546,0.0665008014870553,,b1557
GSE39582,M2_msd_coexpr,558,BCL2L2-PABPN1;LOC100506538;HIF1A;LINC01569,0.0,0.3943939298974908,1.275010045665717,-0.1587446775360559,0.1587446775360559,-0.1230669409722373,0.1230669409722373,0.0377986963363299,0.1207531007573422,,b1558
GSE39582,M2_msd_coexpr,559,PDHB;CBX2;ARFGAP3;WASL,0.0,0.2734566717533206,0.4593620693914928,-0.1543359495378355,0.1543359495378355,-0.1552405343413897,0.1552405343413897,0.0284608822272942,0.0357146466518817,,b1559
GSE39582,M2_msd_coexpr,560,ZNF622;RGS14;GCSH;NPPA,0.0,0.1083047429820874,0.1969450526796095,-0.2618570979051667,0.2618570979051667,-0.1884966316579246,0.1884966316579246,0.0005342192446278,0.0108473165067655,,b1560
GSE39582,M2_msd_coexpr,561,NDUFS2;CXorf21;UAP1;ZNF584,0.0,0.4448576776261561,0.7413936179656484,-0.0505636754173951,0.0505636754173951,0.0718248649421663,0.0718248649421663,0.5000079678283935,0.3599627220168649,,b1561
GSE39582,M2_msd_coexpr,562,GLT8D1;NT5DC2;PPIL1;ZNF398,0.0,0.1511462094515996,0.2031573536778697,-0.1763146253782043,0.1763146253782043,-0.1317508553863481,0.1317508553863481,0.0154649087046284,0.0688096056823968,,b1562
GSE39582,M2_msd_coexpr,563,PSMD14;NAA15;SNORD88C;MRM1,0.0,0.4148596703025156,1.010961369407792,-0.2349003690653113,0.2349003690653113,-0.214827571605825,0.214827571605825,0.0009730650177723,0.0020658686311047,,b1563
GSE39582,M2_msd_coexpr,564,PDHB;BORCS5;SCAND1;ADCY9,0.0,0.2489847600871291,0.4593620693914928,-0.2313089662369577,0.2313089662369577,-0.1606504490038526,0.1606504490038526,0.0018566092425771,0.030082840462652,,b1564
GSE39582,M2_msd_coexpr,565,LCMT1;CBX2;RMI2;PTK2B,0.0,0.2300686497481387,0.5428968961166623,-0.2148788939055078,0.2148788939055078,-0.1492835763229316,0.1492835763229316,0.0034285187010769,0.0454923387545019,,b1565
GSE39582,M2_msd_coexpr,566,SAT1;ZNHIT2;MAPK13;SNIP1,0.0,0.3024343923983879,0.6176708011558665,-0.1114614556795813,0.1114614556795813,-0.0780623900160616,0.0780623900160616,0.1365037870989548,0.3012456847131346,,b1566
GSE39582,M2_msd_coexpr,567,ATXN10;CPEB2;ZWINT;POLD3,0.0,0.2552255214209412,0.5729786237608241,-0.1568798128487284,0.1568798128487284,-0.1445157504733645,0.1445157504733645,0.037036085638815,0.0517971003012817,,b1567
GSE39582,M2_msd_coexpr,568,SSR2;C19orf73;SLIRP;PTPN18,0.0,0.5569056131130372,1.1147395788211891,-0.1683361874864272,0.1683361874864272,-0.1206174757074106,0.1206174757074106,0.0216781376529283,0.0947962703870958,,b1568
GSE39582,M2_msd_coexpr,569,DSTN;MROH1;KPNA2;WAS,0.0,0.4279436210265647,1.008043131485613,-0.0305648158406641,0.0305648158406641,0.0069667745056071,0.0069667745056071,0.6786601856783457,0.9260200736455864,,b1569
GSE39582,M2_msd_coexpr,570,LRRC8D;ZNHIT2;CKS2;APBA3,0.0,0.3829420456837508,1.0828062788285135,-0.1984010863108257,0.1984010863108257,-0.1206015022865055,0.1206015022865055,0.0082058128966025,0.0940172629341831,,b1570
GSE39582,M2_msd_coexpr,571,RPL36AL;CDK14;CKS1B;SH3BP5L,0.0,0.5711266557741128,1.346417091687299,0.0054375831277856,0.0054375831277856,0.0537586983796559,0.0537586983796559,0.939591439826729,0.4650363096704636,,b1571
GSE39582,M2_msd_coexpr,572,SCAMP3;HARBI1;ASUN;HEATR1,0.0,0.1419716387913887,0.2190209996700337,-0.1483215872929075,0.1483215872929075,-0.096934159066374,0.096934159066374,0.0440747222175993,0.1903627532180399,,b1572
GSE39582,M2_msd_coexpr,573,AFTPH;RGS14;SMAGP;SKI,0.0,0.2328210630866916,0.5368999560884434,-0.1973880069362465,0.1973880069362465,-0.1456206687574861,0.1456206687574861,0.0071943259785652,0.0408309625387754,,b1573
GSE39582,M2_msd_coexpr,574,JAGN1;RGS14;KIAA0101;GFM1,0.0,0.2579518586285815,0.3735101607682681,-0.230516103800774,0.230516103800774,-0.092926871764668,0.092926871764668,0.0017210619928661,0.2059842589825782,,b1574
GSE39582,M2_msd_coexpr,575,MIR1236;CBX2;SDF2L1;CEP164,0.0,0.2522522903282519,0.4908652849439818,-0.1297715556846472,0.1297715556846472,-0.0803728987389695,0.0803728987389695,0.079377085964277,0.2763721392976161,,b1575
GSE39582,M2_msd_coexpr,576,HDGF;RCBTB2;KRTCAP3;HAUS2,0.0,0.3673448464974904,1.0365331993900468,-0.0142931007691742,0.0142931007691742,0.049357425042571,0.049357425042571,0.8426328044373872,0.4894734324355272,,b1576
GSE39582,M2_msd_coexpr,577,RNF181;KLHL20;SRPK1;CEBPA-AS1,0.0,0.2972699105195379,0.7819809311933767,-0.0507352787218077,0.0507352787218077,-0.046956641857873,0.046956641857873,0.4887583410935888,0.532864634852364,,b1577
GSE39582,M2_msd_coexpr,578,ZDHHC16;RGS14;TMEM30A;LOC101927151,0.0,0.101674059732538,0.119254231594678,-0.1048546601896488,0.1048546601896488,-0.0020290694610646,0.0020290694610646,0.1685162714707556,0.9780276585662712,,b1578
GSE39582,M2_msd_coexpr,579,GLT8D1;C19orf73;ASUN;RCOR2,0.0,0.1459501702862246,0.2190209996700337,-0.2140150090658788,0.2140150090658788,-0.1919532110168504,0.1919532110168504,0.00406589056454,0.0097286216370049,,b1579
GSE39582,M2_msd_coexpr,580,GLRX5;L2HGDH;MIR1234;PDE6G,0.0,0.2004728324955383,0.5481025605461266,-0.1171539239958251,0.1171539239958251,-0.0965097582104496,0.0965097582104496,0.0968987406052314,0.1807839291784757,,b1580
GSE39582,M2_msd_coexpr,581,KDELR1;CBX2;PSME2;NFX1,0.0,0.5786600702744893,1.4289832710567767,-0.2218519118397532,0.2218519118397532,-0.1548384142662399,0.1548384142662399,0.002259809494017,0.0359620067961866,,b1581
GSE39582,M2_msd_coexpr,582,GDI2;SWT1;ACAT2;SNORD65,0.0,0.4766747346159341,1.3039672913153484,-0.0178975233442178,0.0178975233442178,-0.0197588298879515,0.0197588298879515,0.8134334013939003,0.7991536990016641,,b1582
GSE39582,M2_msd_coexpr,583,TMED9;KLHL20;PNP;IKBKE,0.0,0.4041266246690067,0.7720535991917548,-0.0682146088521097,0.0682146088521097,0.0172553046795132,0.0172553046795132,0.349650657849972,0.8234540162888141,,b1583
GSE39582,M2_msd_coexpr,584,ATPIF1;WDCP;UBL3;HSF4,0.0,0.1726660571117796,0.278401619005483,-0.1371561550528398,0.1371561550528398,-0.1024837873104415,0.1024837873104415,0.0645943025618463,0.1360291268127046,,b1584
GSE39582,M2_msd_coexpr,585,MRPS22;VMA21;SCAND1;STK38,0.0,0.1722597245186457,0.2473431945064439,-0.1578880019239822,0.1578880019239822,-0.1545525730270552,0.1545525730270552,0.033872577910615,0.0409019898321243,,b1585
GSE39582,M2_msd_coexpr,586,ARF6;DCAKD;GCSH;ALDH3B1,0.0,0.2090218411090191,0.2793914781427526,-0.0486392878315284,0.0486392878315284,-0.0344298891219728,0.0344298891219728,0.5048347730932498,0.6437339580814458,,b1586
GSE39582,M2_msd_coexpr,587,NOP10;DST;PAM;PTK2B,0.0,0.4965987634572146,1.2720984453982354,0.0740285279749342,0.0740285279749342,0.0869133696216656,0.0869133696216656,0.3272198981263119,0.2390580931460134,,b1587
GSE39582,M2_msd_coexpr,588,RPS29;DST;TOMM34;UNC93B1,0.0,0.2054244966529285,0.5018237281013749,0.0710763537588828,0.0710763537588828,0.0730676031581046,0.0730676031581046,0.331499637171872,0.2910239065962745,,b1588
GSE39582,M2_msd_coexpr,589,SERBP1;BORCS5;XPOT;CYB561D2,0.0,0.2573208419806122,0.5219726732494473,-0.2614771075842445,0.2614771075842445,-0.2199858250497742,0.2199858250497742,0.0003889914678828,0.0025368811968398,,b1589
GSE39582,M2_msd_coexpr,590,SRP9;GLUD2;NUDT15;DNM1L,0.0,0.606060534041335,1.7484676931447525,-0.0574363210014412,0.0574363210014412,-0.0247379733533868,0.0247379733533868,0.4176078008294639,0.7427961862899832,,b1590
GSE39582,M2_msd_coexpr,591,ABL1;BORCS5;PNPT1;ELMO2,0.0,0.1943182902517817,0.3030507140174234,-0.1118069974842351,0.1118069974842351,-0.1297962142723951,0.1297962142723951,0.1333664175151494,0.085951425165708,,b1591
GSE39582,M2_msd_coexpr,592,ARF3;NRAV;EIF6;TFAP4,0.0,0.4112795346952402,1.149148916658587,-0.2103459549485673,0.2103459549485673,-0.1135123164590953,0.1135123164590953,0.0045213571728319,0.1326604481188827,,b1592
GSE39582,M2_msd_coexpr,593,ADI1;CYLD;SMAGP;DHRS7,0.0,0.2214836691409394,0.5368999560884434,-0.1085470967557125,0.1085470967557125,-0.0407298872380642,0.0407298872380642,0.149249322694476,0.5865636293221108,,b1593
GSE39582,M2_msd_coexpr,594,DPY30;NT5DC2;MRPS28;SKIV2L2,0.0,0.2284021399183107,0.300046736472093,-0.2047304294124186,0.2047304294124186,-0.1618662785158978,0.1618662785158978,0.0056914147794304,0.0272637496290563,,b1594
GSE39582,M2_msd_coexpr,595,CAPNS1;CINP;SERINC1;CISD2,0.0,0.4769302564976443,1.3240674697876886,-0.0553266451255755,0.0553266451255755,-0.0402753848206113,0.0402753848206113,0.4490915659961235,0.5885263472707245,,b1595
GSE39582,M2_msd_coexpr,596,LARS;NRAV;MIR939;ABR,0.0,0.1126391284374062,0.2673649538613423,-0.1280352583543,0.1280352583543,-0.1232485813970458,0.1232485813970458,0.073917482138828,0.0984055320137065,,b1596
GSE39582,M2_msd_coexpr,597,CHMP3;EFCAB11;C1QBP;EXD2,0.0,0.4601545614628785,0.9094341273489164,-0.1397247570992313,0.1397247570992313,-0.1076583090371545,0.1076583090371545,0.0539543063481173,0.1488332049380151,,b1597
GSE39582,M2_msd_coexpr,598,CACYBP;GALK1;GMNN;CASKIN2,0.0,0.2186805117303481,0.638965289267699,-0.3088889575333161,0.3088889575333161,-0.2366477986326271,0.2366477986326271,4.162830171432972e-05,0.0023307711937378,,b1598
GSE39582,M2_msd_coexpr,599,COMMD3;CCAR2;ZWINT;HNRNPLL,0.0,0.3049436543599598,0.5729786237608241,-0.1632561790159749,0.1632561790159749,-0.114452691700765,0.114452691700765,0.0277983909747307,0.1310856700767132,,b1599
GSE39582,M2_msd_coexpr,600,HMGN1;POMGNT1;CKS1B;COG2,0.0,0.5658163968221307,1.3827947091052586,-0.1529510255186712,0.1529510255186712,-0.1113309329933374,0.1113309329933374,0.0347711846672777,0.1171409440889223,,b1600
GSE39582,M2_msd_coexpr,601,NDUFB10;NAA15;PHGDH;C19orf12,0.0,0.3140950743650683,0.6413572029759124,-0.1884820721905385,0.1884820721905385,-0.141458507849395,0.141458507849395,0.0113608780505521,0.0580565976972424,,b1601
GSE39582,M2_msd_coexpr,602,MRPL34;RGS14;RNF11;CLCF1,0.0,0.1118813650225195,0.1814449164807657,0.0326437959562333,0.0326437959562333,0.0586507515990848,0.0586507515990848,0.6594104783533614,0.4199801014512015,,b1602
GSE39582,M2_msd_coexpr,603,R3HDM4;RCBTB2;THOC3;AP5Z1,0.0,0.2380518741011628,0.4712021197129686,-0.0046411185746839,0.0046411185746839,0.0199446573723144,0.0199446573723144,0.9496965725533189,0.787899201577656,,b1603
GSE39582,M2_msd_coexpr,604,DDX47;DOCK5;FAM177A1;PIGV,0.0,0.2949716243994616,0.6525851453992904,-0.1345969285113553,0.1345969285113553,-0.1235574915113387,0.1235574915113387,0.0731573385840145,0.0802088546758944,,b1604
GSE39582,M2_msd_coexpr,605,HNRNPA0;C1orf74;GNPNAT1;SLC8B1,0.0,0.2018161462099201,0.5134801026880564,-0.2534790203511821,0.2534790203511821,-0.1488945048354578,0.1488945048354578,0.0004934787235474,0.0480558544803211,,b1605
GSE39582,M2_msd_coexpr,606,RAB13;POMGNT1;SCRIB;TRAF2,0.0,0.3360507198119153,0.940448963755966,-0.0947475462431976,0.0947475462431976,-0.0479795048221452,0.0479795048221452,0.2057887882823982,0.513671584931729,,b1606
GSE39582,M2_msd_coexpr,607,USMG5;ATPAF2;NRIP1;DICER1,0.0,0.6157478583354422,1.826004836390916,-0.0695819279567605,0.0695819279567605,-0.0964443233057865,0.0964443233057865,0.3335974042448767,0.2035032487132961,,b1607
GSE39582,M2_msd_coexpr,608,SND1;VMA21;MIR1234;MCFD2,0.0,0.2417679162050043,0.528618167530643,-0.0901809809652471,0.0901809809652471,-0.0942970636257924,0.0942970636257924,0.2139041073106514,0.1903233123354095,,b1608
GSE39582,M2_msd_coexpr,609,C14orf166;DCAKD;CKS2;ACOX1,0.0,0.6539151821598319,1.292732364435932,-0.2294842398480343,0.2294842398480343,-0.1924531099989587,0.1924531099989587,0.0017141775755573,0.0068545630910734,,b1609
GSE39582,M2_msd_coexpr,610,RPS19BP1;MROH1;VMP1;NCOA6,0.0,0.2100253962002162,0.4693024838019672,-0.0964595822961441,0.0964595822961441,-0.1154192590882758,0.1154192590882758,0.1874569858584983,0.1123228759845644,,b1610
GSE39582,M2_msd_coexpr,611,ERP29;CBX2;DHRS4L2;SRL,0.0,0.3335553699572323,1.0147653773484102,-0.1542567273742962,0.1542567273742962,-0.1046835851922125,0.1046835851922125,0.0366113901749444,0.1743247233874734,,b1611
GSE39582,M2_msd_coexpr,612,RNASEK;MROH1;RPS6KA3;REXO2,0.0,0.4157406560310981,1.169784329951035,-0.1895332672451323,0.1895332672451323,-0.1592296020277784,0.1592296020277784,0.0114962520667706,0.0361097882352011,,b1612
GSE39582,M2_msd_coexpr,613,LOC102724984;BORCS5;BSG;PCIF1,0.0,0.3295738292156092,0.7917959361543425,-0.1344591021811364,0.1344591021811364,-0.0520159842599126,0.0520159842599126,0.0615651108935071,0.4612770556390413,,b1613
GSE39582,M2_msd_coexpr,614,GLT8D1;IL11RA;SERINC1;MECP2,0.0,0.2273604985510986,0.4257213560756309,0.1811859686148142,0.1811859686148142,0.1256689435889386,0.1256689435889386,0.00988741258104,0.0864167495500149,,b1614
GSE39582,M2_msd_coexpr,615,C1orf43;CPEB2;THOC3;LUC7L,0.0,0.2826186179409551,0.4712021197129686,0.0172060407727004,0.0172060407727004,0.0078165123618029,0.0078165123618029,0.8196974009518364,0.9170141436550638,,b1615
GSE39582,M2_msd_coexpr,616,PSMA6;NAA15;GNPNAT1;DDAH1,0.0,0.4073638851364144,0.7183502998507227,-0.2085627352520613,0.2085627352520613,-0.1929085278654432,0.1929085278654432,0.0037067392715232,0.0060230797118109,,b1616
GSE39582,M2_msd_coexpr,617,MZT2A;ATPAF2;ASAP2;CEP164,0.0,0.2477798868121803,0.7293437961674755,-0.0278205440979218,0.0278205440979218,-0.008395791097419,0.008395791097419,0.7064992857626895,0.9035971195217204,,b1617
GSE39582,M2_msd_coexpr,618,ETF1;CPEB2;MIR21;LOC101928143,0.0,0.1942911253266588,0.3135166569643298,0.0799957060145518,0.0799957060145518,-0.0342345725898517,0.0342345725898517,0.3048713739772636,0.6470766421636172,,b1618
GSE39582,M2_msd_coexpr,619,CTDNEP1;TMEM263;DHRS4L2;C7orf43,0.0,0.1346899177965661,0.2125013340389003,-0.0671675083414876,0.0671675083414876,-0.0123606665670671,0.0123606665670671,0.3637913878372499,0.8689522603266111,,b1619
GSE39582,M2_msd_coexpr,620,NCOA4;LIPE;FAM60A;LRRC14,0.0,0.492308073453467,1.3074732949613963,-0.1475223293657717,0.1475223293657717,-0.0634570713380705,0.0634570713380705,0.0416660518963618,0.3936590850620103,,b1620
GSE39582,M2_msd_coexpr,621,UBE2A;IL11RA;TMEM30A;ITFG1,0.0,0.2497782447867031,0.4833523717001854,0.1490769119892241,0.1490769119892241,0.1326892961010523,0.1326892961010523,0.0425794597893825,0.0856863070147921,,b1621
GSE39582,M2_msd_coexpr,622,HMGN1;C1orf74;SAPCD2;HNRNPLL,0.0,0.5464655439024609,1.3827947091052586,-0.1920907573509609,0.1920907573509609,-0.1920715072790058,0.1920715072790058,0.006055392532161,0.0086412378829075,,b1622
GSE39582,M2_msd_coexpr,623,RNF20;LSM11;LOC101927178;NUDCD2,0.0,0.1381847582139549,0.2552712454441799,-0.0981132292229661,0.0981132292229661,-0.1445385349675206,0.1445385349675206,0.1905808710775725,0.0658173748651446,,b1623
GSE39582,M2_msd_coexpr,624,SPAG7;CINP;C1QBP;OR7E156P,0.0,0.3355820468058942,0.9094341273489164,-0.0729886990118186,0.0729886990118186,0.0040172512887192,0.0040172512887192,0.3108504177821357,0.9565672271063674,,b1624
GSE39582,M2_msd_coexpr,625,GANAB;CCAR2;GMNN;EXD2,0.0,0.3810051442641897,0.638965289267699,-0.1780293662089964,0.1780293662089964,-0.1221327097981231,0.1221327097981231,0.0161209210107709,0.1068421248240594,,b1625
GSE39582,M2_msd_coexpr,626,SF3B1;MROH1;THRIL;NDE1,0.0,0.2545578952017789,0.5691945884383696,-0.0649975394539933,0.0649975394539933,-0.1079594928688572,0.1079594928688572,0.3616203749000612,0.1298493774219427,,b1626
GSE39582,M2_msd_coexpr,627,MIR6890;RGS14;XPOT;BRD7,0.0,0.4289432622546955,1.3618771742016542,-0.18582539205546,0.18582539205546,-0.1247067168239551,0.1247067168239551,0.0095897143971379,0.0922274518808346,,b1627
GSE39582,M2_msd_coexpr,628,MIR6748;LSM11;FAM60A;AHNAK,0.0,0.2101049237259006,0.4079643605815464,-0.014746418507501,0.014746418507501,0.0115092901654008,0.0115092901654008,0.8357962601170317,0.877466584502092,,b1628
GSE39582,M2_msd_coexpr,629,DHX15;KLHL20;PSME2;EXD2,0.0,0.6798130847480067,1.4289832710567767,-0.1437643485505766,0.1437643485505766,-0.1035141807713118,0.1035141807713118,0.0517032510665262,0.1804156422799719,,b1629
GSE39582,M2_msd_coexpr,630,PEF1;CPEB2;PSMB8;TROVE2,0.0,0.3880492635381084,0.8838743197303649,-0.0574640515689829,0.0574640515689829,-0.0952070785175466,0.0952070785175466,0.4437639907095404,0.2187675181875014,,b1630
GSE39582,M2_msd_coexpr,631,PPP2R1A;DOCK5;PCNA;SMARCD1,0.0,0.4994290585174222,1.214776322647413,-0.179401178143031,0.179401178143031,-0.081501365656154,0.081501365656154,0.0103897048211324,0.2620065155009116,,b1631
GSE39582,M2_msd_coexpr,632,IFT20;DCAKD;FMR1;ITFG1,0.0,0.2745470629915668,0.5481466530605444,-0.0322444252562649,0.0322444252562649,-0.0507633034089111,0.0507633034089111,0.6513053038088528,0.4940764232933309,,b1632
GSE39582,M2_msd_coexpr,633,FAM21C;LIPE;PNPT1;RSPH3,0.0,0.1997388719336534,0.3030507140174234,-0.0614774214468365,0.0614774214468365,-0.0414232305187797,0.0414232305187797,0.3946567127481259,0.5862661803779717,,b1633
GSE39582,M2_msd_coexpr,634,SEC61G;CPEB2;GNPNAT1;PMS2P8,0.0,0.4389271480740147,0.8829917299825139,-0.1592521763065932,0.1592521763065932,-0.1884756196975637,0.1884756196975637,0.0323309820640048,0.0093401354543519,,b1634
GSE39582,M2_msd_coexpr,635,ETF1;GLUD2;UAP1;MED12,0.0,0.3320369824251833,0.6610223273955135,-0.0899882245814385,0.0899882245814385,-0.0330604987117804,0.0330604987117804,0.2326415405301098,0.6685688093567592,,b1635
GSE39582,M2_msd_coexpr,636,RNF20;CXorf21;UBE2T;NAT6,0.0,0.2412564754717978,0.4727686980273083,-0.0968471737536109,0.0968471737536109,-0.0665173111657111,0.0665173111657111,0.1878906475796408,0.3575407297397329,,b1636
GSE39582,M2_msd_coexpr,637,ADI1;C19orf73;C1QBP;WASL,0.0,0.3685745541818966,0.9094341273489164,-0.1607539372086379,0.1607539372086379,-0.0856308663482196,0.0856308663482196,0.0267951967575962,0.2382876572740073,,b1637
GSE39582,M2_msd_coexpr,638,LOC102724984;VMA21;ARFGAP3;PIGV,0.0,0.217097081895483,0.2906491068386058,-0.0799846676909832,0.0799846676909832,-0.026021811808106,0.026021811808106,0.2749930308990886,0.7177187057055934,,b1638
GSE39582,M2_msd_coexpr,639,PRDX6;CXorf21;MGLL;SIAH1,0.0,0.4692251617170921,1.0053408006364442,0.1170359692940648,0.1170359692940648,0.1484172028083656,0.1484172028083656,0.100819389292713,0.0468992692762958,,b1639
GSE39582,M2_msd_coexpr,640,LCMT1;IL11RA;PFKM;BMPR1A,0.0,0.1539519420550915,0.2521676878810983,-0.1029752961434908,0.1029752961434908,-0.0719032626654736,0.0719032626654736,0.1610860548322533,0.3429330047449805,,b1640
GSE39582,M2_msd_coexpr,641,SCAMP3;C19orf73;NAA38;PKP4,0.0,0.1734315627305849,0.2818468082140701,-0.1601213309929353,0.1601213309929353,-0.0838731656337855,0.0838731656337855,0.0296023939640749,0.25793830614093,,b1641
GSE39582,M2_msd_coexpr,642,TRMT5;IL11RA;ZNF511;HSF4,0.0,0.2095510598499336,0.2356708828148363,-0.0310069455169439,0.0310069455169439,-0.0284794890493021,0.0284794890493021,0.667219040940257,0.7040325474263791,,b1642
GSE39582,M2_msd_coexpr,643,DNAJB11;KLHL20;ITGAV;PIDD1,0.0,0.4042333903350497,0.8809165125277708,0.0456345188988386,0.0456345188988386,0.0653719843438142,0.0653719843438142,0.5482627796691442,0.3994434085088775,,b1643
GSE39582,M2_msd_coexpr,644,CHMP2A;L2HGDH;RFC4;KRAS,0.0,0.3111233335973908,0.7069561288144194,-0.1789768224501385,0.1789768224501385,-0.1554856322081755,0.1554856322081755,0.0169322057961526,0.0389009918331505,,b1644
GSE39582,M2_msd_coexpr,645,SCAMP3;BORCS5;TMEM30A;HNRNPLL,0.0,0.1581243773041175,0.201445321445855,-0.0429410896193275,0.0429410896193275,-0.0026444000690381,0.0026444000690381,0.5570003343206061,0.9725452352702212,,b1645
GSE39582,M2_msd_coexpr,646,NDFIP1;CINP;FAM177A1;C3orf18,0.0,0.1492021423329201,0.2552712454441799,0.0027489807004518,0.0027489807004518,0.0404493249888799,0.0404493249888799,0.9698487787403628,0.5896308838975302,,b1646
GSE39582,M2_msd_coexpr,647,BAG6;C19orf73;SNRPD1;GAMT,0.0,0.0907760958146757,0.1420550232367475,-0.1122850555718981,0.1122850555718981,-0.0455199043437406,0.0455199043437406,0.1238415085217793,0.5409109450479191,,b1647
GSE39582,M2_msd_coexpr,648,PFDN2;CYLD;MIR939;RCOR2,0.0,0.1895834713023081,0.5213611605711415,-0.0275747270082966,0.0275747270082966,-0.003685994821583,0.003685994821583,0.7151698613598785,0.962249705844785,,b1648
GSE39582,M2_msd_coexpr,649,R3HDM4;DOCK5;SAPCD2;KREMEN2,0.0,0.2194551226813791,0.4614906390161452,-0.113210473228424,0.113210473228424,-0.1380476941417349,0.1380476941417349,0.1139419143424553,0.0548987994710511,,b1649
GSE39582,M2_msd_coexpr,650,ZDHHC6;WDCP;LOC101927178;C19orf12,0.0,0.2398517827602771,0.4878067964236345,-0.1326374912548163,0.1326374912548163,-0.096038952510714,0.096038952510714,0.0650187937319911,0.2018479700064849,,b1650
GSE39582,M2_msd_coexpr,651,SEC13;L2HGDH;SMAGP;LRRC14,0.0,0.4484156307737978,0.9849003371639228,-0.2422231645592567,0.2422231645592567,-0.1837496812650226,0.1837496812650226,0.0007424562630387,0.0094869253353594,,b1651
GSE39582,M2_msd_coexpr,652,LUZP6;LOC100506538;ODC1;MGC45922,0.0,0.6679748443085703,1.4828910613729165,-0.1674059191578397,0.1674059191578397,-0.0822432031212685,0.0822432031212685,0.0238734953257294,0.2737412975595537,,b1652
GSE39582,M2_msd_coexpr,653,EDF1;CPEB2;PPIC;HPS4,0.0,0.4242609133218032,0.8858025632135773,0.0467495204169867,0.0467495204169867,0.0190858157853344,0.0190858157853344,0.5438442987656498,0.8001637801395686,,b1653
GSE39582,M2_msd_coexpr,654,SHISA5;RCBTB2;EIF4EBP1;ADCY9,0.0,0.3134953790028056,0.614307722226474,-0.0889946172932659,0.0889946172932659,-0.0648830014255146,0.0648830014255146,0.2432190917392703,0.4081893613984491,,b1654
GSE39582,M2_msd_coexpr,655,SEC13;CCAR2;RMI2;ITFG1,0.0,0.4700851741410364,0.9849003371639228,-0.2126575500302262,0.2126575500302262,-0.1363925642294917,0.1363925642294917,0.0041608637483938,0.0677556899946988,,b1655
GSE39582,M2_msd_coexpr,656,MRPL3;LSM11;CMSS1;KIF1B,0.0,0.4618623452825211,1.3681027892686817,-0.1269900947142285,0.1269900947142285,-0.134332856068365,0.134332856068365,0.0835782945265321,0.077370370715637,,b1656
GSE39582,M2_msd_coexpr,657,C14orf166;CDKN2AIPNL;ASUN;GFER,0.0,0.4729973425383941,1.292732364435932,-0.2065043568661901,0.2065043568661901,-0.1639570070534116,0.1639570070534116,0.0068453652592058,0.0270209678030356,,b1657
GSE39582,M2_msd_coexpr,658,MEMO1;TMEM263;CCNDBP1;EXD2,0.0,0.1493710921144875,0.1941173266991294,0.005082394603021,0.005082394603021,0.0616721542812103,0.0616721542812103,0.9462676290240752,0.4176751859938599,,b1658
GSE39582,M2_msd_coexpr,659,SRRM1;LIPE;BRI3BP;B9D2,0.0,0.2750994854922435,0.5172058376331128,-0.2594034076135753,0.2594034076135753,-0.1090866134727242,0.1090866134727242,0.0004007599416486,0.1542440262634971,,b1659
GSE39582,M2_msd_coexpr,660,PFDN2;C19orf73;CKS1B;LOC100133089,0.0,0.3515110367085111,0.6324772886669996,-0.0430803691580317,0.0430803691580317,-0.0631139552974806,0.0631139552974806,0.5667670201019448,0.3940234188393954,,b1660
GSE39582,M2_msd_coexpr,661,RPL18A;DST;PNPT1;ST7,0.0,0.1686807218058162,0.3030507140174234,-0.1475318097781775,0.1475318097781775,-0.163387444429025,0.163387444429025,0.0462348531735327,0.0324751948219177,,b1661
GSE39582,M2_msd_coexpr,662,NDUFS2;EFCAB11;GLOD4;SCFD1,0.0,0.3182072757293763,0.7413936179656484,-0.1318877927168379,0.1318877927168379,-0.058902981875217,0.058902981875217,0.0753586861148248,0.4372491308112086,,b1662
GSE39582,M2_msd_coexpr,663,SUN2;LSM11;NELFCD;ZNF584,0.0,0.292963789598875,0.7982890854901131,-0.1439075538446897,0.1439075538446897,-0.0869663177637464,0.0869663177637464,0.0444639325431635,0.2381127779281091,,b1663
GSE39582,M2_msd_coexpr,664,RAB6C;L2HGDH;STAG2;SIAH1,0.0,0.4169698138694497,0.8481812884019587,0.0496614516820377,0.0496614516820377,-0.0188299627969741,0.0188299627969741,0.5076004769648399,0.8106036480392159,,b1664
GSE39582,M2_msd_coexpr,665,TBC1D14;HARBI1;STAG2;DSTNP2,0.0,0.2496954704381172,0.5680747054817906,-0.1232312173900326,0.1232312173900326,-0.0829291365555178,0.0829291365555178,0.0879481314211859,0.2737002644476161,,b1665
GSE39582,M2_msd_coexpr,666,NDUFB3;GALK1;C1QBP;CAMK2G,0.0,0.4268508089346759,0.9094341273489164,-0.3426066382462527,0.3426066382462527,-0.2115998710996345,0.2115998710996345,1.0866670891650864e-05,0.0062928030205146,,b1666
GSE39582,M2_msd_coexpr,667,CHMP1A;ZBTB45;SNRPD1;LYRM2,0.0,0.1203337157538189,0.2169110768769408,-0.1902219940736819,0.1902219940736819,-0.0503847285074468,0.0503847285074468,0.0114664017872702,0.5010699257549825,,b1667
GSE39582,M2_msd_coexpr,668,DHX15;CDK14;MXI1;ABHD17B,0.0,0.4644858384072545,0.996002710675744,-0.0765088210056864,0.0765088210056864,-0.1216886892571768,0.1216886892571768,0.2880134598277332,0.1106598978962255,,b1668
GSE39582,M2_msd_coexpr,669,NPM1;CDK14;LOC101927178;LOC101927151,0.0,0.5583267326513178,1.746499601440378,-0.0965510555584232,0.0965510555584232,-0.1335710768819397,0.1335710768819397,0.1823400353952103,0.0788031564387898,,b1669
GSE39582,M2_msd_coexpr,670,SNORD23;C1orf74;PLEK2;CAND1,0.0,0.5459550651962549,1.3309172500742397,-0.1933287761051648,0.1933287761051648,-0.1227870572090738,0.1227870572090738,0.0091821594399767,0.1028199209409597,,b1670
GSE39582,M2_msd_coexpr,671,VDAC1;IL11RA;IGFBP7;RELT,0.0,0.1171427503903624,0.1681760396834102,0.1231649771434983,0.1231649771434983,0.083569448047075,0.083569448047075,0.0920778266899057,0.2673487845013,,b1671
GSE39582,M2_msd_coexpr,672,ERP29;SNCA;SAPCD2;ZNF451,0.0,0.4336128400106763,1.0147653773484102,-0.1109360384277647,0.1109360384277647,-0.1205787438602281,0.1205787438602281,0.1189275871855329,0.0953894184806012,,b1672
GSE39582,M2_msd_coexpr,673,PEF1;LSM11;RND3;ZC3H14,0.0,0.2166465460884642,0.4713645123695951,-0.1252671682186931,0.1252671682186931,-0.1523327773478704,0.1523327773478704,0.0975847506283631,0.0498603346266901,,b1673
GSE39582,M2_msd_coexpr,674,SND1;C1orf74;ITGAV;CFAP73,0.0,0.3928710215017272,0.8809165125277708,-0.1819076165209801,0.1819076165209801,-0.1505235680475715,0.1505235680475715,0.0128029782728305,0.0449943697413485,,b1674
GSE39582,M2_msd_coexpr,675,EIF4A1;VMA21;NAA38;KIF1B,0.0,0.3255912650454724,0.9623057516994116,-0.0430848005919893,0.0430848005919893,0.0097019138636428,0.0097019138636428,0.5596132917487568,0.8969011527407168,,b1675
GSE39582,M2_msd_coexpr,676,PPP1CC;ZNHIT2;SMAGP;LOC100133089,0.0,0.5546863416217918,1.4218073172248349,-0.2798336798082165,0.2798336798082165,-0.1933016833667217,0.1933016833667217,2.7089595102554685e-05,0.0054690277213563,,b1676
GSE39582,M2_msd_coexpr,677,MIR6748;CDK14;STAG2;SFI1,0.0,0.2670411913031998,0.5680747054817906,0.0488051029330208,0.0488051029330208,0.0024339603276386,0.0024339603276386,0.5128297679145888,0.9746712666557396,,b1677
GSE39582,M2_msd_coexpr,678,PPP1CC;TMEM263;MIR21;LOC101927151,0.0,0.4841992035716598,1.4218073172248349,-0.0600668167325038,0.0600668167325038,-0.1084303034546499,0.1084303034546499,0.4160708256907538,0.1618526716139096,,b1678
GSE39582,M2_msd_coexpr,679,AP2M1;LSM11;PAM;NUTM2F,0.0,0.4028040968386381,0.7678544233792474,0.0095334727494952,0.0095334727494952,0.0132839982399044,0.0132839982399044,0.8956587132295347,0.8581195432626134,,b1679
GSE39582,M2_msd_coexpr,680,ABCF1;CINP;CKS2;SNORA17B,0.0,0.4146160590786008,1.0828062788285135,-0.1538896269745651,0.1538896269745651,-0.1541320457814031,0.1541320457814031,0.0366152113180834,0.0395134052776073,,b1680
GSE39582,M2_msd_coexpr,681,EMC4;ATPAF2;RPS6KA3;ZNF398,0.0,0.3552293417034204,0.7811239764692479,-0.1371227501209444,0.1371227501209444,-0.025131571536139,0.025131571536139,0.0532563604092691,0.7285995919484514,,b1681
GSE39582,M2_msd_coexpr,682,HMGN1;LOC100506538;LAMP2;P4HA2,0.0,0.4289864185222518,1.3827947091052586,-0.1439056597243595,0.1439056597243595,-0.1574086025558321,0.1574086025558321,0.0445744352536468,0.0350211213839919,,b1682
GSE39582,M2_msd_coexpr,683,PPP6C;C1orf74;MLEC;CRCP,0.0,0.3382435235046662,0.8466834623374581,-0.2350199001991847,0.2350199001991847,-0.1440083606638036,0.1440083606638036,0.0014801195614316,0.05296647829924,,b1683
GSE39582,M2_msd_coexpr,684,KIAA1143;L2HGDH;ACAT2;RDH13,0.0,0.1796484410185059,0.4010005968451491,-0.2657688003959101,0.2657688003959101,-0.2877420425512556,0.2877420425512556,0.000546245217278,0.0001038063764366,,b1684
GSE39582,M2_msd_coexpr,685,ARF3;WDCP;ODC1;B9D2,0.0,0.477626123705007,1.4828910613729165,-0.2241413200512859,0.2241413200512859,-0.1317282119561377,0.1317282119561377,0.0029439066139657,0.0947995021552841,,b1685
GSE39582,M2_msd_coexpr,686,LAMTOR1;CBX2;MIR7703;TFAP4,0.0,0.6018015964209654,1.4289832710567767,-0.2362313945040349,0.2362313945040349,-0.1557105028041661,0.1557105028041661,0.0015809018861997,0.0433156553574965,,b1686
GSE39582,M2_msd_coexpr,687,CTDNEP1;DOCK5;ZNF593;NDE1,0.0,0.1039936503071199,0.1553835674883437,-0.105237894051482,0.105237894051482,-0.0564387301883637,0.0564387301883637,0.1628313015271435,0.4352769200844313,,b1687
GSE39582,M2_msd_coexpr,688,AFTPH;CBX2;KPNA2;C3orf18,0.0,0.3250624442647791,1.008043131485613,-0.1482497860009939,0.1482497860009939,-0.0900873990801717,0.0900873990801717,0.0495823570576069,0.232528399788689,,b1688
GSE39582,M2_msd_coexpr,689,RPL23;C19orf73;RND3;FAM84B,0.0,0.2392896696758949,0.4713645123695951,-0.1010864627706661,0.1010864627706661,-0.1334803601104726,0.1334803601104726,0.1635407634910486,0.0803337418756465,,b1689
GSE39582,M2_msd_coexpr,690,NCOA4;L2HGDH;BRI3BP;CEP164,0.0,0.522313917203866,1.3074732949613963,-0.0704738324974027,0.0704738324974027,-0.0234387757448247,0.0234387757448247,0.339169911166754,0.7623017866149786,,b1690
GSE39582,M2_msd_coexpr,691,MRPS22;CXorf21;SCAND1;DNAJC2,0.0,0.1625404261437176,0.2473431945064439,-0.2008615447485087,0.2008615447485087,-0.1925993669517177,0.1925993669517177,0.0055946529163039,0.0106154868407371,,b1691
GSE39582,M2_msd_coexpr,692,DSTN;HARBI1;ROMO1;HPS4,0.0,0.235224096075267,0.4157774073555043,-0.1791128920920664,0.1791128920920664,-0.1284833580560141,0.1284833580560141,0.0163821771213673,0.0876829488471316,,b1692
GSE39582,M2_msd_coexpr,693,H2AFV;GLUD2;EIF6;PTK2B,0.0,0.436340353187732,1.149148916658587,-0.1894869584487797,0.1894869584487797,-0.0702979187634149,0.0702979187634149,0.0110299952715075,0.3697759929220491,,b1693
GSE39582,M2_msd_coexpr,694,P4HTM;TMEM263;DHRS4L2;KANK1,0.0,0.08475960155589,0.1353734665876609,-0.1073420499592465,0.1073420499592465,-0.1313781126002799,0.1313781126002799,0.1513865086933412,0.0787365417470044,,b1694
GSE39582,M2_msd_coexpr,695,TBCA;RCBTB2;VMP1;DR1,0.0,0.5213945684273779,1.3269679876669471,0.0070506528586232,0.0070506528586232,-0.0581872978282591,0.0581872978282591,0.925691511052662,0.4469383985238013,,b1695
GSE39582,M2_msd_coexpr,696,ETF1;CDKN2AIPNL;SLC9A3R1;ST7-OT3,0.0,0.1848326276192887,0.3135166569643298,-0.2612817391345973,0.2612817391345973,-0.1707905377129044,0.1707905377129044,0.0004953020510053,0.0182717706270122,,b1696
GSE39582,M2_msd_coexpr,697,ABCF1;WDCP;TMEM30A;EXD2,0.0,0.1187166656339559,0.1792377826699621,0.0045759811393085,0.0045759811393085,0.0248652479025605,0.0248652479025605,0.9519889960826964,0.7480057949633454,,b1697
GSE39582,M2_msd_coexpr,698,CAPNS1;L2HGDH;NRIP1;ZNF584,0.0,0.5131395024977461,1.3240674697876886,-0.1324067172613594,0.1324067172613594,-0.1248691678617085,0.1248691678617085,0.0653814180658095,0.0846191369886888,,b1698
GSE39582,M2_msd_coexpr,699,SUB1;LSM11;MIR21;P4HA2,0.0,0.1719234509668686,0.268576107380006,-0.0618792317282464,0.0618792317282464,-0.1377286350924382,0.1377286350924382,0.398993834517212,0.070198795061749,,b1699
GSE39582,M2_msd_coexpr,700,KDELR1;CXorf21;THOC3;TMEM184A,0.0,0.3514552323873594,0.6252074010780442,-0.0337701162797921,0.0337701162797921,0.0541325334395208,0.0541325334395208,0.6467044506667463,0.4607493435804989,,b1700
GSE39582,M2_msd_coexpr,701,NOMO2;LOC100996255;YWHAE;KANK1,0.0,0.3823822938660084,0.9382633176097204,0.0245725869278616,0.0245725869278616,0.0307504257027659,0.0307504257027659,0.7472060344595597,0.678446879055566,,b1701
GSE39582,M2_msd_coexpr,702,SRRM1;LSM11;MIR7703;ZMYND11,0.0,0.5062214733046533,1.4289832710567767,-0.1627105956577597,0.1627105956577597,-0.0827846163611966,0.0827846163611966,0.0291526703020661,0.2989849540489586,,b1702
GSE39582,M2_msd_coexpr,703,BOD1;GLUD2;MAPK13;DNM1L,0.0,0.2068234393238826,0.2878576093506134,-0.1370450936965134,0.1370450936965134,-0.07504391655795,0.07504391655795,0.062398836080748,0.3139496736063464,,b1703
GSE39582,M2_msd_coexpr,704,STUB1;NAA15;TMEM30A;MCFD2,0.0,0.3154062357242938,0.7078240952873404,-0.0199797275694721,0.0199797275694721,-0.0485226597162299,0.0485226597162299,0.7867638319842076,0.5167522343778714,,b1704
GSE39582,M2_msd_coexpr,705,ARF3;DOCK5;KRT8;LOC100652768,0.0,0.5382984494613059,1.6573869593826307,-0.0295346612432962,0.0295346612432962,0.0606277217260531,0.0606277217260531,0.6918649812019937,0.4236633142966337,,b1705
GSE39582,M2_msd_coexpr,706,YY1AP1;EFCAB11;ASAP2;WAS,0.0,0.1190247644934338,0.2415238985617098,0.0081272601460805,0.0081272601460805,-0.0223230917275608,0.0223230917275608,0.9157776717304428,0.7707485504956249,,b1706
GSE39582,M2_msd_coexpr,707,EIF3D;MROH1;VMP1;TMEM170A,0.0,0.4617599210255823,1.2506953944484305,-0.0656637116078551,0.0656637116078551,-0.0657351719471732,0.0657351719471732,0.3778216504665215,0.3687171065712715,,b1707
GSE39582,M2_msd_coexpr,708,SETSIP;CCAR2;MIR939;PGS1,0.0,0.392946898572948,1.233023194738532,-0.100860698527281,0.100860698527281,-0.0906816522087285,0.0906816522087285,0.1749820695710155,0.2320377473095553,,b1708
GSE39582,M2_msd_coexpr,709,GDI2;C19orf73;MIR7703;GMEB1,0.0,0.7581307838971564,1.4289832710567767,-0.1509138986888804,0.1509138986888804,-0.0894108875725487,0.0894108875725487,0.0377952301693896,0.233843039791071,,b1709
GSE39582,M2_msd_coexpr,710,DDX5;MROH1;PNPT1;ABR,0.0,0.295382118067988,0.5646827576897548,-0.1147105260389674,0.1147105260389674,-0.1060416436961907,0.1060416436961907,0.1140584359352662,0.1449500863885919,,b1710
GSE39582,M2_msd_coexpr,711,TMEM203;SWT1;CKS2;GFER,0.0,0.3900283326592682,1.0828062788285135,-0.195124200782089,0.195124200782089,-0.1459596136590068,0.1459596136590068,0.0075693370367411,0.039047546876614,,b1711
GSE39582,M2_msd_coexpr,712,UFD1L;LOC100506538;NRIP1;NEPRO,0.0,0.3317199439059648,0.5843956014483438,-0.1541945051964719,0.1541945051964719,-0.1150693787585758,0.1150693787585758,0.0367856406986286,0.1401216609820705,,b1712
GSE39582,M2_msd_coexpr,713,SHFM1;RGS14;LOC728554;MARVELD1,0.0,0.3558132159806363,0.696594879931881,-0.0568128917196579,0.0568128917196579,-0.0021374108271661,0.0021374108271661,0.4284186234098477,0.9742058050118668,,b1713
GSE39582,M2_msd_coexpr,714,IARS2;IL11RA;PPIL1;P4HA2,0.0,0.2785602966227259,0.7339824501227261,-0.0813600764602596,0.0813600764602596,-0.0645009432988452,0.0645009432988452,0.2864445472008458,0.4190933213666908,,b1714
GSE39582,M2_msd_coexpr,715,QARS;L2HGDH;PAM;LOC101928143,0.0,0.4942706892737424,1.3618771742016542,-0.0558445107824965,0.0558445107824965,-0.0808957434408969,0.0808957434408969,0.4478461282737711,0.273960514449565,,b1715
GSE39582,M2_msd_coexpr,716,SNORD23;VMA21;SLIRP;SOS1,0.0,0.6022650332526238,1.3309172500742397,-0.139205818680524,0.139205818680524,-0.1745571978869835,0.1745571978869835,0.0514590828553046,0.0186099416494462,,b1716
GSE39582,M2_msd_coexpr,717,SNF8;NRAV;PCNA;MECP2,0.0,0.4349974040358321,1.214776322647413,-0.1405959229575159,0.1405959229575159,-0.0857796310204629,0.0857796310204629,0.0516531337126255,0.2392843070134247,,b1717
GSE39582,M2_msd_coexpr,718,SND1;WDCP;SNRNP25;HPS4,0.0,0.232781470544715,0.528618167530643,-0.2581601993391318,0.2581601993391318,-0.2111711532492897,0.2111711532492897,0.0003407938343912,0.0043134746613696,,b1718
GSE39582,M2_msd_coexpr,719,SDF4;TMEM263;LOC101060817;PCDH1,0.0,0.194045587142256,0.3409320518976813,-0.1466348872016356,0.1466348872016356,-0.1126414143354202,0.1126414143354202,0.0529952262348101,0.1371471363783023,,b1719
GSE39582,M2_msd_coexpr,720,SRRM1;LOC100506538;HIF1A;PDE6G,0.0,0.447514530694097,1.275010045665717,-0.1208161838951769,0.1208161838951769,-0.0416126484918675,0.0416126484918675,0.1024901809247609,0.587331746247697,,b1720
GSE39582,M2_msd_coexpr,721,VDAC1;CXorf21;KRTCAP3;SUPT7L,0.0,0.1326966771745687,0.1852802398211698,-0.0561245739833989,0.0561245739833989,-0.0510781403020614,0.0510781403020614,0.4402420370239487,0.4964797804231597,,b1721
GSE39582,M2_msd_coexpr,722,LRRC8D;CBX2;DPM1;RPAP2,0.0,0.3646959308791628,0.9696815650628768,-0.1188475283704759,0.1188475283704759,-0.1288772377442307,0.1288772377442307,0.0986414584040584,0.0693229467244837,,b1722
GSE39582,M2_msd_coexpr,723,IDH1;LOC100996255;UAP1;ITFG1,0.0,0.2812181414077654,0.6610223273955135,-0.0627087581395118,0.0627087581395118,-0.0384596952736906,0.0384596952736906,0.3768142498186047,0.5820603361594602,,b1723
GSE39582,M2_msd_coexpr,724,PSMD14;CINP;PPIF;NDE1,0.0,0.3714120554446499,1.010961369407792,-0.1849705966656151,0.1849705966656151,-0.1762687207840702,0.1762687207840702,0.0094233891758925,0.0138809693519178,,b1724
GSE39582,M2_msd_coexpr,725,MIR6890;CCAR2;MIR939;SH3BP5L,0.0,0.430461961923316,1.3618771742016542,-0.1527542289892606,0.1527542289892606,-0.0612921891319385,0.0612921891319385,0.0399966142762317,0.4168807313853471,,b1725
GSE39582,M2_msd_coexpr,726,TSEN34;GLUD2;MLEC;MAPK7,0.0,0.3021615804219044,0.8466834623374581,-0.1841738314405668,0.1841738314405668,-0.1041172098946951,0.1041172098946951,0.0119000586010475,0.169447173337158,,b1726
GSE39582,M2_msd_coexpr,727,RNF181;NT5DC2;AHCY;AGFG1,0.0,0.542327712193659,0.9503475344017522,-0.2286828630431727,0.2286828630431727,-0.1801338702050048,0.1801338702050048,0.0009899679733457,0.0121701101104127,,b1727
GSE39582,M2_msd_coexpr,728,ATF4;LOC100996255;MELK;CCDC159,0.0,0.4804476416694495,1.2360114545996013,0.023482726885789,0.023482726885789,0.0552828170210706,0.0552828170210706,0.7518939752121535,0.4821690799615623,,b1728
GSE39582,M2_msd_coexpr,729,SHC1;CINP;C19orf48;CFAP73,0.0,0.1453758247735311,0.2569059078953276,-0.0965943742634764,0.0965943742634764,-0.081270782973978,0.081270782973978,0.1823913448378749,0.2870060945187684,,b1729
GSE39582,M2_msd_coexpr,730,LCMT1;VMA21;ABHD14A-ACY1;TRAF2,0.0,0.1854249013351022,0.3650908819921534,-0.1679520164558631,0.1679520164558631,-0.108276185463624,0.108276185463624,0.020818608351585,0.1251197503250015,,b1730
GSE39582,M2_msd_coexpr,731,ARF3;SWT1;PSMB8;NXPH3,0.0,0.3494105854875818,0.8838743197303649,-0.0626284213441393,0.0626284213441393,-0.0345815542261264,0.0345815542261264,0.3949726381560072,0.6494038745951471,,b1731
GSE39582,M2_msd_coexpr,732,RER1;CDK14;GCSH;CAMTA1,0.0,0.1548326494845631,0.2785522566173102,-0.1824309671721819,0.1824309671721819,-0.1676710990894595,0.1676710990894595,0.0114152472345997,0.0247637408297988,,b1732
GSE39582,M2_msd_coexpr,733,WDR45B;C1orf74;KRT8;GRK5,0.0,0.6667896683702023,1.6573869593826307,-0.2000849451992934,0.2000849451992934,-0.102864933909247,0.102864933909247,0.0074995431617568,0.1577365964979058,,b1733
GSE39582,M2_msd_coexpr,734,FAM21C;KLHL20;THOC3;NOD1,0.0,0.2312137500692793,0.4712021197129686,0.0796200090831715,0.0796200090831715,0.1326207645689087,0.1326207645689087,0.2906817188019946,0.0819405274043904,,b1734
GSE39582,M2_msd_coexpr,735,CDIPT;RCBTB2;DHRS4;SH3PXD2B,0.0,0.2914874212706534,0.7825698712864145,0.0424384345702485,0.0424384345702485,0.0828745841224115,0.0828745841224115,0.5768859565535652,0.3021122297743166,,b1735
GSE39582,M2_msd_coexpr,736,SEC61G;CXorf21;PLEK2;HEATR1,0.0,0.4062501203227643,0.8829917299825139,-0.0445988881540017,0.0445988881540017,-0.0283972467876499,0.0283972467876499,0.5452500519049055,0.6953979552314417,,b1736
GSE39582,M2_msd_coexpr,737,RPL36AL;DST;CYC1;EMC7,0.0,0.6588420377562176,1.346417091687299,-0.0914346837018808,0.0914346837018808,-0.0285600840418893,0.0285600840418893,0.2235293033143928,0.7074195150650353,,b1737
GSE39582,M2_msd_coexpr,738,PIP4K2C;ZNHIT2;BSG;GTPBP8,0.0,0.2730145140800689,0.7917959361543425,-0.1381991403168593,0.1381991403168593,-0.0729342526862317,0.0729342526862317,0.0514510173451775,0.3000432239159217,,b1738
GSE39582,M2_msd_coexpr,739,VDAC2;C1orf74;FMR1;COG2,0.0,0.5246869419485057,1.311188179211245,-0.1277047737814563,0.1277047737814563,-0.0875606912534416,0.0875606912534416,0.0884139172682332,0.2546657153366062,,b1739
GSE39582,M2_msd_coexpr,740,LUZP6;CXorf21;HIF1A;MAPK7,0.0,0.6632559350914354,1.275010045665717,0.0893909727128498,0.0893909727128498,0.083363298617471,0.083363298617471,0.2199929840630391,0.2580828715350692,,b1740
GSE39582,M2_msd_coexpr,741,POLR2H;NRAV;MIR6849;VAPA,0.0,0.1853093364116269,0.479847673054524,-0.1289963321614812,0.1289963321614812,-0.1069132590197239,0.1069132590197239,0.1033950038049838,0.1883081885579827,,b1741
GSE39582,M2_msd_coexpr,742,NDFIP1;DOCK5;PLEK2;KREMEN2,0.0,0.1764389224479707,0.5025099061535695,-0.0367664834378067,0.0367664834378067,-0.0109144621871383,0.0109144621871383,0.6180302036249782,0.8774726728515985,,b1742
GSE39582,M2_msd_coexpr,743,NDUFA13;NT5DC2;SNORD88C;UNC93B1,0.0,0.4325452543551448,1.220125495441954,-0.1621723658759384,0.1621723658759384,-0.0813076844666306,0.0813076844666306,0.0240882479415813,0.2633829200346933,,b1743
GSE39582,M2_msd_coexpr,744,NFKB1;C1orf74;MLEC;TMEM184A,0.0,0.3143040515158193,0.8466834623374581,-0.2663039480482053,0.2663039480482053,-0.1693479596113035,0.1693479596113035,0.0001927524463767,0.0204518879264355,,b1744
GSE39582,M2_msd_coexpr,745,YY1AP1;WDCP;ADAP1;NPPA,0.0,0.1372144195980645,0.3929334282193406,-0.0384021140578323,0.0384021140578323,-0.0499411888735957,0.0499411888735957,0.6079561899920711,0.5085205533674245,,b1745
GSE39582,M2_msd_coexpr,746,UFD1L;CDKN2AIPNL;MLEC;INO80D,0.0,0.4034743569182101,0.8466834623374581,-0.2543731552395415,0.2543731552395415,-0.2014421335101615,0.2014421335101615,0.0005884140876925,0.0071311944462405,,b1746
GSE39582,M2_msd_coexpr,747,UQCRQ;GALK1;MIR6849;CCDC90B,0.0,0.4447883739682791,1.5141137076539102,-0.3070343230316253,0.3070343230316253,-0.258261058374007,0.258261058374007,6.9322301064441e-05,0.0008127625632938,,b1747
GSE39582,M2_msd_coexpr,748,PDIA6;CDKN2AIPNL;XPOT;TMEM198,0.0,0.4107407541743304,1.2229274361289173,-0.1855005828934768,0.1855005828934768,-0.1692671076513292,0.1692671076513292,0.0108426318209047,0.0195913693969236,,b1748
GSE39582,M2_msd_coexpr,749,UBE4A;ZBTB45;PAM;PGS1,0.0,0.3051355553091607,0.4885241495065811,-0.065791372263543,0.065791372263543,-0.0748715748965599,0.0748715748965599,0.3596130549142787,0.3018533781239576,,b1749
GSE39582,M2_msd_coexpr,750,AP2M1;TMEM263;TMEM30A;CLCF1,0.0,0.2862858175633805,0.7678544233792474,0.1542775260158599,0.1542775260158599,0.1291721120142066,0.1291721120142066,0.0465864763752824,0.0752936396180336,,b1750
GSE39582,M2_msd_coexpr,751,ATXN10;GALK1;PPIB;B3GAT3,0.0,0.4585366743638923,1.4947190052592365,-0.1331143747543546,0.1331143747543546,-0.0267087766436912,0.0267087766436912,0.0613155520263144,0.7159631272446976,,b1751
GSE39582,M2_msd_coexpr,752,CHMP1A;VMA21;PPIC;TMEM170A,0.0,0.1986754720970419,0.48552936225817,0.1013347094138904,0.1013347094138904,0.1133623596121775,0.1133623596121775,0.1536982878723981,0.1133427936320508,,b1752
GSE39582,M2_msd_coexpr,753,RNF103-CHMP3;RGS14;HIF1A;UROD,0.0,0.536144484802257,1.275010045665717,0.0110605866129814,0.0110605866129814,0.0323342938363476,0.0323342938363476,0.8816313718257948,0.6582849033061795,,b1753
GSE39582,M2_msd_coexpr,754,CDV3;BORCS5;HIF1A;MAPK8,0.0,0.4047795115860157,1.275010045665717,0.0044016877824182,0.0044016877824182,0.0111568924700558,0.0111568924700558,0.952492061081529,0.8868924602460215,,b1754
GSE39582,M2_msd_coexpr,755,TAF6;SWT1;ACAT2;SIAH1,0.0,0.1935538833739609,0.4010005968451491,-0.0291099758362051,0.0291099758362051,-0.0838492406116497,0.0838492406116497,0.701006944875791,0.2667529101317201,,b1755
GSE39582,M2_msd_coexpr,756,ZNF410;GLUD2;FMR1;FLYWCH2,0.0,0.2073439102243857,0.5481466530605444,0.0104245273319389,0.0104245273319389,0.0511910971651159,0.0511910971651159,0.8845255461822419,0.4927469000797161,,b1756
GSE39582,M2_msd_coexpr,757,KDELR1;GALK1;TMEM30A;PIGV,0.0,0.2609755477836488,0.6252074010780442,-0.1911547584245133,0.1911547584245133,-0.0817811034819977,0.0817811034819977,0.0093333371114592,0.2606551361941275,,b1757
GSE39582,M2_msd_coexpr,758,COX7C;ZNHIT2;CYC1;SNORD65,0.0,0.6430840183140828,1.2935948992280355,-0.1685971471366805,0.1685971471366805,-0.0815878963797193,0.0815878963797193,0.0228954345263497,0.27904901886727,,b1758
GSE39582,M2_msd_coexpr,759,PSMD14;RGS14;ADAP1;BMPR1A,0.0,0.3974239507589683,1.010961369407792,-0.132856770067433,0.132856770067433,-0.106348332278699,0.106348332278699,0.0734242868962119,0.1473408056419994,,b1759
GSE39582,M2_msd_coexpr,760,HNRNPA0;ZBTB45;DANCR;FAM212A,0.0,0.2666125656295172,0.7511988692935951,-0.2746356720197299,0.2746356720197299,-0.1413669036919049,0.1413669036919049,0.0001751694258304,0.066551302014532,,b1760
GSE39582,M2_msd_coexpr,761,SETSIP;BORCS5;PPIC;CEBPA-AS1,0.0,0.4982637276799869,1.233023194738532,-0.0443623069105841,0.0443623069105841,0.0187784468343844,0.0187784468343844,0.5448822870290054,0.8029669569487664,,b1761
GSE39582,M2_msd_coexpr,762,NPM1;LOC100506538;MIR6849;AGFG1,0.0,0.5419799285636099,1.746499601440378,-0.2621222505750388,0.2621222505750388,-0.2336162279524712,0.2336162279524712,0.000392987814517,0.0019202683079465,,b1762
GSE39582,M2_msd_coexpr,763,SNORA67;SWT1;MIR6800;ZNF394,0.0,0.2223285795028155,0.405380436181655,-0.0619514365260131,0.0619514365260131,-0.0645416771110871,0.0645416771110871,0.4003191076649013,0.3587631859111039,,b1763
GSE39582,M2_msd_coexpr,764,SAT1;DCAKD;UAP1;CYB561D2,0.0,0.384989810248494,0.6610223273955135,-0.1232456152961196,0.1232456152961196,-0.1013982568395137,0.1013982568395137,0.0934374863850483,0.1853497937126218,,b1764
GSE39582,M2_msd_coexpr,765,PSMD14;CYLD;KRTCAP3;MED7,0.0,0.3806565388093474,1.010961369407792,-0.1093432508358229,0.1093432508358229,-0.1501202589072657,0.1501202589072657,0.1354765533368516,0.0481655991461759,,b1765
GSE39582,M2_msd_coexpr,766,UQCRQ;RGS14;PLEK2;ANKRD13A,0.0,0.5898737627453756,1.5141137076539102,-0.2195141398799046,0.2195141398799046,-0.0929429069912508,0.0929429069912508,0.0031860614377513,0.2005372955217675,,b1766
GSE39582,M2_msd_coexpr,767,SNAPIN;CPEB2;ODC1;FLYWCH2,0.0,0.5040783387583093,1.4828910613729165,-0.0736154762979979,0.0736154762979979,-0.0249985006064064,0.0249985006064064,0.3111967245179143,0.7398370696728065,,b1767
GSE39582,M2_msd_coexpr,768,TMED9;ZNHIT2;VMP1;HNRNPLL,0.0,0.3981722058135776,0.7720535991917548,-0.1056848233791845,0.1056848233791845,-0.0941531243046808,0.0941531243046808,0.1534229068713455,0.2046934435939055,,b1768
GSE39582,M2_msd_coexpr,769,PRDX6;DST;KRT8;NIT1,0.0,0.7371405136328852,1.6573869593826307,0.1011006550489309,0.1011006550489309,0.1256851932283449,0.1256851932283449,0.1607712647152498,0.0775220711979644,,b1769
GSE39582,M2_msd_coexpr,770,TIMM23B;MROH1;SLC52A2;CCDC159,0.0,0.1063549561449634,0.203426244585585,-0.106746229390942,0.106746229390942,-0.0504872856390603,0.0504872856390603,0.1366580501561288,0.4711860173528329,,b1770
GSE39582,M2_msd_coexpr,771,SURF4;NT5DC2;GCSH;MRPS11,0.0,0.2805425140071377,0.5793187169304693,-0.1134863457314348,0.1134863457314348,-0.0251703008338649,0.0251703008338649,0.116839002935258,0.7331540124560492,,b1771
GSE39582,M2_msd_coexpr,772,NDUFB3;ZNHIT2;PAM;RNF219,0.0,0.344556541638085,0.6332269117081629,-0.0901690104941237,0.0901690104941237,-0.0968681473189078,0.0968681473189078,0.2099341851043978,0.1765524947260434,,b1772
GSE39582,M2_msd_coexpr,773,RAB13;ATPAF2;CKS2;SH3PXD2B,0.0,0.5800977425870649,1.0828062788285135,-0.1049019573006931,0.1049019573006931,-0.0052497897986822,0.0052497897986822,0.1474148154842824,0.9437928688012124,,b1773
GSE39582,M2_msd_coexpr,774,FAM21C;RGS14;CMSS1;NEPRO,0.0,0.1777051952615604,0.2974395574715236,-0.1276785409691034,0.1276785409691034,-0.0775955350775966,0.0775955350775966,0.0792116514121011,0.292194923022774,,b1774
GSE39582,M2_msd_coexpr,775,PSMD1;WDCP;PPIC;MIR4656,0.0,0.2572307615901659,0.48552936225817,-0.076006637836659,0.076006637836659,-0.0517916904067473,0.0517916904067473,0.3065500494512058,0.4887735396250022,,b1775
GSE39582,M2_msd_coexpr,776,DSTN;LSM11;EXOSC8;NOD1,0.0,0.2227172107378456,0.4157774073555043,-0.0468429521705262,0.0468429521705262,-0.0307010269700548,0.0307010269700548,0.5327916246492048,0.6862348887233525,,b1776
GSE39582,M2_msd_coexpr,777,LRRC8D;ZNHIT2;ARFGAP3;RPAP2,0.0,0.1818087421209943,0.2527862585288429,-0.1075990332860664,0.1075990332860664,-0.0734467073800607,0.0734467073800607,0.1339196302214196,0.3049170384888834,,b1777
GSE39582,M2_msd_coexpr,778,SNORA67;C1orf74;MELK;LOC100130987,0.0,0.3545601389841021,0.556156233375447,-0.1465844858981119,0.1465844858981119,-0.1051001533467048,0.1051001533467048,0.0490277351597144,0.1428719331823408,,b1778
GSE39582,M2_msd_coexpr,779,UBE4A;CDKN2AIPNL;GSTP1;REXO2,0.0,0.466661974157447,1.1788665917272678,-0.1447504436379466,0.1447504436379466,-0.1223542099297543,0.1223542099297543,0.0463485304402961,0.0935215957670303,,b1779
GSE39582,M2_msd_coexpr,780,FAM21C;LOC100506538;UAP1;HIRIP3,0.0,0.243274974454207,0.6610223273955135,-0.2040505731164307,0.2040505731164307,-0.1081043209507984,0.1081043209507984,0.0077625477387227,0.1633772295351941,,b1780
GSE39582,M2_msd_coexpr,781,DPY30;DOCK5;SCO2;UNC93B1,0.0,0.1230862335265737,0.1924291091250296,-0.0920627183900795,0.0920627183900795,-0.0246416253691028,0.0246416253691028,0.2256764863514868,0.7361776029449294,,b1781
GSE39582,M2_msd_coexpr,782,GRHPR;CBX2;GLOD4;C19orf12,0.0,0.2058488033134565,0.2602838692359608,-0.1360623006665215,0.1360623006665215,-0.0568041103641207,0.0568041103641207,0.0619256752995786,0.4411126668977123,,b1782
GSE39582,M2_msd_coexpr,783,AP2M1;C19orf73;DCXR;SNIP1,0.0,0.3227064056505065,0.7678544233792474,-0.0708246081697816,0.0708246081697816,-0.0333542609022242,0.0333542609022242,0.3140953367236089,0.6443194802659192,,b1783
GSE39582,M2_msd_coexpr,784,TRMT5;CDK14;LOC101060817;RNF219,0.0,0.1636984403296202,0.2149416955752239,-0.0659426177420866,0.0659426177420866,-0.0925729986556724,0.0925729986556724,0.370582790757587,0.2070744254185643,,b1784
GSE39582,M2_msd_coexpr,785,POLR2H;KLHL20;EIF2S3;CRTC3,0.0,0.3333455862670407,0.6141794191779418,0.0791389424864339,0.0791389424864339,0.16520808682214,0.16520808682214,0.2944439529367079,0.0350152266736801,,b1785
GSE39582,M2_msd_coexpr,786,NELFE;EFCAB11;THRIL;SNAPC4,0.0,0.3673239662053323,0.5691945884383696,-0.2458496464851621,0.2458496464851621,-0.2129847809147432,0.2129847809147432,0.0009298830862203,0.0035264708682507,,b1786
GSE39582,M2_msd_coexpr,787,PDCD6IP;RCBTB2;MIR939;PHF6,0.0,0.1824450350479502,0.3822002933206355,0.0304917425358197,0.0304917425358197,0.0013019619692934,0.0013019619692934,0.6725209680321791,0.9862530119990552,,b1787
GSE39582,M2_msd_coexpr,788,GANAB;KLHL20;PSMA7;C19orf57,0.0,0.4534517243435903,0.7576123754557008,-0.1397582480424423,0.1397582480424423,-0.0982747411221691,0.0982747411221691,0.0542818624512255,0.183537473350497,,b1788
GSE39582,M2_msd_coexpr,789,MRPL34;GLUD2;SCRIB;CAMK2G,0.0,0.1208975527143113,0.1814449164807657,-0.1346379627050802,0.1346379627050802,-0.0359527366242289,0.0359527366242289,0.0795501481635893,0.6533451515648347,,b1789
GSE39582,M2_msd_coexpr,790,UBQLN1;C19orf73;LOC101927178;HSF4,0.0,0.1894971719237478,0.2552712454441799,-0.0483065047739197,0.0483065047739197,-0.0751076190481803,0.0751076190481803,0.5040522253150164,0.2846367202241917,,b1790
GSE39582,M2_msd_coexpr,791,RNF20;WDCP;MLEC;CAMTA1,0.0,0.3310690300545362,0.8466834623374581,-0.2136901586500835,0.2136901586500835,-0.2189187540746805,0.2189187540746805,0.0034336621537468,0.0031000721253411,,b1791
GSE39582,M2_msd_coexpr,792,NGRN;DOCK5;GOT1;C3orf18,0.0,0.1614340515376935,0.283183637565187,0.0701662855473537,0.0701662855473537,0.16242783555243,0.16242783555243,0.350779294170388,0.0331308273734736,,b1792
GSE39582,M2_msd_coexpr,793,ATP5G3;ZBTB45;ODC1;MRM1,0.0,0.5940014266150148,1.4828910613729165,-0.2806285899705725,0.2806285899705725,-0.1720228437294289,0.1720228437294289,0.0001506359031103,0.0242951175243189,,b1793
GSE39582,M2_msd_coexpr,794,GLRX5;LOC100996255;ARFGAP3;PPP2R1B,0.0,0.2278736729553787,0.5481025605461266,-0.080224245990459,0.080224245990459,-0.0310626169878664,0.0310626169878664,0.2859170563518785,0.6758519845109039,,b1794
GSE39582,M2_msd_coexpr,795,DHX32;ZNHIT2;PTTG1;NFX1,0.0,0.3930144306860927,0.9946870425069532,-0.1970484889667189,0.1970484889667189,-0.150181078643958,0.150181078643958,0.0050768365455201,0.0248143613364017,,b1795
GSE39582,M2_msd_coexpr,796,MRPL18;C1orf74;NXT1;CAMK2G,0.0,0.2684592030623089,0.7209927615365359,-0.2234736261529903,0.2234736261529903,-0.1683253519973305,0.1683253519973305,0.0039202126447615,0.033323197820918,,b1796
GSE39582,M2_msd_coexpr,797,AFTPH;ATPAF2;MGLL;ZC3H14,0.0,0.198935293708971,0.5644646422789583,-0.1254268805942242,0.1254268805942242,-0.0568388809990221,0.0568388809990221,0.0920199594004195,0.4319514126180205,,b1797
GSE39582,M2_msd_coexpr,798,ZDHHC6;C1orf74;DCXR;CHST10,0.0,0.2358513615743128,0.4878067964236345,-0.1632840182242284,0.1632840182242284,-0.0569630128729053,0.0569630128729053,0.0349865797100807,0.4613005481739756,,b1798
GSE39582,M2_msd_coexpr,799,UBE4A;VMA21;NEK7;SETD1A,0.0,0.2799530415259274,0.4885241495065811,0.0150360587224594,0.0150360587224594,-0.032285676998639,0.032285676998639,0.8334766898790782,0.6687086896716987,,b1799
GSE39582,M2_msd_coexpr,800,C14orf166;BORCS5;RND3;SKIV2L2,0.0,0.5459994655392011,1.292732364435932,-0.0921336525356216,0.0921336525356216,-0.1500781239147617,0.1500781239147617,0.1933389899286292,0.046060728560754,,b1800
GSE39582,M2_msd_coexpr,801,ADI1;KLHL20;TIMM10;SLC25A16,0.0,0.1741544779616695,0.2458205703207188,-0.0597927517111883,0.0597927517111883,-0.0341576441429984,0.0341576441429984,0.4229957361457644,0.663460475122199,,b1801
GSE39582,M2_msd_coexpr,802,USMG5;ATPAF2;ASUN;DNM1L,0.0,0.5944766589545337,1.826004836390916,-0.1824904281890636,0.1824904281890636,-0.1356046773419426,0.1356046773419426,0.0125911757471887,0.0777897883054238,,b1802
GSE39582,M2_msd_coexpr,803,JOSD1;LOC100506538;MGLL;PARD6A,0.0,0.3277026658032468,0.5644646422789583,-0.0464032060405248,0.0464032060405248,0.0355586903881265,0.0355586903881265,0.5193208810549388,0.6317191479621146,,b1803
GSE39582,M2_msd_coexpr,804,PRKCSH;NRAV;CMSS1;ABR,0.0,0.2610612811708127,0.4060199245833403,-0.19437260818145,0.19437260818145,-0.1240724275483863,0.1240724275483863,0.0067512721949154,0.077804209490686,,b1804
GSE39582,M2_msd_coexpr,805,RPS29;SWT1;KPNA2;CCDC159,0.0,0.4167844507064319,1.008043131485613,-0.0217826405857691,0.0217826405857691,-0.0345233279022379,0.0345233279022379,0.7749123808515963,0.6325559925758933,,b1805
GSE39582,M2_msd_coexpr,806,LOC101060373;BORCS5;PSME2;DDX59,0.0,0.6805588030454125,1.4289832710567767,-0.132819582958724,0.132819582958724,-0.1272073390710492,0.1272073390710492,0.0817412247570868,0.1035217378237527,,b1806
GSE39582,M2_msd_coexpr,807,MEMO1;CBX2;CMSS1;C7orf43,0.0,0.2082537757000589,0.2974395574715236,-0.2041002811153573,0.2041002811153573,-0.1638496032176533,0.1638496032176533,0.0062047985590211,0.0232595514313653,,b1807
GSE39582,M2_msd_coexpr,808,PWP1;LSM11;MAPK13;BCAP29,0.0,0.15808667788192,0.2878576093506134,-0.1397727569735672,0.1397727569735672,-0.1136417853109954,0.1136417853109954,0.0632425097084683,0.1422102451211216,,b1808
GSE39582,M2_msd_coexpr,809,SNORD10;C1orf74;SEC23B;CHST10,0.0,0.333086984716168,0.9623057516994116,-0.1197757700867178,0.1197757700867178,-0.0094206127223973,0.0094206127223973,0.1102401437382061,0.9037022297672244,,b1809
GSE39582,M2_msd_coexpr,810,P4HTM;CXorf21;FAM213B;C7orf43,0.0,0.2380347929702911,0.4235950200747078,-0.095362536058919,0.095362536058919,-0.0585640117140996,0.0585640117140996,0.1928758780783017,0.4282492912301288,,b1810
GSE39582,M2_msd_coexpr,811,PIH1D1;GLUD2;RND3;SLC8B1,0.0,0.2397650245594515,0.4713645123695951,-0.101791996892565,0.101791996892565,-0.0221096274092614,0.0221096274092614,0.1742232291527842,0.7682769157917688,,b1811
GSE39582,M2_msd_coexpr,812,GABARAPL2;GALK1;UBL3;ST7-OT3,0.0,0.3557518769982777,0.8455457043904979,-0.2249532541607677,0.2249532541607677,-0.1560555594547977,0.1560555594547977,0.0024917926777225,0.0340135888419747,,b1812
GSE39582,M2_msd_coexpr,813,HADHA;CINP;DPM1;BMPR1A,0.0,0.4115543590104801,0.9696815650628768,-0.1412290807678817,0.1412290807678817,-0.1294803825970787,0.1294803825970787,0.0639948462424924,0.1113655907304368,,b1813
GSE39582,M2_msd_coexpr,814,PIP4K2C;ZBTB45;GMNN;PARD6A,0.0,0.2785307157587187,0.638965289267699,-0.2530929197519482,0.2530929197519482,-0.1447029360258098,0.1447029360258098,0.0004138895855801,0.0427820972888335,,b1814
GSE39582,M2_msd_coexpr,815,MIR6748;VMA21;KIAA0101;RPTOR,0.0,0.2359234540022016,0.3735101607682681,-0.1132695057908559,0.1132695057908559,-0.068471497249644,0.068471497249644,0.1216230761753636,0.3472388745254396,,b1815
GSE39582,M2_msd_coexpr,816,SUB1;CXorf21;SORL1;CNTFR,0.0,0.2767087798834727,0.5059841448109795,0.1005817039132732,0.1005817039132732,0.0444414896577659,0.0444414896577659,0.1631919444173808,0.5517779284518796,,b1816
GSE39582,M2_msd_coexpr,817,NDUFB10;SWT1;UBE2T;MED17,0.0,0.3401049238662388,0.6413572029759124,-0.1451802555679809,0.1451802555679809,-0.1239996800729118,0.1239996800729118,0.0559485096757919,0.1037721265398357,,b1817
GSE39582,M2_msd_coexpr,818,HMGN1;POMGNT1;NAA38;TMEM184A,0.0,0.4333796875634747,1.3827947091052586,-0.1844330946925938,0.1844330946925938,-0.0945125016472106,0.0945125016472106,0.0114701369229049,0.2052177135334159,,b1818
GSE39582,M2_msd_coexpr,819,UNC50;IL11RA;NELFCD;PTK2B,0.0,0.2874316509114917,0.7982890854901131,-0.0473332793969936,0.0473332793969936,-0.0293491246464954,0.0293491246464954,0.5125012942164425,0.6890227041262238,,b1819
GSE39582,M2_msd_coexpr,820,RAB13;ATPAF2;PUS7;CFAP73,0.0,0.3951418434862588,0.940448963755966,-0.176872789996896,0.176872789996896,-0.0894722484110733,0.0894722484110733,0.0158662824232076,0.2251974355246478,,b1820
GSE39582,M2_msd_coexpr,821,SERBP1;CDKN2AIPNL;CYC1;MRM1,0.0,0.4520718514629528,1.0027057445193213,-0.238172237356617,0.238172237356617,-0.1945880187589519,0.1945880187589519,0.0010629073486904,0.0065713957109788,,b1821
GSE39582,M2_msd_coexpr,822,NELFE;NT5DC2;BSG;PIK3IP1,0.0,0.392084609675199,0.7917959361543425,-0.1191918168659953,0.1191918168659953,-0.0561184997693455,0.0561184997693455,0.0933933268874991,0.4309688818433514,,b1822
GSE39582,M2_msd_coexpr,823,YWHAZ;VMA21;EIF4EBP1;NPPA,0.0,0.4219968581213495,1.102561265253864,-0.0313540440994915,0.0313540440994915,-0.0018158910115241,0.0018158910115241,0.6719397388544706,0.9798289333286652,,b1823
GSE39582,M2_msd_coexpr,824,R3HDM4;LOC100996255;ABHD14A-ACY1;CLCF1,0.0,0.2055001144062006,0.3650908819921534,0.0120407356560751,0.0120407356560751,0.0271267889136994,0.0271267889136994,0.8726759724194747,0.7192526497683696,,b1824
GSE39582,M2_msd_coexpr,825,MZT2A;LSM11;BSG;BCAM,0.0,0.4280641980855915,0.7917959361543425,-0.0611776764422011,0.0611776764422011,-0.044844051312457,0.044844051312457,0.3864251819548139,0.5490789545839443,,b1825
GSE39582,M2_msd_coexpr,826,C14orf166;CXorf21;XPOT;NUTM2F,0.0,0.4928172456374368,1.292732364435932,-0.0507083094134953,0.0507083094134953,-0.0689470361836098,0.0689470361836098,0.4814012144849964,0.3553378153103811,,b1826
GSE39582,M2_msd_coexpr,827,RPS29;BORCS5;RND3;DDN,0.0,0.304278013928938,0.5018237281013749,-0.0810883729159059,0.0810883729159059,-0.0664810514222637,0.0664810514222637,0.2877463997590483,0.3746427029374246,,b1827
GSE39582,M2_msd_coexpr,828,GLT8D1;ZBTB45;DANCR;HSF4,0.0,0.2987376105900129,0.7511988692935951,-0.2260889284089684,0.2260889284089684,-0.1366411010248748,0.1366411010248748,0.0024787321034066,0.0776340142613246,,b1828
GSE39582,M2_msd_coexpr,829,GANAB;CDK14;MAPK13;MFN2,0.0,0.31354467942258,0.6085424986747718,-0.0196501783644588,0.0196501783644588,0.0594913154951537,0.0594913154951537,0.7863813431577704,0.4154710142046512,,b1829
GSE39582,M2_msd_coexpr,830,LOC101060373;CBX2;C1QBP;GMEB1,0.0,0.5335429698822681,0.9382633176097204,-0.126953638098839,0.126953638098839,-0.0654841013333632,0.0654841013333632,0.084166847805657,0.3877105026392332,,b1830
GSE39582,M2_msd_coexpr,831,RNF103-CHMP3;HARBI1;RNF11;PMS2P8,0.0,0.2482228165156617,0.6369725892561021,-0.0094223850476704,0.0094223850476704,-0.0293999054700258,0.0293999054700258,0.8987111313742356,0.696724026850932,,b1831
GSE39582,M2_msd_coexpr,832,SRP9;KLHL20;CKS1B;LOC101927151,0.0,0.6584879000415325,1.7484676931447525,0.0029831721329317,0.0029831721329317,-0.0106857895429726,0.0106857895429726,0.9686573302850132,0.888480518806491,,b1832
GSE39582,M2_msd_coexpr,833,HADHA;GLUD2;DANCR;TAF1C,0.0,0.371845015649961,0.7511988692935951,-0.1485889938372865,0.1485889938372865,-0.0135803398036803,0.0135803398036803,0.0400091663793617,0.862076309600106,,b1833
GSE39582,M2_msd_coexpr,834,ADI1;L2HGDH;SDF2L1;CAMTA1,0.0,0.1993207290040432,0.2785522566173102,-0.2468719811822221,0.2468719811822221,-0.1622437355486657,0.1622437355486657,0.0007856654911583,0.0289910676483476,,b1834
GSE39582,M2_msd_coexpr,835,ZDHHC7;CXorf21;LOC728554;SNIP1,0.0,0.2983725378531919,0.4712021197129686,0.00138977638767,0.00138977638767,0.0855244750551747,0.0855244750551747,0.98479893970226,0.260872043614899,,b1835
GSE39582,M2_msd_coexpr,836,LUZP6;DOCK5;PCNA;KCMF1,0.0,0.6481209347061152,1.214776322647413,-0.0889719364166017,0.0889719364166017,-0.0825759232666607,0.0825759232666607,0.2134248179504253,0.2667219797114049,,b1836
GSE39582,M2_msd_coexpr,837,BOD1;LOC100506538;MRPS28;CRTC3,0.0,0.1553228464986616,0.2634304600952435,-0.1512566749110779,0.1512566749110779,-0.0874232581153682,0.0874232581153682,0.0417017865878621,0.2376451220197444,,b1837
GSE39582,M2_msd_coexpr,838,RPL36AL;NAA15;ACAT2;SNORD65,0.0,0.521777300118359,1.346417091687299,-0.1541602640284923,0.1541602640284923,-0.1287670724320725,0.1287670724320725,0.0401431266402532,0.0910292494484123,,b1838
GSE39582,M2_msd_coexpr,839,CACYBP;NT5DC2;MIR1234;MED23,0.0,0.092226917985763,0.1577022539808766,-0.1209862316292718,0.1209862316292718,-0.0766703813574171,0.0766703813574171,0.097481034411271,0.2993696329968097,,b1839
GSE39582,M2_msd_coexpr,840,SF3B1;TMEM263;DHRS4L2;CWC25,0.0,0.1590482907823214,0.3128191994300822,-0.0481718813190335,0.0481718813190335,-0.1272194032116632,0.1272194032116632,0.5279311624901051,0.1038539444180036,,b1840
GSE39582,M2_msd_coexpr,841,SNORA41;SWT1;NXT1;LINC01569,0.0,0.593258011035938,2.0864419520023234,-0.1165627825457555,0.1165627825457555,-0.149746647202469,0.149746647202469,0.1207630803659814,0.0414983532954418,,b1841
GSE39582,M2_msd_coexpr,842,PPP2R1A;LIPE;DHRS4;PIGC,0.0,0.2124486416696486,0.4514601301730735,-0.1094365145183431,0.1094365145183431,-0.0213109386400531,0.0213109386400531,0.1246164423806096,0.7748509234963171,,b1842
GSE39582,M2_msd_coexpr,843,DDX47;GALK1;TIPARP;CAMTA1,0.0,0.3001896205870812,0.6525851453992904,-0.3395868889160892,0.3395868889160892,-0.3182170267460667,0.3182170267460667,5.267924555259573e-06,2.2262529638445306e-05,,b1843
GSE39582,M2_msd_coexpr,844,PRDX1;CPEB2;ASAP2;PARD6A,0.0,0.5418176036100641,1.6579516767378093,0.0763738548789988,0.0763738548789988,0.0020547719272537,0.0020547719272537,0.3021238010842864,0.9779307346552272,,b1844
GSE39582,M2_msd_coexpr,845,RPS19BP1;LOC100506538;MIR6849;SMARCD1,0.0,0.147450037700718,0.2531777011720471,-0.2393696130828311,0.2393696130828311,-0.1323009209602847,0.1323009209602847,0.0012557123022227,0.0701258641619751,,b1845
GSE39582,M2_msd_coexpr,846,EDF1;BORCS5;PLP2;TMEM198,0.0,0.6236146135227412,1.3834799011044818,-0.1028143197533106,0.1028143197533106,-0.0765014777595298,0.0765014777595298,0.1562062008854824,0.2620355609856946,,b1846
GSE39582,M2_msd_coexpr,847,CACYBP;RGS14;PHGDH;RPTOR,0.0,0.1374207941072761,0.2248628020821617,-0.1035721692299288,0.1035721692299288,-0.0554166515976388,0.0554166515976388,0.150566117808213,0.4536290747719581,,b1847
GSE39582,M2_msd_coexpr,848,TMEM203;WDCP;ASAP2;RAB43,0.0,0.0879874230041359,0.1573619610170147,-0.1367562203139958,0.1367562203139958,-0.1094416820361554,0.1094416820361554,0.0708499376104277,0.1452565599883344,,b1848
GSE39582,M2_msd_coexpr,849,CAPNS1;NAA15;PNPT1;BAD,0.0,0.5187705500064445,1.3240674697876886,-0.2169774235845776,0.2169774235845776,-0.1777110937141667,0.1777110937141667,0.0042463777238771,0.0164337785209476,,b1849
GSE39582,M2_msd_coexpr,850,PRR13;TMEM263;PPIB;AGFG1,0.0,0.7628120166306411,1.4947190052592365,-0.1591119241589485,0.1591119241589485,-0.0544293161192685,0.0544293161192685,0.0283113486985178,0.4732843994929517,,b1850
GSE39582,M2_msd_coexpr,851,ADI1;HARBI1;NXT1;TMCC1,0.0,0.1434410367257168,0.1828744153477938,-0.1384016987966359,0.1384016987966359,-0.1037769777189978,0.1037769777189978,0.0623781020249999,0.1670916009345457,,b1851
GSE39582,M2_msd_coexpr,852,TMEM179B;ZBTB45;ODC1;LOC101927151,0.0,0.4669625498314848,1.4828910613729165,-0.2153222585157582,0.2153222585157582,-0.121601087483606,0.121601087483606,0.0033417621957113,0.1070952443108622,,b1852
GSE39582,M2_msd_coexpr,853,MEMO1;GLUD2;CORO1C;SOS1,0.0,0.2229262363939597,0.5016006517426804,-0.0351393279294473,0.0351393279294473,0.0189469741734416,0.0189469741734416,0.641563546431875,0.8087520022894837,,b1853
GSE39582,M2_msd_coexpr,854,SLC35A4;DCAKD;EIF2S3;CAND1,0.0,0.2550816384974785,0.6141794191779418,-0.1067931842456391,0.1067931842456391,-0.0326755475737979,0.0326755475737979,0.1421935443742581,0.6738864620457281,,b1854
GSE39582,M2_msd_coexpr,855,MZT2A;NT5DC2;GMNN;VAPA,0.0,0.415834714744995,0.7293437961674755,-0.2048903061823853,0.2048903061823853,-0.1534697631699445,0.1534697631699445,0.0055814675801878,0.0446774753947287,,b1855
GSE39582,M2_msd_coexpr,856,SHISA5;BORCS5;DHRS4L2;LOC101927705,0.0,0.2409456372295134,0.614307722226474,-0.1908278713903041,0.1908278713903041,-0.1278362464853697,0.1278362464853697,0.0131174760110318,0.101470420155005,,b1856
GSE39582,M2_msd_coexpr,857,TBC1D14;DCAKD;CYC1;OGDH,0.0,0.3528343459967944,1.0027057445193213,-0.2033309741940395,0.2033309741940395,-0.1015419504820893,0.1015419504820893,0.0067166078827803,0.1937951945220313,,b1857
GSE39582,M2_msd_coexpr,858,TOMM70;CPEB2;PHGDH;LUC7L,0.0,0.2360160127843275,0.3138285201584349,0.015513873522648,0.015513873522648,-0.0666801382567894,0.0666801382567894,0.837684274913829,0.3788002747618391,,b1858
GSE39582,M2_msd_coexpr,859,GANAB;GLUD2;ASUN;POLD3,0.0,0.2727489440437508,0.6085424986747718,-0.0715945187487766,0.0715945187487766,-0.023517566659078,0.023517566659078,0.322111938800757,0.7495845281906691,,b1859
GSE39582,M2_msd_coexpr,860,QARS;LIPE;SNRPB;PMS2P8,0.0,0.706059058741808,1.3618771742016542,-0.2771352758770941,0.2771352758770941,-0.1773867624070317,0.1773867624070317,0.0001885250550371,0.0161698674294231,,b1860
GSE39582,M2_msd_coexpr,861,RPS19BP1;GALK1;UAP1;NUDCD2,0.0,0.249295585318404,0.6610223273955135,-0.3464736910785722,0.3464736910785722,-0.2474746251538073,0.2474746251538073,9.167745101978423e-06,0.0021250951429489,,b1861
GSE39582,M2_msd_coexpr,862,CDC123;HARBI1;SNRPD1;CISD2,0.0,0.1666880575193751,0.4336696448583793,-0.1947306609876132,0.1947306609876132,-0.1082768807970733,0.1082768807970733,0.008451343657526,0.145593774549977,,b1862
GSE39582,M2_msd_coexpr,863,BCL2L2-PABPN1;ZBTB45;MIR21;GMEB1,0.0,0.1688109797826897,0.268576107380006,-0.1250770554391548,0.1250770554391548,-0.0680143123302054,0.0680143123302054,0.0978046421728625,0.377195810265129,,b1863
GSE39582,M2_msd_coexpr,864,SNORA41;NAA15;SCAND1;CCDC127,0.0,0.661874587824145,2.0864419520023234,-0.1302119767943943,0.1302119767943943,-0.1244663881354301,0.1244663881354301,0.0830384609618848,0.104646387851398,,b1864
GSE39582,M2_msd_coexpr,865,YY1AP1;L2HGDH;ROMO1;SMU1,0.0,0.1412827308704895,0.2790794413887434,-0.1630599855350778,0.1630599855350778,-0.1140054643914435,0.1140054643914435,0.0271708688284806,0.1291644618873627,,b1865
GSE39582,M2_msd_coexpr,866,CHMP2A;LSM11;TMEM30A;NDE1,0.0,0.2506338657466136,0.7069561288144194,-0.037867091473744,0.037867091473744,-0.0242830348078862,0.0242830348078862,0.603668164006852,0.7418376077295541,,b1866
GSE39582,M2_msd_coexpr,867,CNOT1;C19orf73;XPOT;KIAA1217,0.0,0.1310348699439161,0.2091327542518362,-0.1710545555211391,0.1710545555211391,-0.1879876219094193,0.1879876219094193,0.0166152336267262,0.0089403886872539,,b1867
GSE39582,M2_msd_coexpr,868,R3HDM4;CINP;EXOSC8;NCOA6,0.0,0.1825408625054378,0.2863134518677055,-0.1290692908407275,0.1290692908407275,-0.1331250547032035,0.1331250547032035,0.0729505198868543,0.0665785697909625,,b1868
GSE39582,M2_msd_coexpr,869,TSEN34;C1orf74;GNPNAT1;LRRC14,0.0,0.2183971746993021,0.5134801026880564,-0.2337338778685999,0.2337338778685999,-0.1897994542469171,0.1897994542469171,0.0011855414607874,0.008180837454727,,b1869
GSE39582,M2_msd_coexpr,870,C14orf166;SNCA;SDF2L1;DGUOK,0.0,0.4888281166692009,1.292732364435932,-0.1533286477256712,0.1533286477256712,-0.1029944793519977,0.1029944793519977,0.0309511940283636,0.1458465512947292,,b1870
GSE39582,M2_msd_coexpr,871,NOP10;L2HGDH;CSE1L;RELT,0.0,0.4319557449606681,1.2720984453982354,-0.1133547287402385,0.1133547287402385,-0.0937936860073481,0.0937936860073481,0.1187772848455922,0.212378198007763,,b1871
GSE39582,M2_msd_coexpr,872,EEF1B2;CDKN2AIPNL;GMNN;PIGC,0.0,0.7705201885591692,2.0864419520023234,-0.17807088328304,0.17807088328304,-0.1692040429664392,0.1692040429664392,0.0164390097724077,0.0240501234801516,,b1872
GSE39582,M2_msd_coexpr,873,HMGN1;GALK1;EXOSC8;RAB3GAP2,0.0,0.4455818376174339,1.3827947091052586,-0.1869842253656976,0.1869842253656976,-0.1527047344374009,0.1527047344374009,0.01034653344828,0.0405934752306159,,b1873
GSE39582,M2_msd_coexpr,874,SUB1;CINP;SLC9A3R1;BCAT2,0.0,0.1882407322477196,0.2515494633170709,-0.2676084742213624,0.2676084742213624,-0.1804407612919319,0.1804407612919319,0.0004553634491055,0.0229405393601848,,b1874
GSE39582,M2_msd_coexpr,875,AFTPH;ZBTB45;GLOD4;MFN2,0.0,0.1510873554115064,0.2419003565258067,-0.1799942330581521,0.1799942330581521,0.0039226705088149,0.0039226705088149,0.016255153408894,0.9585942945399898,,b1875
GSE39582,M2_msd_coexpr,876,DCTD;CINP;GCSH;DNAJC16,0.0,0.1647816154183588,0.1969450526796095,-0.1585548481068122,0.1585548481068122,-0.1140772519932879,0.1140772519932879,0.0337696017957012,0.1320145508570582,,b1876
GSE39582,M2_msd_coexpr,877,RPL36AL;WDCP;LOC102724993;PDCD2,0.0,0.5272237462274914,1.346417091687299,-0.1005010178036672,0.1005010178036672,-0.1407617422015095,0.1407617422015095,0.1701802994570592,0.0577393967118719,,b1877
GSE39582,M2_msd_coexpr,878,PIH1D1;LOC100996255;MIR939;KREMEN2,0.0,0.1004894410340541,0.2516670050376876,-0.1075593188786596,0.1075593188786596,-0.0818312747635994,0.0818312747635994,0.1479679417551628,0.2721677986422187,,b1878
GSE39582,M2_msd_coexpr,879,ATP5J;CXorf21;ZWINT;NFX1,0.0,0.5492623298453749,1.3072977314270515,-0.1168635462626109,0.1168635462626109,-0.0491724163495361,0.0491724163495361,0.1138415478315119,0.514006843159809,,b1879
GSE39582,M2_msd_coexpr,880,ARF3;RCBTB2;ROMO1;FAM219B,0.0,0.2129806264547127,0.2822975987731737,0.0158593568797079,0.0158593568797079,0.1155872823239346,0.1155872823239346,0.8358046191670461,0.1342669332236689,,b1880
GSE39582,M2_msd_coexpr,881,LOC102724984;MROH1;SLIRP;BTBD7,0.0,0.3201462036937044,0.8364923559302101,-0.1414605402039427,0.1414605402039427,-0.1019960353149541,0.1019960353149541,0.0559215055175644,0.1614045574098032,,b1881
GSE39582,M2_msd_coexpr,882,DYNLT1;CCAR2;CSE1L;RDH13,0.0,0.4574913758542076,1.3476043670113658,-0.1543110116780217,0.1543110116780217,-0.1755412893054664,0.1755412893054664,0.0326345203542901,0.0152623982043797,,b1882
GSE39582,M2_msd_coexpr,883,CHMP3;TMEM263;MGLL;SLC25A16,0.0,0.3777844338678684,0.6369725892561021,0.0637527469284243,0.0637527469284243,-0.0008647090845921,0.0008647090845921,0.3895916536501909,0.9910019985681386,,b1883
GSE39582,M2_msd_coexpr,884,NFKB1;GLUD2;UAP1;KANK2,0.0,0.2899780628954153,0.6610223273955135,-0.0205641132659687,0.0205641132659687,0.0515744630384328,0.0515744630384328,0.7800695316872014,0.4979190300254602,,b1884
GSE39582,M2_msd_coexpr,885,RNASEK;TMEM263;CYC1;SLC48A1,0.0,0.6499843678360936,1.169784329951035,-0.1370501467541808,0.1370501467541808,-0.0246249878330572,0.0246249878330572,0.0644247980020707,0.7463099340631338,,b1885
GSE39582,M2_msd_coexpr,886,H2AFV;ZBTB45;NXT1;IFT43,0.0,0.2129923975867084,0.3033746401439856,-0.275847327385551,0.275847327385551,-0.2012777561988016,0.2012777561988016,0.0001789898855528,0.0068482557602764,,b1886
GSE39582,M2_msd_coexpr,887,CSDE1;WDCP;PLEK2;LUC7L,0.0,0.4107526711728929,0.8777911867470569,-0.0386698412102582,0.0386698412102582,-0.0375655080852426,0.0375655080852426,0.5933156722882736,0.5885214438502224,,b1887
GSE39582,M2_msd_coexpr,888,UQCRQ;NRAV;LOC101060817;MED17,0.0,0.4887975509883252,1.5141137076539102,-0.2274344518040057,0.2274344518040057,-0.1991923336352028,0.1991923336352028,0.0027111555208809,0.0083454613497053,,b1888
GSE39582,M2_msd_coexpr,889,PSMD1;RGS14;RNF11;RELT,0.0,0.1803481347691108,0.458933415137389,-0.0206347856595788,0.0206347856595788,0.0120273025806239,0.0120273025806239,0.7785259490040015,0.8737695777354065,,b1889
GSE39582,M2_msd_coexpr,890,RPS19BP1;WDCP;MIR21;PIDD1,0.0,0.1442099095563669,0.268576107380006,-0.1434972415656041,0.1434972415656041,-0.1286808089546292,0.1286808089546292,0.056009727947779,0.0858601375944209,,b1890
GSE39582,M2_msd_coexpr,891,ATPIF1;ATPAF2;EIF2S3;MIR6132,0.0,0.2609019178787579,0.6141794191779418,-0.2292816194208481,0.2292816194208481,-0.075890464678805,0.075890464678805,0.0019000502926898,0.2888473187501909,,b1891
GSE39582,M2_msd_coexpr,892,TRMT5;GALK1;SCAND1;INTS1,0.0,0.1699383691077285,0.2473431945064439,-0.2875036504160183,0.2875036504160183,-0.196624298765923,0.196624298765923,7.190016877721912e-05,0.0065712208303058,,b1892
GSE39582,M2_msd_coexpr,893,SRRM1;CDK14;DANCR;B3GNT4,0.0,0.3557476853820719,0.7511988692935951,-0.0985125858899146,0.0985125858899146,-0.0156124573322581,0.0156124573322581,0.1778889661048821,0.8487933784127084,,b1893
GSE39582,M2_msd_coexpr,894,TIMM23B;C19orf73;LOC101927178;PIK3IP1,0.0,0.1547942154909045,0.2552712454441799,-0.1902212803771939,0.1902212803771939,-0.1483765761910846,0.1483765761910846,0.0101992223764877,0.0428078888897016,,b1894
GSE39582,M2_msd_coexpr,895,SURF4;NAA15;PLP2;MUM1,0.0,0.5902911670257193,1.3834799011044818,-0.0908142546346481,0.0908142546346481,-0.118641705037199,0.118641705037199,0.2014899921046627,0.1015371155229724,,b1895
GSE39582,M2_msd_coexpr,896,BFAR;NT5DC2;CKS2;BCAP29,0.0,0.3919727355203176,1.0828062788285135,-0.1461038123022802,0.1461038123022802,-0.1098815213673053,0.1098815213673053,0.0428193624140499,0.1177685083624195,,b1896
GSE39582,M2_msd_coexpr,897,PRDX1;DCAKD;PRELID3B;SH3BP5L,0.0,0.6121188043032463,1.6579516767378093,-0.1176090888870418,0.1176090888870418,-0.0475746352371397,0.0475746352371397,0.1018436777667062,0.5057566388644855,,b1897
GSE39582,M2_msd_coexpr,898,MIR1236;CDK14;NAA38;SLC8B1,0.0,0.2010313450469782,0.4908652849439818,-0.0868397472723325,0.0868397472723325,0.0072251280240776,0.0072251280240776,0.2307980819090287,0.9220124029753742,,b1898
GSE39582,M2_msd_coexpr,899,TRMT5;HARBI1;TOMM34;RCOR2,0.0,0.1455549893793081,0.2149416955752239,-0.2161354423811824,0.2161354423811824,-0.1272366987507163,0.1272366987507163,0.0038208571514215,0.0822556571994594,,b1899
GSE39582,M2_msd_coexpr,900,SDF4;ATPAF2;GNPNAT1;CWC25,0.0,0.2726188019489129,0.5134801026880564,-0.2339562315054572,0.2339562315054572,-0.1545241526182381,0.1545241526182381,0.0029188441520017,0.0525823301489066,,b1900
GSE39582,M2_msd_coexpr,901,DCTN3;SWT1;BSG;IFT43,0.0,0.417878372566653,0.7917959361543425,0.0068855907657798,0.0068855907657798,-0.0176869014214843,0.0176869014214843,0.9234962745069072,0.7988728665626879,,b1901
GSE39582,M2_msd_coexpr,902,F11R;LSM11;ZNF511;CEBPA-AS1,0.0,0.1439042392604268,0.2194156213262641,-0.0651011249090546,0.0651011249090546,-0.0108237969878798,0.0108237969878798,0.3568229465943319,0.8850361342451816,,b1902
GSE39582,M2_msd_coexpr,903,PYURF;LIPE;RND3;SRPK2,0.0,0.2254894774889106,0.4713645123695951,-0.1425329966535712,0.1425329966535712,-0.135410010728936,0.135410010728936,0.049331256388262,0.0731487123050055,,b1903
GSE39582,M2_msd_coexpr,904,GABARAP;CPEB2;C1QBP;NIT1,0.0,0.6424261487366029,1.2619638652392522,0.0009752411521237,0.0009752411521237,0.0272116547983657,0.0272116547983657,0.9893261265970174,0.7089351718564785,,b1904
GSE39582,M2_msd_coexpr,905,PFDN2;NT5DC2;SERINC1;GFER,0.0,0.3448599228131033,0.5213611605711415,-0.0027553448385969,0.0027553448385969,0.0473926760873286,0.0473926760873286,0.9696601509921772,0.4852320907119162,,b1905
GSE39582,M2_msd_coexpr,906,NDUFA13;C19orf73;RNF11;PPP4R3B,0.0,0.3914688797228273,1.220125495441954,-0.0577447182957389,0.0577447182957389,-0.0669944727764427,0.0669944727764427,0.4331154676119102,0.3616531747337125,,b1906
GSE39582,M2_msd_coexpr,907,SHISA5;WDCP;MIR1234;APBA3,0.0,0.2201849106292273,0.614307722226474,-0.134218603389075,0.134218603389075,-0.1117192127406913,0.1117192127406913,0.0791311321744069,0.1398378110297649,,b1907
GSE39582,M2_msd_coexpr,908,QARS;VMA21;TIPARP;BCAP29,0.0,0.4636562316688662,1.3618771742016542,-0.0060361027431656,0.0060361027431656,-0.0472611917274094,0.0472611917274094,0.9345088968656352,0.5303443688414927,,b1908
GSE39582,M2_msd_coexpr,909,CTBP2;ATPAF2;SNRNP25;LGI2,0.0,0.216928262448791,0.4576609399688367,-0.2061033480811433,0.2061033480811433,-0.1118902245016047,0.1118902245016047,0.0052326810987648,0.1459930064193683,,b1909
GSE39582,M2_msd_coexpr,910,F11R;POMGNT1;YWHAE;ELMO2,0.0,0.2369472213086339,0.5059298241631522,-0.0333172315033211,0.0333172315033211,0.0174940679315764,0.0174940679315764,0.6263213511642604,0.790107617278743,,b1910
GSE39582,M2_msd_coexpr,911,NELFE;IL11RA;SNRPD1;LRRC14,0.0,0.227089978616073,0.4908652849439818,-0.0947918218268562,0.0947918218268562,-0.0713081228586432,0.0713081228586432,0.2067662649429569,0.3355638882657143,,b1911
GSE39582,M2_msd_coexpr,912,GDI2;WDCP;CKS2;BNIP1,0.0,0.6047184271263419,1.3039672913153484,-0.1316376430768629,0.1316376430768629,-0.098786818395653,0.098786818395653,0.0695741241498389,0.1819653838619291,,b1912
GSE39582,M2_msd_coexpr,913,DDX47;CDKN2AIPNL;MRPS28;UNC93B1,0.0,0.2792610127549503,0.6525851453992904,-0.1593691384168008,0.1593691384168008,-0.0929892942083495,0.0929892942083495,0.0300770970231276,0.1844003649568776,,b1913
GSE39582,M2_msd_coexpr,914,LARS;HARBI1;RACGAP1;DICER1,0.0,0.2242294855008703,0.588610271915917,-0.1308413016853575,0.1308413016853575,-0.14680491620001,0.14680491620001,0.0834507466315843,0.0582354456522117,,b1914
GSE39582,M2_msd_coexpr,915,WDR45B;C19orf73;RNF11;KIAA1217,0.0,0.2274287156440539,0.6709788065238844,-0.0394896897357439,0.0394896897357439,-0.1389425455002965,0.1389425455002965,0.5954767386797637,0.069167485750685,,b1915
GSE39582,M2_msd_coexpr,916,FAM21C;CINP;EIF4EBP1;LGI2,0.0,0.1661187387447108,0.3359876240825625,-0.093047530978172,0.093047530978172,-0.0441284396579697,0.0441284396579697,0.208095151240884,0.5455073640993,,b1916
GSE39582,M2_msd_coexpr,917,TSEN34;VMA21;RACGAP1;BTBD7,0.0,0.2350889132911092,0.588610271915917,-0.1562417385607006,0.1562417385607006,-0.172591692688471,0.172591692688471,0.023656144391826,0.0131522532313512,,b1917
GSE39582,M2_msd_coexpr,918,PIGY;IL11RA;THRIL;STK10,0.0,0.3105915858646504,0.5691945884383696,-0.0278655478666576,0.0278655478666576,0.0318070524370527,0.0318070524370527,0.7088419486342024,0.6856090361840266,,b1918
GSE39582,M2_msd_coexpr,919,ABHD17A;ZBTB45;C1QBP;SNORD49B,0.0,0.350737251195614,0.9094341273489164,-0.1126211761160642,0.1126211761160642,0.0209464356029496,0.0209464356029496,0.122562605487348,0.7736818912533772,,b1919
GSE39582,M2_msd_coexpr,920,MRPS22;SNCA;EZR;ALDH3B1,0.0,0.1978468851066454,0.2768084127130996,0.1322994168602909,0.1322994168602909,0.1116599718061351,0.1116599718061351,0.0687375796307155,0.0999922675476973,,b1920
GSE39582,M2_msd_coexpr,921,MRPL3;BORCS5;NUDT15;BTBD7,0.0,0.475070621873908,1.3681027892686817,-0.1208042504734097,0.1208042504734097,-0.1195777952331537,0.1195777952331537,0.0948836593539655,0.1068366987631387,,b1921
GSE39582,M2_msd_coexpr,922,LOC102724984;NT5DC2;EXOSC8;APBA3,0.0,0.2048031813053833,0.2906491068386058,-0.1477240816184755,0.1477240816184755,-0.0727642856417818,0.0727642856417818,0.0390476666954556,0.3139182744876501,,b1922
GSE39582,M2_msd_coexpr,923,APP;SNCA;PPIC;IKBKE,0.0,0.37466865743458,0.6038085854923059,0.0260923661907153,0.0260923661907153,0.0474698202484949,0.0474698202484949,0.7167907714997926,0.5199483242777243,,b1923
GSE39582,M2_msd_coexpr,924,PRKCSH;SNCA;ABHD14A-ACY1;KRAS,0.0,0.254769655104173,0.4060199245833403,-0.033837518721502,0.033837518721502,0.0022544818304415,0.0022544818304415,0.6429682147465043,0.9748526101937118,,b1924
GSE39582,M2_msd_coexpr,925,CNOT1;BORCS5;EZR;SFI1,0.0,0.1748633334925361,0.225892341973751,-0.0974250423564997,0.0974250423564997,-0.0469730526492067,0.0469730526492067,0.1717019303883588,0.5278041489463621,,b1925
GSE39582,M2_msd_coexpr,926,NOP10;RGS14;SCRIB;CNTFR,0.0,0.4062888183880379,1.2720984453982354,-0.0015760657430695,0.0015760657430695,0.070741138254533,0.070741138254533,0.9822974883151052,0.3263692466950536,,b1926
GSE39582,M2_msd_coexpr,927,RPL23;DCAKD;PNPT1;PGS1,0.0,0.1946965565559672,0.3030507140174234,-0.0900805447100332,0.0900805447100332,-0.0856101298724628,0.0856101298724628,0.2053296335418761,0.2453340180186588,,b1927
GSE39582,M2_msd_coexpr,928,USMG5;EFCAB11;PSMA7;EMC7,0.0,0.7354678166585658,1.826004836390916,-0.3133335175879205,0.3133335175879205,-0.2712624480974429,0.2712624480974429,3.641001978487431e-05,0.0005278022052918,,b1928
GSE39582,M2_msd_coexpr,929,DYNLT1;RGS14;MIR6800;PCDH1,0.0,0.4122521240705272,1.3476043670113658,-0.0882525160485303,0.0882525160485303,-0.0528724052336711,0.0528724052336711,0.2246544723854912,0.4612027439171651,,b1929
GSE39582,M2_msd_coexpr,930,FUCA2;LSM11;SLC52A2;EXOC3,0.0,0.2344917152227384,0.3980421820549275,-0.1037696987578475,0.1037696987578475,-0.0578959508114489,0.0578959508114489,0.17233054758314,0.457238537557046,,b1930
GSE39582,M2_msd_coexpr,931,PPP2R1A;ATPAF2;MIR7703;MRPS11,0.0,0.5380528232092942,1.4289832710567767,-0.180919890950074,0.180919890950074,-0.0427722536071768,0.0427722536071768,0.0120420402211054,0.5679130452309813,,b1931
GSE39582,M2_msd_coexpr,932,LCMT1;BORCS5;DANCR;ZNF451,0.0,0.2709528724271048,0.7511988692935951,-0.1877770880216217,0.1877770880216217,-0.128943575348801,0.128943575348801,0.0132081366476788,0.1004658168072358,,b1932
GSE39582,M2_msd_coexpr,933,MRPL3;BORCS5;PSMB10;IL17C,0.0,0.521846093157435,1.3681027892686817,-0.2524782665641752,0.2524782665641752,-0.1835625163973711,0.1835625163973711,0.0011249423097874,0.0162354372827852,,b1933
GSE39582,M2_msd_coexpr,934,AP2M1;CCAR2;LOC102724993;POLD3,0.0,0.4365307059156432,0.7678544233792474,-0.0800211949397422,0.0800211949397422,-0.0553691264356917,0.0553691264356917,0.2835884947074505,0.4756159300027408,,b1934
GSE39582,M2_msd_coexpr,935,DNAJB11;ZNHIT2;MIR939;P4HA2,0.0,0.1964760087245136,0.5043442749940374,-0.1655890100328699,0.1655890100328699,-0.0942174260157752,0.0942174260157752,0.0279795470886108,0.2157862965329524,,b1935
GSE39582,M2_msd_coexpr,936,NDUFB3;EFCAB11;NEK7;GTF2H1,0.0,0.3392733370564078,0.6332269117081629,-0.0728962178475918,0.0728962178475918,-0.1188868048873468,0.1188868048873468,0.2902105700242191,0.0962474595511021,,b1936
GSE39582,M2_msd_coexpr,937,STUB1;RCBTB2;PPIB;SUPT7L,0.0,0.6179035012982266,1.4947190052592365,-0.0003975120127402,0.0003975120127402,0.0337835845688341,0.0337835845688341,0.9958100634679016,0.6438783585985244,,b1937
GSE39582,M2_msd_coexpr,938,LAMTOR1;LSM11;LOC101927178;SKIV2L2,0.0,0.337717658428161,0.709015295454247,-0.0658321968373725,0.0658321968373725,-0.0420925654050701,0.0420925654050701,0.3708840552202413,0.5922163175367362,,b1938
GSE39582,M2_msd_coexpr,939,NDFIP1;HARBI1;GMNN;TAF1C,0.0,0.2517377787572684,0.638965289267699,-0.2569214250845123,0.2569214250845123,-0.1651038389552079,0.1651038389552079,0.0006994040360486,0.0266421238598368,,b1939
GSE39582,M2_msd_coexpr,940,TAF6;DOCK5;GLOD4;DHRS7,0.0,0.1585676171602721,0.2419003565258067,0.0516303557147128,0.0516303557147128,0.0737223775121471,0.0737223775121471,0.4756008044908716,0.310389172628101,,b1940
GSE39582,M2_msd_coexpr,941,SSR2;C19orf73;TMEM30A;ALDH3B1,0.0,0.4132143115914286,1.1147395788211891,0.0699189498628755,0.0699189498628755,0.0983049328850456,0.0983049328850456,0.3319087300329638,0.1782282574744027,,b1941
GSE39582,M2_msd_coexpr,942,CDV3;NT5DC2;PAM;DDX59,0.0,0.2430243709968889,0.4727009835923719,0.0455284449145057,0.0455284449145057,0.0311678572024166,0.0311678572024166,0.5422701784858532,0.6765524869828462,,b1942
GSE39582,M2_msd_coexpr,943,PIH1D1;VMA21;SERINC1;SLC7A6OS,0.0,0.2491250231142305,0.4257213560756309,-0.0284100755515494,0.0284100755515494,-0.0556820770708127,0.0556820770708127,0.6998207510850745,0.4588063695103975,,b1943
GSE39582,M2_msd_coexpr,944,MEMO1;POMGNT1;KRT8;TAF1C,0.0,0.5480674113045347,1.6573869593826307,-0.1676061252782858,0.1676061252782858,-0.0848641144227041,0.0848641144227041,0.0228536397628217,0.2334840047188223,,b1944
GSE39582,M2_msd_coexpr,945,SEC61G;L2HGDH;RFC4;WAS,0.0,0.3840625782863678,0.8829917299825139,-0.1081643837807026,0.1081643837807026,-0.0850676155447928,0.0850676155447928,0.1463334113075842,0.2537251918471216,,b1945
GSE39582,M2_msd_coexpr,946,ATPIF1;HARBI1;PSMA7;LENG1,0.0,0.2630670303094671,0.7576123754557008,-0.331729421979499,0.331729421979499,-0.2024779162935426,0.2024779162935426,1.27126938282432e-05,0.005512928302095,,b1946
GSE39582,M2_msd_coexpr,947,TAF6;CPEB2;MIR6800;CEP164,0.0,0.1560919182953015,0.1823754351236095,0.0287895088750932,0.0287895088750932,-0.0332853464703684,0.0332853464703684,0.6947365780874499,0.6580384926111011,,b1947
GSE39582,M2_msd_coexpr,948,TSEN34;CXorf21;MGLL;RCOR2,0.0,0.2344298219332708,0.5644646422789583,-0.0902928420346707,0.0902928420346707,-0.0535012998584334,0.0535012998584334,0.2139707097286078,0.4747971098587024,,b1948
GSE39582,M2_msd_coexpr,949,ARPC5L;EFCAB11;PNPT1;REXO2,0.0,0.1613303034707698,0.3030507140174234,-0.1957203150446191,0.1957203150446191,-0.2155617772031983,0.2155617772031983,0.0068634214468216,0.0040219938267286,,b1949
GSE39582,M2_msd_coexpr,950,SNF8;CXorf21;KIAA0101;LOC100130987,0.0,0.2810710493752087,0.3735101607682681,-0.1973246723308871,0.1973246723308871,-0.1275703325951063,0.1275703325951063,0.0061787629714213,0.0714219475024306,,b1950
GSE39582,M2_msd_coexpr,951,PSMD7;LSM11;SCRIB;GPATCH3,0.0,0.2175086363936508,0.446182362849616,-0.2227275622465529,0.2227275622465529,-0.1455615133078858,0.1455615133078858,0.0025524397763103,0.0563083051345667,,b1951
GSE39582,M2_msd_coexpr,952,CHMP1A;CYLD;TOMM34;CAND1,0.0,0.1257043076990941,0.210261598514626,-0.051756967076482,0.051756967076482,-0.0215745929499,0.0215745929499,0.4933655860733824,0.7829033460706728,,b1952
GSE39582,M2_msd_coexpr,953,PDHB;TMEM263;LAMP2;HAUS2,0.0,0.2172301213611699,0.4593620693914928,-0.0130977467600663,0.0130977467600663,-0.0145952976678428,0.0145952976678428,0.858711540979653,0.8470125054464658,,b1953
GSE39582,M2_msd_coexpr,954,NDUFB10;ATPAF2;GMNN;NR2C2,0.0,0.3787673568007563,0.6413572029759124,-0.3301232845707486,0.3301232845707486,-0.2175106366917839,0.2175106366917839,2.37659915793212e-05,0.005994563097121,,b1954
GSE39582,M2_msd_coexpr,955,SHISA5;NRAV;LOC728554;C2orf42,0.0,0.3126023263278389,0.614307722226474,-0.1343288971365192,0.1343288971365192,-0.0706454705954156,0.0706454705954156,0.0731596080430131,0.344463180629682,,b1955
GSE39582,M2_msd_coexpr,956,POLR2H;GLUD2;TOMM34;SMARCD1,0.0,0.2521736259361484,0.479847673054524,-0.1885314347068165,0.1885314347068165,-0.0822466456062304,0.0822466456062304,0.0101093656288111,0.2622721202899775,,b1956
GSE39582,M2_msd_coexpr,957,HNRNPA0;RGS14;KPNA2;SLC7A6OS,0.0,0.3165452459283479,1.008043131485613,-0.2145237133457755,0.2145237133457755,-0.1719598624070572,0.1719598624070572,0.0017675570088759,0.0147582775010198,,b1957
GSE39582,M2_msd_coexpr,958,ATP6V1F;POMGNT1;EZR;TAF1C,0.0,0.3877342934290858,0.9842794726062132,-0.0473610529479535,0.0473610529479535,-0.0128372263319269,0.0128372263319269,0.5073409587931986,0.8535382451113961,,b1958
GSE39582,M2_msd_coexpr,959,VDAC1;CINP;ITGAV;DNAJC2,0.0,0.2731292119222352,0.8809165125277708,-0.1846304273379747,0.1846304273379747,-0.2557089366987463,0.2557089366987463,0.0113760874196991,0.0004025772055992,,b1959
GSE39582,M2_msd_coexpr,960,ATP5G3;SWT1;SNRNP25;SNORD65,0.0,0.2641267371135417,0.6196794624664845,-0.1742106699634731,0.1742106699634731,-0.1302771571479766,0.1302771571479766,0.0207107071488285,0.0927210922932929,,b1960
GSE39582,M2_msd_coexpr,961,LOC101930324;DST;NELFCD;HNRNPLL,0.0,0.38402604317212,0.7982890854901131,-0.0966540306784812,0.0966540306784812,-0.1487974586546139,0.1487974586546139,0.1862161303690206,0.0541233532459706,,b1961
GSE39582,M2_msd_coexpr,962,GLRX5;DCAKD;PLEK2;NOD1,0.0,0.3357407680523803,0.5481025605461266,-0.1546559594041039,0.1546559594041039,-0.0742394491656428,0.0742394491656428,0.0326691747586689,0.3263385609835235,,b1962
GSE39582,M2_msd_coexpr,963,BFAR;CPEB2;PPIF;MCTS1,0.0,0.1917410222941058,0.2500815909061458,-0.0577953728651706,0.0577953728651706,-0.0910065284245962,0.0910065284245962,0.4316526069088502,0.2154092745979468,,b1963
GSE39582,M2_msd_coexpr,964,PRKCSH;SWT1;TIPARP;BAD,0.0,0.2199830069283323,0.4060199245833403,0.0138858032145868,0.0138858032145868,-0.034563735641456,0.034563735641456,0.8511014585407267,0.6155200821838844,,b1964
GSE39582,M2_msd_coexpr,965,MIR6748;CXorf21;ACAT2;DDN,0.0,0.2222155844825849,0.4010005968451491,-0.1352090773791591,0.1352090773791591,-0.0513361588049183,0.0513361588049183,0.0608049365843473,0.4892271453392208,,b1965
GSE39582,M2_msd_coexpr,966,RPL23;POMGNT1;C19orf48;DICER1,0.0,0.1952440928557297,0.2569059078953276,-0.1370480715585034,0.1370480715585034,-0.1412868689858855,0.1412868689858855,0.063856132504179,0.0622698230977815,,b1966
GSE39582,M2_msd_coexpr,967,PFDN2;CXorf21;UBL3;RAB43,0.0,0.2856012451037023,0.5213611605711415,0.0043330025972369,0.0043330025972369,0.0270890478278132,0.0270890478278132,0.95268937708484,0.7055834898743073,,b1967
GSE39582,M2_msd_coexpr,968,MRPS22;GALK1;LOC102724993;P4HA2,0.0,0.2662583138028494,0.7117683537260434,-0.3255522874685648,0.3255522874685648,-0.2917282360991016,0.2917282360991016,1.773711558774528e-05,0.0001134812005126,,b1968
GSE39582,M2_msd_coexpr,969,GANAB;POMGNT1;STAG2;ELMO2,0.0,0.3758650976746721,0.6085424986747718,-0.0403641682308323,0.0403641682308323,-0.0835857118701998,0.0835857118701998,0.5786264928701578,0.2359397844083705,,b1969
GSE39582,M2_msd_coexpr,970,PRKCSH;KLHL20;VMP1;HAUS2,0.0,0.2827131210775049,0.4693024838019672,0.1472864729339235,0.1472864729339235,0.1275093291345269,0.1275093291345269,0.0499552284079101,0.0867965502995145,,b1970
GSE39582,M2_msd_coexpr,971,TOMM6;LIPE;UAP1;NBR1,0.0,0.5283788069038423,1.0636440148734143,-0.1395215821927042,0.1395215821927042,-0.1120674795903155,0.1120674795903155,0.0584159437425112,0.1338517216036412,,b1971
GSE39582,M2_msd_coexpr,972,IDH1;ATPAF2;NEK7;CRCP,0.0,0.2456830665122668,0.4374956897163014,-0.1587935358430899,0.1587935358430899,-0.0747794458110602,0.0747794458110602,0.0346058976422277,0.3127991446780018,,b1972
GSE39582,M2_msd_coexpr,973,SNORD10;TMEM263;ASAP2;GMEB1,0.0,0.3246601053549101,0.9623057516994116,0.0188205702852352,0.0188205702852352,0.0213081115943256,0.0213081115943256,0.7996052920524396,0.7741010448037358,,b1973
GSE39582,M2_msd_coexpr,974,ZNF410;C1orf74;GOT1;PPP1R2,0.0,0.1652596043804881,0.283183637565187,-0.048262734197932,0.048262734197932,0.0141255964964274,0.0141255964964274,0.5193527880447358,0.8575776628629858,,b1974
GSE39582,M2_msd_coexpr,975,VDAC1;GLUD2;CKS1B;SRL,0.0,0.2335966511075816,0.6324772886669996,-0.0672441922219257,0.0672441922219257,-0.0293398507685062,0.0293398507685062,0.3490958787681358,0.6890729727437566,,b1975
GSE39582,M2_msd_coexpr,976,CACYBP;CDKN2AIPNL;PPIF;CEBPA-AS1,0.0,0.1397100949265208,0.2500815909061458,-0.1649938986275018,0.1649938986275018,-0.1091184206913278,0.1091184206913278,0.0204650191981722,0.1315936052464966,,b1976
GSE39582,M2_msd_coexpr,977,MZT2A;CYLD;NUDT15;TMEM170A,0.0,0.2978869279478232,0.7293437961674755,-0.0413050251996672,0.0413050251996672,-0.0302180820189739,0.0302180820189739,0.5777128581623701,0.6905736479181086,,b1977
GSE39582,M2_msd_coexpr,978,CNOT1;CYLD;SERINC1;STK10,0.0,0.2249646643055658,0.4257213560756309,0.0238132899291107,0.0238132899291107,0.042782351457565,0.042782351457565,0.7497244595806309,0.5840643235437177,,b1978
GSE39582,M2_msd_coexpr,979,EDF1;DST;GOT1;BMPR1A,0.0,0.3394062619969157,0.8858025632135773,-0.0261768890847275,0.0261768890847275,0.0170358613776416,0.0170358613776416,0.7263765379017875,0.8258850219018689,,b1979
GSE39582,M2_msd_coexpr,980,MIR1236;ATPAF2;KPNA2;PPP2R1B,0.0,0.4201817889988886,1.008043131485613,-0.1901595320591753,0.1901595320591753,-0.1039730423932423,0.1039730423932423,0.0104392420719763,0.1678943993066219,,b1980
GSE39582,M2_msd_coexpr,981,RNF103-CHMP3;DCAKD;MIR939;KANK2,0.0,0.2505077428674896,0.6369725892561021,-0.0087820805666087,0.0087820805666087,0.0084933707406437,0.0084933707406437,0.904583831522172,0.9068373471966482,,b1981
GSE39582,M2_msd_coexpr,982,RPL18A;LIPE;ACAT2;LOC100130987,0.0,0.2344337690469389,0.4010005968451491,-0.2863098484139005,0.2863098484139005,-0.2336510726701545,0.2336510726701545,0.0001729607893425,0.0021114074181825,,b1982
GSE39582,M2_msd_coexpr,983,EIF4A1;RCBTB2;MIR939;PIK3IP1,0.0,0.3188072054282018,0.9623057516994116,-0.0267025330064286,0.0267025330064286,0.0312805606042156,0.0312805606042156,0.7281892585489051,0.6799996557598551,,b1983
GSE39582,M2_msd_coexpr,984,MRPL18;CBX2;EIF4EBP1;SNORD65,0.0,0.3280213202260054,0.7209927615365359,-0.1133088395398555,0.1133088395398555,-0.0722439276158803,0.0722439276158803,0.1244986702353407,0.3234999194641287,,b1984
GSE39582,M2_msd_coexpr,985,SLC35A4;CDKN2AIPNL;C1QBP;PCIF1,0.0,0.3109885882896996,0.9094341273489164,-0.2342193797185247,0.2342193797185247,-0.1572149691055739,0.1572149691055739,0.0014839282381419,0.036054444713223,,b1985
GSE39582,M2_msd_coexpr,986,HNRNPUL1;CDKN2AIPNL;SLC9A3R1;MAPK8,0.0,0.1181221195495089,0.1268851152775006,-0.2289409405966686,0.2289409405966686,-0.1526308695897373,0.1526308695897373,0.0018643709700591,0.0404133778851404,,b1986
GSE39582,M2_msd_coexpr,987,MRPL34;L2HGDH;ASAP2;NBR1,0.0,0.1579512616379802,0.2771081794560873,-0.0857937486857899,0.0857937486857899,-0.1303528431937743,0.1303528431937743,0.2574490848452305,0.0872992752442065,,b1987
GSE39582,M2_msd_coexpr,988,TMEM203;C1orf74;MRPS28;B3GAT3,0.0,0.1602712776918086,0.2634304600952435,-0.1268107837769312,0.1268107837769312,-0.0546754251568758,0.0546754251568758,0.0811007331732135,0.4400350502093065,,b1988
GSE39582,M2_msd_coexpr,989,DCTN3;RCBTB2;TIPARP;APBA3,0.0,0.2486400961173495,0.5046297240340284,0.0843147402171235,0.0843147402171235,0.0375848047778081,0.0375848047778081,0.2742200895300862,0.6178438706864728,,b1989
GSE39582,M2_msd_coexpr,990,CSDE1;CYLD;THRIL;MARVELD1,0.0,0.4279140916038921,0.8777911867470569,0.0984248945511229,0.0984248945511229,0.1133197304743873,0.1133197304743873,0.1962595823215717,0.1412482957844725,,b1990
GSE39582,M2_msd_coexpr,991,SUN2;CDKN2AIPNL;FAM177A1;PARD6A,0.0,0.1849115428835049,0.2834996494260233,-0.0651881737436171,0.0651881737436171,-0.0270136976645307,0.0270136976645307,0.3550323263259836,0.7083600074839593,,b1991
GSE39582,M2_msd_coexpr,992,IDH1;SWT1;ZWINT;UNC93B1,0.0,0.2328984876165611,0.5729786237608241,-0.1713539568081702,0.1713539568081702,-0.1103906575381861,0.1103906575381861,0.021056672373035,0.1178065599368973,,b1992
GSE39582,M2_msd_coexpr,993,PIGY;LOC100996255;DHRS4L2;PARD6A,0.0,0.1566747832754751,0.2834996494260233,-0.0679274971712665,0.0679274971712665,-0.0083334284239709,0.0083334284239709,0.361153656481439,0.9153229064061696,,b1993
GSE39582,M2_msd_coexpr,994,SNF8;WDCP;HACD3;LGI2,0.0,0.2840994219726037,0.7720094700716688,-0.109445782523321,0.109445782523321,-0.0275046856713658,0.0275046856713658,0.1230128940050574,0.6986639850675405,,b1994
GSE39582,M2_msd_coexpr,995,MRPL3;ZBTB45;VMP1;PIGC,0.0,0.5459762451437297,1.3681027892686817,-0.098166248935488,0.098166248935488,-0.085026339888235,0.085026339888235,0.1908065710378924,0.2567228500204946,,b1995
GSE39582,M2_msd_coexpr,996,NOP10;RGS14;SNRNP25;NDE1,0.0,0.4160119781988966,1.2720984453982354,-0.1456976898493382,0.1456976898493382,-0.0548107288773341,0.0548107288773341,0.0434485420456261,0.4584674103848428,,b1996
GSE39582,M2_msd_coexpr,997,SLC35A4;CYLD;LOC102724993;ARAF,0.0,0.2447185183583287,0.7117683537260434,-0.0004997650654169,0.0004997650654169,-0.049803987695403,0.049803987695403,0.9947506831097136,0.518687015360054,,b1997
GSE39582,M2_msd_coexpr,998,GHITM;DCAKD;GNPNAT1;CCDC127,0.0,0.402428466654701,0.9131216394890664,-0.1388972325383732,0.1388972325383732,-0.0544721999848053,0.0544721999848053,0.0649906693799846,0.4886919393047715,,b1998
GSE39582,M2_msd_coexpr,999,SPAG7;CXorf21;BSG;PKP4,0.0,0.3794505285422724,0.7917959361543425,0.0498038181054418,0.0498038181054418,0.0845749094907361,0.0845749094907361,0.4944906838145138,0.2509732067016584,,b1999
