cohort,design,set_id,members,stratum_distance,fine_dist_mean,fine_dist_max,logHR_M0,abs_logHR_M0,logHR_M1,abs_logHR_M1,p_M0,p_M1,fail_reason,audit_score
TCGA-COADREAD,M1_msd,0,GPBP1;ZMYM3;FUCA1;LIG4,0.0,0.0875922964585581,0.1127241039676605,0.0961835767821697,0.0961835767821697,-0.0118890332848434,0.0118890332848434,0.3746741070823625,0.9165531230294528,,b0
TCGA-COADREAD,M1_msd,1,RANBP3;MTFR1;SNRPF;SAP30,0.0,0.1278482036316495,0.2107697551546321,0.0015684834378098,0.0015684834378098,0.128222837868439,0.128222837868439,0.9871638684703576,0.1832487803452002,,b1
TCGA-COADREAD,M1_msd,2,KPNA1;KDELC2;USMG5;ZRSR2,0.0,0.1304954300093724,0.1838080937614411,0.1981797817123206,0.1981797817123206,0.2053924129561814,0.2053924129561814,0.0721145717999695,0.0744299374249188,,b2
TCGA-COADREAD,M1_msd,3,GORASP1;RABEP2;CHPT1;MARCH2,0.0,0.1124045793963148,0.1667385805104649,0.1470811531193838,0.1470811531193838,0.0082034403773785,0.0082034403773785,0.2142580727832176,0.943480823283196,,b3
TCGA-COADREAD,M1_msd,4,SPOP;QDPR;NDST1;PRIM1,0.0,0.1418724451323393,0.1937361329339512,-0.1522019438811439,0.1522019438811439,-0.0856214872335048,0.0856214872335048,0.1765973785788409,0.4416318575534476,,b4
TCGA-COADREAD,M1_msd,5,SPOP;SOS2;KLF10;TRMU,0.0,0.126758835744761,0.1937361329339512,-0.0455755322073849,0.0455755322073849,-0.0137876637716962,0.0137876637716962,0.6710680054987767,0.9031464262227644,,b5
TCGA-COADREAD,M1_msd,6,EIF4E2;NEK7;VPS36;POLB,0.0,0.0419486253115649,0.0620786854004361,0.0941900914726073,0.0941900914726073,0.0836603037616466,0.0836603037616466,0.3574579958333707,0.4476428730244106,,b6
TCGA-COADREAD,M1_msd,7,MAPKAP1;HOOK2;CCPG1;ATP7A,0.0,0.0732520441786027,0.1918726892507848,0.0724854916504171,0.0724854916504171,-0.0160137307332705,0.0160137307332705,0.5503574622640348,0.8993168683701338,,b7
TCGA-COADREAD,M1_msd,8,FAM32A;PPP3CA;ARHGAP32;MOSPD3,0.0,0.0757149981614455,0.1403987402424636,0.1065623777584051,0.1065623777584051,0.0659444910184627,0.0659444910184627,0.3463799468610519,0.5897981531252405,,b8
TCGA-COADREAD,M1_msd,9,SMU1;COX11;BRP44;NSMCE2,0.0,0.065807913706551,0.0909475547853583,-0.2447758412887088,0.2447758412887088,-0.1372201773300532,0.1372201773300532,0.0334205026847694,0.2727627865486427,,b9
TCGA-COADREAD,M1_msd,10,RANBP3;SEC24A;PINK1;LYPLAL1,0.0,0.0924569552948839,0.1621114259084982,-0.0356189978766871,0.0356189978766871,0.0077218625789906,0.0077218625789906,0.743124902668999,0.9415001513517874,,b10
TCGA-COADREAD,M1_msd,11,WTAP;PHF6;CTNNBL1;ACBD4,0.0,0.1195490434884713,0.1988902410402862,0.1145311193069456,0.1145311193069456,0.043227558340771,0.043227558340771,0.2744336235076736,0.6954918337648295,,b11
TCGA-COADREAD,M1_msd,12,DAXX;TCEB1;HEXA;LYRM5,0.0,0.1084361876812163,0.2428679309839747,0.1594741580519935,0.1594741580519935,0.2591259140897193,0.2591259140897193,0.1420100478768848,0.0324558662118694,,b12
TCGA-COADREAD,M1_msd,13,UBE2Q1;PHF6;PRC1;DBF4B,0.0,0.1208400874863819,0.2036659767967155,0.0110168748355761,0.0110168748355761,-0.0098641162065275,0.0098641162065275,0.9237797331377332,0.9361335343352662,,b13
TCGA-COADREAD,M1_msd,14,WTAP;DENND2D;NDST1;MMACHC,0.0,0.1127558186797335,0.1453065024212613,-0.1708474695669161,0.1708474695669161,-0.0058226590039524,0.0058226590039524,0.1076521451453135,0.9597341596076552,,b14
TCGA-COADREAD,M1_msd,15,GORASP1;PCNX;RHBDD2;DBF4B,0.0,0.1038946507224629,0.2036659767967155,0.1683659756118882,0.1683659756118882,0.0536638057485196,0.0536638057485196,0.1268863321364107,0.6289456542731933,,b15
TCGA-COADREAD,M1_msd,16,BET1L;CXXC1;IDH3B;APOO,0.0,0.0835560577964859,0.1503107347691428,-0.0040448553437203,0.0040448553437203,0.0137062876929014,0.0137062876929014,0.97019638586943,0.9014001401965562,,b16
TCGA-COADREAD,M1_msd,17,VPS26B;MRPL34;NDRG3;CCDC57,0.0,0.0893486103989879,0.1554614219014795,-0.1174343060187543,0.1174343060187543,-0.1040743767097153,0.1040743767097153,0.3018607770140861,0.3695294167645815,,b17
TCGA-COADREAD,M1_msd,18,MFF;RBM26;CSNK2A1;TOR1AIP2,0.0,0.0895273032324958,0.1391792392463472,-0.028204481387028,0.028204481387028,-0.1119618646574625,0.1119618646574625,0.7971054229210675,0.3276525000979899,,b18
TCGA-COADREAD,M1_msd,19,GGNBP2;ARHGEF5;ATAD3A;WDR19,0.0,0.1263786186563635,0.2139932073777858,-0.1614805776194207,0.1614805776194207,-0.2542226885914153,0.2542226885914153,0.1288143667238341,0.0289548189091185,,b19
TCGA-COADREAD,M1_msd,20,FAM98A;RBM7;HEXA;CD58,0.0,0.1237258827507244,0.2066075473217374,-0.2327454508500561,0.2327454508500561,-0.135713876374781,0.135713876374781,0.0220029236272979,0.2181079841552202,,b20
TCGA-COADREAD,M1_msd,21,RBM14;SMC2;PLEKHG3;ATP7A,0.0,0.0865953495021685,0.1688359929433432,-0.1665308585413991,0.1665308585413991,-0.0975403364419976,0.0975403364419976,0.1239431279740337,0.400959707453083,,b21
TCGA-COADREAD,M1_msd,22,PPM1B;ALG8;SPPL2B;ZNF224,0.0,0.1436709953654994,0.2071291451555035,-0.044010783356837,0.044010783356837,-0.1154085319507038,0.1154085319507038,0.665122025069248,0.3240819165201203,,b22
TCGA-COADREAD,M1_msd,23,WDR33;NEK7;BCL3;LONRF1,0.0,0.1239587570934847,0.1794701401908845,0.006008304168535,0.006008304168535,-0.0238637512904833,0.0238637512904833,0.955777842497482,0.8313597208912721,,b23
TCGA-COADREAD,M1_msd,24,ARL8B;C14orf1;TRIM25;DLEU1,0.0,0.1080921890687673,0.2451600112455034,0.0613800915012485,0.0613800915012485,0.026391748831117,0.026391748831117,0.5820532465985643,0.823914733994067,,b24
TCGA-COADREAD,M1_msd,25,LSG1;DCAKD;TRABD;TOR1AIP2,0.0,0.1515136412300113,0.1867737225192964,-0.0758726158139198,0.0758726158139198,-0.0679157693489804,0.0679157693489804,0.5184858780115098,0.5663969908134954,,b25
TCGA-COADREAD,M1_msd,26,PPP3R1;C12orf32;OCIAD2;MAGOHB,0.0,0.0610738918932971,0.0904975364479357,-0.0441891142765387,0.0441891142765387,0.0133483734398399,0.0133483734398399,0.6810192709503046,0.9064728753621454,,b26
TCGA-COADREAD,M1_msd,27,C2orf29;TXNL4A;NCOA3;PTPN21,0.0,0.0752713202595361,0.138115587764612,-0.0913072479432925,0.0913072479432925,-0.1438700090559592,0.1438700090559592,0.4209008534438099,0.2256664270656437,,b27
TCGA-COADREAD,M1_msd,28,YTHDF2;C12orf62;LSM7;SURF2,0.0,0.0850860184471586,0.1440338473802565,0.0368076521789646,0.0368076521789646,0.1390563892753084,0.1390563892753084,0.7391036692273907,0.2366820856369276,,b28
TCGA-COADREAD,M1_msd,29,GORASP1;ZNF33B;RAP2A;MMACHC,0.0,0.1350140560623154,0.1667385805104649,-0.0486002565231986,0.0486002565231986,-0.0227409554765822,0.0227409554765822,0.6834428367048797,0.8482270938270321,,b29
TCGA-COADREAD,M1_msd,30,AFTPH;C1GALT1C1;USP11;ZNF780B,0.0,0.1067946703233967,0.1768802377313842,-0.0070628189033824,0.0070628189033824,-0.0363085370659979,0.0363085370659979,0.9465204617325208,0.7483359381071455,,b30
TCGA-COADREAD,M1_msd,31,THAP4;BID;PHPT1;ARID3B,0.0,0.1277902464256358,0.1751468152802782,-0.0470033220562035,0.0470033220562035,0.038925452716656,0.038925452716656,0.6639555495373068,0.7314935725491029,,b31
TCGA-COADREAD,M1_msd,32,THUMPD1;TULP4;TJP1;COQ2,0.0,0.0845862402763706,0.1893787297811848,-0.1865383055692907,0.1865383055692907,-0.1544588590973251,0.1544588590973251,0.0898026329196311,0.1731190839798903,,b32
TCGA-COADREAD,M1_msd,33,PPP6C;NDUFAF3;LSM7;TIGD5,0.0,0.1126369543808905,0.1440338473802565,0.0659012502538022,0.0659012502538022,0.1152915946553316,0.1152915946553316,0.5297277137555209,0.280428795390458,,b33
TCGA-COADREAD,M1_msd,34,EIF2B5;SLC25A25;C6orf115;RNMTL1,0.0,0.0975093991304901,0.1565633741026897,0.0551724386334715,0.0551724386334715,0.0842070107649233,0.0842070107649233,0.6277732777614111,0.4988079948465596,,b34
TCGA-COADREAD,M1_msd,35,YY1;CHRAC1;RPIA;C6orf1,0.0,0.0842176925164945,0.1244948870468088,0.1997864611841256,0.1997864611841256,0.1133829427162867,0.1133829427162867,0.0596777332201143,0.283343961976481,,b35
TCGA-COADREAD,M1_msd,36,DNAJC14;TAF10;SUPT4H1;C2orf7,0.0,0.1175244297203821,0.201921268011879,0.1864378576300684,0.1864378576300684,0.1428417370043195,0.1428417370043195,0.0922712084427118,0.1604743701767189,,b36
TCGA-COADREAD,M1_msd,37,KPNA4;SGSH;SIVA1;UHRF1BP1L,0.0,0.088899853605509,0.1757506665971835,-0.0711238656012429,0.0711238656012429,0.030158364044453,0.030158364044453,0.5025863623188257,0.776615344989765,,b37
TCGA-COADREAD,M1_msd,38,RAF1;BOD1L;SLC25A23;NRM,0.0,0.0448364048671436,0.082580169771601,0.1192349318865097,0.1192349318865097,0.0296437849941303,0.0296437849941303,0.2914506490543117,0.7920558980434005,,b38
TCGA-COADREAD,M1_msd,39,DNAJC14;ATXN1L;STX3;PSMG4,0.0,0.1193555445573577,0.201921268011879,0.0102590374170362,0.0102590374170362,-0.1173990763701465,0.1173990763701465,0.9276558573542076,0.3414366522058341,,b39
TCGA-COADREAD,M1_msd,40,WTAP;C1GALT1C1;MAST2;TCTN2,0.0,0.0640124981314997,0.1480146001297038,0.1057987194820202,0.1057987194820202,0.138738029605724,0.138738029605724,0.3539057102883757,0.2043141349553113,,b40
TCGA-COADREAD,M1_msd,41,SPOP;DHX40;PIM3;LRIG2,0.0,0.129982545810987,0.2460437987380922,-0.1007940807613049,0.1007940807613049,-0.1159445146178022,0.1159445146178022,0.3589236233943255,0.3578742877038934,,b41
TCGA-COADREAD,M1_msd,42,SPPL3;TMEM70;SLC25A24;PRRG2,0.0,0.1302049531400384,0.1945762495717526,-0.2560023401017293,0.2560023401017293,-0.1778023425757501,0.1778023425757501,0.0147675154931202,0.1105746333054526,,b42
TCGA-COADREAD,M1_msd,43,YY1;TICAM1;SFRS18;MTCP1NB,0.0,0.1087835059719158,0.1463945914872015,0.2163009965657518,0.2163009965657518,0.1765397589606312,0.1765397589606312,0.0510750606982653,0.1252645088570335,,b43
TCGA-COADREAD,M1_msd,44,EIF2B5;FAM109A;KDM5B;CDKN2D,0.0,0.1410293471862589,0.2354209680966666,0.0627762360645959,0.0627762360645959,0.0353251144579594,0.0353251144579594,0.5719525766058638,0.7617560604734736,,b44
TCGA-COADREAD,M1_msd,45,SMU1;TAF10;JHDM1D;PIGW,0.0,0.0892192841741598,0.103493979650981,-0.0973579028616537,0.0973579028616537,-0.1699359193578246,0.1699359193578246,0.3704053968728582,0.1081460915729424,,b45
TCGA-COADREAD,M1_msd,46,FAM98A;FBRSL1;LOC100129034;CCDC125,0.0,0.1079052586648796,0.2066075473217374,-0.0524340544720342,0.0524340544720342,0.0002272144851999,0.0002272144851999,0.626378450141325,0.9984472224975104,,b46
TCGA-COADREAD,M1_msd,47,MFF;NOC4L;CNIH;C12orf45,0.0,0.1005835565536762,0.1391792392463472,-0.017637976181067,0.017637976181067,0.0394062072658132,0.0394062072658132,0.8722198234622431,0.7321810660864636,,b47
TCGA-COADREAD,M1_msd,48,FUBP3;DCAKD;TNFRSF14;LRRC37A,0.0,0.1032081321128927,0.1378521694545906,0.1402987687395217,0.1402987687395217,0.0514749871867673,0.0514749871867673,0.2075260761367701,0.6579554839893058,,b48
TCGA-COADREAD,M1_msd,49,PYGO2;PCID2;NDUFB7;EIF2C4,0.0,0.1089947977469215,0.1704133816283063,0.0992783663571653,0.0992783663571653,0.0026602889473965,0.0026602889473965,0.372506583608291,0.9804185421612056,,b49
TCGA-COADREAD,M1_msd,50,RSRC2;PEX1;NNT;FAM18B2,0.0,0.1626977240197063,0.219129984496519,-0.0825651625665027,0.0825651625665027,-0.0583854272852871,0.0583854272852871,0.4704611653450082,0.6634221922334556,,b50
TCGA-COADREAD,M1_msd,51,SMU1;DOCK7;AP1G2;TBC1D8B,0.0,0.0840842848143211,0.0983096878823482,-0.179069949382516,0.179069949382516,-0.0707961665809969,0.0707961665809969,0.0875231085722754,0.5376302581437566,,b51
TCGA-COADREAD,M1_msd,52,FUBP3;IDE;MAP4K4;C12orf45,0.0,0.1051642152297771,0.1323198465325072,-0.0556792417803934,0.0556792417803934,-0.1054170752554958,0.1054170752554958,0.6280751176988406,0.3847220572506351,,b52
TCGA-COADREAD,M1_msd,53,SART3;RHOQ;SIVA1;MAGOHB,0.0,0.0895314183998942,0.1757506665971835,0.1409531030754483,0.1409531030754483,0.2145909043714982,0.2145909043714982,0.1859157598731561,0.0590810765154034,,b53
TCGA-COADREAD,M1_msd,54,RAB35;IFT57;USMG5;ZCCHC2,0.0,0.1122876148617894,0.1838080937614411,-0.0494683100313307,0.0494683100313307,0.0998991780300837,0.0998991780300837,0.6456523484267256,0.3813888551178463,,b54
TCGA-COADREAD,M1_msd,55,DAXX;ATF7IP;STK38L;RP9P,0.0,0.0990870998803095,0.1496272979075293,0.1931888378594949,0.1931888378594949,0.2067214275889289,0.2067214275889289,0.0721113101301906,0.0653604569080555,,b55
TCGA-COADREAD,M1_msd,56,RAB35;BACH1;RNF145;ZRSR2,0.0,0.0977435974157303,0.1537468590649093,-0.0475369819434053,0.0475369819434053,0.0366022706621008,0.0366022706621008,0.6613024512841664,0.7244395092536527,,b56
TCGA-COADREAD,M1_msd,57,DAXX;BBX;SNRPG;CLPB,0.0,0.0776289402467425,0.1600198562694309,0.0539219512968229,0.0539219512968229,-0.0065284537505017,0.0065284537505017,0.6267945580904865,0.9546571979651248,,b57
TCGA-COADREAD,M1_msd,58,WDR33;NDUFV3;TRIM44;MOSPD3,0.0,0.1146972037064402,0.1700982857158708,0.0146914119041879,0.0146914119041879,0.044176361514688,0.044176361514688,0.8914081988108381,0.6578412450601473,,b58
TCGA-COADREAD,M1_msd,59,RAF1;HEBP1;CCDC109A;C7orf47,0.0,0.1001715641450333,0.1359378809529329,0.0977769922989581,0.0977769922989581,0.1268007763070579,0.1268007763070579,0.3799104771562851,0.2800992808814881,,b59
TCGA-COADREAD,M1_msd,60,KIAA1310;PTAR1;PARP10;PITPNM2,0.0,0.1314637243452053,0.1772144201032366,0.1783226204604431,0.1783226204604431,0.2631255581970823,0.2631255581970823,0.1228954131468837,0.0500250634760174,,b60
TCGA-COADREAD,M1_msd,61,FBXO18;PLEKHM1;ZBTB4;CHST12,0.0,0.1359707894480806,0.222191597706407,0.2146864351154293,0.2146864351154293,0.1732136457867607,0.1732136457867607,0.0603120690020338,0.1598249172200452,,b61
TCGA-COADREAD,M1_msd,62,PRCC;CCM2;OCIAD2;CCDC58,0.0,0.0731089308485667,0.1341354521759122,0.1346299807143819,0.1346299807143819,0.1570668043983577,0.1570668043983577,0.2083459926274132,0.1738052344957287,,b62
TCGA-COADREAD,M1_msd,63,RSRC2;NFU1;NAA20;C11orf80,0.0,0.1495369405024729,0.1913461534241031,0.0679777545058548,0.0679777545058548,0.0687977002869121,0.0687977002869121,0.5157225506273915,0.5386893863474812,,b63
TCGA-COADREAD,M1_msd,64,PPM1B;KDELC2;NDUFV2;TTC12,0.0,0.1324587844914035,0.2071291451555035,-0.1640615482517189,0.1640615482517189,-0.0446521127082826,0.0446521127082826,0.1127846798015221,0.6849556889365052,,b64
TCGA-COADREAD,M1_msd,65,CPSF6;IDE;SMAGP;TMLHE,0.0,0.1171733564224112,0.1528879479041985,-0.2781520488208403,0.2781520488208403,-0.1562818393323975,0.1562818393323975,0.005161895245145,0.1497198029547523,,b65
TCGA-COADREAD,M1_msd,66,FAM32A;SMC2;VPS36;UBOX5,0.0,0.0320420743824717,0.0510587739239053,-0.1073074219616652,0.1073074219616652,-0.1604507753242916,0.1604507753242916,0.3374375701158896,0.1699589689553491,,b66
TCGA-COADREAD,M1_msd,67,RSRC2;BOD1;ALG5;POLB,0.0,0.088898079789663,0.1632364601789597,-0.0221829363563353,0.0221829363563353,-0.0062415009653181,0.0062415009653181,0.8378209957186128,0.9587129980236988,,b67
TCGA-COADREAD,M1_msd,68,IWS1;ANO10;BCL3;FXN,0.0,0.1146744235178659,0.1794701401908845,-0.0346286250956089,0.0346286250956089,-0.0057322895758087,0.0057322895758087,0.7498647435569099,0.957138982454586,,b68
TCGA-COADREAD,M1_msd,69,RANBP3;RRP9;MAP7D1;MTCP1NB,0.0,0.0944661672644807,0.1417460691621989,0.1035476730730522,0.1035476730730522,0.1084341883680956,0.1084341883680956,0.3496228007975054,0.3160512094996943,,b69
TCGA-COADREAD,M1_msd,70,RSRC2;MRPL42;CSNK2A1;PRIM1,0.0,0.1060990039408843,0.1421260057590988,-0.0842909535478084,0.0842909535478084,0.0004308455314783,0.0004308455314783,0.4508562148446052,0.997220360546388,,b70
TCGA-COADREAD,M1_msd,71,CPSF6;NR2C2;STK38L;TIGD5,0.0,0.1024990142981385,0.1209065219433118,-0.1350241131207937,0.1350241131207937,-0.0338145202442468,0.0338145202442468,0.2186045487066904,0.7842222471233544,,b71
TCGA-COADREAD,M1_msd,72,GSK3B;WWC1;LRRC8A;LOC678655,0.0,0.0864236601293746,0.1027456394209513,0.2808368414948989,0.2808368414948989,0.0969876133017194,0.0969876133017194,0.0089955567484783,0.3666457236984409,,b72
TCGA-COADREAD,M1_msd,73,YTHDC1;RAB11FIP5;FAM128B;TMEM93,0.0,0.0731757199146537,0.1310083249326926,0.1116271939692984,0.1116271939692984,0.1294940300029064,0.1294940300029064,0.3224899603480138,0.2179558932294167,,b73
TCGA-COADREAD,M1_msd,74,RANBP3;MIER3;PML;RAD51L3,0.0,0.1422515201586952,0.2278813654147584,0.1207523264967879,0.1207523264967879,0.1168976240096147,0.1168976240096147,0.2567921892809286,0.2403595289726118,,b74
TCGA-COADREAD,M1_msd,75,ARIH2;SESTD1;ZNF217;NCRNA00183,0.0,0.114788356717612,0.1721620867519841,0.0402470370441303,0.0402470370441303,0.0240823744414433,0.0240823744414433,0.703804050829329,0.8272877311412749,,b75
TCGA-COADREAD,M1_msd,76,YTHDF2;NEK7;ARHGAP32;OCEL1,0.0,0.1049607415462899,0.2068502794584447,-0.009557488011036,0.009557488011036,-0.0611060306566314,0.0611060306566314,0.9339193154453994,0.6160993122867301,,b76
TCGA-COADREAD,M1_msd,77,DAXX;MRPL34;CAT;NLRX1,0.0,0.0324897334708222,0.062393932150168,-0.0912092702737367,0.0912092702737367,-0.0017272238237257,0.0017272238237257,0.4245007475281127,0.9881238442238784,,b77
TCGA-COADREAD,M1_msd,78,FAM32A;FAM36A;CARS2;ZNF302,0.0,0.0557104015477391,0.1338632076191557,0.0972750342842072,0.0972750342842072,0.0637927332895112,0.0637927332895112,0.3632825342246011,0.5581017243373494,,b78
TCGA-COADREAD,M1_msd,79,WTAP;SMAP2;MYST3;TMEM93,0.0,0.0736078625969784,0.1458955024484502,-0.0065146549103511,0.0065146549103511,0.0621244197363716,0.0621244197363716,0.9539351495624544,0.5897888524051291,,b79
TCGA-COADREAD,M1_msd,80,DNAJA2;NDUFC1;FAM128B;MTMR9,0.0,0.0876264412889946,0.2074697594324194,-0.1016158136803881,0.1016158136803881,-0.0736955288976596,0.0736955288976596,0.3548513317610906,0.4979623872437179,,b80
TCGA-COADREAD,M1_msd,81,RSRC2;MEF2A;PJA2;C22orf46,0.0,0.1044984762171903,0.1383116533788921,0.1320272283544766,0.1320272283544766,0.0732148150615295,0.0732148150615295,0.2700555910066785,0.5638492907163379,,b81
TCGA-COADREAD,M1_msd,82,USP39;PTAR1;CABC1;TMEM93,0.0,0.0848186279612265,0.1107217397085015,0.0050957941746192,0.0050957941746192,0.0576480267249626,0.0576480267249626,0.9637470119933698,0.6189555908444382,,b82
TCGA-COADREAD,M1_msd,83,RANBP3;NAPG;GOT1;EXD3,0.0,0.1138973673562039,0.1208347442986908,0.1122504120664017,0.1122504120664017,0.1717617837294884,0.1717617837294884,0.2904065837427672,0.1225730581136382,,b83
TCGA-COADREAD,M1_msd,84,USP39;FAM177A1;NEDD4L;MAGOHB,0.0,0.0973278973750335,0.1753991826757479,-0.087891028750939,0.087891028750939,-0.0158670585537125,0.0158670585537125,0.39759790530938,0.8897820347145792,,b84
TCGA-COADREAD,M1_msd,85,EIF4E2;EBAG9;DCTPP1;NRM,0.0,0.0614712434979892,0.0910058489490497,-0.0312138245475421,0.0312138245475421,0.0247947277343881,0.0247947277343881,0.7721059041360029,0.8424041776324396,,b85
TCGA-COADREAD,M1_msd,86,AIMP1;FBXL3;ERLIN2;C11orf67,0.0,0.1042163826059987,0.2122989392458147,-0.0714354316657615,0.0714354316657615,-0.1014481372689293,0.1014481372689293,0.5167695030702112,0.3520832527056478,,b86
TCGA-COADREAD,M1_msd,87,SPPL3;FBXL3;CEBPB;MUTYH,0.0,0.1112394694505585,0.2105229526907072,0.173296286422146,0.173296286422146,0.0010894885910073,0.0010894885910073,0.0914596147731021,0.9915344582841484,,b87
TCGA-COADREAD,M1_msd,88,KIAA1310;C12orf62;FOXK1;STX8,0.0,0.1254545216569302,0.1709989783603238,0.2117540434062226,0.2117540434062226,0.2283593621856025,0.2283593621856025,0.0488407614919817,0.0413036175506439,,b88
TCGA-COADREAD,M1_msd,89,RIC8A;STAG1;GBAS;PLEKHH3,0.0,0.0861068332952316,0.1221683116732291,-0.1304608997072038,0.1304608997072038,-0.0224713146725195,0.0224713146725195,0.2083255264378459,0.8410518841188632,,b89
TCGA-COADREAD,M1_msd,90,ATMIN;TAF1D;IPO4;PSMG4,0.0,0.091387157587688,0.1726724691436315,0.0343893953917513,0.0343893953917513,0.0103721896463905,0.0103721896463905,0.7581085345902178,0.9235791856280966,,b90
TCGA-COADREAD,M1_msd,91,AIMP1;PHACTR2;SUPT4H1;C6orf134,0.0,0.1333603273798822,0.191050010043317,0.0729521870573412,0.0729521870573412,0.0252815156827201,0.0252815156827201,0.5007000018440383,0.8101288027523342,,b91
TCGA-COADREAD,M1_msd,92,MFF;FAM111A;MLL3;C7orf47,0.0,0.0756469490311909,0.1391792392463472,0.1292343828264489,0.1292343828264489,0.0527106661815394,0.0527106661815394,0.2242897146363913,0.6272004139788844,,b92
TCGA-COADREAD,M1_msd,93,KIAA1310;ZNRD1;CTNNBL1;MBLAC2,0.0,0.1648068744818286,0.2502743025791792,0.0770372583138968,0.0770372583138968,-0.0072625385348973,0.0072625385348973,0.4823581922472171,0.9499884078576782,,b93
TCGA-COADREAD,M1_msd,94,RAB35;PNPT1;CNNM4;C9orf64,0.0,0.0927543173073092,0.1537468590649093,-0.0941651204560181,0.0941651204560181,-0.0210899961429076,0.0210899961429076,0.3959472293975905,0.8526781339506562,,b94
TCGA-COADREAD,M1_msd,95,SART3;MEF2A;TLE3;C16orf55,0.0,0.1326812471162132,0.1715119173989796,0.2185234597730979,0.2185234597730979,0.0830096194572578,0.0830096194572578,0.0553441052131923,0.4848608596859922,,b95
TCGA-COADREAD,M1_msd,96,GPBP1;RRP9;MTHFD2;SCAPER,0.0,0.0997151107615476,0.1731089361674114,0.0260182803823546,0.0260182803823546,0.0780863592127258,0.0780863592127258,0.8046068727230224,0.4357578131396804,,b96
TCGA-COADREAD,M1_msd,97,CPSF6;FCHO2;MEST;WRAP53,0.0,0.1109568535827592,0.1209065219433118,-0.2371133101299685,0.2371133101299685,-0.1302025698361867,0.1302025698361867,0.0324694244911465,0.2778018560625184,,b97
TCGA-COADREAD,M1_msd,98,RANBP3;KIAA1598;BCL3;CD58,0.0,0.1029268925244301,0.1794701401908845,-0.0735995406779654,0.0735995406779654,-0.0259233748008882,0.0259233748008882,0.4866461006814971,0.8027118402782185,,b98
TCGA-COADREAD,M1_msd,99,CUL3;PATZ1;C7orf59;PEMT,0.0,0.0791270884098184,0.1144238185945792,0.1705426705343476,0.1705426705343476,0.1598336169914697,0.1598336169914697,0.1270202298464763,0.1493585481794872,,b99
TCGA-COADREAD,M1_msd,100,CAMKK2;PRDM2;MYST3;TMEM231,0.0,0.1228661966109863,0.1458955024484502,-0.0724343404418437,0.0724343404418437,0.0150989072702623,0.0150989072702623,0.5057521133924439,0.8928484951262775,,b100
TCGA-COADREAD,M1_msd,101,PPP3R1;NDUFC1;DOCK9;C9orf40,0.0,0.1074944574441496,0.1730559097344263,0.0147631696427038,0.0147631696427038,0.0066004257463602,0.0066004257463602,0.8882212624231229,0.950743127397734,,b101
TCGA-COADREAD,M1_msd,102,SMU1;CAMTA2;PPARA;ZDHHC1,0.0,0.1297787148466861,0.2334399872135929,0.1232633333328911,0.1232633333328911,0.2112831140744379,0.2112831140744379,0.2863952795925408,0.097559179585965,,b102
TCGA-COADREAD,M1_msd,103,C2orf29;SH2B1;RIOK3;COQ2,0.0,0.0549550870968771,0.1051117221273447,-0.2160638429593466,0.2160638429593466,-0.208677176052266,0.208677176052266,0.0361397264215778,0.0457773871333029,,b103
TCGA-COADREAD,M1_msd,104,BET1L;PPP3CA;PEPD;SRGAP1,0.0,0.0822530974297095,0.1368810251215704,0.13301805645009,0.13301805645009,0.0668062974703435,0.0668062974703435,0.2491670466285785,0.5647703500592427,,b104
TCGA-COADREAD,M1_msd,105,RBM14;NAT9;CNIH;C9orf72,0.0,0.0887061573167169,0.1103247008674111,-0.2757419323654271,0.2757419323654271,-0.1449962631703848,0.1449962631703848,0.0142583727512023,0.2429627849808474,,b105
TCGA-COADREAD,M1_msd,106,MAPKAP1;KIAA1468;ARHGAP18;NRM,0.0,0.0976873910933153,0.1648027105790048,0.0025992598792522,0.0025992598792522,0.0720299988420456,0.0720299988420456,0.9808436079421682,0.5091245643153077,,b106
TCGA-COADREAD,M1_msd,107,LSG1;EZH2;ANP32E;ZNF839,0.0,0.1683001071118066,0.1962025987718737,0.023061218660993,0.023061218660993,0.0451435207635711,0.0451435207635711,0.8350636710969491,0.6999340594282752,,b107
TCGA-COADREAD,M1_msd,108,THAP4;ENY2;MANSC1;POP1,0.0,0.087032160107476,0.1071832519570614,-0.1606914103008321,0.1606914103008321,-0.0878769118380617,0.0878769118380617,0.1543930188582894,0.4431311598016924,,b108
TCGA-COADREAD,M1_msd,109,KCMF1;MEF2A;HPCAL1;CLCN6,0.0,0.1116586533422322,0.1288571840393771,0.3364910823474566,0.3364910823474566,0.1760015716662326,0.1760015716662326,0.001823032620625,0.1232513301046741,,b109
TCGA-COADREAD,M1_msd,110,ATMIN;KIAA0355;NSFL1C;PIGW,0.0,0.1090096865817422,0.1726724691436315,-0.0192858229105014,0.0192858229105014,-0.0524479166147549,0.0524479166147549,0.8551334087400364,0.6260212586448638,,b110
TCGA-COADREAD,M1_msd,111,PYGO2;BAD;MAST2;TOR1AIP2,0.0,0.1059702840669466,0.1704133816283063,0.1959971279767273,0.1959971279767273,0.1624694211570184,0.1624694211570184,0.0891606059036194,0.1739593499978012,,b111
TCGA-COADREAD,M1_msd,112,YTHDF2;TTL;PARP10;PHF17,0.0,0.0784441110945178,0.1772144201032366,0.0817716421364104,0.0817716421364104,0.1551096393329477,0.1551096393329477,0.4636786134675646,0.2145947062223578,,b112
TCGA-COADREAD,M1_msd,113,EPS15;TTC7A;N4BP2L2;SNX18,0.0,0.1347271096412423,0.2252776249955484,0.109049692092397,0.109049692092397,0.0206056196141963,0.0206056196141963,0.3111409399652307,0.8577568036861912,,b113
TCGA-COADREAD,M1_msd,114,RIC8A;MRPL2;GNPNAT1;LMLN,0.0,0.093939960054064,0.1848299875747829,-0.1194916951986942,0.1194916951986942,0.0394649100051226,0.0394649100051226,0.2719448528880728,0.723017609713293,,b114
TCGA-COADREAD,M1_msd,115,PPP3R1;CCM2;ZWINT;C9orf25,0.0,0.1031972791824268,0.2119086982568145,0.2239118341671875,0.2239118341671875,0.2082585783081358,0.2082585783081358,0.0371924254920085,0.0820269526211839,,b115
TCGA-COADREAD,M1_msd,116,FBXO18;PPFIBP2;GSTO1;ARV1,0.0,0.0648585787893933,0.1263601232379037,0.0627196730614436,0.0627196730614436,0.1446408455714665,0.1446408455714665,0.5716512995143892,0.1871869869957763,,b116
TCGA-COADREAD,M1_msd,117,C2orf29;C11orf49;NNT;ZNF182,0.0,0.1257591939659116,0.2198076687352491,-0.1133269217004452,0.1133269217004452,-0.1942621885514119,0.1942621885514119,0.2933203165578746,0.1019327819473143,,b117
TCGA-COADREAD,M1_msd,118,WTAP;TSEN54;FOXK1;BRF2,0.0,0.0596060475141484,0.0771623362981502,-0.0300509619508406,0.0300509619508406,-0.0364764704724605,0.0364764704724605,0.7842941242720044,0.7533310051702945,,b118
TCGA-COADREAD,M1_msd,119,CAMKK2;CYLD;NEDD4L;NLRX1,0.0,0.117230327622365,0.1753991826757479,-0.1214649094143161,0.1214649094143161,-0.0790236254826629,0.0790236254826629,0.2748044745553363,0.5065207849404396,,b119
TCGA-COADREAD,M1_msd,120,DDX41;TRAPPC9;ASH1L;PTENP1,0.0,0.1162659002950214,0.1777284528713151,0.0878534107038886,0.0878534107038886,-0.031234663949198,0.031234663949198,0.4125229683484172,0.7830326684977273,,b120
TCGA-COADREAD,M1_msd,121,PPP6C;FBRSL1;GNPNAT1;CYB561D1,0.0,0.0679004751829449,0.0896639323533151,-0.0324714036624446,0.0324714036624446,0.0970868209969319,0.0970868209969319,0.7705636978233391,0.3922590709390818,,b121
TCGA-COADREAD,M1_msd,122,ARL8B;IRF6;PPP1R16A;PXK,0.0,0.1081884181076564,0.1885908476441714,-0.0420495719179499,0.0420495719179499,-0.031398034026098,0.031398034026098,0.7095096775785734,0.7817860850864246,,b122
TCGA-COADREAD,M1_msd,123,MAPKAP1;HNF1A;MED1;ZNF182,0.0,0.1172436387615426,0.2198076687352491,0.0818052143928111,0.0818052143928111,-0.0262468977004535,0.0262468977004535,0.4415392106817748,0.81661725657319,,b123
TCGA-COADREAD,M1_msd,124,SUDS3;SLC25A25;CKAP2;RABGAP1L,0.0,0.1100115194150103,0.1677184566016257,0.0813066577979698,0.0813066577979698,-0.0308510460560039,0.0308510460560039,0.469979003539645,0.7902443785466782,,b124
TCGA-COADREAD,M1_msd,125,RBM22;KIAA0355;RFK;C12orf45,0.0,0.1449743232612276,0.2081561387806139,-0.0496861677597061,0.0496861677597061,-0.076070531068685,0.076070531068685,0.6502414084195951,0.5053450970385243,,b125
TCGA-COADREAD,M1_msd,126,SMU1;FAM53B;ZFP106;DUSP14,0.0,0.0896932883426269,0.1272034083774156,0.0524375268144075,0.0524375268144075,0.1242867357568073,0.1242867357568073,0.6352385351948573,0.2789494147292717,,b126
TCGA-COADREAD,M1_msd,127,TIAL1;MANBA;NDST1;PIGP,0.0,0.1147239767163517,0.1408832165704256,0.0633574910867665,0.0633574910867665,0.1981970067848761,0.1981970067848761,0.5756424178506558,0.0681595054771187,,b127
TCGA-COADREAD,M1_msd,128,IWS1;TXNDC9;MDM2;ODF2L,0.0,0.1390641393640456,0.1830505865633544,0.0052420016840045,0.0052420016840045,0.0834543578678074,0.0834543578678074,0.9620770973961952,0.4868017820919756,,b128
TCGA-COADREAD,M1_msd,129,RAF1;WDR45;EID1;CLN8,0.0,0.055618443954498,0.0843451410931235,0.202513180500595,0.202513180500595,0.2501286013388701,0.2501286013388701,0.0750996856176097,0.0383406631403396,,b129
TCGA-COADREAD,M1_msd,130,SPPL3;TBC1D20;GSTO1;SPRYD4,0.0,0.0601317902445349,0.157722909965657,0.1820801688558884,0.1820801688558884,0.1919957422249515,0.1919957422249515,0.0764944537182824,0.0641298587776646,,b130
TCGA-COADREAD,M1_msd,131,WDR33;NAT9;PNPLA2;TTC12,0.0,0.110069676559367,0.1700982857158708,-0.0760832807763858,0.0760832807763858,-0.0982271550028337,0.0982271550028337,0.4756881574291769,0.3494864453778037,,b131
TCGA-COADREAD,M1_msd,132,CNOT2;SSBP4;USP11;C1orf216,0.0,0.1434614743886304,0.208260043804318,0.0766622036907261,0.0766622036907261,0.061847134695649,0.061847134695649,0.4639505340894881,0.5312418447098838,,b132
TCGA-COADREAD,M1_msd,133,ATMIN;ZNF828;TPMT;PLEKHM3,0.0,0.1125967420117672,0.1726724691436315,-0.0679038994778731,0.0679038994778731,-0.1671674024319004,0.1671674024319004,0.5426049162018196,0.1484380724710889,,b133
TCGA-COADREAD,M1_msd,134,RAF1;AGBL5;MAP4K4;C11orf67,0.0,0.1228184201504505,0.2122989392458147,0.0692179012291996,0.0692179012291996,-0.0144810509202791,0.0144810509202791,0.518231343954014,0.8984172786264814,,b134
TCGA-COADREAD,M1_msd,135,RBM17;WWC1;DGKD;COQ2,0.0,0.0693295729215078,0.1160738002550588,-0.0490983249523765,0.0490983249523765,0.0828162367960852,0.0828162367960852,0.6573163160013241,0.4763160359289025,,b135
TCGA-COADREAD,M1_msd,136,SUDS3;CYLD;LRP11;KCTD13,0.0,0.0855745487138856,0.1200638806038622,0.2013601707900323,0.2013601707900323,0.0720297402185366,0.0720297402185366,0.0766904079673613,0.5331404601774166,,b136
TCGA-COADREAD,M1_msd,137,EIF4E2;MESDC1;MPDU1;NSMCE2,0.0,0.0794621387750753,0.1702216084316793,0.0701696674970192,0.0701696674970192,0.1453752619926894,0.1453752619926894,0.5205420561769141,0.2242477183925411,,b137
TCGA-COADREAD,M1_msd,138,RBM22;MRPL42;MLL3;AGA,0.0,0.0930215487518863,0.2081561387806139,-0.1936092040081842,0.1936092040081842,-0.2251881199002449,0.2251881199002449,0.0690252158286151,0.0438510083159789,,b138
TCGA-COADREAD,M1_msd,139,CNOT2;TRIM24;GET4;TREX1,0.0,0.1118912154177048,0.208260043804318,0.1636827894947306,0.1636827894947306,0.1742589717309846,0.1742589717309846,0.1223627021122039,0.110976139835775,,b139
TCGA-COADREAD,M1_msd,140,AFTPH;C22orf32;JHDM1D;PPIL3,0.0,0.0787363748262667,0.1057277049550916,0.0083464212109407,0.0083464212109407,-0.0289772676958059,0.0289772676958059,0.9381076185452264,0.7896762327254611,,b140
TCGA-COADREAD,M1_msd,141,THUMPD1;KIAA1468;CLN3;MAML3,0.0,0.1080695229433738,0.1893787297811848,-0.2770491972935334,0.2770491972935334,-0.1724681140884474,0.1724681140884474,0.0153967134753177,0.1484093765192338,,b141
TCGA-COADREAD,M1_msd,142,DNAJC14;NDUFV3;UQCR10;TRIM59,0.0,0.1343982994201115,0.201921268011879,0.0228105650989814,0.0228105650989814,0.2131598812292395,0.2131598812292395,0.8371914503801536,0.0808902551543878,,b142
TCGA-COADREAD,M1_msd,143,YTHDF2;HMBS;RDH11;SAC3D1,0.0,0.0665802432989609,0.1319615414543751,-0.0456215695035483,0.0456215695035483,0.0978451819760615,0.0978451819760615,0.6822630470178768,0.4216387932531259,,b143
TCGA-COADREAD,M1_msd,144,GGNBP2;MEF2A;USP11;?|10357,0.0,0.1452845145823058,0.1768802377313842,0.0839755036407809,0.0839755036407809,-0.0711190658569922,0.0711190658569922,0.4823719295754355,0.5517789395029928,,b144
TCGA-COADREAD,M1_msd,145,MAPKAP1;USP37;CHD7;ZNF589,0.0,0.1114101054429778,0.1607206969570567,0.0652270342125512,0.0652270342125512,0.0368026346122479,0.0368026346122479,0.543290035581514,0.7603191328430442,,b145
TCGA-COADREAD,M1_msd,146,YY1;DNAJA4;ZBED1;ZNF107,0.0,0.0858563648438087,0.1421721613571494,0.0456266215360104,0.0456266215360104,0.0398953603540921,0.0398953603540921,0.6910460836218006,0.7380716849129341,,b146
TCGA-COADREAD,M1_msd,147,SMU1;RBMS2;MAPK6;ZFAT,0.0,0.1260460623615178,0.2426766340647539,0.0001330114092707,0.0001330114092707,0.0165192342398787,0.0165192342398787,0.9990822651611594,0.8923896483212107,,b147
TCGA-COADREAD,M1_msd,148,SPPL3;LRCH4;C14orf2;ACAD11,0.0,0.1251828668999431,0.157722909965657,0.3186373852235082,0.3186373852235082,0.294220559514795,0.294220559514795,0.0017293055887066,0.0045967846095812,,b148
TCGA-COADREAD,M1_msd,149,THAP4;NFU1;UQCC;ZFAT,0.0,0.1666400082271379,0.2426766340647539,0.0268384592300455,0.0268384592300455,0.0122537553096093,0.0122537553096093,0.8044007289646498,0.9147495575365416,,b149
TCGA-COADREAD,M1_msd,150,TIAL1;FAM177A1;LPGAT1;EIF2C4,0.0,0.0947514683769965,0.1437418705791526,0.1666528125899247,0.1666528125899247,0.1804474544864522,0.1804474544864522,0.1580203923774695,0.1621350650535207,,b150
TCGA-COADREAD,M1_msd,151,AFTPH;SLC25A25;CASP7;PHF17,0.0,0.0910366788495826,0.1932681960854878,0.0475272119687655,0.0475272119687655,-0.0207018976020408,0.0207018976020408,0.6619920801300303,0.8545407597153696,,b151
TCGA-COADREAD,M1_msd,152,CPSF6;GATA6;ARHGAP32;KIAA1841,0.0,0.1102862566048237,0.1403987402424636,-0.2536326932280296,0.2536326932280296,-0.2524385774412169,0.2524385774412169,0.0156659682020177,0.0313994477397636,,b152
TCGA-COADREAD,M1_msd,153,QRICH1;KIAA1598;GGCT;RNMTL1,0.0,0.0790909602760797,0.1613620388033351,-0.1655527347532731,0.1655527347532731,-0.0129991134348317,0.0129991134348317,0.1321929494916974,0.907404105275665,,b153
TCGA-COADREAD,M1_msd,154,BET1L;ULK1;PTPRA;FAM115A,0.0,0.0401053828370826,0.0523037239153566,0.0444760780475209,0.0444760780475209,-0.1100965985860831,0.1100965985860831,0.6790741583582127,0.306318708668409,,b154
TCGA-COADREAD,M1_msd,155,DNAJC14;SYNJ2;SPPL2B;CDKN2D,0.0,0.1349369474594313,0.2354209680966666,0.2452221488835305,0.2452221488835305,0.1380934150839211,0.1380934150839211,0.0472921978791319,0.3027349306119233,,b155
TCGA-COADREAD,M1_msd,156,CUL3;C1orf9;PFKFB3;DUSP18,0.0,0.1117155891427109,0.1976170246369451,-0.0421891856312622,0.0421891856312622,-0.1334213449414726,0.1334213449414726,0.7031952804864166,0.2400100830731845,,b156
TCGA-COADREAD,M1_msd,157,RIC8A;RAP2B;HEXA;PORCN,0.0,0.1350950811629,0.2327931881220565,0.1541104014152476,0.1541104014152476,0.1872241559002056,0.1872241559002056,0.1678914601832462,0.0929602792957989,,b157
TCGA-COADREAD,M1_msd,158,KCMF1;COQ4;PTEN;MARCH2,0.0,0.0884721754837558,0.1261486814497738,0.3299717178366708,0.3299717178366708,0.3850079934436408,0.3850079934436408,0.0023928844382588,0.0011208989476139,,b158
TCGA-COADREAD,M1_msd,159,CPSF7;DENND2D;TMEM9;SNX16,0.0,0.0979594230413702,0.1727741595791499,0.0335187482412247,0.0335187482412247,0.0666189654174177,0.0666189654174177,0.7574798148648128,0.5524666345799152,,b159
TCGA-COADREAD,M1_msd,160,PRCC;STAU2;XPO7;ZCCHC2,0.0,0.0861989947884002,0.1341354521759122,-0.3375228055500855,0.3375228055500855,-0.2400054875392998,0.2400054875392998,0.0047266010156543,0.04488321958329,,b160
TCGA-COADREAD,M1_msd,161,FAM98A;KIAA0146;RNF145;MOSPD2,0.0,0.1180780575695059,0.2066075473217374,-0.2241642356462735,0.2241642356462735,-0.096295930382942,0.096295930382942,0.0207629978794896,0.3034409374869788,,b161
TCGA-COADREAD,M1_msd,162,C19orf50;SLC24A6;GET4;DUSP18,0.0,0.0969644682214704,0.1244151587352188,0.1104012686092773,0.1104012686092773,0.0940625418897516,0.0940625418897516,0.2936178838503412,0.3803549940078889,,b162
TCGA-COADREAD,M1_msd,163,SART3;ELMO2;NDUFS7;CLCN6,0.0,0.0978614150224262,0.1738330285250098,0.1305304837644861,0.1305304837644861,0.0142039337185889,0.0142039337185889,0.2579423875855365,0.909110524174452,,b163
TCGA-COADREAD,M1_msd,164,RAB35;TXNL4A;GALM;ODF2L,0.0,0.1410214032227107,0.2198735718684847,-0.1069571615128426,0.1069571615128426,0.0655569416609085,0.0655569416609085,0.2987416942522747,0.5469236448506796,,b164
TCGA-COADREAD,M1_msd,165,RBM17;TAF2;UNC13B;RNMTL1,0.0,0.0719061782008838,0.1370289112580735,-0.1091865427659302,0.1091865427659302,0.0746270654460896,0.0746270654460896,0.3180263927642666,0.5028421398030595,,b165
TCGA-COADREAD,M1_msd,166,SMU1;DCK;MAPK6;SENP7,0.0,0.1459153466981888,0.2295795921184262,-0.074881901940092,0.074881901940092,0.0314580524495596,0.0314580524495596,0.510607526426389,0.8071213622152305,,b166
TCGA-COADREAD,M1_msd,167,CPSF7;STAU2;RBM6;PAQR7,0.0,0.1025345766011522,0.1547896190028027,0.0458573229495341,0.0458573229495341,-0.0303305038656771,0.0303305038656771,0.6761450339303079,0.7881737621500104,,b167
TCGA-COADREAD,M1_msd,168,FBXO18;COQ4;GPR35;TDRKH,0.0,0.0896455535726527,0.1486361040381472,0.1365158644068544,0.1365158644068544,0.0766562095471713,0.0766562095471713,0.2148409669578059,0.4775203885281588,,b168
TCGA-COADREAD,M1_msd,169,SPOP;SFXN1;RPIA;WDR7,0.0,0.1187358334637133,0.1937361329339512,-0.0802230189121977,0.0802230189121977,-0.0779326427252769,0.0779326427252769,0.4727970741477715,0.490786131464051,,b169
TCGA-COADREAD,M1_msd,170,DNAJA2;UBE2V2;ASH1L;CCDC57,0.0,0.0646132464906492,0.11157121281175,-0.1478116700085694,0.1478116700085694,-0.2147297048977933,0.2147297048977933,0.1705142516305485,0.0531309670188266,,b170
TCGA-COADREAD,M1_msd,171,SART3;C7orf11;SLC9A3R2;RP9P,0.0,0.129567235784407,0.2121785614274404,0.3903459931334224,0.3903459931334224,0.3555547400429769,0.3555547400429769,0.0002746144581681,0.0013752728279462,,b171
TCGA-COADREAD,M1_msd,172,KPNA4;PIP5K1C;AAGAB;DPP8,0.0,0.080096827029041,0.1495235085357213,-0.0407265767870482,0.0407265767870482,0.0069290811795824,0.0069290811795824,0.7129112768495729,0.9459752923601352,,b172
TCGA-COADREAD,M1_msd,173,SUDS3;COPS3;CCDC109A;C9orf95,0.0,0.0966627196366702,0.1359378809529329,0.0135610273383274,0.0135610273383274,0.1335877956773085,0.1335877956773085,0.8987472046320268,0.2297711855669508,,b173
TCGA-COADREAD,M1_msd,174,C2orf29;TCTA;RDH11;MTMR9,0.0,0.0895107481660754,0.2074697594324194,-0.0196678153505651,0.0196678153505651,0.0770253627320269,0.0770253627320269,0.8573027180838861,0.4832640553910964,,b174
TCGA-COADREAD,M1_msd,175,KIAA1310;BBX;GET4;DUS4L,0.0,0.1375866657211926,0.230219965298785,0.24059231988139,0.24059231988139,0.0968139082174143,0.0968139082174143,0.0126101644480192,0.3361125647652339,,b175
TCGA-COADREAD,M1_msd,176,BET1L;CDK5RAP1;CAT;THNSL1,0.0,0.0527257542538823,0.1046392050144007,-0.1092272214545926,0.1092272214545926,-0.1295799380924363,0.1295799380924363,0.3257791542517514,0.2355143791484337,,b176
TCGA-COADREAD,M1_msd,177,C2orf29;EHBP1;STX3;SURF2,0.0,0.0825030902089517,0.1245556764849872,0.0362299884687387,0.0362299884687387,-0.0853646602499936,0.0853646602499936,0.7315862185403317,0.4394893076941463,,b177
TCGA-COADREAD,M1_msd,178,ARIH2;SH3RF1;ARHGEF16;CHST12,0.0,0.1114341853346106,0.1769356499693268,-0.0730304276828724,0.0730304276828724,-0.0548234552540438,0.0548234552540438,0.5150029737081734,0.626453432354779,,b178
TCGA-COADREAD,M1_msd,179,YTHDC1;MRPL42;FANCI;NPHP4,0.0,0.1112617303054862,0.1567373616646744,-0.0799134594276209,0.0799134594276209,-0.0578425239289084,0.0578425239289084,0.4564545888454849,0.5954709771846209,,b179
TCGA-COADREAD,M1_msd,180,EPS15;TSPAN31;NOMO3;LMLN,0.0,0.1277085161106519,0.1848299875747829,-0.0212649442173919,0.0212649442173919,-0.1110783798961832,0.1110783798961832,0.8406134552188227,0.3053637243374313,,b180
TCGA-COADREAD,M1_msd,181,GTF3C2;MOBKL2A;DCAF13;TMEM187,0.0,0.1146367207109258,0.1417263470300041,0.0561661291500408,0.0561661291500408,0.1018317672666136,0.1018317672666136,0.5885261560162969,0.3903477182076375,,b181
TCGA-COADREAD,M1_msd,182,RAB35;LMBRD1;MTIF3;PHF17,0.0,0.1199045382352978,0.2164609730835184,0.1100186399824296,0.1100186399824296,0.0364408040733594,0.0364408040733594,0.3431647366819862,0.752769826922736,,b182
TCGA-COADREAD,M1_msd,183,GTF3C2;PGM2;USP14;UNKL,0.0,0.1230206867980366,0.1671018591400577,-0.1916391390412049,0.1916391390412049,-0.2026577038872035,0.2026577038872035,0.0667947243438832,0.0724923013043511,,b183
TCGA-COADREAD,M1_msd,184,CTCF;GOLT1B;SHARPIN;UBOX5,0.0,0.0908595982552712,0.1438085835681212,0.0500498062621519,0.0500498062621519,-0.0336364219059191,0.0336364219059191,0.6399432373029641,0.7505689825436415,,b184
TCGA-COADREAD,M1_msd,185,PPP6C;DENND2D;PROSC;NLRX1,0.0,0.0848395031360936,0.1118583339834989,-0.0193957396581407,0.0193957396581407,0.1146347278636447,0.1146347278636447,0.8555550717559282,0.2950126535412318,,b185
TCGA-COADREAD,M1_msd,186,RAB35;BAD;PPP2CB;PAQR7,0.0,0.1243322447833814,0.1547896190028027,-0.0103666443286417,0.0103666443286417,0.0600232543641285,0.0600232543641285,0.9223117203188866,0.5828338332696386,,b186
TCGA-COADREAD,M1_msd,187,GPBP1;SH2B1;RABAC1;MUTYH,0.0,0.0808369686606427,0.1277424483304202,0.2152194563187457,0.2152194563187457,0.1256266613302585,0.1256266613302585,0.043410755808105,0.2414379811989381,,b187
TCGA-COADREAD,M1_msd,188,RSRC2;HIBCH;GCC2;C9orf40,0.0,0.1176879389762514,0.1383116533788921,-0.0065389729833269,0.0065389729833269,0.0922071865226652,0.0922071865226652,0.9522733068918144,0.4290884964504038,,b188
TCGA-COADREAD,M1_msd,189,PPM1B;HDAC6;SNRPG;PIN4,0.0,0.1232462678765344,0.2071291451555035,0.0456831672477822,0.0456831672477822,0.0243658361044907,0.0243658361044907,0.6807596768215498,0.8246517448772837,,b189
TCGA-COADREAD,M1_msd,190,GPBP1;ATF7IP;PCSK7;SPRYD4,0.0,0.0761468282768276,0.1219830472845172,0.0707508244703793,0.0707508244703793,0.078742098839948,0.078742098839948,0.5274668060710243,0.4698854057770449,,b190
TCGA-COADREAD,M1_msd,191,RAF1;RABEP2;ADCY3;DENND1C,0.0,0.1034269646084499,0.1585210375006177,0.0334321829051997,0.0334321829051997,-0.009130386140315,0.009130386140315,0.7701003671376723,0.9368314572183232,,b191
TCGA-COADREAD,M1_msd,192,PPP6C;RBM26;ABHD11;MTMR9,0.0,0.1252172908065044,0.2074697594324194,-0.0096969013150527,0.0096969013150527,0.0001170849710142,0.0001170849710142,0.9325931595529496,0.9992095515346652,,b192
TCGA-COADREAD,M1_msd,193,PPP3R1;NR2C2;SNX19;MUTYH,0.0,0.0663288395580851,0.0877492874406627,0.0732092627727544,0.0732092627727544,-0.0244739178202473,0.0244739178202473,0.5232718877069047,0.8319039610051658,,b193
TCGA-COADREAD,M1_msd,194,ATMIN;C12orf11;KDM5B;RRAGC,0.0,0.1312742523284789,0.1726724691436315,-0.1572613012924176,0.1572613012924176,-0.1044548774962248,0.1044548774962248,0.1326235919297758,0.3597101836659949,,b194
TCGA-COADREAD,M1_msd,195,YTHDF2;HDAC6;HIP1R;C6orf167,0.0,0.0746597156687254,0.1134052869573585,0.0132782986361931,0.0132782986361931,-0.0078024490144145,0.0078024490144145,0.9080219253084147,0.9425510957260564,,b195
TCGA-COADREAD,M1_msd,196,RBM14;PTPRE;KIAA1147;FAHD2A,0.0,0.0886711417585404,0.1107070322077688,-0.1720161537767535,0.1720161537767535,-0.0736967026916798,0.0736967026916798,0.1071084964359767,0.5156594236982954,,b196
TCGA-COADREAD,M1_msd,197,AFTPH;AACS;BRI3;KLHL22,0.0,0.0940804039793948,0.1600565744556151,-0.0292807329333818,0.0292807329333818,-0.0079839227316862,0.0079839227316862,0.7860214589341513,0.9416279020810416,,b197
TCGA-COADREAD,M1_msd,198,RBM14;SLC39A13;ABHD11;CIDEB,0.0,0.1380695581946606,0.1580291253721718,0.1254078920605847,0.1254078920605847,0.1019926026917371,0.1019926026917371,0.2717721894692314,0.4109379939525884,,b198
TCGA-COADREAD,M1_msd,199,RANBP3;MRRF;LOC100129034;EXD3,0.0,0.0957308349931802,0.1208347442986908,0.1932317564127467,0.1932317564127467,0.2406690560670481,0.2406690560670481,0.0992673500719692,0.0489056567159662,,b199
TCGA-COADREAD,M1_msd,200,PPP6C;TMEM126B;MBNL2;MXD3,0.0,0.1059323155753481,0.1358024133185832,0.0550207752323892,0.0550207752323892,0.04695431903542,0.04695431903542,0.6021220820998486,0.6626164252840274,,b200
TCGA-COADREAD,M1_msd,201,MFF;IFT57;BAG3;FAM175A,0.0,0.1360283196089513,0.2010663227225148,0.063118101515477,0.063118101515477,0.1015170389106706,0.1015170389106706,0.583012808810768,0.3837995003214821,,b201
TCGA-COADREAD,M1_msd,202,C19orf50;STAU2;PTPRA;PLEKHM3,0.0,0.084232715953214,0.1413172454598664,0.032732601093928,0.032732601093928,-0.0304130706564393,0.0304130706564393,0.7594119046275426,0.7772366095145337,,b202
TCGA-COADREAD,M1_msd,203,KIAA1310;GATA6;TAF1;C9orf64,0.0,0.1191682583256152,0.2091956106348877,0.1724354791244723,0.1724354791244723,0.1429275495287301,0.1429275495287301,0.16008453087487,0.3106275247427794,,b203
TCGA-COADREAD,M1_msd,204,MFF;C14orf1;PML;ZNF780B,0.0,0.1244905514313498,0.1492946969081459,0.1866561733110027,0.1866561733110027,0.2470070085336064,0.2470070085336064,0.0551187774040267,0.024338299523338,,b204
TCGA-COADREAD,M1_msd,205,C19orf50;FAM109A;TMEM9;MAPKBP1,0.0,0.0537978866349622,0.0843126588047641,0.0688146331638561,0.0688146331638561,0.0581070956251818,0.0581070956251818,0.5408211629636486,0.5893872156257014,,b205
TCGA-COADREAD,M1_msd,206,PRCC;EIF4E;AKAP11;ABHD6,0.0,0.1068843732875469,0.1341354521759122,-0.2231625359862207,0.2231625359862207,-0.2568413199021948,0.2568413199021948,0.0401941997112035,0.0191503568269408,,b206
TCGA-COADREAD,M1_msd,207,DNAJC14;STAU2;PFKFB3;ZNF496,0.0,0.1453381165241135,0.201921268011879,-0.0020228809308486,0.0020228809308486,-0.0514670983783475,0.0514670983783475,0.9859639091392248,0.6623930682677852,,b207
TCGA-COADREAD,M1_msd,208,BET1L;BCL2L2;CKAP2;SKP2,0.0,0.0912322651122078,0.1677184566016257,-0.1270691245789134,0.1270691245789134,-0.1527056327463765,0.1527056327463765,0.2572748439013218,0.1727994752172451,,b208
TCGA-COADREAD,M1_msd,209,RAB35;ULK3;PACS1;C21orf70,0.0,0.1144346607667015,0.1537468590649093,0.2577695491680631,0.2577695491680631,0.3198751940854615,0.3198751940854615,0.0242154046711696,0.00748200764117,,b209
TCGA-COADREAD,M1_msd,210,FAM98A;SSBP4;ABHD11;STRADB,0.0,0.1130289001754081,0.2066075473217374,-0.071277505408191,0.071277505408191,-0.0108149464142776,0.0108149464142776,0.5258834270790654,0.9279484834889182,,b210
TCGA-COADREAD,M1_msd,211,ABCF3;BAZ2B;AKAP9;DENND4A,0.0,0.1261128725547697,0.2173900975031464,0.0633741480541228,0.0633741480541228,0.0306658816861937,0.0306658816861937,0.5842069526986391,0.8070274814563279,,b211
TCGA-COADREAD,M1_msd,212,PPM1B;HDAC6;PRPS2;DKFZP586I1420,0.0,0.1215205596368363,0.2071291451555035,-0.0083949811332587,0.0083949811332587,-0.0558801948937545,0.0558801948937545,0.9399914894139382,0.6370707962282742,,b212
TCGA-COADREAD,M1_msd,213,RBM14;PLEKHM1;SPEN;WDR44,0.0,0.056398530214905,0.1103247008674111,-0.1064783245002841,0.1064783245002841,-0.1557631136110194,0.1557631136110194,0.3087004747077277,0.1767876281206425,,b213
TCGA-COADREAD,M1_msd,214,PPM1B;SMAP2;GGCT;ITGAE,0.0,0.1078946576054317,0.2071291451555035,0.0268349605597086,0.0268349605597086,0.1685812091478814,0.1685812091478814,0.8013092649439097,0.1130658298571471,,b214
TCGA-COADREAD,M1_msd,215,DDX41;ZNRD1;ZNF217;POLI,0.0,0.1168530521989554,0.2100137913666743,0.1091098127571366,0.1091098127571366,0.036106457760005,0.036106457760005,0.3265125160678493,0.7442715250800552,,b215
TCGA-COADREAD,M1_msd,216,SPPL3;TXNL4A;LOC100129034;PARP11,0.0,0.155639913857713,0.2457650022850355,0.0422220955621026,0.0422220955621026,0.1424467293331884,0.1424467293331884,0.6941679335895079,0.2242109561520346,,b216
TCGA-COADREAD,M1_msd,217,TIAL1;STAU2;MLL;HAUS1,0.0,0.0854288962533137,0.1324534700074126,-0.0816548129779929,0.0816548129779929,-0.0090891995537685,0.0090891995537685,0.4682254917389518,0.9358006313783428,,b217
TCGA-COADREAD,M1_msd,218,THUMPD1;HEBP1;FANCI;POLI,0.0,0.1632606969881327,0.2100137913666743,-0.0016757240513891,0.0016757240513891,0.1106866011284694,0.1106866011284694,0.9880287862852556,0.3366585846530551,,b218
TCGA-COADREAD,M1_msd,219,SAR1A;CYLD;ABCC1;PLEKHH3,0.0,0.0422032115592694,0.1200638806038622,0.1028109974278629,0.1028109974278629,0.0503059941439941,0.0503059941439941,0.3616629939320021,0.6681947798937322,,b219
TCGA-COADREAD,M1_msd,220,USP39;TAF2;SNRPG;DOM3Z,0.0,0.095073060453632,0.1600198562694309,0.0375112901871327,0.0375112901871327,0.0202736249878684,0.0202736249878684,0.7270361207805928,0.8602539438545046,,b220
TCGA-COADREAD,M1_msd,221,YY1;NCAPD3;ZBTB4;NICN1,0.0,0.1499111600551136,0.222191597706407,-0.0230483935555429,0.0230483935555429,-0.0160406862452894,0.0160406862452894,0.8449232100468527,0.8930823408227246,,b221
TCGA-COADREAD,M1_msd,222,ARIH2;PPIP5K2;NDUFB7;ZDHHC14,0.0,0.111263248276427,0.2289772305077701,-0.1323388079036075,0.1323388079036075,-0.0137281091829768,0.0137281091829768,0.2280652202340081,0.8971890165852461,,b222
TCGA-COADREAD,M1_msd,223,GTF3C2;RBMS2;PEPD;C9orf95,0.0,0.0947790669333549,0.1417263470300041,0.2394209475762303,0.2394209475762303,0.1680447180826808,0.1680447180826808,0.0308353143066716,0.1155664043675885,,b223
TCGA-COADREAD,M1_msd,224,FUBP3;NCOA1;GOT1;SCAPER,0.0,0.1253946018048526,0.1731089361674114,0.0133411072176075,0.0133411072176075,0.0232590300070777,0.0232590300070777,0.9015325972309496,0.8356540428180236,,b224
TCGA-COADREAD,M1_msd,225,SPOP;MOBKL2A;NCOA3;NAA16,0.0,0.1204128594560863,0.1937361329339512,0.1354682247968717,0.1354682247968717,0.0245658221695693,0.0245658221695693,0.2124097191128731,0.8372847515194295,,b225
TCGA-COADREAD,M1_msd,226,RNF220;PELI1;MPDU1;RPGR,0.0,0.1127813484493437,0.1702216084316793,0.1364282969234375,0.1364282969234375,0.1617724370121292,0.1617724370121292,0.2205094520994339,0.1521565476402373,,b226
TCGA-COADREAD,M1_msd,227,THAP4;PPFIBP2;STX3;PAQR7,0.0,0.1145940613563953,0.1547896190028027,-0.0701189018604067,0.0701189018604067,-0.0392029755433838,0.0392029755433838,0.51464754793958,0.7231172169910034,,b227
TCGA-COADREAD,M1_msd,228,USP39;NUP88;EFHA1;DOM3Z,0.0,0.0963491306202933,0.1642613993680284,0.0456640269453876,0.0456640269453876,-0.0356041369659166,0.0356041369659166,0.6848219121257894,0.7715895371083792,,b228
TCGA-COADREAD,M1_msd,229,SAR1A;SLC10A3;POLR2L;TMEM231,0.0,0.0737048752764839,0.1388177057138094,0.1890494473520079,0.1890494473520079,0.3315932722036976,0.3315932722036976,0.0855398072422752,0.0037038708513302,,b229
TCGA-COADREAD,M1_msd,230,USP39;TMEM70;HEATR7A;ZNF281,0.0,0.1295208581693628,0.1779087263746643,-0.0501182051632692,0.0501182051632692,0.0096563871258621,0.0096563871258621,0.6446871140326719,0.9274354726928286,,b230
TCGA-COADREAD,M1_msd,231,RSRC2;AACS;UNC13B;PAQR7,0.0,0.1324751878368682,0.1547896190028027,-0.0342196105001111,0.0342196105001111,0.0875555508974885,0.0875555508974885,0.7623516679222311,0.4846742907634501,,b231
TCGA-COADREAD,M1_msd,232,CTCF;TXNDC15;TTC19;RAD51C,0.0,0.1471078808506667,0.1814896693995776,-0.0947271500468758,0.0947271500468758,-0.0556931099580893,0.0556931099580893,0.3974258886663108,0.6167069546663153,,b232
TCGA-COADREAD,M1_msd,233,RBM22;PPIP5K2;PGPEP1;LYRM5,0.0,0.1697117908823182,0.2428679309839747,-0.1539939856093673,0.1539939856093673,-0.0875408444031488,0.0875408444031488,0.1517691721303708,0.401201305082385,,b233
TCGA-COADREAD,M1_msd,234,RANBP3;UBE2V2;RCC1;SGOL2,0.0,0.0918742834087651,0.1208347442986908,-0.160066716911236,0.160066716911236,-0.0138899478329571,0.0138899478329571,0.1307274503703053,0.8974645438295028,,b234
TCGA-COADREAD,M1_msd,235,SART3;PHF20L1;PNPLA2;ZNF224,0.0,0.0940517357789839,0.2032677139231311,0.1264918957941098,0.1264918957941098,0.0354915518966907,0.0354915518966907,0.238877295233545,0.7501120477042381,,b235
TCGA-COADREAD,M1_msd,236,GORASP1;MRPL48;RPIA;ZRSR2,0.0,0.127836675464629,0.1667385805104649,0.0392269194205575,0.0392269194205575,0.0196281874429762,0.0196281874429762,0.7250478445101021,0.8693286646783487,,b236
TCGA-COADREAD,M1_msd,237,MAPKAP1;SEC24A;PROSC;RHBDD1,0.0,0.0699872012786534,0.1118583339834989,-0.0415801528018423,0.0415801528018423,-0.0725223558678131,0.0725223558678131,0.6804115892922215,0.4726569478039698,,b237
TCGA-COADREAD,M1_msd,238,KPNA4;BCL7C;DOPEY2;XRRA1,0.0,0.0791117303032321,0.1650437334376111,-0.1250674293274612,0.1250674293274612,-0.0743778103424753,0.0743778103424753,0.2706190967866303,0.5266022909719038,,b238
TCGA-COADREAD,M1_msd,239,EIF2B5;ELMO2;ARHGAP18;LOC151534,0.0,0.1209226499801758,0.1648027105790048,0.2046422321333038,0.2046422321333038,0.0634221353584557,0.0634221353584557,0.0556530239805809,0.5760965266499742,,b239
TCGA-COADREAD,M1_msd,240,EIF4E2;TXNL4A;MLL;FXN,0.0,0.0827507528220523,0.1005535767880758,-0.0077303214401801,0.0077303214401801,0.1499203263973867,0.1499203263973867,0.9446563423338524,0.1799584660394315,,b240
TCGA-COADREAD,M1_msd,241,AIMP1;SFRS17A;PML;MXD3,0.0,0.1005403610277344,0.1492946969081459,0.0944623928583148,0.0944623928583148,0.0995528042567152,0.0995528042567152,0.3861692430177905,0.3660044391366162,,b241
TCGA-COADREAD,M1_msd,242,RANBP3;SEH1L;ALG5;C6orf132,0.0,0.1117337198540152,0.1632364601789597,-0.029043773361775,0.029043773361775,-0.1274102351544139,0.1274102351544139,0.7911308428753808,0.2716314566926217,,b242
TCGA-COADREAD,M1_msd,243,EPS15;EBAG9;MKKS;HAUS1,0.0,0.1320442047388822,0.2043982277278922,-0.099309426607201,0.099309426607201,-0.0220459636963084,0.0220459636963084,0.3694270006051184,0.8498922354761482,,b243
TCGA-COADREAD,M1_msd,244,FAM32A;ENY2;RNF6;MTMR9,0.0,0.1078572597456874,0.2074697594324194,-0.0465899857086316,0.0465899857086316,-0.0472418307673114,0.0472418307673114,0.672140076099514,0.6889526446988291,,b244
TCGA-COADREAD,M1_msd,245,KCMF1;ZNF828;NNT;SUV420H2,0.0,0.1269552677421291,0.1850430139829116,-0.0174445482574824,0.0174445482574824,-0.0992227266585849,0.0992227266585849,0.8785721856860778,0.3996846561272482,,b245
TCGA-COADREAD,M1_msd,246,C19orf50;PIP5K1C;ELF4;SLC24A1,0.0,0.1010524580820835,0.1357978342481269,0.1628742781830239,0.1628742781830239,0.0889941775664658,0.0889941775664658,0.1302084229103657,0.4358674525037056,,b246
TCGA-COADREAD,M1_msd,247,EPS15;KIAA1598;MICAL3;C1orf91,0.0,0.1127801053695139,0.1835811980410273,-0.101006771691282,0.101006771691282,-0.1270983429227986,0.1270983429227986,0.3573705828195612,0.2754902606935082,,b247
TCGA-COADREAD,M1_msd,248,CPSF7;PDE4DIP;NAA20;COQ3,0.0,0.1163666439517751,0.1913461534241031,-0.124097913816623,0.124097913816623,-0.1125523019922775,0.1125523019922775,0.2738639541633185,0.3583767991247308,,b248
TCGA-COADREAD,M1_msd,249,PPM1B;NIPAL3;SPPL2B;KRT10,0.0,0.0987180679426018,0.2071291451555035,0.063362533997553,0.063362533997553,0.0432341718034324,0.0432341718034324,0.5790455078483203,0.7169907087284612,,b249
TCGA-COADREAD,M1_msd,250,PPP6C;AKR7A2;BSCL2;PTPN21,0.0,0.0781312355639039,0.1259147396003448,0.0566371950099753,0.0566371950099753,0.1227308223201459,0.1227308223201459,0.5955528451781193,0.2877160344984932,,b250
TCGA-COADREAD,M1_msd,251,RSRC2;MRPL48;LZTS2;DOM3Z,0.0,0.1222586502621193,0.1765333320715446,0.2802786180058423,0.2802786180058423,0.1701112289462487,0.1701112289462487,0.0037448055625437,0.0792540593867579,,b251
TCGA-COADREAD,M1_msd,252,SPPL3;WDFY3;PLSCR1;SURF2,0.0,0.1002221570495352,0.157722909965657,0.1537184587546317,0.1537184587546317,0.1430260978630444,0.1430260978630444,0.1549866038125242,0.1764946259825124,,b252
TCGA-COADREAD,M1_msd,253,C19orf50;PPAN;OGFR;SAP30,0.0,0.0974616164614819,0.2107697551546321,0.0604787636304297,0.0604787636304297,0.0874672031334275,0.0874672031334275,0.5829483972880555,0.4592768923090256,,b253
TCGA-COADREAD,M1_msd,254,GPBP1;YIF1B;ZFP106;FAM18B2,0.0,0.1302187364456891,0.219129984496519,0.073871714594244,0.073871714594244,0.1270046152646971,0.1270046152646971,0.4678878802599909,0.2137120308146287,,b254
TCGA-COADREAD,M1_msd,255,WTAP;SMC2;NDRG3;TMEM117,0.0,0.1292033735656338,0.2447389636278104,-0.1034829459946246,0.1034829459946246,-0.0415878014361511,0.0415878014361511,0.3576443016302525,0.7293317063065684,,b255
TCGA-COADREAD,M1_msd,256,C19orf50;ELP2;MKKS;FAIM,0.0,0.1486715391122056,0.2043982277278922,-0.0823746866593734,0.0823746866593734,0.0379808333037752,0.0379808333037752,0.4309811017513862,0.737612749782081,,b256
TCGA-COADREAD,M1_msd,257,C2orf29;OSBPL3;ALG5;TBC1D8B,0.0,0.0758159123451751,0.1632364601789597,0.0120764492292605,0.0120764492292605,-0.1307734181740764,0.1307734181740764,0.9110236887329068,0.2619803571998188,,b257
TCGA-COADREAD,M1_msd,258,CUL3;GK5;CCNB1IP1;C8orf41,0.0,0.1258195369388513,0.2329530678254222,-0.0996712048693292,0.0996712048693292,-0.0442282575892539,0.0442282575892539,0.3652356905893432,0.6760738205176985,,b258
TCGA-COADREAD,M1_msd,259,DNAJB12;RBMS2;RHBDD2;C6orf129,0.0,0.0843981567877987,0.1989139566201761,0.195134165372867,0.195134165372867,0.0419553773874231,0.0419553773874231,0.0393761169361973,0.6642312163712396,,b259
TCGA-COADREAD,M1_msd,260,CCNY;C18orf32;GGCT;C9orf95,0.0,0.0908122360086394,0.1052374784538431,0.2414570629850331,0.2414570629850331,0.2966986700354027,0.2966986700354027,0.0268641160552391,0.0072694022601633,,b260
TCGA-COADREAD,M1_msd,261,SUDS3;RPRD1A;MED12;ZNF57,0.0,0.1097850613951281,0.1833215972966701,-0.1577752238221692,0.1577752238221692,-0.1614415931254039,0.1614415931254039,0.1452073042452846,0.1740463844816441,,b261
TCGA-COADREAD,M1_msd,262,KPNA1;PIP5K1C;MAPK6;POLR3F,0.0,0.1280820400807193,0.1607053770037407,0.0399688599031865,0.0399688599031865,-0.0382131835209271,0.0382131835209271,0.7128447418376505,0.7307471106312459,,b262
TCGA-COADREAD,M1_msd,263,SPPL3;TXNDC9;CLCN3;TDRKH,0.0,0.1123326938085066,0.157722909965657,-0.1009510903136378,0.1009510903136378,-0.1777798408842597,0.1777798408842597,0.3266804491872545,0.09977513936478,,b263
TCGA-COADREAD,M1_msd,264,GTF3C2;SS18;ATAD3A;ZDHHC1,0.0,0.139492072767791,0.2334399872135929,0.1997254880842892,0.1997254880842892,0.1925971035476989,0.1925971035476989,0.0583534389069268,0.0665324277824365,,b264
TCGA-COADREAD,M1_msd,265,RIC8A;RBM26;SFRS18;ZNF250,0.0,0.1144991257393141,0.1771905410715829,0.0484498623505479,0.0484498623505479,-0.0057788496703508,0.0057788496703508,0.6542821553337739,0.9600393505894268,,b265
TCGA-COADREAD,M1_msd,266,SAR1A;C10orf2;CCNB1IP1;FAM175A,0.0,0.1261423864840314,0.2329530678254222,-0.0056602257718693,0.0056602257718693,0.0099566687738938,0.0099566687738938,0.9593920803452008,0.927136514793719,,b266
TCGA-COADREAD,M1_msd,267,C19orf50;UBN2;C6orf125;PEMT,0.0,0.1159503300167015,0.1888343564018592,0.2224418967718163,0.2224418967718163,0.1470074216630698,0.1470074216630698,0.0355978360970369,0.1390704793931995,,b267
TCGA-COADREAD,M1_msd,268,THAP4;HNF1A;USMG5;KLHL22,0.0,0.1283735445484454,0.1838080937614411,-0.0008110394060823,0.0008110394060823,0.0298905124789324,0.0298905124789324,0.994025426561153,0.7930627158194554,,b268
TCGA-COADREAD,M1_msd,269,YY1;COX11;PTPRA;ZNF589,0.0,0.0839779672757829,0.1244948870468088,-0.1379628120883536,0.1379628120883536,-0.1336897085853712,0.1336897085853712,0.2359963719296941,0.2445677357975703,,b269
TCGA-COADREAD,M1_msd,270,DNAJA2;LSM5;STK35;APOO,0.0,0.0689677691408533,0.163599271619433,-0.0480147637864298,0.0480147637864298,-0.0874935059832122,0.0874935059832122,0.6663379468616091,0.4640697350077314,,b270
TCGA-COADREAD,M1_msd,271,DDX41;AMZ2;FNTA;C9orf25,0.0,0.0754760808029169,0.0896039923965297,0.1931143528194585,0.1931143528194585,0.1176020186434863,0.1176020186434863,0.0673404112420282,0.2897917368297491,,b271
TCGA-COADREAD,M1_msd,272,DNAJA2;SLC25A32;P4HA2;EIF5A2,0.0,0.0967740925799625,0.1604351297956184,-0.0094315199677796,0.0094315199677796,-0.0848763392241104,0.0848763392241104,0.9302916603606604,0.4285036631820378,,b272
TCGA-COADREAD,M1_msd,273,ATMIN;SSH1;COG3;NDUFAF2,0.0,0.1089949381818402,0.1726724691436315,0.0813661446843467,0.0813661446843467,-0.0543555596199003,0.0543555596199003,0.5023233640320186,0.6605178224349642,,b273
TCGA-COADREAD,M1_msd,274,RAF1;SSH1;NOMO3;MED11,0.0,0.1037437087965659,0.1949548963296071,-0.0222143399791115,0.0222143399791115,-0.0454654170745987,0.0454654170745987,0.8362180958160885,0.7037971119878006,,b274
TCGA-COADREAD,M1_msd,275,C19orf50;TRIM24;UQCC;SNX18,0.0,0.0925195351565311,0.1880705204977424,0.0256472279544032,0.0256472279544032,0.0657473329377471,0.0657473329377471,0.8239464259694934,0.5848550292783835,,b275
TCGA-COADREAD,M1_msd,276,CTCF;COPS3;GADD45GIP1;ZNF107,0.0,0.1228402620706848,0.1875452981620435,0.0058657074396922,0.0058657074396922,0.1082327883862509,0.1082327883862509,0.957054642027298,0.3619246662628734,,b276
TCGA-COADREAD,M1_msd,277,UBE2Q1;MESDC1;EFHA1;MAML3,0.0,0.0739268879095886,0.1642613993680284,0.2135816684456498,0.2135816684456498,0.0255359532952721,0.0255359532952721,0.0626671147349633,0.8345040578705499,,b277
TCGA-COADREAD,M1_msd,278,FBXO18;PPIP5K1;GNAQ;CXorf56,0.0,0.1240823016010521,0.1435138175395247,0.151508294016073,0.151508294016073,0.2578541041545915,0.2578541041545915,0.2159125480529695,0.0403508309009027,,b278
TCGA-COADREAD,M1_msd,279,EIF4E2;MESDC1;HDHD3;MTCP1NB,0.0,0.075337285921977,0.0974953445637947,0.0875138316721164,0.0875138316721164,0.1126912647538474,0.1126912647538474,0.4182830053530945,0.298851020746999,,b279
TCGA-COADREAD,M1_msd,280,FAM32A;RRP1;RFK;DKFZP586I1420,0.0,0.1040016990651597,0.1945969854925681,0.1598862129025846,0.1598862129025846,0.2246905658199189,0.2246905658199189,0.1509308154140203,0.0605576169976932,,b280
TCGA-COADREAD,M1_msd,281,RBM17;NCOA1;HMGB3;GINS3,0.0,0.094474663732552,0.1188549129625406,-0.0539080867069487,0.0539080867069487,0.0980366659222192,0.0980366659222192,0.6239704377885069,0.3973841340474998,,b281
TCGA-COADREAD,M1_msd,282,C2orf29;FAM53B;IDI1;TBC1D8B,0.0,0.0743162477938879,0.1364878158783909,-0.1008188489706618,0.1008188489706618,-0.1164562028181685,0.1164562028181685,0.366427701813878,0.3117985829590345,,b282
TCGA-COADREAD,M1_msd,283,WDR33;DUS3L;EML2;MTHFD2L,0.0,0.1691055262782047,0.2160834713151396,0.0538837694585197,0.0538837694585197,0.0643052744964878,0.0643052744964878,0.6300378031168834,0.5824401918429392,,b283
TCGA-COADREAD,M1_msd,284,RIC8A;VANGL1;GADD45GIP1;C14orf21,0.0,0.0843662100878096,0.1875452981620435,-0.266480215142133,0.266480215142133,-0.0953422811792144,0.0953422811792144,0.0126643571134953,0.3861014126529131,,b284
TCGA-COADREAD,M1_msd,285,SMU1;CTAGE5;NIPSNAP1;FAM110A,0.0,0.0697938536363671,0.0909475547853583,-0.0982602472886433,0.0982602472886433,0.0526207234776455,0.0526207234776455,0.378653821198547,0.6589008593689429,,b285
TCGA-COADREAD,M1_msd,286,C19orf50;ZMYM3;LRRC8A;C8orf38,0.0,0.0996297501510039,0.1781664677831045,0.1896512888982411,0.1896512888982411,0.1169593143577629,0.1169593143577629,0.0540085707885657,0.2336465927130414,,b286
TCGA-COADREAD,M1_msd,287,USP39;TTC7A;GNAQ;TMTC2,0.0,0.0968704168979408,0.1264335959198583,0.1705607140507693,0.1705607140507693,0.1690055405453374,0.1690055405453374,0.1274432176289787,0.1138424404523716,,b287
TCGA-COADREAD,M1_msd,288,YTHDC1;GMEB2;LPCAT3;C20orf29,0.0,0.1089028600622849,0.1310083249326926,-0.1096238684871596,0.1096238684871596,-0.2257261649007551,0.2257261649007551,0.3000806864646876,0.0449466844978868,,b288
TCGA-COADREAD,M1_msd,289,EIF2B5;MOBKL2A;CCND3;SAC3D1,0.0,0.1302529194067226,0.1565633741026897,0.2110595867376703,0.2110595867376703,0.2819968980878861,0.2819968980878861,0.0431367467868935,0.0176096768184063,,b289
TCGA-COADREAD,M1_msd,290,CPSF7;NAGLU;VPS36;MCPH1,0.0,0.0500613757773418,0.0871578436513366,-0.1611370046064897,0.1611370046064897,-0.2976703285351605,0.2976703285351605,0.1262845695431096,0.006477023194911,,b290
TCGA-COADREAD,M1_msd,291,WDR33;DENND2D;UQCR10;THAP3,0.0,0.1291461186742521,0.1700982857158708,0.0416075668634845,0.0416075668634845,0.1369314336358452,0.1369314336358452,0.7017337636027907,0.2070253000691077,,b291
TCGA-COADREAD,M1_msd,292,YY1;CPT2;PCM1;SLC25A40,0.0,0.1175371885124967,0.1972113668913857,-0.391926851810132,0.391926851810132,-0.2406535413815924,0.2406535413815924,0.0001577810682403,0.0274342690288501,,b292
TCGA-COADREAD,M1_msd,293,YTHDF2;TOM1;RAE1;RC3H2,0.0,0.0739378375278648,0.147801744501212,-0.0986126828942425,0.0986126828942425,-0.1118151395517526,0.1118151395517526,0.3680227354455627,0.3374072722668338,,b293
TCGA-COADREAD,M1_msd,294,GORASP1;SH2B1;GSTO1;RABGAP1L,0.0,0.0968259207071361,0.1667385805104649,0.1958935425939415,0.1958935425939415,0.0793041706655556,0.0793041706655556,0.0905664332749471,0.4858432558936407,,b294
TCGA-COADREAD,M1_msd,295,KPNA1;TTL;GOLGA7;C9orf40,0.0,0.1297185201905274,0.1781566690262496,0.0202572436505248,0.0202572436505248,0.1058600184750945,0.1058600184750945,0.8535085335125935,0.3550232485115063,,b295
TCGA-COADREAD,M1_msd,296,ARIH2;RRP9;PPARA;C1orf91,0.0,0.1131597605952066,0.1643629077769453,-0.1153916488795494,0.1153916488795494,-0.0674048684075658,0.0674048684075658,0.2985146253660995,0.5422852190067511,,b296
TCGA-COADREAD,M1_msd,297,TIAL1;WDR74;DUSP16;CAMK1,0.0,0.090835210688622,0.1523961760149121,0.1343552526300426,0.1343552526300426,0.2062249074476695,0.2062249074476695,0.2263373460421557,0.0809187132149251,,b297
TCGA-COADREAD,M1_msd,298,DNAJC14;C12orf11;NDST1;KRT10,0.0,0.1116888834098955,0.201921268011879,0.0359204907320226,0.0359204907320226,0.036997282436578,0.036997282436578,0.7622617526769446,0.757395281507221,,b298
TCGA-COADREAD,M1_msd,299,EIF4E2;LRP6;ERBB2IP;C9orf64,0.0,0.0653141629263116,0.1152105378057133,0.09853945079261,0.09853945079261,0.1010734034243789,0.1010734034243789,0.3599972909291393,0.3740163338372916,,b299
TCGA-COADREAD,M1_msd,300,GPBP1;MRPL42;FUCA1;ZNF780B,0.0,0.0918733808644642,0.1184302643930011,-0.0377819335727053,0.0377819335727053,0.0252713385103895,0.0252713385103895,0.7171067162945834,0.8105009916060985,,b300
TCGA-COADREAD,M1_msd,301,WDR33;ELMO2;CNIH;UBOX5,0.0,0.0722885267605439,0.1700982857158708,-0.1457256097898891,0.1457256097898891,-0.1843099211492363,0.1843099211492363,0.1902550831380383,0.0843339112397778,,b301
TCGA-COADREAD,M1_msd,302,MFF;NCAPD3;RIOK3;ZNF75D,0.0,0.085751205988925,0.1391792392463472,-0.0307192642616523,0.0307192642616523,-0.0450817327549085,0.0450817327549085,0.7893055994713182,0.7242739113150443,,b302
TCGA-COADREAD,M1_msd,303,CTCF;RBM26;ZNF217;CHKB,0.0,0.1155089587218788,0.2265542055556602,0.0435588984894547,0.0435588984894547,-0.1312556474241193,0.1312556474241193,0.7019157803562364,0.2925100541081354,,b303
TCGA-COADREAD,M1_msd,304,PPP6C;TM2D2;NNT;APOO,0.0,0.0867464539716997,0.1850430139829116,-0.1415187998866375,0.1415187998866375,-0.0275776717997747,0.0275776717997747,0.191914785683594,0.8100672145275071,,b304
TCGA-COADREAD,M1_msd,305,WDR33;TAF2;GALM;AKAP10,0.0,0.1245845580469184,0.2198735718684847,-0.1102168169682058,0.1102168169682058,-0.0587562845296893,0.0587562845296893,0.3102885143103275,0.6279719273092812,,b305
TCGA-COADREAD,M1_msd,306,C2orf29;C1orf9;ERLIN2;MTCP1NB,0.0,0.0652397778432393,0.1000380206586987,-0.1114822831962752,0.1114822831962752,-0.1999499505034206,0.1999499505034206,0.3132154165705058,0.0872668332415696,,b306
TCGA-COADREAD,M1_msd,307,ABCF3;PDE4DIP;TMEM30B;DUSP14,0.0,0.1151220716770295,0.2173900975031464,0.2354230451184317,0.2354230451184317,0.2052381866592175,0.2052381866592175,0.0451203598940793,0.0936527228495227,,b307
TCGA-COADREAD,M1_msd,308,RBM22;PIP5K1C;BOLA2;UNKL,0.0,0.1068914070743351,0.2081561387806139,0.1881992029231047,0.1881992029231047,0.0574451992860872,0.0574451992860872,0.0922797877401257,0.6311555535605401,,b308
TCGA-COADREAD,M1_msd,309,YY1;TULP4;RB1CC1;PTENP1,0.0,0.1350017096420834,0.1777284528713151,0.185832080822344,0.185832080822344,0.1417880242566601,0.1417880242566601,0.0971583540037464,0.2250848010214158,,b309
TCGA-COADREAD,M1_msd,310,THUMPD1;SS18;RPIA;XRRA1,0.0,0.1030766467752185,0.1893787297811848,0.024151767319949,0.024151767319949,-0.0049827020785173,0.0049827020785173,0.828999891566108,0.9660267472739632,,b310
TCGA-COADREAD,M1_msd,311,KPNA4;KLHDC2;LPGAT1;PIN4,0.0,0.0464292850876167,0.0600899363157333,0.032225483336484,0.032225483336484,-0.0093679858160244,0.0093679858160244,0.7805823447998834,0.9394227321462908,,b311
TCGA-COADREAD,M1_msd,312,AFTPH;TUBGCP3;GADD45GIP1;C6orf134,0.0,0.1149151032029417,0.1875452981620435,0.0168473426242594,0.0168473426242594,-0.133620106212364,0.133620106212364,0.8758051446645599,0.2047006301674976,,b312
TCGA-COADREAD,M1_msd,313,PPP6C;ATF7IP;FUCA1;XRRA1,0.0,0.0750516905415052,0.0896639323533151,-0.0730906710808072,0.0730906710808072,-0.0085590504719451,0.0085590504719451,0.5076343707113434,0.9373391094107356,,b313
TCGA-COADREAD,M1_msd,314,ABCF3;FAM199X;CASP7;OCEL1,0.0,0.1706686864656748,0.2173900975031464,-0.0359031920885423,0.0359031920885423,-0.0240907747692253,0.0240907747692253,0.7412723291293464,0.8208379503471426,,b314
TCGA-COADREAD,M1_msd,315,GGNBP2;TMEM62;PNPLA2;PRRG2,0.0,0.1066020598074559,0.1945762495717526,-0.0971261252628974,0.0971261252628974,-0.2110157450867143,0.2110157450867143,0.3727060282841342,0.0587399348717252,,b315
TCGA-COADREAD,M1_msd,316,CPSF7;TRIM21;LRP11;ACBD4,0.0,0.1033567102965104,0.1988902410402862,0.067942826329619,0.067942826329619,-0.0429434568592733,0.0429434568592733,0.5214408207252403,0.6948537968633439,,b316
TCGA-COADREAD,M1_msd,317,YTHDC1;GNL3L;MAP4K4;NCRNA00183,0.0,0.115284591419936,0.1721620867519841,-0.0296025059115697,0.0296025059115697,-0.0920330713851038,0.0920330713851038,0.7874658825557812,0.4455054769227956,,b317
TCGA-COADREAD,M1_msd,318,SUDS3;RNMT;GRAMD4;TMEM231,0.0,0.1211810132180504,0.1643869316119579,-0.1457741090647979,0.1457741090647979,-0.0892886274832098,0.0892886274832098,0.1988284565542368,0.4759379598869441,,b318
TCGA-COADREAD,M1_msd,319,C2orf29;CRB3;AKAP11;TMLHE,0.0,0.0828868226341531,0.1183506905486945,-0.177820750096124,0.177820750096124,-0.2800761099936926,0.2800761099936926,0.0832705480140876,0.0154916327927198,,b319
TCGA-COADREAD,M1_msd,320,GTF3C2;BID;CCPG1;FAHD2A,0.0,0.1120716273085827,0.1918726892507848,-0.0419189708910989,0.0419189708910989,0.0666270385743655,0.0666270385743655,0.7159499103931553,0.5814769397077776,,b320
TCGA-COADREAD,M1_msd,321,TIAL1;TAF10;PIM3;USP43,0.0,0.0896463620314449,0.1324534700074126,0.1062115846801579,0.1062115846801579,0.069654107615442,0.069654107615442,0.3203443341275268,0.520091738217347,,b321
TCGA-COADREAD,M1_msd,322,RBM22;HEBP1;NDRG3;USP43,0.0,0.1465927970487936,0.2081561387806139,-0.1004549619943221,0.1004549619943221,-0.1519252167197807,0.1519252167197807,0.34869104129205,0.2000410861994948,,b322
TCGA-COADREAD,M1_msd,323,CCNY;RNF19A;ASH1L;RAB12,0.0,0.0738063226354082,0.11157121281175,0.1879735906448728,0.1879735906448728,0.1825187122716476,0.1825187122716476,0.0969815340991482,0.1101191877848692,,b323
TCGA-COADREAD,M1_msd,324,GSK3B;DNAJA4;IDH3B;C11orf67,0.0,0.1310439585412494,0.2122989392458147,0.084520652372303,0.084520652372303,0.0593668338176148,0.0593668338176148,0.4145400083529968,0.5714265676373369,,b324
TCGA-COADREAD,M1_msd,325,KIAA1310;APAF1;FOXK1;CLN8,0.0,0.0901654819633167,0.1709989783603238,0.0003318112326722,0.0003318112326722,-0.0084062528162198,0.0084062528162198,0.9976067817280702,0.9432294257848978,,b325
TCGA-COADREAD,M1_msd,326,CUL3;HECA;MCM2;PHF17,0.0,0.0361262847939557,0.0682262645594405,0.0362548072686225,0.0362548072686225,-0.0089751176663055,0.0089751176663055,0.738250752666711,0.935844055725768,,b326
TCGA-COADREAD,M1_msd,327,CTCF;CBL;PCSK7;ATE1,0.0,0.0979506688227744,0.1219830472845172,-0.1139983487382561,0.1139983487382561,-0.2059481346853732,0.2059481346853732,0.2828931385963396,0.067587354169254,,b327
TCGA-COADREAD,M1_msd,328,CPSF6;ULK1;USP11;ADAT1,0.0,0.1210578137471196,0.1768802377313842,0.0086269374103471,0.0086269374103471,-0.0603868812775423,0.0603868812775423,0.9402891123588092,0.610376447594372,,b328
TCGA-COADREAD,M1_msd,329,LSG1;SLC25A25;ABCC1;SURF2,0.0,0.0776690686535669,0.1867737225192964,0.1340190042294339,0.1340190042294339,0.0093891366937779,0.0093891366937779,0.2079644277194403,0.930627459822831,,b329
TCGA-COADREAD,M1_msd,330,DNAJB12;SLC10A3;HOOK1;ZNF250,0.0,0.1536180445747103,0.1989139566201761,0.072174991428013,0.072174991428013,0.0199913124288806,0.0199913124288806,0.5026362911692079,0.852251291286535,,b330
TCGA-COADREAD,M1_msd,331,EPS15;RPRD1A;SIVA1;ALKBH2,0.0,0.1102103561450488,0.1835811980410273,-0.0623279129348107,0.0623279129348107,0.0406833000384417,0.0406833000384417,0.5804447604041361,0.7382743792656192,,b331
TCGA-COADREAD,M1_msd,332,QRICH1;SOS2;SNX19;MXD3,0.0,0.1018317990747188,0.1613620388033351,-0.1293741190436355,0.1293741190436355,-0.1285888812840682,0.1285888812840682,0.1601399140959649,0.1965163532234461,,b332
TCGA-COADREAD,M1_msd,333,BFAR;ANGEL1;MAPK6;ZCCHC2,0.0,0.0842442240567002,0.1607053770037407,-0.2196319689616416,0.2196319689616416,-0.1367403087891814,0.1367403087891814,0.0426953058317578,0.1843430494745762,,b333
TCGA-COADREAD,M1_msd,334,CPSF7;PEX16;SNRPF;TIFA,0.0,0.1187780705818246,0.1482111672629794,0.0343723276940614,0.0343723276940614,0.012941959451096,0.012941959451096,0.7615082628616587,0.914626274909538,,b334
TCGA-COADREAD,M1_msd,335,EIF2B5;KDELC2;TAF1;PAQR7,0.0,0.1439452017187844,0.2091956106348877,0.239780984784169,0.239780984784169,0.2185699242619287,0.2185699242619287,0.0281995508172016,0.039372443536559,,b335
TCGA-COADREAD,M1_msd,336,MAPKAP1;C1orf9;IMPDH1;RC3H2,0.0,0.0907322975868931,0.1154375306897987,0.0619092396141824,0.0619092396141824,0.0092544814653042,0.0092544814653042,0.5868484370680811,0.9352017884518278,,b336
TCGA-COADREAD,M1_msd,337,AGFG1;C12orf35;DUSP16;CSPP1,0.0,0.0412990653902603,0.0480300372739261,-0.0819497281716568,0.0819497281716568,-0.1151876772985509,0.1151876772985509,0.4236435792681466,0.342860097229153,,b337
TCGA-COADREAD,M1_msd,338,CCNY;SLC45A4;MED1;NAA16,0.0,0.0868177082994526,0.110698022768775,0.0905984972245672,0.0905984972245672,-0.0438658770200642,0.0438658770200642,0.3858049876909885,0.7035932021116783,,b338
TCGA-COADREAD,M1_msd,339,GGNBP2;DHX40;ZBED1;EIF5A2,0.0,0.0915656107184769,0.1604351297956184,-0.1318057429786825,0.1318057429786825,-0.1642766313155581,0.1642766313155581,0.2416249421277662,0.1113939237956772,,b339
TCGA-COADREAD,M1_msd,340,RANBP3;SIL1;PARP10;IFT46,0.0,0.0934091993043417,0.1772144201032366,0.1363194234249193,0.1363194234249193,0.1635250454111896,0.1635250454111896,0.2285512481789413,0.1663501805160447,,b340
TCGA-COADREAD,M1_msd,341,THAP4;TMEM208;MDM2;CYB561D1,0.0,0.1120893044545425,0.1830505865633544,-0.0116040126582157,0.0116040126582157,0.073414929314631,0.073414929314631,0.915426060479408,0.522428065587165,,b341
TCGA-COADREAD,M1_msd,342,AGFG1;SLC45A4;TLE3;THNSL1,0.0,0.0961894944569548,0.1511962351716675,-0.0790166487748138,0.0790166487748138,-0.1274889571904771,0.1274889571904771,0.4496943410199718,0.2311536036253441,,b342
TCGA-COADREAD,M1_msd,343,DAXX;RBM26;MYBBP1A;FBXO4,0.0,0.1016912037236241,0.2080487341660181,-0.0229079375466822,0.0229079375466822,-0.0414474729108189,0.0414474729108189,0.8384146244934098,0.7168504146446504,,b343
TCGA-COADREAD,M1_msd,344,KPNA4;SSBP4;LRRC16A;C8orf38,0.0,0.1162656462148158,0.1956572748832035,-0.1805412294130976,0.1805412294130976,-0.1589234339147386,0.1589234339147386,0.091956687818254,0.171851715517972,,b344
TCGA-COADREAD,M1_msd,345,DNAJC14;NUDT19;ZNF395;C11orf67,0.0,0.1631152932106955,0.2122989392458147,-0.0660745834083937,0.0660745834083937,-0.0198471483223138,0.0198471483223138,0.5316363302234461,0.8553065470661093,,b345
TCGA-COADREAD,M1_msd,346,VPS26B;C10orf2;LRRC16A;PAQR7,0.0,0.1458997508066264,0.1956572748832035,-0.0778571986019592,0.0778571986019592,-0.0791220350550763,0.0791220350550763,0.5012364419255388,0.4953980343578428,,b346
TCGA-COADREAD,M1_msd,347,PPP6C;HOOK2;FUCA1;NICN1,0.0,0.0884851602459639,0.1801415839393888,-0.1010612837305766,0.1010612837305766,-0.1146099196341896,0.1146099196341896,0.3770549902847936,0.3075460126702449,,b347
TCGA-COADREAD,M1_msd,348,KPNA1;TOR1B;SLC25A24;PAQR7,0.0,0.1037555427416683,0.1553873111144165,-0.1101273702602629,0.1101273702602629,-0.0705751884338445,0.0705751884338445,0.319292507939093,0.5234258889040686,,b348
TCGA-COADREAD,M1_msd,349,WTAP;NUDT19;PTEN;FAHD2A,0.0,0.0859739195136285,0.1158112629124499,0.0578605009948047,0.0578605009948047,0.1668490892550072,0.1668490892550072,0.5894912476313636,0.1560813945554804,,b349
TCGA-COADREAD,M1_msd,350,CCNY;RAP2B;PON2;MED30,0.0,0.0913366821294867,0.1161635308218583,0.1787290908425315,0.1787290908425315,0.1336365425857336,0.1336365425857336,0.0854519592654233,0.215759929863752,,b350
TCGA-COADREAD,M1_msd,351,EIF4E2;TXNDC9;TIMM17B;ZFYVE1,0.0,0.1031049879516497,0.1882259334406316,0.1471135236764751,0.1471135236764751,0.1844064210018806,0.1844064210018806,0.1746970038671945,0.1358765659244267,,b351
TCGA-COADREAD,M1_msd,352,GGNBP2;C12orf35;NSFL1C;FAHD2A,0.0,0.0750329342877589,0.1371745762792777,0.0311111852760765,0.0311111852760765,0.0229946759788458,0.0229946759788458,0.7734327646976467,0.8292069634680557,,b352
TCGA-COADREAD,M1_msd,353,KIAA1310;ARHGEF5;HDHD3;CLN8,0.0,0.0776000217955739,0.1709989783603238,0.0368951577353759,0.0368951577353759,-0.0117598994101218,0.0117598994101218,0.747174539103072,0.9236426575598924,,b353
TCGA-COADREAD,M1_msd,354,C2orf29;HCCS;UTP14A;WASH2P,0.0,0.0799466484050893,0.206128539325105,0.0323330781494964,0.0323330781494964,0.0053909758907193,0.0053909758907193,0.7764654001366713,0.9662058428958696,,b354
TCGA-COADREAD,M1_msd,355,RNF220;USP37;ADAM10;CHCHD6,0.0,0.1154594749309114,0.1708348316731932,-0.0550328287913034,0.0550328287913034,-0.033162380289122,0.033162380289122,0.6108169469378724,0.7684575892373878,,b355
TCGA-COADREAD,M1_msd,356,CCNY;DICER1;USMG5;TBC1D8B,0.0,0.1086684215326783,0.1838080937614411,0.1110533115706907,0.1110533115706907,0.1517209066564749,0.1517209066564749,0.3036839906664732,0.1605188787312979,,b356
TCGA-COADREAD,M1_msd,357,RAF1;FBXL19;MTIF3;KIAA1841,0.0,0.1326821543190298,0.2164609730835184,-0.0286508291197926,0.0286508291197926,-0.1390983391880983,0.1390983391880983,0.8021877738839869,0.2280040506239474,,b357
TCGA-COADREAD,M1_msd,358,ATMIN;SMG6;CSNK2A1;ZCCHC2,0.0,0.0897536202837534,0.1726724691436315,-0.0141210130595591,0.0141210130595591,-0.0159163233612613,0.0159163233612613,0.893294444350932,0.886739555545007,,b358
TCGA-COADREAD,M1_msd,359,RBM17;STAU2;N4BP2L2;NEK1,0.0,0.1525037996742924,0.2509107673514339,0.0208469006892942,0.0208469006892942,-0.0257008883949423,0.0257008883949423,0.8515309778035356,0.8237515584974892,,b359
TCGA-COADREAD,M1_msd,360,PYGO2;HECA;RAB11FIP4;SYNJ1,0.0,0.1268916889917201,0.2284953328485824,-0.0077744878491405,0.0077744878491405,-0.1225329793508612,0.1225329793508612,0.9469745602770904,0.3238886840789972,,b360
TCGA-COADREAD,M1_msd,361,CCNY;AGBL5;GADD45GIP1;COQ3,0.0,0.141533105643657,0.1875452981620435,0.0653550976214472,0.0653550976214472,0.1089426453680704,0.1089426453680704,0.5661802568144504,0.3697146323369098,,b361
TCGA-COADREAD,M1_msd,362,MFF;PLEKHA5;MTIF3;FBXL15,0.0,0.1367330204445179,0.2164609730835184,0.1537899008623379,0.1537899008623379,0.0790052051131159,0.0790052051131159,0.1468189414051657,0.4810628749219757,,b362
TCGA-COADREAD,M1_msd,363,RBM17;VMA21;INSR;OCEL1,0.0,0.1083682636565141,0.2068502794584447,0.4321578893883646,0.4321578893883646,0.3873188220937863,0.3873188220937863,7.332158063015108e-05,0.0005810616446329,,b363
TCGA-COADREAD,M1_msd,364,PYGO2;APAF1;FEN1;GINS3,0.0,0.1331228734807514,0.1704133816283063,-0.0914380333317924,0.0914380333317924,0.0078648403027322,0.0078648403027322,0.4050373496830927,0.9448697824860736,,b364
TCGA-COADREAD,M1_msd,365,AFTPH;RRP1;GALM;INO80B,0.0,0.0987245556643359,0.2198735718684847,0.0003587544841213,0.0003587544841213,-0.0006488671595413,0.0006488671595413,0.99753385202957,0.9954139716491844,,b365
TCGA-COADREAD,M1_msd,366,ABCF3;NCAPG2;IPO4;NCRNA00183,0.0,0.1248520264033979,0.2173900975031464,-0.0170317008600829,0.0170317008600829,0.0149966448523166,0.0149966448523166,0.8742421056018079,0.8961511320273563,,b366
TCGA-COADREAD,M1_msd,367,CPSF7;FRAT2;TRABD;C8orf38,0.0,0.1279790661297476,0.1781664677831045,-0.0361547306050938,0.0361547306050938,0.0328022687349717,0.0328022687349717,0.734121554480713,0.7689125190441916,,b367
TCGA-COADREAD,M1_msd,368,CUL3;KDELC2;STK35;ETFDH,0.0,0.0855470653524669,0.163599271619433,-0.035687853270816,0.035687853270816,-0.0369097265433222,0.0369097265433222,0.7349138165074407,0.7221666224175315,,b368
TCGA-COADREAD,M1_msd,369,AGFG1;ZNF292;DOPEY2;CD58,0.0,0.0886566463499821,0.1650437334376111,-0.1298154044820917,0.1298154044820917,-0.1241464870341261,0.1241464870341261,0.2250212517600132,0.2716259011457371,,b369
TCGA-COADREAD,M1_msd,370,C19orf50;BAZ2B;PNPLA2;C8orf38,0.0,0.1004442374478217,0.1781664677831045,0.1017317990239828,0.1017317990239828,0.0613966512744173,0.0613966512744173,0.3343295436866584,0.5680267183228385,,b370
TCGA-COADREAD,M1_msd,371,THUMPD1;LDOC1L;RFK;KIF24,0.0,0.1628680473658884,0.21920639288596,-0.256935864283382,0.256935864283382,-0.1224085624536134,0.1224085624536134,0.0223840133692062,0.2720799647463007,,b371
TCGA-COADREAD,M1_msd,372,THAP4;NDUFC1;MED1;SNX16,0.0,0.1169389308827089,0.1727741595791499,-0.0600831643842473,0.0600831643842473,-0.0183182652162573,0.0183182652162573,0.5714333587983489,0.8682495305593371,,b372
TCGA-COADREAD,M1_msd,373,WDR33;FAM53B;ZNFX1;SHCBP1,0.0,0.0877442294873575,0.1700982857158708,-0.0039636407362777,0.0039636407362777,-0.0348033460960297,0.0348033460960297,0.9722992901448552,0.7822603436226395,,b373
TCGA-COADREAD,M1_msd,374,SUDS3;CHRAC1;JHDM1D;KLHL22,0.0,0.1086124282690015,0.1600565744556151,0.0378730134476816,0.0378730134476816,0.0143354394242005,0.0143354394242005,0.7348427936935817,0.8959765947307371,,b374
TCGA-COADREAD,M1_msd,375,FAM98A;C1orf9;AKAP11;SPC25,0.0,0.1313062258840925,0.2066075473217374,-0.0717621948865954,0.0717621948865954,-0.1514177184227922,0.1514177184227922,0.5121876975342379,0.1856261174744088,,b375
TCGA-COADREAD,M1_msd,376,WTAP;SUMF1;CHD2;SHCBP1,0.0,0.0414052778415502,0.0655543348093401,-0.156826877352126,0.156826877352126,-0.1414841501603845,0.1414841501603845,0.185800547974863,0.238232306465374,,b376
TCGA-COADREAD,M1_msd,377,ATMIN;C1orf9;NNT;PIGW,0.0,0.1403118708590557,0.1850430139829116,-0.1549885865661048,0.1549885865661048,-0.2499048750535533,0.2499048750535533,0.1881354779682762,0.0428768799697195,,b377
TCGA-COADREAD,M1_msd,378,GSK3B;NEK7;TMEM9;MARCH2,0.0,0.0765083288083578,0.1027456394209513,0.1826800841850719,0.1826800841850719,0.0918548109164988,0.0918548109164988,0.0956834670760781,0.4106849205329795,,b378
TCGA-COADREAD,M1_msd,379,MAPKAP1;ZMYM3;DGKD;CHST14,0.0,0.0856654085963412,0.1160738002550588,0.2925760876060027,0.2925760876060027,0.2368775875495726,0.2368775875495726,0.0108347375368718,0.0444545672631187,,b379
TCGA-COADREAD,M1_msd,380,EIF4E2;ATF7IP;ACVR1B;FBXW9,0.0,0.0736365336869761,0.1101246360110539,-0.1376249351642888,0.1376249351642888,-0.0814938202306086,0.0814938202306086,0.2201646001873727,0.4994469981892393,,b380
TCGA-COADREAD,M1_msd,381,AIMP1;EIF4E;H1FX;TIFA,0.0,0.0990267140156269,0.1482111672629794,0.0178476787894656,0.0178476787894656,0.0992363654368753,0.0992363654368753,0.8708405059975559,0.3750280440172776,,b381
TCGA-COADREAD,M1_msd,382,CUL3;NUDT15;EFHA1;PLEKHH3,0.0,0.0752029139441659,0.1642613993680284,0.0681198956553448,0.0681198956553448,0.0101623126326719,0.0101623126326719,0.5436824260054258,0.9327011706840832,,b382
TCGA-COADREAD,M1_msd,383,MAPKAP1;SLC10A3;DOCK9;ZNF839,0.0,0.1263901402607914,0.193608812784858,0.3081403901494154,0.3081403901494154,0.2149603269705404,0.2149603269705404,0.0072585855609517,0.0624261851038301,,b383
TCGA-COADREAD,M1_msd,384,DAXX;BCL9;PINK1;MUTYH,0.0,0.0743476170073311,0.1621114259084982,0.1298717721724459,0.1298717721724459,-0.0217627788349389,0.0217627788349389,0.2198414601867223,0.8357171164317709,,b384
TCGA-COADREAD,M1_msd,385,YY1;SS18;TBC1D2B;SAP30,0.0,0.1331729037888544,0.2107697551546321,0.0492150118901257,0.0492150118901257,0.1921698897544073,0.1921698897544073,0.656123874193612,0.0774422242528743,,b385
TCGA-COADREAD,M1_msd,386,C2orf29;PCID2;IVD;MTMR9,0.0,0.0939486786824091,0.2074697594324194,-0.1370961310671628,0.1370961310671628,-0.1700491039508037,0.1700491039508037,0.2105539122088179,0.171522009590695,,b386
TCGA-COADREAD,M1_msd,387,EIF2B5;RAPGEF2;IDI1;C8orf41,0.0,0.1115351533795138,0.1565633741026897,-0.1227595853743032,0.1227595853743032,-0.1447641351181001,0.1447641351181001,0.2763838852366851,0.208386084230073,,b387
TCGA-COADREAD,M1_msd,388,TIAL1;SMG6;PRCP;PORCN,0.0,0.1484809473760335,0.2327931881220565,0.2188339498058103,0.2188339498058103,0.2951149674168902,0.2951149674168902,0.0509685459454758,0.010497086178453,,b388
TCGA-COADREAD,M1_msd,389,THUMPD1;WDR45;FMR1;TMEM187,0.0,0.1412421579757891,0.1893787297811848,0.000717739978335,0.000717739978335,-0.0252860191518167,0.0252860191518167,0.9946858396432242,0.8241789628518431,,b389
TCGA-COADREAD,M1_msd,390,KCMF1;VMA21;C7orf59;ACTR5,0.0,0.0905083058376982,0.1261486814497738,0.2157739903240504,0.2157739903240504,0.1699762690198438,0.1699762690198438,0.0502651012020258,0.1341317238469058,,b390
TCGA-COADREAD,M1_msd,391,AGFG1;AIFM2;ZBTB4;C6orf132,0.0,0.1079067610284809,0.222191597706407,-0.0004720983171397,0.0004720983171397,-0.1636352859457411,0.1636352859457411,0.9966753441999509,0.1647156189802084,,b391
TCGA-COADREAD,M1_msd,392,KCMF1;CYLD;HMGB3;ARID3B,0.0,0.1343939382459408,0.1751468152802782,0.1004625372590172,0.1004625372590172,0.1438899755957492,0.1438899755957492,0.3694570854046933,0.2160882994068013,,b392
TCGA-COADREAD,M1_msd,393,ARIH2;TFAM;SHARPIN;C8orf41,0.0,0.1040230846096265,0.1438085835681212,-0.1280175473523247,0.1280175473523247,-0.0003811623502765,0.0003811623502765,0.2661185069155957,0.9974637383360776,,b393
TCGA-COADREAD,M1_msd,394,PYGO2;EZH2;AFAP1;LOC400027,0.0,0.1453000565335395,0.2132499070374733,0.1605066003641945,0.1605066003641945,0.1277450430649325,0.1277450430649325,0.1676042968847607,0.2701406457683402,,b394
TCGA-COADREAD,M1_msd,395,CNOT2;PPAN;MCM5;FBXL15,0.0,0.1027463718029128,0.208260043804318,-0.0440419366717017,0.0440419366717017,0.0282778290401139,0.0282778290401139,0.693865152056456,0.8083222246025047,,b395
TCGA-COADREAD,M1_msd,396,RAB35;USP6NL;CTNNBL1;KIAA1370,0.0,0.1022111693820102,0.1537468590649093,0.0270538244892224,0.0270538244892224,0.0152690747275282,0.0152690747275282,0.8074711023501993,0.894519286219913,,b396
TCGA-COADREAD,M1_msd,397,YTHDF2;NCOA1;NDRG3;COQ2,0.0,0.064220146827221,0.1554614219014795,-0.4516146327923399,0.4516146327923399,-0.3529507813309878,0.3529507813309878,3.416855690115513e-05,0.0017568183157238,,b397
TCGA-COADREAD,M1_msd,398,FBXO18;C12orf62;PRPS2;LIG4,0.0,0.0920827033888514,0.1263601232379037,-0.0040510124545454,0.0040510124545454,0.0345362254916126,0.0345362254916126,0.9708609847614856,0.752913508612577,,b398
TCGA-COADREAD,M1_msd,399,PPP6C;PGM2;ST5;KIF18A,0.0,0.1455290184853753,0.2175919942351568,-0.1607226252149274,0.1607226252149274,0.0045161977233906,0.0045161977233906,0.1055559426697154,0.9631926609818948,,b399
TCGA-COADREAD,M1_msd,400,SPOP;SSBP4;ZMYM2;TREX1,0.0,0.1121649638503489,0.1937361329339512,0.1783412932285867,0.1783412932285867,0.0861203197078859,0.0861203197078859,0.1104077934321571,0.4432750371478338,,b400
TCGA-COADREAD,M1_msd,401,YTHDC1;CTPS;RHBDD2;TMLHE,0.0,0.0681166381079382,0.1310083249326926,-0.077474032367808,0.077474032367808,-0.1434762715624686,0.1434762715624686,0.4652816733910031,0.1956455420368636,,b401
TCGA-COADREAD,M1_msd,402,GORASP1;MRPL42;PINK1;ACBD4,0.0,0.1556482709925623,0.1988902410402862,0.0283251673861297,0.0283251673861297,-0.0338170526414428,0.0338170526414428,0.7977592177598787,0.7504442834672944,,b402
TCGA-COADREAD,M1_msd,403,C2orf29;SLC24A6;SLC9A3R2;CCDC125,0.0,0.0925095160708652,0.2121785614274404,0.0448277779665772,0.0448277779665772,0.120469114852557,0.120469114852557,0.6577314555977909,0.223434033400718,,b403
TCGA-COADREAD,M1_msd,404,ARIH2;KIAA0913;CNOT7;MMACHC,0.0,0.1041271374790579,0.1453065024212613,-0.2232290729481064,0.2232290729481064,-0.1321665833022162,0.1321665833022162,0.0489955098909294,0.2798836869456554,,b404
TCGA-COADREAD,M1_msd,405,ATMIN;TM2D2;TAF1;FAM73A,0.0,0.1206526234029751,0.2091956106348877,-0.0269964079470896,0.0269964079470896,0.0201561891191967,0.0201561891191967,0.8037692085593989,0.8540024320613697,,b405
TCGA-COADREAD,M1_msd,406,GPBP1;ZNF33B;GSTO1;NEK1,0.0,0.1037883451633993,0.2509107673514339,0.2792356839288383,0.2792356839288383,0.2795978858779842,0.2795978858779842,0.0086763350930369,0.0119926836940367,,b406
TCGA-COADREAD,M1_msd,407,GGNBP2;SC5DL;ST5;TBC1D8B,0.0,0.1234344267039296,0.2175919942351568,-0.0855393670797027,0.0855393670797027,-0.0835901362002173,0.0835901362002173,0.4151664985982669,0.4227626722917221,,b407
TCGA-COADREAD,M1_msd,408,DNAJA2;TAF10;PEPD;THEM4,0.0,0.0825437479332812,0.1368810251215704,-0.0182672842267269,0.0182672842267269,-0.1332601738327458,0.1332601738327458,0.8687877713182464,0.2644589278628867,,b408
TCGA-COADREAD,M1_msd,409,CPSF7;SGSH;CKAP2;SNX18,0.0,0.0910272216426256,0.1677184566016257,-0.0483899402240408,0.0483899402240408,-0.071057703783243,0.071057703783243,0.6638323363800418,0.5267288065350255,,b409
TCGA-COADREAD,M1_msd,410,IWS1;GK5;MEST;C8orf38,0.0,0.128595052359708,0.1781664677831045,-0.0059902615454754,0.0059902615454754,-0.0116931569729212,0.0116931569729212,0.9594572764863292,0.9247931857631834,,b410
TCGA-COADREAD,M1_msd,411,PPM1B;FAM135A;TMEM9;TIFA,0.0,0.1209990976265779,0.2071291451555035,-0.2934018439105199,0.2934018439105199,-0.2637560192485894,0.2637560192485894,0.0077990515305597,0.029702378960268,,b411
TCGA-COADREAD,M1_msd,412,C2orf29;HOOK2;H1FX;KBTBD6,0.0,0.0254083733647926,0.0445423995326712,0.0810855132709891,0.0810855132709891,-0.0752861024611036,0.0752861024611036,0.4548514307635681,0.5141605629400987,,b412
TCGA-COADREAD,M1_msd,413,RSRC2;COPS3;EML2;AFG3L1,0.0,0.1195433589594499,0.1829695870633433,0.2565340644769261,0.2565340644769261,0.2458710785910274,0.2458710785910274,0.0170750895286937,0.0325538516175272,,b413
TCGA-COADREAD,M1_msd,414,CPSF7;PDZD11;THOC3;LOC200030,0.0,0.0709659901054025,0.1481069311872735,0.0422510317934818,0.0422510317934818,-0.0613250705666934,0.0613250705666934,0.7163823824470614,0.6272150482069269,,b414
TCGA-COADREAD,M1_msd,415,DDX41;ZADH2;TTC19;MOSPD2,0.0,0.115439651305216,0.1752255450054816,-0.1561524454930598,0.1561524454930598,-0.0300721008753169,0.0300721008753169,0.1478695703638373,0.7927270592444126,,b415
TCGA-COADREAD,M1_msd,416,EIF4E2;VMA21;BRI3;BBS4,0.0,0.0866639302885876,0.2306227221133758,0.2673690122184549,0.2673690122184549,0.3384364873864815,0.3384364873864815,0.010255972636096,0.0036066320129469,,b416
TCGA-COADREAD,M1_msd,417,TIAL1;THOC6;GOT1;KLHL22,0.0,0.1245150397197565,0.1600565744556151,0.1242287964321559,0.1242287964321559,0.2783106815990214,0.2783106815990214,0.2385250833995132,0.0140077378313025,,b417
TCGA-COADREAD,M1_msd,418,CCNY;UBE2V2;WDR77;PPIL3,0.0,0.0716505064955431,0.1022728674113002,-0.0046180283072125,0.0046180283072125,0.0645979825263562,0.0645979825263562,0.964168140715087,0.540708586763991,,b418
TCGA-COADREAD,M1_msd,419,GPBP1;TOR1B;STK38L;CD58,0.0,0.0718635798200263,0.1100316621817335,0.0222171768520941,0.0222171768520941,0.1132594151244979,0.1132594151244979,0.8435293155654312,0.2876959234289904,,b419
TCGA-COADREAD,M1_msd,420,GPBP1;KLHDC2;GRAMD4;AGA,0.0,0.0812544440081277,0.1643869316119579,-0.0922711284153395,0.0922711284153395,-0.1490063674879257,0.1490063674879257,0.4427192860095321,0.2305650515208183,,b420
TCGA-COADREAD,M1_msd,421,CCNY;SUMF1;NDRG3;APOO,0.0,0.0861182929267364,0.1554614219014795,-0.0650984728960243,0.0650984728960243,-0.0528327738960698,0.0528327738960698,0.567213241378282,0.6573074295536581,,b421
TCGA-COADREAD,M1_msd,422,DNAJB12;ULK1;CCND3;THAP3,0.0,0.125875578060092,0.1989139566201761,0.2471868123888899,0.2471868123888899,0.0629303269701128,0.0629303269701128,0.0152943937284146,0.5448353500739915,,b422
TCGA-COADREAD,M1_msd,423,SAR1A;PIP5K1C;ACVR1B;ACBD4,0.0,0.0883040180602342,0.1988902410402862,0.2347616450110695,0.2347616450110695,0.083287586620113,0.083287586620113,0.0296545135321902,0.4640659953708078,,b423
TCGA-COADREAD,M1_msd,424,CAMKK2;WDR45;ZNF395;ZBTB8A,0.0,0.1469201355676797,0.2366508153615863,-0.0305260504996045,0.0305260504996045,0.0970322020837633,0.0970322020837633,0.7808405182547893,0.409456150471941,,b424
TCGA-COADREAD,M1_msd,425,FAM98A;DENND2D;CASP7;AZI1,0.0,0.1335846747354751,0.2066075473217374,-0.0696987982477135,0.0696987982477135,0.0139075333083764,0.0139075333083764,0.4870492112839617,0.8864725270551698,,b425
TCGA-COADREAD,M1_msd,426,EIF2B5;BID;PPARA;HSD17B7,0.0,0.0974356713089337,0.1638093561758701,-0.0794133792566472,0.0794133792566472,0.0070837386166111,0.0070837386166111,0.4754512623792916,0.9501916394649248,,b426
TCGA-COADREAD,M1_msd,427,BET1L;PPP3CA;SLC35D1;BMP2K,0.0,0.0971713873301643,0.1662063461627941,-0.2236719388046873,0.2236719388046873,-0.2051285190248231,0.2051285190248231,0.0453915364948203,0.0865763758530615,,b427
TCGA-COADREAD,M1_msd,428,RNF220;PELI1;HMGB3;NAA16,0.0,0.0772540230718333,0.1162163756498491,0.1612062431834268,0.1612062431834268,0.1104933415784869,0.1104933415784869,0.1512927978618481,0.3079784518051913,,b428
TCGA-COADREAD,M1_msd,429,PPP6C;SPSB3;IMPDH1;FBXO5,0.0,0.091233222978457,0.1154375306897987,0.0485802649514542,0.0485802649514542,0.1063286391473214,0.1063286391473214,0.645218199689319,0.3146493793413256,,b429
TCGA-COADREAD,M1_msd,430,PPP3R1;PELI1;ZBTB4;LOC400027,0.0,0.1500161709925137,0.222191597706407,0.2367382888879389,0.2367382888879389,0.1666764864069999,0.1666764864069999,0.0344613720196901,0.1331153386855924,,b430
TCGA-COADREAD,M1_msd,431,C19orf50;ANO10;H1FX;MTMR9,0.0,0.0902429470505065,0.2074697594324194,0.0516311396981188,0.0516311396981188,0.0016464648820211,0.0016464648820211,0.6461664116478005,0.9874433180811132,,b431
TCGA-COADREAD,M1_msd,432,PYGO2;HDDC2;AP1G2;POLR3F,0.0,0.0933439145419911,0.1704133816283063,0.161640202080781,0.161640202080781,0.0823319586981259,0.0823319586981259,0.1503325334551299,0.4566899936345971,,b432
TCGA-COADREAD,M1_msd,433,BFAR;MTFR1;RDH11;PLEKHH3,0.0,0.0373560612137333,0.0612116339645344,-0.0394281072853524,0.0394281072853524,0.0722154031909705,0.0722154031909705,0.6938243557696924,0.452891658939161,,b433
TCGA-COADREAD,M1_msd,434,C2orf29;SFXN1;CSNK2A1;RABGAP1L,0.0,0.0597850882358239,0.1219172116935213,-0.1020308968541565,0.1020308968541565,-0.1704138410766491,0.1704138410766491,0.343106948992197,0.121918736544581,,b434
TCGA-COADREAD,M1_msd,435,CTCF;PCNX;KIAA1147;LOC200030,0.0,0.0739828198491872,0.1196334041118048,0.0360112061886793,0.0360112061886793,-0.0077551468768287,0.0077551468768287,0.7579856598629008,0.9503563102545276,,b435
TCGA-COADREAD,M1_msd,436,YTHDC1;APAF1;UNC13B;ACAD11,0.0,0.1268967698201094,0.155914680874202,-0.1711783580339923,0.1711783580339923,-0.1293976010313914,0.1293976010313914,0.1219193476028296,0.2883390459384694,,b436
TCGA-COADREAD,M1_msd,437,AGFG1;TTC7A;ACACA;TRIM59,0.0,0.079544444542459,0.1443804727167917,-0.0480605430803879,0.0480605430803879,-0.0679995831189623,0.0679995831189623,0.6673763649770581,0.5592471503922296,,b437
TCGA-COADREAD,M1_msd,438,AFTPH;ELMO2;MLL;NEK1,0.0,0.1196752722225207,0.2509107673514339,-0.0294097711969149,0.0294097711969149,-0.155287571646729,0.155287571646729,0.7871277269809345,0.1919792778877471,,b438
TCGA-COADREAD,M1_msd,439,RNF220;NIT2;CNNM4;MAGOHB,0.0,0.0633442522972168,0.0920073207999432,-0.0677059253758185,0.0677059253758185,-0.0423679466674703,0.0423679466674703,0.5140115311533575,0.7004342382216721,,b439
TCGA-COADREAD,M1_msd,440,SUDS3;OSBPL3;ZBTB4;MTHFD2L,0.0,0.1494643450869319,0.222191597706407,0.239095913089294,0.239095913089294,0.1890696171282228,0.1890696171282228,0.0318822667929868,0.0832914670167125,,b440
TCGA-COADREAD,M1_msd,441,RBM14;SLC45A4;PRPS2;PLEKHH3,0.0,0.0611122939798091,0.1103247008674111,-0.1459770486114826,0.1459770486114826,-0.1185947832419799,0.1185947832419799,0.187756026583688,0.3042432174133552,,b441
TCGA-COADREAD,M1_msd,442,BET1L;AIFM2;BAG3;C20orf29,0.0,0.099954417310014,0.2010663227225148,0.0537989903489789,0.0537989903489789,-0.0444134351150816,0.0444134351150816,0.6189656965099446,0.6832424974045774,,b442
TCGA-COADREAD,M1_msd,443,EPS15;NCAPG2;FUCA1;CCDC107,0.0,0.0796384437422951,0.1835811980410273,-0.1020137016440741,0.1020137016440741,-0.0975460995824996,0.0975460995824996,0.3464013659170654,0.3607723455940841,,b443
TCGA-COADREAD,M1_msd,444,RAF1;SCMH1;TMEM9;FAHD2A,0.0,0.0774270168444077,0.0994137084745253,0.0011314742344779,0.0011314742344779,-0.0018076210571136,0.0018076210571136,0.9915911224434072,0.9860297325589648,,b444
TCGA-COADREAD,M1_msd,445,GGNBP2;TRIM21;MCM2;FXN,0.0,0.0872049714772592,0.1371745762792777,-0.1759575453715306,0.1759575453715306,-0.0663429626642789,0.0663429626642789,0.0936571123506272,0.5524801549894098,,b445
TCGA-COADREAD,M1_msd,446,KIAA1310;HOOK2;FAM162A;WDR44,0.0,0.0809800809525277,0.1709989783603238,0.0498537722902057,0.0498537722902057,0.0092782657251571,0.0092782657251571,0.6716135022188374,0.9405383530705944,,b446
TCGA-COADREAD,M1_msd,447,AGFG1;TAF10;TMEM30B;CSPP1,0.0,0.0659781549044089,0.1142485127731298,-0.0470687046027902,0.0470687046027902,-0.1043162178789047,0.1043162178789047,0.6453793101620133,0.3573593914626823,,b447
TCGA-COADREAD,M1_msd,448,ARIH2;SCMH1;NDRG3;STRADB,0.0,0.1016142429435275,0.1554614219014795,-0.0530882713831803,0.0530882713831803,-0.0442800428123476,0.0442800428123476,0.6263039546783051,0.6908270543863019,,b448
TCGA-COADREAD,M1_msd,449,DNAJB12;CPT2;MED12;SKP2,0.0,0.1008556449955374,0.1989139566201761,-0.1987376740663595,0.1987376740663595,-0.2365181576161586,0.2365181576161586,0.0491410959853141,0.0186414267662807,,b449
TCGA-COADREAD,M1_msd,450,EIF2B5;HIBCH;RABAC1;ANKS3,0.0,0.1326834329142626,0.1565633741026897,0.1168375426936291,0.1168375426936291,0.138877600806815,0.138877600806815,0.3009517752815667,0.2588895761943631,,b450
TCGA-COADREAD,M1_msd,451,ATMIN;C11orf48;CCDC56;MAML3,0.0,0.0911380321072518,0.1726724691436315,0.0347057570117301,0.0347057570117301,0.0367760030530302,0.0367760030530302,0.7607274449373553,0.7224628984417987,,b451
TCGA-COADREAD,M1_msd,452,ARIH2;KDELC2;RABAC1;TTC12,0.0,0.1043375457704837,0.1277424483304202,-0.1051098348684431,0.1051098348684431,0.0114715826781208,0.0114715826781208,0.3209676533364449,0.9187396227887916,,b452
TCGA-COADREAD,M1_msd,453,PPM1B;SNX7;MYBBP1A;MTCP1NB,0.0,0.1150460147949095,0.2071291451555035,-0.2552073472484802,0.2552073472484802,-0.1568250423790193,0.1568250423790193,0.0216765884808846,0.1830798072797715,,b453
TCGA-COADREAD,M1_msd,454,RAF1;CCM2;CSNK2A1;ZNF343,0.0,0.0765175633050418,0.0992564762438532,0.1153602813686803,0.1153602813686803,0.048838687160756,0.048838687160756,0.2809438857263289,0.660829773270183,,b454
TCGA-COADREAD,M1_msd,455,CPSF6;IRF6;NDUFS7;PHF17,0.0,0.0867011224676554,0.1738330285250098,-0.0653477403466568,0.0653477403466568,0.00386853338038,0.00386853338038,0.5323377528513197,0.9713546547011406,,b455
TCGA-COADREAD,M1_msd,456,UBE2Q1;TGS1;GET4;C6orf167,0.0,0.0663273598467872,0.1244151587352188,0.1505655917870413,0.1505655917870413,0.0819716446082532,0.0819716446082532,0.1649577944046873,0.4761075798722468,,b456
TCGA-COADREAD,M1_msd,457,IWS1;TMEM70;TRIM25;EIF5A2,0.0,0.1116477973641307,0.1604351297956184,-0.0960190534136021,0.0960190534136021,-0.0421032627125817,0.0421032627125817,0.3952978411848604,0.6964203069333235,,b457
TCGA-COADREAD,M1_msd,458,EPS15;POLR2F;SLC25A23;HSH2D,0.0,0.0722358211384653,0.1835811980410273,0.1160832619386328,0.1160832619386328,0.123613023560859,0.123613023560859,0.2752157934876277,0.2398336053608989,,b458
TCGA-COADREAD,M1_msd,459,YY1;TXNL4A;GADD45GIP1;HABP4,0.0,0.1212859590301761,0.1875452981620435,0.1560365791582377,0.1560365791582377,0.1658302620537017,0.1658302620537017,0.1428117617873417,0.1238542436697823,,b459
TCGA-COADREAD,M1_msd,460,SPOP;TRAPPC9;MAP4K4;ZNF57,0.0,0.1396912816058786,0.1937361329339512,-0.0659732322863103,0.0659732322863103,-0.1502340152506715,0.1502340152506715,0.5547699944085037,0.1924371259246994,,b460
TCGA-COADREAD,M1_msd,461,ATMIN;EBAG9;MTIF3;C1orf91,0.0,0.1611255497382862,0.2164609730835184,0.1543984295455889,0.1543984295455889,0.072599875331449,0.072599875331449,0.1357621192824065,0.4923547535877723,,b461
TCGA-COADREAD,M1_msd,462,THAP4;KIAA1430;ANP32E;RC3H2,0.0,0.1127264625655935,0.1962025987718737,-0.1140133661301651,0.1140133661301651,-0.0871462298566007,0.0871462298566007,0.3017894038405786,0.4356088586319174,,b462
TCGA-COADREAD,M1_msd,463,PRCC;PDS5B;BCL3;FBXO4,0.0,0.1350953962363467,0.2080487341660181,-0.0262135992180812,0.0262135992180812,-0.0540524419084494,0.0540524419084494,0.8138205276016378,0.6188641784478701,,b463
TCGA-COADREAD,M1_msd,464,GGNBP2;SFXN4;GSTO1;POLI,0.0,0.1078175914442296,0.2100137913666743,0.0368929356792423,0.0368929356792423,0.1272055729757612,0.1272055729757612,0.7322610112498343,0.2386053472977524,,b464
TCGA-COADREAD,M1_msd,465,VPS26B;HMBS;PCM1;SNX18,0.0,0.1000233263975653,0.1389613029990303,-0.1626688129055709,0.1626688129055709,-0.0076208609684503,0.0076208609684503,0.1233546831493497,0.946922268069882,,b465
TCGA-COADREAD,M1_msd,466,DNAJC14;BBX;MED12;RHBDD1,0.0,0.0992413395496054,0.201921268011879,0.0781404836677373,0.0781404836677373,-0.0853934069040551,0.0853934069040551,0.4929425248277802,0.4647014813627267,,b466
TCGA-COADREAD,M1_msd,467,FAM98A;TMEM159;TBC1D2B;SUV420H2,0.0,0.1441509901188579,0.2066075473217374,0.0754575895096023,0.0754575895096023,0.1937097501946277,0.1937097501946277,0.4756452081499448,0.0853971469654211,,b467
TCGA-COADREAD,M1_msd,468,ABCF3;C7orf11;FANCI;HSH2D,0.0,0.1234732388437744,0.2173900975031464,0.2485839722712012,0.2485839722712012,0.2133375573477842,0.2133375573477842,0.0220837301339523,0.0615292831546941,,b468
TCGA-COADREAD,M1_msd,469,DNAJC14;MRPL48;KDM5B;DLEU1,0.0,0.1774665876625117,0.2451600112455034,0.0506895049030605,0.0506895049030605,-0.0139311511714174,0.0139311511714174,0.6462028806224431,0.900846606673031,,b469
TCGA-COADREAD,M1_msd,470,WTAP;TOR1B;NDRG3;TOR1AIP2,0.0,0.0925845168169239,0.1554614219014795,-0.0792273180505463,0.0792273180505463,-0.0637379022618538,0.0637379022618538,0.4734649183055693,0.5872615495132057,,b470
TCGA-COADREAD,M1_msd,471,PPM1B;BAD;STK38L;NPHP4,0.0,0.1248543173555312,0.2071291451555035,0.0245130305087964,0.0245130305087964,0.1527382931108185,0.1527382931108185,0.8136715030056514,0.1569933373735525,,b471
TCGA-COADREAD,M1_msd,472,GSK3B;PDS5B;LAS1L;TMEM117,0.0,0.1219322616792947,0.2447389636278104,0.0682665387627414,0.0682665387627414,-0.0470320764420176,0.0470320764420176,0.5315763663520374,0.6698233298865418,,b472
TCGA-COADREAD,M1_msd,473,PYGO2;POLR2F;ARHGAP32;TRAPPC2,0.0,0.097217316607825,0.1704133816283063,0.0676634357261122,0.0676634357261122,0.1054543822002295,0.1054543822002295,0.5450370959296265,0.3518497433646437,,b473
TCGA-COADREAD,M1_msd,474,SUDS3;STAG1;MED12;ZNF250,0.0,0.131664817512433,0.1771905410715829,-0.037081115823909,0.037081115823909,-0.0773496806614289,0.0773496806614289,0.7462842367387699,0.5420007485514438,,b474
TCGA-COADREAD,M1_msd,475,UBE2Q1;NDUFC1;HGSNAT;RAD51C,0.0,0.1013458587214744,0.1814896693995776,-0.0127067220464508,0.0127067220464508,-0.0528369011987133,0.0528369011987133,0.9025345400037365,0.6131867358085301,,b475
TCGA-COADREAD,M1_msd,476,SART3;VANGL1;IPO4;THAP3,0.0,0.0801693416486195,0.14289968275839,-0.0915566111165852,0.0915566111165852,-0.0198480161362324,0.0198480161362324,0.3822371714934864,0.8588781038593751,,b476
TCGA-COADREAD,M1_msd,477,ATMIN;RAPGEF2;HDHD3;KIF18A,0.0,0.114868964171073,0.1870252578782273,-0.1502100938457605,0.1502100938457605,-0.1709934088387048,0.1709934088387048,0.173638192890471,0.1258935544912684,,b477
TCGA-COADREAD,M1_msd,478,PPP6C;PPIP5K2;C7orf59;MCPH1,0.0,0.0763308365187489,0.1144238185945792,-0.0862668842778142,0.0862668842778142,0.0446315619650646,0.0446315619650646,0.4325205127980877,0.6950910861549818,,b478
TCGA-COADREAD,M1_msd,479,YTHDF2;RAP2B;RB1CC1;SENP7,0.0,0.1257249010574312,0.2295795921184262,0.1141410501921102,0.1141410501921102,0.1090366327756759,0.1090366327756759,0.285395971095743,0.3181270173612546,,b479
TCGA-COADREAD,M1_msd,480,CAMKK2;TSEN54;FUNDC2;?|10357,0.0,0.1245184674350012,0.1477837512424736,-0.076301075930048,0.076301075930048,-0.1301975839618512,0.1301975839618512,0.493388368115828,0.2769515036191087,,b480
TCGA-COADREAD,M1_msd,481,WDR33;LRCH4;CLCN3;KLHL22,0.0,0.1012443809858205,0.1700982857158708,-0.0115058629748403,0.0115058629748403,-0.07450006306699,0.07450006306699,0.9194060909069552,0.5183468378080509,,b481
TCGA-COADREAD,M1_msd,482,RANBP3;RAP2B;MEST;C1orf91,0.0,0.129570392006814,0.1643629077769453,0.1587373534821972,0.1587373534821972,0.1175967800077862,0.1175967800077862,0.1228866644851489,0.2715144238502353,,b482
TCGA-COADREAD,M1_msd,483,PPP3R1;USP37;TRIM25;DBF4B,0.0,0.1046810228044296,0.2036659767967155,-0.1160583026917008,0.1160583026917008,-0.1102863713753504,0.1102863713753504,0.3159633807236414,0.3824078886910994,,b483
TCGA-COADREAD,M1_msd,484,C19orf50;MEF2A;CARS2;C1orf216,0.0,0.1215910780680183,0.1393312618087765,0.2521855337615659,0.2521855337615659,0.1885887773327292,0.1885887773327292,0.0255331030678959,0.0766838651494873,,b484
TCGA-COADREAD,M1_msd,485,MAPKAP1;MRPL48;LAS1L;TOR1AIP2,0.0,0.1056674026519817,0.1215171852558451,0.1026616338512951,0.1026616338512951,0.0562120389457035,0.0562120389457035,0.3693539135768202,0.6368006773140511,,b485
TCGA-COADREAD,M1_msd,486,PPP3R1;CFLAR;PTPRA;C9orf64,0.0,0.0638017714350182,0.0877492874406627,0.0853121091806291,0.0853121091806291,0.0147388624961193,0.0147388624961193,0.4508869153361958,0.8923892319251976,,b486
TCGA-COADREAD,M1_msd,487,UBE2Q1;SLC10A3;PPP2CB;C12orf45,0.0,0.0633693901203279,0.0857990852948695,0.1400776632292286,0.1400776632292286,0.0755202678882481,0.0755202678882481,0.1872911171057216,0.4816547402785889,,b487
TCGA-COADREAD,M1_msd,488,ARIH2;NIPAL3;BCL3;PRIM1,0.0,0.1236793920305429,0.1794701401908845,-0.2091714610006139,0.2091714610006139,-0.0970019214339589,0.0970019214339589,0.0628522053164358,0.3563370446021002,,b488
TCGA-COADREAD,M1_msd,489,PYGO2;SPATA2;PLEKHG3;MAGOHB,0.0,0.1075209434195648,0.1704133816283063,0.1020672020523063,0.1020672020523063,0.0363120960732331,0.0363120960732331,0.3039867463626621,0.7323670160756146,,b489
TCGA-COADREAD,M1_msd,490,TIAL1;TSEN54;TEAD1;DENND1C,0.0,0.0944069122294206,0.1324534700074126,0.1101021218048069,0.1101021218048069,0.0608212313170771,0.0608212313170771,0.3046527746859024,0.5618053273799325,,b490
TCGA-COADREAD,M1_msd,491,RNF220;VANGL1;PLSCR1;NEK1,0.0,0.0982683840755061,0.2509107673514339,-0.0899147303386628,0.0899147303386628,-0.0122219969489851,0.0122219969489851,0.4095178121494635,0.9111992080151587,,b491
TCGA-COADREAD,M1_msd,492,RBM22;KLHDC2;ACVR1B;C17orf58,0.0,0.1346751910633213,0.2198715261115323,-0.2054707822768619,0.2054707822768619,-0.3175483796086494,0.3175483796086494,0.0679405265895872,0.0105091900400654,,b492
TCGA-COADREAD,M1_msd,493,VPS26B;ZHX1;USP14;CLN8,0.0,0.1156997603085789,0.1671018591400577,-0.1311083132839806,0.1311083132839806,-0.0598659069895978,0.0598659069895978,0.10428401357743,0.5113659982189656,,b493
TCGA-COADREAD,M1_msd,494,SPPL3;TSEN54;MTIF3;C6orf1,0.0,0.1224285048604193,0.2164609730835184,0.1346944659164507,0.1346944659164507,0.007425557022874,0.007425557022874,0.2018357600743442,0.9398421089977588,,b494
TCGA-COADREAD,M1_msd,495,DAXX;PLEKHM1;GADD45GIP1;RP9P,0.0,0.1127894221942321,0.1875452981620435,0.2105831347400903,0.2105831347400903,0.1064998513091716,0.1064998513091716,0.0408484153364617,0.2888932039949922,,b495
TCGA-COADREAD,M1_msd,496,EIF4E2;RPUSD1;OPTN;ETFDH,0.0,0.0541232446220619,0.0595428284096381,-0.0748993069594103,0.0748993069594103,-0.0934735965635058,0.0934735965635058,0.5002136740802032,0.415573836888213,,b496
TCGA-COADREAD,M1_msd,497,CPSF6;SGSH;CNOT7;TDRKH,0.0,0.1252870694659758,0.1486361040381472,-0.1820057540458233,0.1820057540458233,-0.1694291776388028,0.1694291776388028,0.0842325752852753,0.1366814757561729,,b497
TCGA-COADREAD,M1_msd,498,CAMKK2;TUBGCP3;ST5;CDKN2D,0.0,0.1608698044622395,0.2354209680966666,0.0944370259680242,0.0944370259680242,0.0259193517146515,0.0259193517146515,0.4084319168301764,0.8195696578805312,,b498
TCGA-COADREAD,M1_msd,499,RAB35;TMEM126B;CCPG1;ZNF224,0.0,0.1711724188893521,0.2032677139231311,0.0201692597725137,0.0201692597725137,0.0411568092761124,0.0411568092761124,0.8647280323531062,0.7371886811716614,,b499
TCGA-COADREAD,M1_msd,500,AIMP1;GNL3L;AFAP1;ZNF343,0.0,0.0948477950389071,0.1167925599119301,0.0224073572961708,0.0224073572961708,0.0270090067583082,0.0270090067583082,0.8251106887833041,0.776657976835085,,b500
TCGA-COADREAD,M1_msd,501,DNAJA2;PHF20L1;NSFL1C;THNSL1,0.0,0.0618552226730068,0.1046392050144007,-0.0349705709177112,0.0349705709177112,-0.0289292179305348,0.0289292179305348,0.7509925990635659,0.7966098420126362,,b501
TCGA-COADREAD,M1_msd,502,LSG1;CFLAR;TBC1D2B;ABHD6,0.0,0.1232468693089396,0.1867737225192964,-0.1651943234347245,0.1651943234347245,-0.1697480345016168,0.1697480345016168,0.1337265026134324,0.1336976439556026,,b502
TCGA-COADREAD,M1_msd,503,ATMIN;TCEB1;ZMYM2;TTC12,0.0,0.1114922101068033,0.1726724691436315,-0.0414005195355857,0.0414005195355857,-0.0660279533438606,0.0660279533438606,0.7048813424051492,0.5444098783884812,,b503
TCGA-COADREAD,M1_msd,504,AGFG1;SNX7;MKKS;CAMK1,0.0,0.1166775632017993,0.2043982277278922,-0.195530996423077,0.195530996423077,-0.0721423719562036,0.0721423719562036,0.0518153046497033,0.5025700908844885,,b504
TCGA-COADREAD,M1_msd,505,DAXX;AMZ2;MRPL13;MTCP1NB,0.0,0.1090552730428231,0.1889425445010086,-0.0290017817460934,0.0290017817460934,-0.0183807650240394,0.0183807650240394,0.7925075030379409,0.8722851214122291,,b505
TCGA-COADREAD,M1_msd,506,THUMPD1;BCL2L2;ZNFX1;BBS4,0.0,0.140606914565272,0.2306227221133758,-0.0128501948681477,0.0128501948681477,-0.0322472303668517,0.0322472303668517,0.9108596612227172,0.7882461292404852,,b506
TCGA-COADREAD,M1_msd,507,SPPL3;EBAG9;RNF6;ATE1,0.0,0.1083932641903763,0.157722909965657,-0.043010392653859,0.043010392653859,-0.121295139067044,0.121295139067044,0.6938860702762258,0.3064003848252349,,b507
TCGA-COADREAD,M1_msd,508,WTAP;TMEM62;POLR2L;MXD3,0.0,0.0628973112303918,0.0852938117079791,-0.0274446942213729,0.0274446942213729,0.0704797144093263,0.0704797144093263,0.8032746319797902,0.5492125915831806,,b508
TCGA-COADREAD,M1_msd,509,CCNY;MESDC1;MICAL3;C2orf34,0.0,0.1086329775840615,0.2153567525020987,0.1280126979735422,0.1280126979735422,0.0875065665135932,0.0875065665135932,0.2329269583849941,0.4099853318412623,,b509
TCGA-COADREAD,M1_msd,510,CUL3;GOLT1B;RB1CC1;UBOX5,0.0,0.0787159725265561,0.1466412202056251,-0.0401423703381377,0.0401423703381377,-0.06933235415206,0.06933235415206,0.7039310447327234,0.5224354146045866,,b510
TCGA-COADREAD,M1_msd,511,KIAA1310;PPP3CA;P4HA2;CD58,0.0,0.1154753147845837,0.1709989783603238,0.0773344521407232,0.0773344521407232,0.0115861828978098,0.0115861828978098,0.4710466422492378,0.9129530550996856,,b511
TCGA-COADREAD,M1_msd,512,SAR1A;CCM2;MRPL15;LONRF1,0.0,0.0602621077026104,0.0841879170667474,0.0485171093680374,0.0485171093680374,0.0734644768370533,0.0734644768370533,0.6563014388330235,0.5131533834235645,,b512
TCGA-COADREAD,M1_msd,513,ABCF3;ZNF33B;AP1G2;TMEM93,0.0,0.1013025629779718,0.2173900975031464,0.2229451612338978,0.2229451612338978,0.1879621144833526,0.1879621144833526,0.0497817598354283,0.1087840547259094,,b513
TCGA-COADREAD,M1_msd,514,C2orf29;PPAN;HOOK1;ADAT1,0.0,0.0955724416273272,0.1754944476056832,-0.2488824401752011,0.2488824401752011,-0.31077141267952,0.31077141267952,0.0134602550105201,0.0052526681355132,,b514
TCGA-COADREAD,M1_msd,515,PRCC;PGM2;ASXL1;ZNF182,0.0,0.1278236177094556,0.2198076687352491,-0.2046310054810196,0.2046310054810196,-0.2097442271319386,0.2097442271319386,0.0703206327538271,0.0731900375499887,,b515
TCGA-COADREAD,M1_msd,516,BET1L;KIAA1468;NNT;KRT10,0.0,0.0961174689439596,0.1850430139829116,-0.1655814662210799,0.1655814662210799,-0.1267393194583489,0.1267393194583489,0.1558760082936834,0.2905539641032918,,b516
TCGA-COADREAD,M1_msd,517,SUDS3;FAM53B;SLC35D1;TOR1AIP2,0.0,0.1159644377199302,0.1662063461627941,-0.145556306445578,0.145556306445578,-0.1109220309175949,0.1109220309175949,0.1872260482905893,0.3577243120231634,,b517
TCGA-COADREAD,M1_msd,518,USP39;SSH1;ANAPC11;POLB,0.0,0.0653686631765924,0.1107217397085015,0.1084643603824212,0.1084643603824212,0.122425979779756,0.122425979779756,0.3386881736762199,0.287615507120347,,b518
TCGA-COADREAD,M1_msd,519,RBM14;CDK5RAP1;GNPNAT1;ZNF343,0.0,0.0734448020871001,0.1103247008674111,-0.1662823706933004,0.1662823706933004,-0.132808446586584,0.132808446586584,0.1300363909302209,0.2618973504976442,,b519
TCGA-COADREAD,M1_msd,520,GGNBP2;BAD;MAST2;ZFYVE1,0.0,0.0776903493842061,0.1371745762792777,0.1345068321971551,0.1345068321971551,0.1045859525097627,0.1045859525097627,0.2593219824546123,0.4156785411854228,,b520
TCGA-COADREAD,M1_msd,521,RSRC2;NDUFB6;CEBPB;ZNF250,0.0,0.1472513232453552,0.2105229526907072,0.187238793893062,0.187238793893062,0.1723237049657076,0.1723237049657076,0.087944750561141,0.1328339386921131,,b521
TCGA-COADREAD,M1_msd,522,THAP4;UBE2V2;P4HA2;WASH2P,0.0,0.0813338852987732,0.1213569877140005,0.0930029921009123,0.0930029921009123,0.0545194720705396,0.0545194720705396,0.3917257853920778,0.6304022902305446,,b522
TCGA-COADREAD,M1_msd,523,RSRC2;ZMYM3;CAT;SUV420H2,0.0,0.0945234420678524,0.1383116533788921,0.1490115632487638,0.1490115632487638,0.1195195039958568,0.1195195039958568,0.1858218416177903,0.3147011740201929,,b523
TCGA-COADREAD,M1_msd,524,RNF220;LDOC1L;CCDC56;PEMT,0.0,0.0736414030268905,0.1027836709207528,-0.0121225308134259,0.0121225308134259,0.0309845781541459,0.0309845781541459,0.9105364127919208,0.784470664048665,,b524
TCGA-COADREAD,M1_msd,525,WDR33;FAM111A;MLL;KIAA1370,0.0,0.0945426683424625,0.1700982857158708,0.018311815453926,0.018311815453926,0.0206538020780584,0.0206538020780584,0.8691397888111076,0.8721679457069792,,b525
TCGA-COADREAD,M1_msd,526,KPNA4;PGM2;TBC1D1;TIMM8A,0.0,0.1107129585819937,0.1985541228389639,-0.284195457063595,0.284195457063595,-0.1754774372976479,0.1754774372976479,0.0112519210938909,0.1175378129040944,,b526
TCGA-COADREAD,M1_msd,527,YTHDC1;NOC4L;MANF;FAM73A,0.0,0.0909645355158322,0.1310083249326926,-0.3224605979505611,0.3224605979505611,-0.2598740944479102,0.2598740944479102,0.0032350042495784,0.0168475579781864,,b527
TCGA-COADREAD,M1_msd,528,RAF1;RBM26;PPP2CB;LRFN3,0.0,0.0843600692875714,0.1333703240104168,-0.1682824116061173,0.1682824116061173,-0.1898240521193685,0.1898240521193685,0.1220613326796837,0.0975480043767145,,b528
TCGA-COADREAD,M1_msd,529,THAP4;TMEM161A;ICA1;THAP3,0.0,0.1120179515133559,0.14289968275839,0.0261476021757377,0.0261476021757377,0.0161088002921522,0.0161088002921522,0.8125071460430703,0.8869411460058974,,b529
TCGA-COADREAD,M1_msd,530,AGFG1;ZNF609;MYBBP1A;MTERFD3,0.0,0.0801312059168125,0.1701583873511947,-0.0363665372008755,0.0363665372008755,0.0371633986419453,0.0371633986419453,0.7380209320064623,0.7528364025969161,,b530
TCGA-COADREAD,M1_msd,531,DNAJA2;SGSH;NEDD4L;KLHL25,0.0,0.0854035897109002,0.1753991826757479,-0.154871322171426,0.154871322171426,-0.1456103171631683,0.1456103171631683,0.1822839314871331,0.226216090505774,,b531
TCGA-COADREAD,M1_msd,532,LSG1;CUL7;PTPRA;ATE1,0.0,0.0800049463132739,0.1867737225192964,0.0021998704739222,0.0021998704739222,-0.0994589853174787,0.0994589853174787,0.984684687859792,0.3631140790020513,,b532
TCGA-COADREAD,M1_msd,533,KPNA1;MRPL34;GNAQ;MAGOHB,0.0,0.0846445080924795,0.1553873111144165,-0.0071302313691004,0.0071302313691004,0.1041439026674025,0.1041439026674025,0.9456287068262396,0.322780377065497,,b533
TCGA-COADREAD,M1_msd,534,FAM32A;NOC4L;BAX;LOC151534,0.0,0.0920578075869339,0.1290217870261408,0.1200089451558325,0.1200089451558325,0.0475914481388272,0.0475914481388272,0.2541830687836464,0.6514629160955556,,b534
TCGA-COADREAD,M1_msd,535,CCNY;TGS1;OPTN;MED30,0.0,0.0557764244729206,0.1022728674113002,0.1536898319674055,0.1536898319674055,0.1248021700236248,0.1248021700236248,0.1408379617082035,0.2344559666249506,,b535
TCGA-COADREAD,M1_msd,536,MAPKAP1;C10orf2;POLR2L;DPP8,0.0,0.072695331048442,0.0963735128382734,0.1226149513531192,0.1226149513531192,0.2581356374590889,0.2581356374590889,0.2744571093121764,0.0285600376528487,,b536
TCGA-COADREAD,M1_msd,537,PPP6C;RCOR1;MYBBP1A;ZCCHC2,0.0,0.0692799057248994,0.0896639323533151,-0.0456557656610949,0.0456557656610949,0.0549978004526879,0.0549978004526879,0.6785178985442046,0.648248821508079,,b537
TCGA-COADREAD,M1_msd,538,PRCC;FAM109A;MICAL3;CXorf56,0.0,0.088243697940413,0.1435138175395247,-0.1255250599834878,0.1255250599834878,-0.1091791928815125,0.1091791928815125,0.2427056962124187,0.3319340242231372,,b538
TCGA-COADREAD,M1_msd,539,CTCF;BID;MRPL13;POLR3F,0.0,0.1168797494137826,0.1889425445010086,-0.1780859844016546,0.1780859844016546,-0.1084458153807467,0.1084458153807467,0.1259443575376107,0.40345411945675,,b539
TCGA-COADREAD,M1_msd,540,EIF2B5;AMZ2;MICAL3;CCDC112,0.0,0.0985866754609309,0.1565633741026897,-0.043799827302952,0.043799827302952,-0.0453511941105577,0.0453511941105577,0.6829144096221341,0.69080916314246,,b540
TCGA-COADREAD,M1_msd,541,THAP4;PEX2;SIVA1;FBXW9,0.0,0.1122193702292982,0.1757506665971835,-0.1126533307172484,0.1126533307172484,0.009287352481826,0.009287352481826,0.3053563689484957,0.9407470034147491,,b541
TCGA-COADREAD,M1_msd,542,DNAJB12;DOCK7;FAM3A;CCDC58,0.0,0.1474074345460697,0.2287823759247529,0.0909732894246867,0.0909732894246867,0.04961682025857,0.04961682025857,0.4157373923622358,0.6553446891938628,,b542
TCGA-COADREAD,M1_msd,543,MFF;YIF1B;MYST3;PHF17,0.0,0.1033447627547555,0.1458955024484502,0.0015239506002563,0.0015239506002563,0.0597532188102349,0.0597532188102349,0.9886329662185542,0.5872093714515971,,b543
TCGA-COADREAD,M1_msd,544,AFTPH;TRMT1;MGST2;C1orf216,0.0,0.1019457016080413,0.1393312618087765,0.0677019329883462,0.0677019329883462,0.0526480777583511,0.0526480777583511,0.5493068441698357,0.6493443386382063,,b544
TCGA-COADREAD,M1_msd,545,DNAJA2;HEBP1;PCSK7;EXD3,0.0,0.0892673788759443,0.1219830472845172,0.0325860579423624,0.0325860579423624,0.0099003832721382,0.0099003832721382,0.7725606484542699,0.9318393055081524,,b545
TCGA-COADREAD,M1_msd,546,USP39;MRPL34;FAM128B;CCDC112,0.0,0.0605469483336938,0.1107217397085015,0.0470756926216391,0.0470756926216391,0.1206823676095041,0.1206823676095041,0.6667066046309071,0.2841601287721639,,b546
TCGA-COADREAD,M1_msd,547,USP39;KIAA1598;ABHD11;PITPNM2,0.0,0.0944020491558097,0.1512301251665194,0.0100122700627057,0.0100122700627057,0.0500530129258436,0.0500530129258436,0.9295473043173572,0.6625439612375598,,b547
TCGA-COADREAD,M1_msd,548,UBE2Q1;RBM26;PNPLA2;ZNF780B,0.0,0.0658088136981534,0.1184302643930011,0.0942374344663408,0.0942374344663408,-0.0386841618435254,0.0386841618435254,0.3880397933584032,0.7349947775812437,,b548
TCGA-COADREAD,M1_msd,549,KCMF1;HDAC6;ASXL1;C11orf80,0.0,0.1059297419669642,0.1398603288179026,0.1352502380895726,0.1352502380895726,0.0301220213274167,0.0301220213274167,0.2143264397605527,0.7920265668931558,,b549
TCGA-COADREAD,M1_msd,550,QRICH1;MRPL27;ACVR1B;SAP30,0.0,0.1155037528634213,0.2107697551546321,-0.1969946465908761,0.1969946465908761,-0.052784892658183,0.052784892658183,0.0566867303279437,0.6022662607982581,,b550
TCGA-COADREAD,M1_msd,551,RBM22;NAT9;BOLA2;C22orf46,0.0,0.0966027039905414,0.2081561387806139,0.0046318930386154,0.0046318930386154,-0.059767811288504,0.059767811288504,0.9674942814978428,0.6115823126665305,,b551
TCGA-COADREAD,M1_msd,552,SART3;BCL9;ARHGEF16;C11orf67,0.0,0.1272164699463318,0.2122989392458147,-0.0260951688342431,0.0260951688342431,-0.0961421246345834,0.0961421246345834,0.8001354212781493,0.3870935718571038,,b552
TCGA-COADREAD,M1_msd,553,GORASP1;KIAA1430;GNPNAT1;MTERFD3,0.0,0.1105870428062271,0.1701583873511947,-0.1497453486587631,0.1497453486587631,-0.0155802390673698,0.0155802390673698,0.1856495053449861,0.8926403268954878,,b553
TCGA-COADREAD,M1_msd,554,CCNY;C11orf48;CNIH;HAUS1,0.0,0.0652040614211332,0.1022728674113002,-0.0351328072656292,0.0351328072656292,0.1141071088332292,0.1141071088332292,0.7496601134788541,0.3349756436709581,,b554
TCGA-COADREAD,M1_msd,555,RIC8A;PLEKHM1;IDH3B;C11orf80,0.0,0.1059170620672354,0.1503107347691428,-0.0513841664879667,0.0513841664879667,-0.0530218852988511,0.0530218852988511,0.6469287358273424,0.6453376055393947,,b555
TCGA-COADREAD,M1_msd,556,YTHDC1;RPUSD1;ALG5;C17orf58,0.0,0.1429569925607929,0.2198715261115323,-0.2356403909915599,0.2356403909915599,-0.3132673686451269,0.3132673686451269,0.0313112634177962,0.0030895975899505,,b556
TCGA-COADREAD,M1_msd,557,FUBP3;BCL7C;BCL9L;POLI,0.0,0.1256730028874692,0.2100137913666743,0.2355011788595993,0.2355011788595993,0.1266576678836403,0.1266576678836403,0.0145850635969654,0.1673365805406246,,b557
TCGA-COADREAD,M1_msd,558,DNAJA2;ASH2L;C7orf50;KIF24,0.0,0.1182428118563118,0.21920639288596,-0.1037871562251555,0.1037871562251555,-0.1154126692076726,0.1154126692076726,0.3543411856962178,0.3352887886484835,,b558
TCGA-COADREAD,M1_msd,559,VPS26B;SH2B1;GPD1L;C7orf47,0.0,0.1211082817475045,0.1782335242451742,-0.0304742606482511,0.0304742606482511,-0.05959843368902,0.05959843368902,0.7855344276670476,0.5956716437465961,,b559
TCGA-COADREAD,M1_msd,560,SART3;TOR1B;H1FX;ATL3,0.0,0.0484931780205744,0.0791596518548285,0.1318661821821336,0.1318661821821336,0.1119994139315659,0.1119994139315659,0.2528244039286638,0.3318731562862387,,b560
TCGA-COADREAD,M1_msd,561,RSRC2;GMEB2;TMEM9;CCDC107,0.0,0.0868201211156704,0.1383116533788921,0.1783248258818104,0.1783248258818104,0.0848032414504471,0.0848032414504471,0.0917260885367425,0.4499089283295709,,b561
TCGA-COADREAD,M1_msd,562,CTCF;TULP4;ZNF217;C17orf58,0.0,0.1234975219035521,0.2198715261115323,0.0249794379446656,0.0249794379446656,-0.1542143943986339,0.1542143943986339,0.824668251322541,0.2077646804669777,,b562
TCGA-COADREAD,M1_msd,563,EIF2B5;NR2C2;FAM3A;ZCCHC2,0.0,0.1301578956325791,0.2287823759247529,0.0657172462451903,0.0657172462451903,0.0591728452817673,0.0591728452817673,0.561429283596992,0.6141504874672347,,b563
TCGA-COADREAD,M1_msd,564,MFF;CHRAC1;PRC1;ZNF75D,0.0,0.0983664893234787,0.1636246408554948,0.0857094439681896,0.0857094439681896,0.1262478731514562,0.1262478731514562,0.4260832714250649,0.2908689384329561,,b564
TCGA-COADREAD,M1_msd,565,RBM22;DOCK7;PEPD;C6orf134,0.0,0.1385424319705566,0.2081561387806139,-0.0917505031088237,0.0917505031088237,-0.1599977127932775,0.1599977127932775,0.3956758015411737,0.198637553338427,,b565
TCGA-COADREAD,M1_msd,566,RAB35;APAF1;PJA2;C16orf7,0.0,0.1191905791481661,0.1537468590649093,-0.1670949015753821,0.1670949015753821,-0.1694739113742631,0.1694739113742631,0.1507081383506801,0.1680555524656753,,b566
TCGA-COADREAD,M1_msd,567,PRCC;LOC651250;SLC25A24;ERICH1,0.0,0.0754482271178458,0.1341354521759122,-0.2617399829977331,0.2617399829977331,-0.1634006501347545,0.1634006501347545,0.0132543022536831,0.1255095796203889,,b567
TCGA-COADREAD,M1_msd,568,DNAJB12;SMC2;SMAGP;PTPN21,0.0,0.1113316340397385,0.1989139566201761,-0.0742075253354475,0.0742075253354475,-0.0233752825315227,0.0233752825315227,0.4860318818735726,0.8267089627748387,,b568
TCGA-COADREAD,M1_msd,569,SMU1;ULK3;ASXL1;C1orf216,0.0,0.0944020232841224,0.1393312618087765,0.1529254928713564,0.1529254928713564,0.1700891676675246,0.1700891676675246,0.1553765731137158,0.1063589242096815,,b569
TCGA-COADREAD,M1_msd,570,KPNA4;C10orf2;ANP32E;FBXO5,0.0,0.1069965825632447,0.1962025987718737,-0.0683585712001337,0.0683585712001337,-0.0130725245410943,0.0130725245410943,0.5468016730965557,0.9151270742175694,,b570
TCGA-COADREAD,M1_msd,571,LSG1;COPS3;FNDC3A;PLEKHM3,0.0,0.0938793518637308,0.1867737225192964,0.0032694831466874,0.0032694831466874,-0.0441695461975287,0.0441695461975287,0.9771178674311712,0.7131543114965613,,b571
TCGA-COADREAD,M1_msd,572,IWS1;MESDC1;SEC14L1;FBXL15,0.0,0.1213718771930172,0.1774953609597281,0.2138991416490531,0.2138991416490531,0.0797362328739368,0.0797362328739368,0.0462479973792346,0.4729530471210458,,b572
TCGA-COADREAD,M1_msd,573,SPOP;RPAP1;PTPRA;DGKE,0.0,0.1112530344717792,0.1937361329339512,0.0709491506979217,0.0709491506979217,-0.0304787678099782,0.0304787678099782,0.5071097580243502,0.7760786380977212,,b573
TCGA-COADREAD,M1_msd,574,FUBP3;SLC25A13;MICAL3;KIAA1530,0.0,0.1013108953692989,0.1973301150431564,-0.0672864999112589,0.0672864999112589,-0.1569715413089962,0.1569715413089962,0.5340853764134172,0.1760562998068041,,b574
TCGA-COADREAD,M1_msd,575,CAMKK2;SGSH;USMG5;TIGD5,0.0,0.1310363300956106,0.1838080937614411,0.0222348895464583,0.0222348895464583,0.0565314354012837,0.0565314354012837,0.8411605434891536,0.6047663512166527,,b575
TCGA-COADREAD,M1_msd,576,KPNA1;FUK;GSTO1;MMACHC,0.0,0.0961606044392652,0.1553873111144165,-0.0441552340420768,0.0441552340420768,-0.0275117264293041,0.0275117264293041,0.6952093989515908,0.8044336655991727,,b576
TCGA-COADREAD,M1_msd,577,CAMKK2;FBXL19;PHPT1;STRADB,0.0,0.1117841530030129,0.1702154241551093,-0.0575892573083214,0.0575892573083214,-0.0432085961897218,0.0432085961897218,0.5757139438213451,0.6727556704095924,,b577
TCGA-COADREAD,M1_msd,578,IWS1;WDFY3;RABAC1;MCPH1,0.0,0.1090197452829182,0.1560813496805183,-6.874836853152511e-05,6.874836853152511e-05,0.0239784872741317,0.0239784872741317,0.999487708925662,0.8378289308809668,,b578
TCGA-COADREAD,M1_msd,579,KCMF1;SC5DL;RB1;PORCN,0.0,0.1411280758910311,0.2327931881220565,0.0484473708483734,0.0484473708483734,-0.0472741168208703,0.0472741168208703,0.6720358094137883,0.7009594730982702,,b579
TCGA-COADREAD,M1_msd,580,UBE2Q1;SPSB3;GALM;CLN8,0.0,0.0879098810436255,0.2198735718684847,0.0886008396274486,0.0886008396274486,0.0633609740883083,0.0633609740883083,0.4270940677108061,0.5625368763519096,,b580
TCGA-COADREAD,M1_msd,581,FBXO18;SMG6;CLN3;TMEM187,0.0,0.1009865264084167,0.137246168512896,0.043272960039402,0.043272960039402,0.0911321706547812,0.0911321706547812,0.6929374918946146,0.4314364454575944,,b581
TCGA-COADREAD,M1_msd,582,EIF4E2;C19orf70;C7orf59;TRMU,0.0,0.0654932393889298,0.1144238185945792,0.047597773095812,0.047597773095812,0.1915907873610756,0.1915907873610756,0.6753434783378114,0.1152983813766713,,b582
TCGA-COADREAD,M1_msd,583,WTAP;C1orf85;RPIA;RP9P,0.0,0.0862029974056134,0.1496272979075293,0.2987516599787704,0.2987516599787704,0.2206934077051711,0.2206934077051711,0.0040955750862512,0.0466313754922848,,b583
TCGA-COADREAD,M1_msd,584,MAPKAP1;SGSH;SUPT4H1;RCCD1,0.0,0.1010923801118667,0.191050010043317,0.2209310762537494,0.2209310762537494,0.1708636647590613,0.1708636647590613,0.034888944405295,0.1029047384466652,,b584
TCGA-COADREAD,M1_msd,585,MFF;RCOR1;SLC25A24;MAPKBP1,0.0,0.070650537473045,0.1391792392463472,-0.1038230237848243,0.1038230237848243,-0.0086646449351453,0.0086646449351453,0.3376866231632625,0.9392139218813056,,b585
TCGA-COADREAD,M1_msd,586,RAB35;TFAM;RB1;ZDHHC1,0.0,0.1397620107432965,0.2334399872135929,-0.0457836978145481,0.0457836978145481,-0.0358435241063198,0.0358435241063198,0.6600477993344587,0.743847856821221,,b586
TCGA-COADREAD,M1_msd,587,FAM98A;LSM2;AKAP11;PUS7L,0.0,0.1171345101967927,0.2066075473217374,-0.1892580367892607,0.1892580367892607,-0.183752758337001,0.183752758337001,0.0763065725521811,0.1089471478662078,,b587
TCGA-COADREAD,M1_msd,588,C19orf50;PCID2;TNFRSF14;ANKS3,0.0,0.093081980014547,0.1338813108216355,0.1875039032835772,0.1875039032835772,0.1019406338838619,0.1019406338838619,0.0976648982189118,0.3555674601977061,,b588
TCGA-COADREAD,M1_msd,589,QRICH1;KIAA0355;ZNF395;LRRC37A,0.0,0.1114197634114289,0.1613620388033351,-0.1371675680703326,0.1371675680703326,-0.1638448890556266,0.1638448890556266,0.2073848926073754,0.1829923095735722,,b589
TCGA-COADREAD,M1_msd,590,PYGO2;RAPGEF2;PEPD;ATP9B,0.0,0.1050501839519177,0.1704133816283063,0.1311520559785518,0.1311520559785518,0.0555110600606384,0.0555110600606384,0.2213030822227478,0.608538525509462,,b590
TCGA-COADREAD,M1_msd,591,ARIH2;NFU1;FEN1;KIF24,0.0,0.1535255809466039,0.21920639288596,-0.1042579732823071,0.1042579732823071,0.0289648087187977,0.0289648087187977,0.3372989092993017,0.8007537966520935,,b591
TCGA-COADREAD,M1_msd,592,UBE2Q1;NEK7;STK35;RABGAP1L,0.0,0.0958539934509823,0.163599271619433,0.1862490638445849,0.1862490638445849,0.052463981410553,0.052463981410553,0.0781651598525453,0.6262621741337476,,b592
TCGA-COADREAD,M1_msd,593,QRICH1;KIAA0913;MAPK6;TMTC2,0.0,0.1058776473120872,0.1613620388033351,-0.0520874260104272,0.0520874260104272,-0.1019659309901987,0.1019659309901987,0.6507319645554573,0.4034443653272227,,b593
TCGA-COADREAD,M1_msd,594,PRCC;NIT2;MAP2K3;C9orf25,0.0,0.0846345140901641,0.1341354521759122,0.200508227313289,0.200508227313289,0.1179382783021904,0.1179382783021904,0.0749615298165119,0.2961335821589672,,b594
TCGA-COADREAD,M1_msd,595,GSK3B;BPNT1;FNDC3A;RAD51L3,0.0,0.088923687882764,0.2278813654147584,-0.1039903796657779,0.1039903796657779,-0.1901804921697709,0.1901804921697709,0.3309209535491264,0.0795192031351582,,b595
TCGA-COADREAD,M1_msd,596,USP39;UTP20;ATAD3A;C6orf167,0.0,0.087743314736344,0.1301805458016563,-0.0587341973752721,0.0587341973752721,-0.0267761245037013,0.0267761245037013,0.6007936705656172,0.8243567660725206,,b596
TCGA-COADREAD,M1_msd,597,PRCC;SEH1L;ZNF395;BMP2K,0.0,0.1043183725006527,0.1341354521759122,-0.2140032845342158,0.2140032845342158,-0.0769060892690209,0.0769060892690209,0.0524031364046831,0.4929321880966987,,b597
TCGA-COADREAD,M1_msd,598,KIAA1310;C11orf49;ASH1L;DPP8,0.0,0.0984743549169525,0.1709989783603238,0.0652734515358974,0.0652734515358974,0.0149070950914106,0.0149070950914106,0.5703941036977633,0.901405367218536,,b598
TCGA-COADREAD,M1_msd,599,EIF4E2;CXXC1;NFKBIA;PXK,0.0,0.1161989180370682,0.1885908476441714,0.0233969138489918,0.0233969138489918,0.1728475843220122,0.1728475843220122,0.8261794748484655,0.1116944472648576,,b599
TCGA-COADREAD,M1_msd,600,YY1;CFLAR;CCNB1IP1;PUSL1,0.0,0.1356838124492327,0.2329530678254222,0.0259930398861468,0.0259930398861468,0.0887955744083383,0.0887955744083383,0.8258683497009259,0.4642664331861312,,b600
TCGA-COADREAD,M1_msd,601,KIAA1310;TBC1D20;LPGAT1;LOC151534,0.0,0.0962951163522981,0.1709989783603238,0.3782497216658189,0.3782497216658189,0.2066722111718553,0.2066722111718553,0.0006792033894104,0.0868403020155947,,b601
TCGA-COADREAD,M1_msd,602,GORASP1;ELP2;CCPG1;RP9P,0.0,0.1525985728082927,0.1918726892507848,0.0934116988107718,0.0934116988107718,0.0458336260107645,0.0458336260107645,0.3913724811615053,0.6566996337319009,,b602
TCGA-COADREAD,M1_msd,603,PPP6C;MESDC1;AURKAIP1;WDR67,0.0,0.0718577250093024,0.1272982586827144,0.0262353419136294,0.0262353419136294,0.0613797845897273,0.0613797845897273,0.8043227119078262,0.5496979035812453,,b603
TCGA-COADREAD,M1_msd,604,AFTPH;DICER1;CARS2;FBXO4,0.0,0.1294222879112702,0.2080487341660181,-0.0376408344630348,0.0376408344630348,-0.0123201366363885,0.0123201366363885,0.7338598416829589,0.912576566301022,,b604
TCGA-COADREAD,M1_msd,605,MAPKAP1;VANGL1;GADD45GIP1;AKAP10,0.0,0.0854787155080053,0.1875452981620435,-0.0301170092541594,0.0301170092541594,0.0503132569121915,0.0503132569121915,0.779943308622491,0.6524389262166186,,b605
TCGA-COADREAD,M1_msd,606,ATMIN;ZNF292;FAM128B;TCTN2,0.0,0.1086714045495778,0.1726724691436315,0.3003581002377912,0.3003581002377912,0.2484449692964304,0.2484449692964304,0.0065009716199689,0.0211177597977912,,b606
TCGA-COADREAD,M1_msd,607,EPS15;TICAM1;NDUFV2;ABHD6,0.0,0.1188144646212971,0.1835811980410273,-0.1231593355017793,0.1231593355017793,-0.122964721371666,0.122964721371666,0.2644265438589802,0.2559410288015985,,b607
TCGA-COADREAD,M1_msd,608,VPS26B;PATZ1;C6orf125;ACBD4,0.0,0.1468112355285114,0.1988902410402862,0.0637593347930203,0.0637593347930203,0.0039237308990989,0.0039237308990989,0.549522176815004,0.9678900826913908,,b608
TCGA-COADREAD,M1_msd,609,PRCC;C10orf2;CKAP2;MXD3,0.0,0.1151974864191441,0.1677184566016257,-0.0779495983202268,0.0779495983202268,-0.0655577095680021,0.0655577095680021,0.480963332320688,0.5615017564654428,,b609
TCGA-COADREAD,M1_msd,610,SPPL3;HNF1A;MRPL13;C7orf47,0.0,0.1235917533004828,0.1889425445010086,0.0916329072139897,0.0916329072139897,0.0392427289763765,0.0392427289763765,0.4087659956389355,0.7157125566279807,,b610
TCGA-COADREAD,M1_msd,611,GSK3B;HOOK2;HPCAL1;STX8,0.0,0.0855264639133992,0.1439307681827367,0.2151655964103211,0.2151655964103211,0.0913257238871932,0.0913257238871932,0.0559906314572184,0.4316992797861446,,b611
TCGA-COADREAD,M1_msd,612,SPPL3;CAMTA2;PRCP;RAB12,0.0,0.1065813797318155,0.166576644241375,0.1851292657989735,0.1851292657989735,0.2412656537163215,0.2412656537163215,0.0793568161097503,0.0241262257827926,,b612
TCGA-COADREAD,M1_msd,613,GGNBP2;TMEM62;MPDU1;LOC151534,0.0,0.1186491365201452,0.1702216084316793,0.0502073147326891,0.0502073147326891,-0.0527651116933175,0.0527651116933175,0.6340798015353901,0.619932666818938,,b613
TCGA-COADREAD,M1_msd,614,C2orf29;PPIL1;PRCP;WRAP53,0.0,0.0832614285985526,0.166576644241375,-0.2913794261045678,0.2913794261045678,-0.1920450882303182,0.1920450882303182,0.0114402835798001,0.1281228749843517,,b614
TCGA-COADREAD,M1_msd,615,FUBP3;ORMDL2;GOT1;CCDC112,0.0,0.1084670942309111,0.1323198465325072,0.0222858624763974,0.0222858624763974,0.0694210418664017,0.0694210418664017,0.8365088122511034,0.529898104975164,,b615
TCGA-COADREAD,M1_msd,616,DAXX;RPUSD1;ICA1;TMEM231,0.0,0.0995141037000277,0.1391331179161464,-0.0827024841273645,0.0827024841273645,-0.0905367597028101,0.0905367597028101,0.4605297102815179,0.4303285192262557,,b616
TCGA-COADREAD,M1_msd,617,YY1;HCCS;ANP32E;LENG9,0.0,0.1141448875648072,0.1962025987718737,-0.0456327576866901,0.0456327576866901,-0.0026914633297787,0.0026914633297787,0.6723440201634696,0.981400641973636,,b617
TCGA-COADREAD,M1_msd,618,FAM98A;RBM26;CAT;LOC151534,0.0,0.1017215772607174,0.2066075473217374,0.0297033939446763,0.0297033939446763,-0.0937142248346509,0.0937142248346509,0.7808781541849238,0.4182203708053972,,b618
TCGA-COADREAD,M1_msd,619,RAB35;PLEKHA5;TNFRSF14;OCEL1,0.0,0.1350462777246055,0.2068502794584447,0.0100534455606087,0.0100534455606087,0.0287331534726152,0.0287331534726152,0.9286404047798864,0.8028252810954748,,b619
TCGA-COADREAD,M1_msd,620,FAM32A;PPIP5K2;CTNNBL1;C9orf64,0.0,0.0673762843979239,0.1335026709014803,-0.0169842795368485,0.0169842795368485,-0.0338947270927448,0.0338947270927448,0.8803805977755278,0.7780821838836706,,b620
TCGA-COADREAD,M1_msd,621,THAP4;PRDM2;JHDM1D;C9orf40,0.0,0.0906713008060768,0.1071832519570614,-0.0274221196323355,0.0274221196323355,0.0068645910054573,0.0068645910054573,0.8103861527627433,0.9545661714982904,,b621
TCGA-COADREAD,M1_msd,622,ARIH2;ALG8;NCOA3;PLEKHH3,0.0,0.087852442125714,0.138115587764612,-0.0739440530963078,0.0739440530963078,-0.0906480239253989,0.0906480239253989,0.4915869839959444,0.4307777072067836,,b622
TCGA-COADREAD,M1_msd,623,EPS15;BBX;KLF10;PEMT,0.0,0.1111133937528597,0.1835811980410273,0.0648538837047283,0.0648538837047283,-0.0265526543961407,0.0265526543961407,0.5529594221817526,0.8141690233761025,,b623
TCGA-COADREAD,M1_msd,624,RIC8A;POLR1C;SMAGP;TREX1,0.0,0.0952900707159285,0.1528879479041985,-0.0310239574210294,0.0310239574210294,0.1318094709816821,0.1318094709816821,0.7720017620462329,0.2493300078762158,,b624
TCGA-COADREAD,M1_msd,625,DNAJA2;UTP20;TRIM25;KLHL22,0.0,0.063738139567609,0.1600565744556151,-0.3429365425304848,0.3429365425304848,-0.2765349818954617,0.2765349818954617,0.001308906563954,0.0127296668841701,,b625
TCGA-COADREAD,M1_msd,626,RAB35;SESTD1;ADCY3;PXK,0.0,0.1544572344967758,0.1885908476441714,-0.0778987088949488,0.0778987088949488,-0.0099682695852314,0.0099682695852314,0.43329554988545,0.9236837957488312,,b626
TCGA-COADREAD,M1_msd,627,YTHDF2;CTPS;PEPD;RAD51L3,0.0,0.1002420115561197,0.2278813654147584,-0.1480385344614646,0.1480385344614646,-0.1219049561074625,0.1219049561074625,0.1824162322828251,0.296537641039886,,b627
TCGA-COADREAD,M1_msd,628,UBE2Q1;SUMF1;RIOK3;CBX8,0.0,0.0688984082071111,0.1051117221273447,0.0119537076696904,0.0119537076696904,-0.1567024655003175,0.1567024655003175,0.9129344340144776,0.1672284694168636,,b628
TCGA-COADREAD,M1_msd,629,EPS15;SUMF1;PFKFB3;C9orf64,0.0,0.1179082051710254,0.1976170246369451,0.0066750096535026,0.0066750096535026,0.0020343083019808,0.0020343083019808,0.9541947817300952,0.9856652326561997,,b629
TCGA-COADREAD,M1_msd,630,CCNY;TAF10;XPO7;MXD3,0.0,0.0749762705097044,0.1022728674113002,-0.0141826885807798,0.0141826885807798,-0.0342274374857374,0.0342274374857374,0.8991692296089054,0.7427167507216961,,b630
TCGA-COADREAD,M1_msd,631,AIMP1;NIT2;PINK1;CYB5D1,0.0,0.0970561311896119,0.1621114259084982,-0.013065123079239,0.013065123079239,0.0208329645115214,0.0208329645115214,0.9050849515562088,0.8535355119061763,,b631
TCGA-COADREAD,M1_msd,632,DNAJB12;NAT9;ZNFX1;SHCBP1,0.0,0.1008783024122041,0.1989139566201761,-0.004434001079377,0.004434001079377,-0.1295948046777673,0.1295948046777673,0.9677277920927868,0.2009810063731233,,b632
TCGA-COADREAD,M1_msd,633,SART3;C12orf11;FUCA1;C21orf91,0.0,0.0984753236476255,0.1745867486712663,-0.1589990167139888,0.1589990167139888,-0.0746533758044598,0.0746533758044598,0.1281809156597439,0.4973532663348406,,b633
TCGA-COADREAD,M1_msd,634,VPS26B;CTAGE5;IDI1;ZNF182,0.0,0.1389035454863836,0.2198076687352491,-0.0705090424816744,0.0705090424816744,-0.0944794828435501,0.0944794828435501,0.5277229196046916,0.4385827458264554,,b634
TCGA-COADREAD,M1_msd,635,SART3;SMC2;H1FX;FAM110A,0.0,0.0516351145650157,0.0791596518548285,0.1093474060841038,0.1093474060841038,0.150672079298897,0.150672079298897,0.3511551985515715,0.2227707139683059,,b635
TCGA-COADREAD,M1_msd,636,QRICH1;PPFIBP2;ACVR1B;ZFAT,0.0,0.1316173834735561,0.2426766340647539,-0.0694829882169172,0.0694829882169172,-0.0753357727152809,0.0753357727152809,0.5566428346124193,0.5416764141883967,,b636
TCGA-COADREAD,M1_msd,637,ATMIN;ORMDL2;TRIM44;C21orf70,0.0,0.1338580142538712,0.1726724691436315,-0.0785902818612845,0.0785902818612845,0.0234678404000679,0.0234678404000679,0.4985322874460204,0.8472108207353697,,b637
TCGA-COADREAD,M1_msd,638,C2orf29;SUMF1;SFRS18;CSPP1,0.0,0.0615510899781249,0.1463945914872015,-0.0421956012428479,0.0421956012428479,-0.0963309862114422,0.0963309862114422,0.6736370831567187,0.3970540768629104,,b638
TCGA-COADREAD,M1_msd,639,AFTPH;ZADH2;HIP1R;ZNF281,0.0,0.1105804233996247,0.1337743511594453,-0.1437692791237812,0.1437692791237812,-0.1434669731204696,0.1434669731204696,0.2080311447456682,0.2350573514653178,,b639
TCGA-COADREAD,M1_msd,640,KPNA1;C22orf30;IDH3B;TIMM8A,0.0,0.1262118393966603,0.1553873111144165,-0.0757411662356608,0.0757411662356608,-0.0484737947953515,0.0484737947953515,0.4972468860089023,0.6650574168467946,,b640
TCGA-COADREAD,M1_msd,641,SMU1;NFU1;PRCP;C21orf70,0.0,0.1221192878477258,0.166576644241375,-0.0577349206575961,0.0577349206575961,0.1354131176215279,0.1354131176215279,0.6117817783783758,0.2522556212174923,,b641
TCGA-COADREAD,M1_msd,642,SAR1A;NDUFAF3;BMPR2;CAMK1,0.0,0.094597529290956,0.1523961760149121,0.1763795341165466,0.1763795341165466,0.1889002446871002,0.1889002446871002,0.1077686388745901,0.0972903133324401,,b642
TCGA-COADREAD,M1_msd,643,EIF4E2;BAD;DCTPP1;USP43,0.0,0.0945934518105982,0.1258407223730834,-0.0640495688025718,0.0640495688025718,0.028700288443907,0.028700288443907,0.5587879029137373,0.8153585494733413,,b643
TCGA-COADREAD,M1_msd,644,EIF4E2;MRPL34;AFG3L2;PTPN21,0.0,0.0403332836499392,0.0595428284096381,-0.1033590376889379,0.1033590376889379,0.0477641390454074,0.0477641390454074,0.3354935064600509,0.6931695368515529,,b644
TCGA-COADREAD,M1_msd,645,FAM32A;SKA2;ZNHIT1;KIF18A,0.0,0.0853016681784955,0.1870252578782273,0.0342313927531285,0.0342313927531285,0.1304726134101815,0.1304726134101815,0.7384843908925837,0.2247895862629313,,b645
TCGA-COADREAD,M1_msd,646,FAM32A;ZADH2;CNIH;MTERFD3,0.0,0.0853186542334125,0.1701583873511947,-0.089741978403572,0.089741978403572,0.1086738696485211,0.1086738696485211,0.3983493907289387,0.342885632494878,,b646
TCGA-COADREAD,M1_msd,647,EPS15;SGSH;HIP1R;ZCCHC2,0.0,0.1146624872836389,0.1835811980410273,-0.0188260713330253,0.0188260713330253,-0.0264256145053347,0.0264256145053347,0.8696531572326285,0.8316661406200552,,b647
TCGA-COADREAD,M1_msd,648,RAB35;AACS;AAGAB;PASK,0.0,0.1024057903002515,0.1537468590649093,-0.1932344894610523,0.1932344894610523,-0.0615293101227155,0.0615293101227155,0.0810772609739442,0.607996956022206,,b648
TCGA-COADREAD,M1_msd,649,KIAA1310;SFRS17A;HGSNAT;BRF2,0.0,0.0937056233591665,0.1709989783603238,0.1070011094445077,0.1070011094445077,0.0761601873302148,0.0761601873302148,0.3422717378865932,0.5193879703813196,,b649
TCGA-COADREAD,M1_msd,650,BET1L;C11orf49;NSFL1C;TRMU,0.0,0.0573238730745862,0.0782358343707028,0.0243404740953767,0.0243404740953767,0.0353929037280507,0.0353929037280507,0.8247062801604914,0.7547012730079866,,b650
TCGA-COADREAD,M1_msd,651,RNF220;TRIM4;TBC1D2B;PAQR7,0.0,0.0971363307689454,0.1547896190028027,0.0938033044388511,0.0938033044388511,0.0664217716148724,0.0664217716148724,0.4226603657845055,0.5505404817980315,,b651
TCGA-COADREAD,M1_msd,652,WDR33;RRP1;CNNM4;NSMCE2,0.0,0.0790687313761156,0.1700982857158708,-0.0773572681351015,0.0773572681351015,0.0039584766663808,0.0039584766663808,0.4770088382182198,0.9730429702991986,,b652
TCGA-COADREAD,M1_msd,653,C2orf29;MAN2C1;SIVA1;ZNF107,0.0,0.0956758765784284,0.1757506665971835,0.1682891341809678,0.1682891341809678,0.1589539828525777,0.1589539828525777,0.1213820690257169,0.1586049389397131,,b653
TCGA-COADREAD,M1_msd,654,RNF220;CFLAR;OPTN;FAHD2A,0.0,0.0622031359401709,0.0762572585874614,0.178638812789867,0.178638812789867,0.0840216780481453,0.0840216780481453,0.0691271982994895,0.3627148140161645,,b654
TCGA-COADREAD,M1_msd,655,RAF1;TXNDC15;BAG3;DPP8,0.0,0.107205197876238,0.2010663227225148,0.0667594732043526,0.0667594732043526,0.0838476438748887,0.0838476438748887,0.5502205304971075,0.4474382645309025,,b655
TCGA-COADREAD,M1_msd,656,ARIH2;BCL9;MGST2;C11orf67,0.0,0.1220827481073889,0.2122989392458147,-0.0558895497667692,0.0558895497667692,-0.0503731250552692,0.0503731250552692,0.6113738491794516,0.6520211524199463,,b656
TCGA-COADREAD,M1_msd,657,ATMIN;COQ4;MED1;GINS3,0.0,0.1111468456309399,0.1726724691436315,-0.068570428088284,0.068570428088284,0.0389414818776533,0.0389414818776533,0.5335573804979585,0.7144304787443168,,b657
TCGA-COADREAD,M1_msd,658,RBM17;GMEB2;CARD10;ZNF75D,0.0,0.0676231690231661,0.1019284325858106,0.106361247242104,0.106361247242104,0.0781394761155899,0.0781394761155899,0.3115706408397024,0.5020108216338188,,b658
TCGA-COADREAD,M1_msd,659,DDX41;MRPL48;CNNM4;NCRNA00183,0.0,0.1153960281206827,0.1721620867519841,-0.0133309466996001,0.0133309466996001,0.0192059011844562,0.0192059011844562,0.9025776708357532,0.8730549222400477,,b659
TCGA-COADREAD,M1_msd,660,QRICH1;ANO10;FNDC3B;MAPKBP1,0.0,0.0666515246875022,0.1613620388033351,-0.0973644423275241,0.0973644423275241,-0.1232166546312565,0.1232166546312565,0.3636412502126781,0.2657120063933412,,b660
TCGA-COADREAD,M1_msd,661,SPOP;PDE4DIP;MAPK6;AGA,0.0,0.1066168378015019,0.1937361329339512,-0.0507594551580507,0.0507594551580507,-0.0756303257406879,0.0756303257406879,0.6590762596186681,0.5187465209517366,,b661
TCGA-COADREAD,M1_msd,662,CPSF7;RPRD1A;ARHGEF16;PTENP1,0.0,0.1078311087499828,0.1777284528713151,-0.0592674644550362,0.0592674644550362,-0.0793894361881297,0.0793894361881297,0.5588303618132937,0.4616640030839556,,b662
TCGA-COADREAD,M1_msd,663,ABCF3;B3GAT3;BAX;TRIM59,0.0,0.1471148003037418,0.2173900975031464,0.1525056020516053,0.1525056020516053,0.111569582345049,0.111569582345049,0.15611275044467,0.2943229875957498,,b663
TCGA-COADREAD,M1_msd,664,MFF;KIAA0355;CCDC109A;BRF2,0.0,0.0964503460881131,0.1391792392463472,-0.0076917321460761,0.0076917321460761,0.0600575303082487,0.0600575303082487,0.9459574784416346,0.6084146360187741,,b664
TCGA-COADREAD,M1_msd,665,KIAA1310;QDPR;PFKM;PIGP,0.0,0.1303501532364412,0.1709989783603238,0.0240497360119068,0.0240497360119068,0.1089271013383096,0.1089271013383096,0.8362452291174114,0.3915011640125969,,b665
TCGA-COADREAD,M1_msd,666,RBM14;DENND2D;GRAMD4;SPC25,0.0,0.12180808189572,0.1643869316119579,-0.2322181959588798,0.2322181959588798,-0.1586484774449699,0.1586484774449699,0.030806755674403,0.1684628477405712,,b666
TCGA-COADREAD,M1_msd,667,C2orf29;PPP3CA;ANLN;CCDC112,0.0,0.0986309907530882,0.179194393054761,-0.0797865695627688,0.0797865695627688,-0.0737819705321417,0.0737819705321417,0.4631935100444301,0.5073227851778419,,b667
TCGA-COADREAD,M1_msd,668,WDR33;TCEB1;BSCL2;PIGW,0.0,0.1046180777437355,0.1700982857158708,0.0359848931774511,0.0359848931774511,0.0217394588602704,0.0217394588602704,0.7407457914287674,0.8528445667484078,,b668
TCGA-COADREAD,M1_msd,669,YTHDC1;CTPS;CCNB1IP1;YOD1,0.0,0.1162755906602339,0.2329530678254222,-0.117863067704859,0.117863067704859,-0.1757769138503721,0.1757769138503721,0.2963385375869684,0.1269916130468115,,b669
TCGA-COADREAD,M1_msd,670,RBM17;PPFIBP2;PPP2CB;KIAA1841,0.0,0.0844799603788537,0.1345715824875868,-0.0898343472089741,0.0898343472089741,0.0075795540205898,0.0075795540205898,0.4028573516719613,0.942125466223184,,b670
TCGA-COADREAD,M1_msd,671,CCNY;PRDM2;SIVA1;ADAT1,0.0,0.1252166862626451,0.1757506665971835,0.0713321424243474,0.0713321424243474,0.1264339465591522,0.1264339465591522,0.5064910830177957,0.2498893426310825,,b671
TCGA-COADREAD,M1_msd,672,RSRC2;ZNF12;HDHD3;RNF5P1,0.0,0.1347739407761033,0.2122517311365972,0.177438008750939,0.177438008750939,0.1125637631023823,0.1125637631023823,0.1182917273586521,0.3509294663977952,,b672
TCGA-COADREAD,M1_msd,673,SMU1;RBMS2;ABHD11;RPP40,0.0,0.1236435432737645,0.2425418095509616,-0.0544985093519894,0.0544985093519894,0.0312350268399349,0.0312350268399349,0.6139451172062731,0.7684231331115895,,b673
TCGA-COADREAD,M1_msd,674,ARL8B;ZMYM3;PLK1;PIGW,0.0,0.1060881512344929,0.1756693206681601,-0.0989712540868786,0.0989712540868786,-0.1662399645126581,0.1662399645126581,0.351722049086553,0.1427709179917733,,b674
TCGA-COADREAD,M1_msd,675,YTHDF2;LRCH4;LRRC16A;ATP7A,0.0,0.070349596206386,0.1956572748832035,0.0265176342845064,0.0265176342845064,-0.0238317139975422,0.0238317139975422,0.8174486322479839,0.8353929952343351,,b675
TCGA-COADREAD,M1_msd,676,THAP4;CHCHD1;TMEM9;THAP3,0.0,0.1105382802161173,0.14289968275839,0.050661262470257,0.050661262470257,0.0708944037874294,0.0708944037874294,0.642727749865668,0.5136243079060174,,b676
TCGA-COADREAD,M1_msd,677,MFF;ELMO2;CLCN3;FLYWCH2,0.0,0.0565097962459552,0.1391792392463472,-0.0974884355839659,0.0974884355839659,-0.2176262829680994,0.2176262829680994,0.3869386193408458,0.0571131947801371,,b677
TCGA-COADREAD,M1_msd,678,RAB35;TRMT1;EHBP1L1;CCDC107,0.0,0.0791121061398237,0.1537468590649093,0.0990819289600091,0.0990819289600091,0.0762439680637945,0.0762439680637945,0.3645005449239513,0.4885786589816412,,b678
TCGA-COADREAD,M1_msd,679,LSG1;B3GAT3;PRPS2;KIF9,0.0,0.1364296073878534,0.2079726276652049,-0.0872196387713915,0.0872196387713915,-0.0867465222719852,0.0867465222719852,0.4278161002644207,0.430327601009828,,b679
TCGA-COADREAD,M1_msd,680,ARIH2;ALG8;RIOK3;BRF2,0.0,0.0782741621902997,0.1066782673947727,-0.1626153130726958,0.1626153130726958,-0.1287771991322654,0.1287771991322654,0.1407423531267258,0.2679717100696671,,b680
TCGA-COADREAD,M1_msd,681,GTF3C2;RRP9;MYBBP1A;SCAPER,0.0,0.1041101491338001,0.1731089361674114,-0.050037916827029,0.050037916827029,-0.0019978202848575,0.0019978202848575,0.6483538989688206,0.9863933881180116,,b681
TCGA-COADREAD,M1_msd,682,SPPL3;MANBA;PINK1;C21orf70,0.0,0.1289065968255537,0.1621114259084982,0.0629265332561175,0.0629265332561175,0.1282001187163199,0.1282001187163199,0.5658846906518712,0.2677698613838067,,b682
TCGA-COADREAD,M1_msd,683,PRCC;MEX3C;FOXK1;MAGOHB,0.0,0.089231642614795,0.1341354521759122,-0.0172165168218539,0.0172165168218539,-0.0082210695848,0.0082210695848,0.8735577610794414,0.9420116126692674,,b683
TCGA-COADREAD,M1_msd,684,PPM1B;SLC25A25;RAE1;PXMP2,0.0,0.1187518228346043,0.2071291451555035,-0.0956353101198347,0.0956353101198347,-0.1183061431743361,0.1183061431743361,0.3955361102416072,0.3221076997441738,,b684
TCGA-COADREAD,M1_msd,685,GGNBP2;PEX16;SHARPIN;ITGB3BP,0.0,0.1399505747357329,0.1438085835681212,0.0625413972948182,0.0625413972948182,0.0058442392821277,0.0058442392821277,0.5610077210774165,0.9574169368669344,,b685
TCGA-COADREAD,M1_msd,686,GTF3C2;HDDC2;SUPT4H1;PIGW,0.0,0.117592095498829,0.191050010043317,0.0519555570755524,0.0519555570755524,0.0134640713558051,0.0134640713558051,0.6411656119404423,0.90512234040611,,b686
TCGA-COADREAD,M1_msd,687,UBE2Q1;FAM199X;LRRC16A;L2HGDH,0.0,0.0902168686030054,0.1956572748832035,-0.1979068573733393,0.1979068573733393,-0.1589672639316201,0.1589672639316201,0.0649353851505479,0.1634073970175235,,b687
TCGA-COADREAD,M1_msd,688,IWS1;RPAP1;MEST;THNSL1,0.0,0.1168516268757947,0.1560813496805183,-0.0198960914403092,0.0198960914403092,-0.0251886269353396,0.0251886269353396,0.8587570916097302,0.8177121398269526,,b688
TCGA-COADREAD,M1_msd,689,YTHDC1;SC5DL;CNNM4;MAPKBP1,0.0,0.0813803878851256,0.1310083249326926,-0.081948907451973,0.081948907451973,-0.1654721481652734,0.1654721481652734,0.4679334525402489,0.2049750834505609,,b689
TCGA-COADREAD,M1_msd,690,VPS26B;KIAA0146;ATAD3A;CCDC107,0.0,0.0949038841806344,0.1367785965022259,-0.1340394088013181,0.1340394088013181,-0.0828482208647165,0.0828482208647165,0.2091367656425025,0.4466090877233162,,b690
TCGA-COADREAD,M1_msd,691,CTCF;C12orf35;CHPT1;C6orf129,0.0,0.087243723112537,0.1196334041118048,0.0716301463681566,0.0716301463681566,-0.0652120038397322,0.0652120038397322,0.5106223175242619,0.5561762976579538,,b691
TCGA-COADREAD,M1_msd,692,EPS15;PPAN;MAP7D1;THNSL1,0.0,0.1164545444164655,0.1835811980410273,0.0121575142107349,0.0121575142107349,-0.021127564148186,0.021127564148186,0.910569090329676,0.8489047130487164,,b692
TCGA-COADREAD,M1_msd,693,RIC8A;ELP2;PEPD;FBXO4,0.0,0.1322478767441721,0.2080487341660181,-0.0676636395600467,0.0676636395600467,0.0560963865767252,0.0560963865767252,0.531174369506568,0.601715720179812,,b693
TCGA-COADREAD,M1_msd,694,PPP6C;SOS2;HEXA;ADAT1,0.0,0.1121436825686565,0.1509933546806078,-0.0081345106117051,0.0081345106117051,0.0501375200045551,0.0501375200045551,0.9437154267183404,0.6747038691213194,,b694
TCGA-COADREAD,M1_msd,695,DAXX;PPFIBP2;ELF4;DPP8,0.0,0.0638811115147193,0.0881914218029459,-0.0401955569275937,0.0401955569275937,-0.0436259599172893,0.0436259599172893,0.7167919333060819,0.7057274580387346,,b695
TCGA-COADREAD,M1_msd,696,SMU1;TRAF3IP2;MAP2K3;LRFN3,0.0,0.1040970694019652,0.1333703240104168,-0.047961241532215,0.047961241532215,0.0088291899007883,0.0088291899007883,0.6510256911030334,0.9368730801274324,,b696
TCGA-COADREAD,M1_msd,697,RNF220;RAB11FIP5;RNF6;SMYD3,0.0,0.0929826950594254,0.1097290872926186,0.113221028376101,0.113221028376101,0.0052880018216686,0.0052880018216686,0.3129859674574703,0.9621422875690336,,b697
TCGA-COADREAD,M1_msd,698,RANBP3;HIBCH;C7orf50;TDRKH,0.0,0.1415766685120097,0.1842892273088957,0.0907164241720277,0.0907164241720277,0.0457197807472021,0.0457197807472021,0.4159971376340469,0.6987802594892615,,b698
TCGA-COADREAD,M1_msd,699,KPNA4;PHF20L1;MRPL13;C3orf64,0.0,0.0756842425954468,0.1889425445010086,-0.0428172873450369,0.0428172873450369,0.0400384469842984,0.0400384469842984,0.6916014086955976,0.7168360461999802,,b699
TCGA-COADREAD,M1_msd,700,THUMPD1;PCNX;RIOK3;FXN,0.0,0.0984879655397716,0.1893787297811848,-0.1014225711271715,0.1014225711271715,-0.0251538601051686,0.0251538601051686,0.3787768192250594,0.8262481394212127,,b700
TCGA-COADREAD,M1_msd,701,GSK3B;BOD1L;MAPK6;CLPB,0.0,0.0874354733760051,0.1607053770037407,-0.0759919735451965,0.0759919735451965,-0.1696271951099805,0.1696271951099805,0.4806515799730448,0.133422495082132,,b701
TCGA-COADREAD,M1_msd,702,DNAJC14;SNX7;CASP7;UHRF1BP1L,0.0,0.1295972579256191,0.201921268011879,-0.1904427348153681,0.1904427348153681,-0.1280293644286299,0.1280293644286299,0.0370531764733892,0.2310480488281723,,b702
TCGA-COADREAD,M1_msd,703,PPP6C;C12orf62;IVD;TCTN2,0.0,0.1059776813450748,0.1480146001297038,0.0562584343932211,0.0562584343932211,0.2413563321857964,0.2413563321857964,0.5980706516104182,0.0257615342994197,,b703
TCGA-COADREAD,M1_msd,704,DNAJA2;RPUSD1;DUSP16;ZNF496,0.0,0.0632997301658531,0.1105034910500365,-0.2497958142485075,0.2497958142485075,-0.3019415626847053,0.3019415626847053,0.0217823102410411,0.0051121757757245,,b704
TCGA-COADREAD,M1_msd,705,RBM22;BDP1;LZTS2;CCDC112,0.0,0.145396028423022,0.2081561387806139,0.1050981505830337,0.1050981505830337,0.0807648783205611,0.0807648783205611,0.3496086160148735,0.4824432350399592,,b705
TCGA-COADREAD,M1_msd,706,SUDS3;AGBL5;AFG3L2;KIAA1841,0.0,0.1006337255972887,0.1345715824875868,-0.1663147878766944,0.1663147878766944,-0.1260323291533683,0.1260323291533683,0.1308630099691406,0.242074591680753,,b706
TCGA-COADREAD,M1_msd,707,CNOT2;LSM5;COG3;DZIP3,0.0,0.126962885271524,0.208260043804318,0.048315958721448,0.048315958721448,-0.0147112885618112,0.0147112885618112,0.6461171012512439,0.8860251481635201,,b707
TCGA-COADREAD,M1_msd,708,GGNBP2;FCHO2;GPR35;STRADB,0.0,0.0775213103338211,0.1371745762792777,-0.1425680623174511,0.1425680623174511,-0.1251476292006447,0.1251476292006447,0.1831349364250071,0.2570529408245638,,b708
TCGA-COADREAD,M1_msd,709,IWS1;SC5DL;RAB11FIP4;CETN3,0.0,0.1027267454170255,0.1560813496805183,-0.1004683719793499,0.1004683719793499,-0.1438550017713276,0.1438550017713276,0.3599268176405595,0.2347074984946088,,b709
TCGA-COADREAD,M1_msd,710,YTHDF2;CETN2;FAM3A;ARV1,0.0,0.0854585365018568,0.2287823759247529,-0.0604677497176021,0.0604677497176021,-0.0222857772023639,0.0222857772023639,0.5786230708267961,0.8383366253027601,,b710
TCGA-COADREAD,M1_msd,711,FAM32A;TMEM161A;TMEM106B;PPIL5,0.0,0.0466837076365508,0.0588886727984995,-0.0681342294613279,0.0681342294613279,0.0395625170787758,0.0395625170787758,0.5134055098547314,0.7317959792207467,,b711
TCGA-COADREAD,M1_msd,712,PPP6C;ZNF292;KDM5B;LOC400027,0.0,0.1357261909989771,0.2132499070374733,0.138392206118401,0.138392206118401,0.0735251624226829,0.0735251624226829,0.2304363594737916,0.5383233798444348,,b712
TCGA-COADREAD,M1_msd,713,CPSF6;BBX;XPO4;FAHD2A,0.0,0.1024275076150578,0.2080189693830288,-0.0042625541102527,0.0042625541102527,-0.0363727511169449,0.0363727511169449,0.9690605191089882,0.7487021841649715,,b713
TCGA-COADREAD,M1_msd,714,SUDS3;RAP2B;RNF6;ERICH1,0.0,0.1027776500556417,0.1180486009523795,0.0057376843834703,0.0057376843834703,-0.041196330025013,0.041196330025013,0.95923750552767,0.7370688791021867,,b714
TCGA-COADREAD,M1_msd,715,AFTPH;PMVK;ABHD11;C9orf41,0.0,0.1290994858859324,0.1605271946637168,-0.0502812214863641,0.0502812214863641,-0.0660700195357403,0.0660700195357403,0.639053949419196,0.5482399874200758,,b715
TCGA-COADREAD,M1_msd,716,GTF3C2;ZHX1;GOLGA7;KIF24,0.0,0.1670871363823906,0.21920639288596,-0.0796439186013734,0.0796439186013734,0.0305462933373472,0.0305462933373472,0.4331709072873376,0.7655856696611282,,b716
TCGA-COADREAD,M1_msd,717,LSG1;PATZ1;MLL3;MREG,0.0,0.1178507390948106,0.1867737225192964,-0.0238609405240468,0.0238609405240468,-0.000519396319004,0.000519396319004,0.8305518596026661,0.9963697089301816,,b717
TCGA-COADREAD,M1_msd,718,YTHDF2;HMBS;UTP14A;THEM4,0.0,0.0911901799159819,0.206128539325105,-0.104709730148114,0.104709730148114,-0.0670077842949163,0.0670077842949163,0.3402476539998558,0.5747412911885218,,b718
TCGA-COADREAD,M1_msd,719,YY1;PEX2;AKAP9;L2HGDH,0.0,0.098900276687887,0.1510640717301863,-0.2081528355646132,0.2081528355646132,-0.0689058961504664,0.0689058961504664,0.0873989135251257,0.5792763796573466,,b719
TCGA-COADREAD,M1_msd,720,MAPKAP1;RAB20;PGPEP1;LRFN3,0.0,0.0996391836411088,0.1675870319047211,0.1145867895955155,0.1145867895955155,0.0698407446804378,0.0698407446804378,0.2804310168348274,0.5092593699498169,,b720
TCGA-COADREAD,M1_msd,721,THUMPD1;MAN2C1;IDI1;CHAF1B,0.0,0.1179850125608095,0.1893787297811848,-0.0998639055347547,0.0998639055347547,-0.0448300441927904,0.0448300441927904,0.3798323973500184,0.7154540302285559,,b721
TCGA-COADREAD,M1_msd,722,ABCF3;LRP6;PRC1;CHST14,0.0,0.120859582645582,0.2173900975031464,0.1294199894828798,0.1294199894828798,0.1760391249251315,0.1760391249251315,0.2280460111465766,0.120884968637544,,b722
TCGA-COADREAD,M1_msd,723,BFAR;ANO10;PINK1;DLEU1,0.0,0.1181920509696081,0.2451600112455034,-0.0583259993231618,0.0583259993231618,-0.1622932605339392,0.1622932605339392,0.6055110664571088,0.1770200924016106,,b723
TCGA-COADREAD,M1_msd,724,EPS15;C12orf35;FNTA;RNF5P1,0.0,0.1302747283167977,0.2122517311365972,0.1497164307504214,0.1497164307504214,0.064904553519984,0.064904553519984,0.2070196626052612,0.5705813707900576,,b724
TCGA-COADREAD,M1_msd,725,USP39;DICER1;AAGAB;PTENP1,0.0,0.1270058015050884,0.1777284528713151,0.1198490034923539,0.1198490034923539,0.1606329375456289,0.1606329375456289,0.3128311033244403,0.1918831916170228,,b725
TCGA-COADREAD,M1_msd,726,VPS26B;CDK5RAP1;LRRC16A;ECE2,0.0,0.1025115482616084,0.1956572748832035,-0.157764349899224,0.157764349899224,-0.1552030031806907,0.1552030031806907,0.1607081655564448,0.1883438885366168,,b726
TCGA-COADREAD,M1_msd,727,GGNBP2;AIFM2;TM7SF3;CLCN6,0.0,0.112896670763463,0.1371745762792777,-0.075123276126578,0.075123276126578,-0.1789398601436396,0.1789398601436396,0.4992883308772109,0.1129697461460933,,b727
TCGA-COADREAD,M1_msd,728,RBM14;FAM177A1;RIOK3;POLR3F,0.0,0.093113591882365,0.1103247008674111,-0.1775726437352505,0.1775726437352505,-0.1705248006822019,0.1705248006822019,0.1054371113171814,0.1519350465134189,,b728
TCGA-COADREAD,M1_msd,729,KCMF1;RAPGEF2;TLE3;C3orf64,0.0,0.0815441828071301,0.1511962351716675,0.0667026139700503,0.0667026139700503,-0.0134367978500602,0.0134367978500602,0.5221969503798045,0.8985183701704992,,b729
TCGA-COADREAD,M1_msd,730,C2orf29;ZNF828;SLC25A24;MTHFD2L,0.0,0.0919773290137708,0.2160834713151396,-0.3008627268378147,0.3008627268378147,-0.2853447339771925,0.2853447339771925,0.0047370709424733,0.013809822555544,,b730
TCGA-COADREAD,M1_msd,731,FUBP3;C7orf11;NCOA3;RHBDD1,0.0,0.1022046448971271,0.138115587764612,0.0757012272911867,0.0757012272911867,-0.0636544632426273,0.0636544632426273,0.4688055754804912,0.5581367495806849,,b731
TCGA-COADREAD,M1_msd,732,FUBP3;PEX1;PPARA;SYNJ1,0.0,0.1582326949443655,0.2284953328485824,-0.1337274445814389,0.1337274445814389,-0.0883840048674514,0.0883840048674514,0.2493239159472982,0.4761954710896668,,b732
TCGA-COADREAD,M1_msd,733,KIAA1310;DOCK7;PCM1;FAM174A,0.0,0.1473278027306336,0.1810412416808322,-0.0873401160461803,0.0873401160461803,-0.0291260261825303,0.0291260261825303,0.4137267384974538,0.8142544612536041,,b733
TCGA-COADREAD,M1_msd,734,DAXX;SLC10A3;ERBB2IP;PTENP1,0.0,0.1045515389571489,0.1777284528713151,0.3638604562435267,0.3638604562435267,0.2639318453228109,0.2639318453228109,0.0022716598799913,0.0319018926597218,,b734
TCGA-COADREAD,M1_msd,735,TIAL1;PLEKHA5;ARHGAP32;ZDHHC1,0.0,0.1511021812109434,0.2334399872135929,0.2395740957714905,0.2395740957714905,0.2372461309488829,0.2372461309488829,0.0329177336648942,0.0389642779916703,,b735
TCGA-COADREAD,M1_msd,736,PYGO2;ZNF12;PPARA;DOM3Z,0.0,0.1258896262015783,0.1704133816283063,0.1699398127396286,0.1699398127396286,0.033328593327959,0.033328593327959,0.1154553672191598,0.7507133989364039,,b736
TCGA-COADREAD,M1_msd,737,SPPL3;SMAP2;BOLA2;NSMCE2,0.0,0.0623964516475646,0.157722909965657,0.0998488738954233,0.0998488738954233,0.1251463540270625,0.1251463540270625,0.3531153103478498,0.2301751380023581,,b737
TCGA-COADREAD,M1_msd,738,BET1L;HNF1A;SMAD2;TCTN1,0.0,0.0918379530845687,0.1692121303040727,-0.0740953986060765,0.0740953986060765,-0.172703376995988,0.172703376995988,0.5195815485502602,0.1316983770498967,,b738
TCGA-COADREAD,M1_msd,739,THUMPD1;RAB11FIP5;SIVA1;TRMU,0.0,0.1247871807378724,0.1893787297811848,-0.0039511265373258,0.0039511265373258,0.1641673846199845,0.1641673846199845,0.9701584891006392,0.1330483758494928,,b739
TCGA-COADREAD,M1_msd,740,DNAJA2;COPS3;CAT;RNF5P1,0.0,0.0774918193822574,0.2122517311365972,-0.1414930281904406,0.1414930281904406,-0.11304452116663,0.11304452116663,0.2198095666699324,0.3496538008986112,,b740
TCGA-COADREAD,M1_msd,741,RBM22;IKBKB;SLC35D1;SPC25,0.0,0.1268844796006237,0.2081561387806139,-0.2569260336204865,0.2569260336204865,-0.1606244334293205,0.1606244334293205,0.0149722755685637,0.1180223779422463,,b741
TCGA-COADREAD,M1_msd,742,ARIH2;C1GALT1C1;FUNDC2;HSH2D,0.0,0.0807661392777008,0.1477837512424736,0.0854438394288668,0.0854438394288668,0.1412316668225985,0.1412316668225985,0.4282495108601328,0.2230736975023529,,b742
TCGA-COADREAD,M1_msd,743,WTAP;MRPL21;C6orf125;GINS3,0.0,0.1139173096455093,0.1888343564018592,-0.0650948651348292,0.0650948651348292,0.0111785237675607,0.0111785237675607,0.5524535241484536,0.9242950158106183,,b743
TCGA-COADREAD,M1_msd,744,AGFG1;SOS2;RCC1;PPIL5,0.0,0.078720609821284,0.1194208229203105,-0.2877265485714321,0.2877265485714321,-0.1239470693682712,0.1239470693682712,0.0111170113607202,0.2936727801897076,,b744
TCGA-COADREAD,M1_msd,745,AGFG1;LARS2;LAS1L;FAIM,0.0,0.1026406193732077,0.2038195463517742,-0.3211815316387021,0.3211815316387021,-0.2352257347401401,0.2352257347401401,0.0026884754576204,0.0379036466897427,,b745
TCGA-COADREAD,M1_msd,746,FUBP3;UBN2;OCIAD2;CDKN2D,0.0,0.126706765886241,0.2354209680966666,0.2422096228682237,0.2422096228682237,0.1236555428619632,0.1236555428619632,0.0247325995627476,0.249729233634236,,b746
TCGA-COADREAD,M1_msd,747,CNOT2;MAFG;FNTA;CETN3,0.0,0.1220773355171006,0.208260043804318,0.0587450527713907,0.0587450527713907,0.0544334308442764,0.0544334308442764,0.585763283151943,0.620364799319898,,b747
TCGA-COADREAD,M1_msd,748,EIF4E2;RABEP2;RNF145;PASK,0.0,0.0675877211074425,0.1232940708721572,-0.0887901552302501,0.0887901552302501,-0.0547329914880097,0.0547329914880097,0.4313809738472717,0.6336774144052062,,b748
TCGA-COADREAD,M1_msd,749,UBE2Q1;TMEM126B;ZFP106;C9orf25,0.0,0.0842074176821502,0.1358024133185832,0.2323689353799946,0.2323689353799946,0.1682444737485584,0.1682444737485584,0.0460990651808233,0.1613250222622847,,b749
TCGA-COADREAD,M1_msd,750,IWS1;GON4L;EML2;RRAGC,0.0,0.1403265225197935,0.1829695870633433,0.0756236506769605,0.0756236506769605,-0.0481300310208446,0.0481300310208446,0.5469702109829679,0.6974842180877635,,b750
TCGA-COADREAD,M1_msd,751,THUMPD1;TMEM70;SPTLC2;FAM174A,0.0,0.1232141314761577,0.1893787297811848,-0.2469503159932813,0.2469503159932813,-0.1315474312406602,0.1315474312406602,0.02183589357498,0.2377142316006016,,b751
TCGA-COADREAD,M1_msd,752,CCNY;BDP1;NNT;ZFAT,0.0,0.158664983968277,0.2426766340647539,0.067864303708497,0.067864303708497,0.0825006055730367,0.0825006055730367,0.548993039146291,0.4684697617798957,,b752
TCGA-COADREAD,M1_msd,753,AIMP1;TOM1L1;UNC13B;TMTC2,0.0,0.0936478405629334,0.1370289112580735,-0.2301968619689553,0.2301968619689553,-0.2117014806037768,0.2117014806037768,0.0296188030866432,0.0748182019264723,,b753
TCGA-COADREAD,M1_msd,754,SART3;SYNJ2;MAPK6;ECE2,0.0,0.0706813666243561,0.1607053770037407,-0.0691570774391349,0.0691570774391349,-0.0522217618347349,0.0522217618347349,0.5378449240169874,0.6536523868756778,,b754
TCGA-COADREAD,M1_msd,755,FBXO18;RBM7;C7orf59;ZBTB8A,0.0,0.1474549887463161,0.2366508153615863,-0.0228323205066561,0.0228323205066561,0.1407930458165089,0.1407930458165089,0.8332471824142567,0.2167612808934411,,b755
TCGA-COADREAD,M1_msd,756,PPM1B;EHBP1;TMEM9;CCDC125,0.0,0.107190763289501,0.2071291451555035,-0.0976867997294785,0.0976867997294785,-0.1306628441353585,0.1306628441353585,0.3334641588632547,0.210343345416415,,b756
TCGA-COADREAD,M1_msd,757,USP39;PNKP;MCM2;PITPNM2,0.0,0.0797527299666178,0.1226712271673647,0.0184071035407549,0.0184071035407549,0.0289290066406188,0.0289290066406188,0.87391712716755,0.8069063607028665,,b757
TCGA-COADREAD,M1_msd,758,FAM32A;ORMDL2;TMEM9;CAMK1,0.0,0.0855193636457468,0.1523961760149121,0.0131612067579255,0.0131612067579255,0.1398288004037181,0.1398288004037181,0.9060958063361556,0.2459921569384549,,b758
TCGA-COADREAD,M1_msd,759,SPPL3;ATF7IP;KIAA1147;CHCHD6,0.0,0.1201085260590478,0.1708348316731932,-0.0997869637019965,0.0997869637019965,-0.0933137427412814,0.0933137427412814,0.359494087836233,0.4151568794623035,,b759
TCGA-COADREAD,M1_msd,760,FAM98A;ULK1;EHBP1L1;SENP7,0.0,0.1412749912407789,0.2295795921184262,0.1999037667478949,0.1999037667478949,0.1273839229249507,0.1273839229249507,0.076999605940804,0.3026032692627457,,b760
TCGA-COADREAD,M1_msd,761,CPSF6;C14orf1;ZNF217;EXD3,0.0,0.0941318089568257,0.1209065219433118,0.0833157135712923,0.0833157135712923,0.0344240664821196,0.0344240664821196,0.4462507935596762,0.7649760619770554,,b761
TCGA-COADREAD,M1_msd,762,FAM32A;C12orf32;NAA10;ETFDH,0.0,0.0655379689656954,0.0919676750496736,-0.0789560303835615,0.0789560303835615,0.0251533177702023,0.0251533177702023,0.4571736663221702,0.8180643687855199,,b762
TCGA-COADREAD,M1_msd,763,KPNA4;NDUFV3;MYBBP1A;SKP2,0.0,0.0746102679577663,0.086984171646935,-0.1667623454300151,0.1667623454300151,-0.0106196699569652,0.0106196699569652,0.1188023027387556,0.9243647798139784,,b763
TCGA-COADREAD,M1_msd,764,CTCF;EBAG9;LPCAT3;CLN8,0.0,0.0875003916668799,0.1196334041118048,-0.0497453092668379,0.0497453092668379,-0.0281970067174994,0.0281970067174994,0.6612247814156158,0.8070126229767652,,b764
TCGA-COADREAD,M1_msd,765,BET1L;HDDC2;IDI1;PEMT,0.0,0.0685946932785379,0.1364878158783909,0.1019439238369742,0.1019439238369742,0.0037282196264242,0.0037282196264242,0.3459836673774973,0.9724162185433936,,b765
TCGA-COADREAD,M1_msd,766,PRCC;C7orf11;BOLA2;C3orf64,0.0,0.0685375010539722,0.1341354521759122,0.1592701570866926,0.1592701570866926,0.201410094184794,0.201410094184794,0.1285067017830722,0.0769247933477869,,b766
TCGA-COADREAD,M1_msd,767,SMU1;MANBA;TIMM17B;ERICH1,0.0,0.109952898708646,0.1882259334406316,-0.1103632178715722,0.1103632178715722,0.0541427956565958,0.0541427956565958,0.3436649697136423,0.6613991747748726,,b767
TCGA-COADREAD,M1_msd,768,C2orf29;WDR74;USP11;RAB12,0.0,0.0745999148681777,0.1768802377313842,0.1574282737491933,0.1574282737491933,0.0904272840428555,0.0904272840428555,0.1362667329773027,0.4265700131964151,,b768
TCGA-COADREAD,M1_msd,769,KPNA4;SLC45A4;SNRPG;LMLN,0.0,0.1193659468900694,0.1848299875747829,-0.0435295804305857,0.0435295804305857,0.0092736657189192,0.0092736657189192,0.6817678961970264,0.9325398980735788,,b769
TCGA-COADREAD,M1_msd,770,FAM32A;HDDC2;OPTN;C1orf159,0.0,0.0571624914199596,0.1258878091775031,0.1937058432393715,0.1937058432393715,0.1249402871870261,0.1249402871870261,0.0521817549241945,0.2148010944411903,,b770
TCGA-COADREAD,M1_msd,771,ABCF3;DICER1;RCC1;MXD3,0.0,0.1173557373472593,0.2173900975031464,-0.0312915510898098,0.0312915510898098,0.0246757041433347,0.0246757041433347,0.7561895062163375,0.8142306296933781,,b771
TCGA-COADREAD,M1_msd,772,ARL8B;FCHO2;MRPL13;AZI1,0.0,0.0931660015277045,0.1889425445010086,0.0123891687291239,0.0123891687291239,0.0700090586725152,0.0700090586725152,0.9086284706256544,0.5288961343039527,,b772
TCGA-COADREAD,M1_msd,773,CTCF;TRIM24;USP14;MTCP1NB,0.0,0.1050511749358473,0.1671018591400577,-0.1236875376781302,0.1236875376781302,-0.1352574196905596,0.1352574196905596,0.2593305814261489,0.2284132716730422,,b773
TCGA-COADREAD,M1_msd,774,PRCC;FAM111A;HDHD3;ZNF367,0.0,0.0811316052303298,0.1341354521759122,-0.0638618952728361,0.0638618952728361,-0.0088650265893392,0.0088650265893392,0.5551747479929511,0.9376291362926976,,b774
TCGA-COADREAD,M1_msd,775,PPP3R1;WDFY3;RDH11;TCTN2,0.0,0.1020577928471243,0.1480146001297038,0.1203115255161792,0.1203115255161792,0.1920492529901278,0.1920492529901278,0.310766347197194,0.1157696134092717,,b775
TCGA-COADREAD,M1_msd,776,BFAR;LOC651250;OCIAD2;ZNF224,0.0,0.0687398745225875,0.2032677139231311,-0.0763232721383696,0.0763232721383696,-0.1525316613629547,0.1525316613629547,0.5081711718822071,0.2058764536351749,,b776
TCGA-COADREAD,M1_msd,777,SART3;TSPAN31;ELF4;ZNF75D,0.0,0.0598825591315231,0.0881914218029459,0.0188578736757309,0.0188578736757309,-0.0926096855210286,0.0926096855210286,0.8645583235487815,0.4278784188854753,,b777
TCGA-COADREAD,M1_msd,778,QRICH1;PNPT1;LAS1L;CCDC57,0.0,0.1029574065080635,0.1613620388033351,-0.0667781656294978,0.0667781656294978,-0.0613011414588853,0.0613011414588853,0.5528352560574894,0.6157090960154088,,b778
TCGA-COADREAD,M1_msd,779,CAMKK2;PPIP5K2;PCM1;MMACHC,0.0,0.1198513973001128,0.1453065024212613,-0.3567653588251168,0.3567653588251168,-0.239358547211492,0.239358547211492,0.0005526577857698,0.0560893160398141,,b779
TCGA-COADREAD,M1_msd,780,RANBP3;MRPL21;SNRPF;TBC1D8B,0.0,0.1056312544919749,0.1407214192077545,-0.0230315209754971,0.0230315209754971,0.0501143623036162,0.0501143623036162,0.8271589949025506,0.6487535011583783,,b780
TCGA-COADREAD,M1_msd,781,KPNA1;KIAA0355;C14orf2;UNKL,0.0,0.1175455010784901,0.1553873111144165,0.1072024640635475,0.1072024640635475,0.0082270159913516,0.0082270159913516,0.2964777325939224,0.9460356548436968,,b781
TCGA-COADREAD,M1_msd,782,SART3;C18orf32;OGFR;ARV1,0.0,0.0725134463970915,0.1052374784538431,-0.0722421538788308,0.0722421538788308,-0.0793452937659457,0.0793452937659457,0.5190917922975042,0.4740978669999877,,b782
TCGA-COADREAD,M1_msd,783,BET1L;SSX2IP;ERLIN2;BRF2,0.0,0.0461244339325927,0.0890066780292093,-0.1664158443063994,0.1664158443063994,-0.1365180962662387,0.1365180962662387,0.0913455409013966,0.1878995191786603,,b783
TCGA-COADREAD,M1_msd,784,AGFG1;USP37;USMG5;PORCN,0.0,0.1369217740567229,0.2327931881220565,0.0230245045450097,0.0230245045450097,0.0612776421943437,0.0612776421943437,0.8338098298263493,0.5576443359716718,,b784
TCGA-COADREAD,M1_msd,785,DDX41;RFXANK;ZNF395;SKP2,0.0,0.0894705831031108,0.1317828638958121,-0.0170079439702192,0.0170079439702192,0.0798203563969624,0.0798203563969624,0.8793928089112305,0.4927806390418616,,b785
TCGA-COADREAD,M1_msd,786,RAB35;MRPL48;ASXL1;?|10357,0.0,0.1173250230825565,0.1537468590649093,-0.0336558743148241,0.0336558743148241,-0.1033862079872156,0.1033862079872156,0.7639027223831621,0.381672230414264,,b786
TCGA-COADREAD,M1_msd,787,FAM98A;TCEB1;BAX;NRM,0.0,0.0855425234101194,0.2066075473217374,-0.0185852585338238,0.0185852585338238,0.0265766319656842,0.0265766319656842,0.8690901743366896,0.8212613151250032,,b787
TCGA-COADREAD,M1_msd,788,GTF3C2;SMC2;GOT1;C9orf40,0.0,0.1001739616209593,0.1417263470300041,-0.0169953156325209,0.0169953156325209,0.1274215652975735,0.1274215652975735,0.8751793491576163,0.2544229971787107,,b788
TCGA-COADREAD,M1_msd,789,ARIH2;SLC45A4;MDM2;DZIP3,0.0,0.1256943512681976,0.1830505865633544,-0.0701116958679511,0.0701116958679511,-0.0157411668689702,0.0157411668689702,0.5665970283996472,0.8902574720643406,,b789
TCGA-COADREAD,M1_msd,790,GPBP1;C22orf30;RAP2A;SPRYD4,0.0,0.0875341747138797,0.1572769626427475,0.0501495164025729,0.0501495164025729,0.0899827230232129,0.0899827230232129,0.6523049091945485,0.4161687704606515,,b790
TCGA-COADREAD,M1_msd,791,MAPKAP1;TMEM159;TRIM44;L2HGDH,0.0,0.0986985468244475,0.1669533360855944,-0.0100947834259166,0.0100947834259166,0.0848820726357209,0.0848820726357209,0.9298265935820502,0.4385082883453436,,b791
TCGA-COADREAD,M1_msd,792,ABCF3;NUDT19;CCPG1;ERICH1,0.0,0.1457225673997295,0.2173900975031464,-0.0466965344536704,0.0466965344536704,0.0169965900076282,0.0169965900076282,0.6671551805305558,0.8872370049420564,,b792
TCGA-COADREAD,M1_msd,793,DDX41;ZDHHC4;MKKS;ACBD4,0.0,0.1368745120041557,0.2043982277278922,0.1028887242927665,0.1028887242927665,0.0485787635188472,0.0485787635188472,0.362221898414615,0.6817199755071841,,b793
TCGA-COADREAD,M1_msd,794,DNAJC14;TMEM208;SNRPF;ZRSR2,0.0,0.1356198832416997,0.201921268011879,0.1512264323082283,0.1512264323082283,0.1175484347398288,0.1175484347398288,0.1337337004883901,0.2387796513963075,,b794
TCGA-COADREAD,M1_msd,795,KIAA1310;ZC3H3;MLL3;NEK1,0.0,0.1433260735232994,0.2509107673514339,0.1843295314769721,0.1843295314769721,0.0649296365290586,0.0649296365290586,0.1292743697550991,0.6184783579357851,,b795
TCGA-COADREAD,M1_msd,796,SMU1;MRPL21;HEATR7A;CHAF1B,0.0,0.113131250141846,0.1779087263746643,-0.1861651339366959,0.1861651339366959,-0.0497005650630518,0.0497005650630518,0.0844075451541346,0.6778691267908181,,b796
TCGA-COADREAD,M1_msd,797,KCMF1;ZMYM3;MTHFD2;TMTC2,0.0,0.105129418227273,0.1289367463157068,0.1112540150699567,0.1112540150699567,0.0646373339642791,0.0646373339642791,0.3355341986605735,0.5849562469087908,,b797
TCGA-COADREAD,M1_msd,798,CCNY;LDOC1L;ZNHIT1;HSH2D,0.0,0.0583388960786038,0.1022728674113002,0.2690596944103802,0.2690596944103802,0.2963313393495098,0.2963313393495098,0.0179150566910984,0.0107842215503236,,b798
TCGA-COADREAD,M1_msd,799,PPM1B;NIPAL3;RCC1;ZNF707,0.0,0.1262180955710066,0.2071291451555035,-0.098493045622139,0.098493045622139,-0.0960188822190829,0.0960188822190829,0.3610230993290613,0.4293172718380555,,b799
TCGA-COADREAD,M1_msd,800,VPS26B;RFXANK;MYBBP1A;TCTN1,0.0,0.0935830748488934,0.1367785965022259,0.0323251750337796,0.0323251750337796,0.0898872353924063,0.0898872353924063,0.7780274149141354,0.4228059283194163,,b800
TCGA-COADREAD,M1_msd,801,RBM22;TMEM126B;ACOT7;ZNF302,0.0,0.1164689165426671,0.2081561387806139,-0.1307098484987027,0.1307098484987027,-0.1138702760601739,0.1138702760601739,0.221510816125202,0.3137332940737866,,b801
TCGA-COADREAD,M1_msd,802,VPS26B;KIAA0913;EML2;MAPKBP1,0.0,0.0953179401839214,0.1829695870633433,0.1978970877930554,0.1978970877930554,0.0686354350213313,0.0686354350213313,0.0984785580342555,0.5846872366616962,,b802
TCGA-COADREAD,M1_msd,803,ABCF3;RHOQ;RPIA;KRT10,0.0,0.1055822000352761,0.2173900975031464,0.2908194594390761,0.2908194594390761,0.2222461861237077,0.2222461861237077,0.0047023220467382,0.0396447150807298,,b803
TCGA-COADREAD,M1_msd,804,GPBP1;LARS2;GOLGA7;WDR67,0.0,0.1078834603038523,0.1781566690262496,-0.2117836571743321,0.2117836571743321,-0.1055822454341789,0.1055822454341789,0.0593019918093605,0.3567282078290689,,b804
TCGA-COADREAD,M1_msd,805,ARIH2;KIAA1468;CASP7;SNX18,0.0,0.1223593692507532,0.1932681960854878,-0.1568714757362396,0.1568714757362396,0.0270098647112971,0.0270098647112971,0.1133274423355599,0.7898762554325744,,b805
TCGA-COADREAD,M1_msd,806,RAF1;TMEM126B;NIPSNAP1;POLR3F,0.0,0.0990664369390267,0.1358024133185832,-0.1572798812341899,0.1572798812341899,-0.0576216059271842,0.0576216059271842,0.1797852697981335,0.6567238501321642,,b806
TCGA-COADREAD,M1_msd,807,ARIH2;KIAA0146;TIMM17B;CHAF1B,0.0,0.1183513730608004,0.1882259334406316,-0.1695913480136614,0.1695913480136614,-0.0576542008508657,0.0576542008508657,0.1062806060014091,0.596240812882633,,b807
TCGA-COADREAD,M1_msd,808,RIC8A;ZNRD1;BRI3;SGK3,0.0,0.0607764297382084,0.1044515460863311,0.0526729587424612,0.0526729587424612,0.0489408122593978,0.0489408122593978,0.6293720474607333,0.6546226263005579,,b808
TCGA-COADREAD,M1_msd,809,WDR33;SOS2;CARD10;C1orf112,0.0,0.1186186372673424,0.1700982857158708,-0.1240647847549642,0.1240647847549642,-0.0952052348434512,0.0952052348434512,0.2455568940079902,0.3834372426783341,,b809
TCGA-COADREAD,M1_msd,810,KCMF1;PPFIBP2;ZFP106;ZNF224,0.0,0.1321168754327626,0.2032677139231311,0.0708513980286122,0.0708513980286122,0.113179030375511,0.113179030375511,0.5163476828002397,0.3448343867696282,,b810
TCGA-COADREAD,M1_msd,811,FAM98A;PRDM2;CARD10;TMEM93,0.0,0.1017893828452148,0.2066075473217374,-0.1137560921304291,0.1137560921304291,-0.0715146054591155,0.0715146054591155,0.2792122827507192,0.520390285502583,,b811
TCGA-COADREAD,M1_msd,812,GSK3B;RPRD1A;AFG3L2;C2orf7,0.0,0.0466505152383018,0.1027456394209513,-0.1388485021398134,0.1388485021398134,0.0016994551983483,0.0016994551983483,0.216323618992923,0.9887978857259444,,b812
TCGA-COADREAD,M1_msd,813,CNOT2;ENY2;XPO4;C9orf40,0.0,0.1495063516379458,0.208260043804318,0.0226535065210933,0.0226535065210933,0.076374266757594,0.076374266757594,0.8363421755917448,0.4943754641030198,,b813
TCGA-COADREAD,M1_msd,814,BET1L;PATZ1;BRP44;FXN,0.0,0.0662644938340795,0.0874931197976706,-0.083115375003206,0.083115375003206,0.0151989484079003,0.0151989484079003,0.4398721579262858,0.8978192132165494,,b814
TCGA-COADREAD,M1_msd,815,RAB35;TUBGCP3;KIAA1147;MMACHC,0.0,0.1080496875996606,0.1537468590649093,-0.2949376342559031,0.2949376342559031,-0.2355688472854875,0.2355688472854875,0.0085607920999513,0.0393777812972951,,b815
TCGA-COADREAD,M1_msd,816,SMU1;CXXC1;LPGAT1;ATL3,0.0,0.0738525578009774,0.10372255981828,0.0557394597202716,0.0557394597202716,0.0994558540012517,0.0994558540012517,0.614478452917353,0.3870289922406154,,b816
TCGA-COADREAD,M1_msd,817,ABCF3;CCNDBP1;SPRY4;SAC3D1,0.0,0.1535173314268285,0.2173900975031464,0.1431701760610177,0.1431701760610177,0.1070614622836759,0.1070614622836759,0.1638820001401083,0.3268504866185027,,b817
TCGA-COADREAD,M1_msd,818,IWS1;ANO10;UQCR10;AZI1,0.0,0.0841429640205954,0.1560813496805183,-0.009198735646299,0.009198735646299,-0.021459134242515,0.021459134242515,0.9303712325695144,0.8508720553279745,,b818
TCGA-COADREAD,M1_msd,819,TIAL1;RCOR1;ATP13A2;CLCN6,0.0,0.0861157900390303,0.1324534700074126,0.1117595689051309,0.1117595689051309,0.096901303624656,0.096901303624656,0.3246953643461581,0.4176643749675218,,b819
TCGA-COADREAD,M1_msd,820,RANBP3;PLEKHM1;EID1;SNX18,0.0,0.0650089475500871,0.1208347442986908,0.1348943240517902,0.1348943240517902,0.1584842409354918,0.1584842409354918,0.214412321335768,0.1183093372201942,,b820
TCGA-COADREAD,M1_msd,821,AGFG1;CXXC1;SPPL2B;BRF2,0.0,0.060888616555947,0.10372255981828,0.0686664889925757,0.0686664889925757,0.1841118636935321,0.1841118636935321,0.5431871775996386,0.1263357050227966,,b821
TCGA-COADREAD,M1_msd,822,AGFG1;PELI1;ZBTB4;FAIM,0.0,0.1352645294380732,0.222191597706407,0.0131884326071826,0.0131884326071826,0.0680369194877119,0.0680369194877119,0.9055668232957952,0.5447329653421147,,b822
TCGA-COADREAD,M1_msd,823,ABCF3;NCOA1;PARP10;TCTN1,0.0,0.1444831985842446,0.2173900975031464,0.1207968182830788,0.1207968182830788,0.1180189854347862,0.1180189854347862,0.2623265742454327,0.3157191232398819,,b823
TCGA-COADREAD,M1_msd,824,GSK3B;BCL9;H1FX;CXorf56,0.0,0.0787302447901051,0.1435138175395247,0.1379708120287437,0.1379708120287437,0.000283905253357,0.000283905253357,0.2345511763676249,0.998070234896828,,b824
TCGA-COADREAD,M1_msd,825,CUL3;C1orf9;KLF10;RAD51L3,0.0,0.1402972361993217,0.2278813654147584,-0.0234268597118265,0.0234268597118265,-0.1470511978130798,0.1470511978130798,0.8300046145212666,0.2088698352912611,,b825
TCGA-COADREAD,M1_msd,826,SPOP;SIL1;C6orf115;C9orf95,0.0,0.1157324559799013,0.1937361329339512,0.053573278509961,0.053573278509961,0.0158009892077186,0.0158009892077186,0.6291419604700289,0.8862118627811781,,b826
TCGA-COADREAD,M1_msd,827,DNAJC14;PPFIBP2;IPO4;WASH2P,0.0,0.1002498770798787,0.201921268011879,0.0882710649629596,0.0882710649629596,0.0668620783184531,0.0668620783184531,0.4293083528332101,0.5615806589504688,,b827
TCGA-COADREAD,M1_msd,828,CAMKK2;NDUFC1;RHBDD2;KBTBD6,0.0,0.0711009409326593,0.1349017219201967,0.1263069894089003,0.1263069894089003,0.0751640577627989,0.0751640577627989,0.2303854431769629,0.4600513456701437,,b828
TCGA-COADREAD,M1_msd,829,RAF1;KIAA0146;ELF4;TOR1AIP2,0.0,0.0913372263196515,0.1173191072953258,-0.1605401902306351,0.1605401902306351,-0.2014755227372029,0.2014755227372029,0.1308758678922008,0.0817309888256596,,b829
TCGA-COADREAD,M1_msd,830,FAM32A;SEC24A;PCM1;SGK3,0.0,0.0601217443689164,0.1389613029990303,-0.2148600537058145,0.2148600537058145,-0.0723831065049268,0.0723831065049268,0.0440538195370789,0.5382113219561322,,b830
TCGA-COADREAD,M1_msd,831,C19orf50;PEX1;VPS13D;ZNF224,0.0,0.1422311268859215,0.2032677139231311,-0.1178650213929187,0.1178650213929187,-0.1251032135094539,0.1251032135094539,0.2758501789939553,0.285763957314925,,b831
TCGA-COADREAD,M1_msd,832,SAR1A;C1GALT1C1;IPO4;ACTR5,0.0,0.0487945629588456,0.0854657054642528,-0.0307739893592657,0.0307739893592657,-0.0490731954558045,0.0490731954558045,0.7683861578314768,0.6285248560216194,,b832
TCGA-COADREAD,M1_msd,833,RBM17;TMEM208;INSR;SAP30,0.0,0.1159879655525915,0.2107697551546321,0.2940159000880915,0.2940159000880915,0.299765146106636,0.299765146106636,0.0060125692365765,0.0026192206479557,,b833
TCGA-COADREAD,M1_msd,834,MAPKAP1;SEH1L;CCPG1;MTERFD3,0.0,0.1256895328259187,0.1918726892507848,0.1246772796732741,0.1246772796732741,0.203070393332127,0.203070393332127,0.2696843206849092,0.0807008595613409,,b834
TCGA-COADREAD,M1_msd,835,FAM98A;FUK;H1FX;ECE2,0.0,0.081759594415109,0.2066075473217374,0.0810181317331547,0.0810181317331547,0.0930839188579083,0.0930839188579083,0.4957928707633467,0.4371979774144685,,b835
TCGA-COADREAD,M1_msd,836,PPM1B;AGBL5;MYBBP1A;FLYWCH2,0.0,0.1073978845723385,0.2071291451555035,0.0135865627279132,0.0135865627279132,-0.0632265825255047,0.0632265825255047,0.902793220326466,0.5889588352193051,,b836
TCGA-COADREAD,M1_msd,837,FUBP3;SMAP2;PTEN;C22orf46,0.0,0.0866829656994629,0.1323198465325072,0.1865429175300579,0.1865429175300579,0.2300291892129584,0.2300291892129584,0.0834184111192053,0.0815873008300845,,b837
TCGA-COADREAD,M1_msd,838,ABCF3;BACH1;HDHD3;ZNF343,0.0,0.1077409369283467,0.2173900975031464,0.1365695067946889,0.1365695067946889,0.107195424604942,0.107195424604942,0.2184969332107247,0.3319281393934696,,b838
TCGA-COADREAD,M1_msd,839,DNAJB12;NOC4L;ALG5;ANKS3,0.0,0.1540604731268358,0.1989139566201761,0.1058511028458817,0.1058511028458817,-0.0410468874570251,0.0410468874570251,0.3308161018111266,0.6950447250717047,,b839
TCGA-COADREAD,M1_msd,840,CPSF7;SSBP4;TIMM17B;TCTN2,0.0,0.1084392472401863,0.1882259334406316,0.0978614305558641,0.0978614305558641,0.0322287525542951,0.0322287525542951,0.3875643285612387,0.7817868695252497,,b840
TCGA-COADREAD,M1_msd,841,PPP3R1;BPNT1;RB1;ZNF839,0.0,0.1115380274602538,0.193608812784858,-0.0559095581684891,0.0559095581684891,-0.0703353786705178,0.0703353786705178,0.6172766979626044,0.5620379234265134,,b841
TCGA-COADREAD,M1_msd,842,EIF2B5;MRPL21;AURKAIP1;C7orf47,0.0,0.0839943905409619,0.1565633741026897,0.0648574599257082,0.0648574599257082,0.0799204423400412,0.0799204423400412,0.5606751509702483,0.5004931085424887,,b842
TCGA-COADREAD,M1_msd,843,QRICH1;PGM2;RAE1;C3orf64,0.0,0.1079069680936373,0.1613620388033351,-0.280667023419745,0.280667023419745,-0.1619606938879859,0.1619606938879859,0.0055987948358152,0.1181370492159676,,b843
TCGA-COADREAD,M1_msd,844,YY1;SESTD1;TBC1D2B;FTHL3,0.0,0.1088473262287584,0.1448055619280661,0.0312634911970525,0.0312634911970525,0.0800135103657229,0.0800135103657229,0.7811246646284724,0.4791683949788167,,b844
TCGA-COADREAD,M1_msd,845,CPSF7;RAP2B;N4BP2L2;HSH2D,0.0,0.1080113303143051,0.2252776249955484,0.2274562244804962,0.2274562244804962,0.0742362212484999,0.0742362212484999,0.0351927007248799,0.5197992082443856,,b845
TCGA-COADREAD,M1_msd,846,FAM98A;IKBKB;AFAP1;RAD51L3,0.0,0.1388361287767898,0.2278813654147584,-0.0144545347864087,0.0144545347864087,0.0461072663608155,0.0461072663608155,0.889468124071485,0.6471351954169053,,b846
TCGA-COADREAD,M1_msd,847,ARIH2;PRDM2;PCM1;ANKS3,0.0,0.1128426843942318,0.1389613029990303,-0.0196423961979955,0.0196423961979955,0.0329960691460456,0.0329960691460456,0.8628266201768847,0.7897169870093615,,b847
TCGA-COADREAD,M1_msd,848,DAXX;TCTA;C7orf50;ZNF107,0.0,0.1145666653271945,0.1842892273088957,0.1758562619138365,0.1758562619138365,0.1446234156566576,0.1446234156566576,0.1015022573285439,0.1748764151780728,,b848
TCGA-COADREAD,M1_msd,849,GORASP1;TXNL4A;PRCP;RAB12,0.0,0.1262442012620556,0.1667385805104649,0.0347838303256311,0.0347838303256311,0.1647664316193929,0.1647664316193929,0.7553913879412679,0.1443436424184594,,b849
TCGA-COADREAD,M1_msd,850,RSRC2;SLC10A3;ZNHIT1;RP9P,0.0,0.0977856889069119,0.1496272979075293,0.4102043225979599,0.4102043225979599,0.3104360761990437,0.3104360761990437,4.0975982195069065e-05,0.0017503734067868,,b850
TCGA-COADREAD,M1_msd,851,THAP4;RRP9;PPP1R16A;TREX1,0.0,0.0917548940542814,0.1631322460232755,-0.0112453916339925,0.0112453916339925,0.0616679300733178,0.0616679300733178,0.919561445760638,0.6250533178926623,,b851
TCGA-COADREAD,M1_msd,852,USP39;ECSIT;CARD10;PXK,0.0,0.1074357350862836,0.1885908476441714,-0.1150029794735148,0.1150029794735148,-0.0285808111734735,0.0285808111734735,0.3082357620049436,0.7901960185412661,,b852
TCGA-COADREAD,M1_msd,853,TIAL1;ZNF770;C6orf115;C11orf80,0.0,0.1229208609935678,0.1562044791867172,0.032581311408722,0.032581311408722,0.1187864802060426,0.1187864802060426,0.7631378728610873,0.2800842808565398,,b853
TCGA-COADREAD,M1_msd,854,ARIH2;GK5;PGPEP1;KLHL22,0.0,0.1243834701501391,0.1675870319047211,-0.1051743075347934,0.1051743075347934,-0.0161553333653907,0.0161553333653907,0.3476839042708842,0.8794962406997153,,b854
TCGA-COADREAD,M1_msd,855,GSK3B;BPNT1;PNPLA2;STX8,0.0,0.0807016846275814,0.1439307681827367,0.0630174577270973,0.0630174577270973,0.0494946956788975,0.0494946956788975,0.5763376859929152,0.673257376293205,,b855
TCGA-COADREAD,M1_msd,856,TIAL1;LOC651250;ATP6V1B2;RNMTL1,0.0,0.0859506292022661,0.1387950744297564,-0.0116710328215517,0.0116710328215517,0.0892590587521015,0.0892590587521015,0.9167397249945688,0.4446101186753701,,b856
TCGA-COADREAD,M1_msd,857,RAF1;ATXN1L;NSFL1C;C9orf95,0.0,0.0816903040444939,0.0906542119896265,0.149217199243644,0.149217199243644,0.062238512770174,0.062238512770174,0.1931498504289099,0.5925063978068006,,b857
TCGA-COADREAD,M1_msd,858,USP39;CUL7;SNRPF;HSD17B7,0.0,0.0700845486480811,0.1407214192077545,0.0904300830542968,0.0904300830542968,0.0329935880651191,0.0329935880651191,0.3921205845377591,0.7680088959752169,,b858
TCGA-COADREAD,M1_msd,859,DNAJC14;TMEM126B;PNPLA2;C11orf80,0.0,0.1335157122959187,0.201921268011879,0.1445286125544584,0.1445286125544584,0.0568993365342821,0.0568993365342821,0.1877793237752045,0.5888183002786663,,b859
TCGA-COADREAD,M1_msd,860,EIF2B5;PEX1;MED1;NEK1,0.0,0.1566196021108502,0.2509107673514339,-0.1304919950195207,0.1304919950195207,-0.0879961203758421,0.0879961203758421,0.2529475041798741,0.4553196843456871,,b860
TCGA-COADREAD,M1_msd,861,RAB35;NUDT15;C6orf125;SMYD3,0.0,0.1229799638907026,0.1888343564018592,-0.0787003250128978,0.0787003250128978,-0.081128064345809,0.081128064345809,0.4703547932894181,0.4638795740841477,,b861
TCGA-COADREAD,M1_msd,862,EIF4E2;NDUFV3;BCL9L;LOC200030,0.0,0.0849530377150996,0.1118828233651665,0.2270929495325739,0.2270929495325739,0.2486536030625029,0.2486536030625029,0.0504136416730288,0.0282672272814208,,b862
TCGA-COADREAD,M1_msd,863,CCNY;TOR1B;MDM2;PEMT,0.0,0.097110794887946,0.1830505865633544,0.1286463215809149,0.1286463215809149,0.2236230823053791,0.2236230823053791,0.2480046074883306,0.0597603452045581,,b863
TCGA-COADREAD,M1_msd,864,RIC8A;DCK;SNX19;AKAP10,0.0,0.0836330726543691,0.1024288628852301,-0.0920718076764999,0.0920718076764999,-0.0680906212424092,0.0680906212424092,0.3399585307858347,0.5249748062340591,,b864
TCGA-COADREAD,M1_msd,865,SPPL3;BCL7C;MTHFD2;ETFDH,0.0,0.0975664321657824,0.157722909965657,-0.0714175052172313,0.0714175052172313,-0.0640775415958489,0.0640775415958489,0.4981335833806932,0.5292059446135685,,b865
TCGA-COADREAD,M1_msd,866,PRCC;BPNT1;BSCL2;DUS4L,0.0,0.1274804122365924,0.230219965298785,0.0218182943268035,0.0218182943268035,-0.0069772456554415,0.0069772456554415,0.8356961773597095,0.9496686890430878,,b866
TCGA-COADREAD,M1_msd,867,RIC8A;PHF19;SLC25A24;RC3H2,0.0,0.072728974015124,0.0819060241247083,-0.1790399985060867,0.1790399985060867,-0.0204472121366568,0.0204472121366568,0.1025152081959398,0.8605861778037218,,b867
TCGA-COADREAD,M1_msd,868,YTHDF2;TMEM126B;SLC26A6;B3GALTL,0.0,0.1315954967901516,0.2300862277191709,-0.1362178225878158,0.1362178225878158,-0.1346968695882061,0.1346968695882061,0.2145959863916173,0.2272353237910814,,b868
TCGA-COADREAD,M1_msd,869,LSG1;STK10;NDUFV2;DUSP14,0.0,0.1103225962049721,0.1867737225192964,-0.0582432469565029,0.0582432469565029,-0.0286751915159838,0.0286751915159838,0.6130126859543439,0.8082417923489347,,b869
TCGA-COADREAD,M1_msd,870,GPBP1;NDOR1;ARHGEF16;ZNF75D,0.0,0.0899071467075595,0.1769356499693268,0.1758287971767471,0.1758287971767471,0.1484803196661286,0.1484803196661286,0.1069746636164572,0.1892974728911098,,b870
TCGA-COADREAD,M1_msd,871,BET1L;C22orf30;TPMT;MOSPD2,0.0,0.0755264474198788,0.1075147172922491,-0.1731536025049508,0.1731536025049508,-0.1893429132772488,0.1893429132772488,0.0893023868967575,0.0814547150622919,,b871
TCGA-COADREAD,M1_msd,872,RBM22;HMBS;CSNK2A1;FXN,0.0,0.1005102283270213,0.2081561387806139,-0.1543540119321405,0.1543540119321405,-0.0563092791350194,0.0563092791350194,0.1537781543799293,0.6294130432691497,,b872
TCGA-COADREAD,M1_msd,873,USP39;C1GALT1C1;SGSM3;FBXO4,0.0,0.1265551973247384,0.2080487341660181,-0.0771196468157107,0.0771196468157107,0.0539875194614153,0.0539875194614153,0.4829964547720855,0.6470355713451148,,b873
TCGA-COADREAD,M1_msd,874,EPS15;DICER1;BRI3;AFG3L1,0.0,0.0948198706222083,0.1835811980410273,0.2309865242530835,0.2309865242530835,0.1194208517567317,0.1194208517567317,0.0321600541589294,0.2730394087720253,,b874
TCGA-COADREAD,M1_msd,875,RANBP3;PPP3CA;PARP10;FAHD2A,0.0,0.1143183079505994,0.1772144201032366,0.1461117701497295,0.1461117701497295,0.2136566320841928,0.2136566320841928,0.1776810059997355,0.0487539851527958,,b875
TCGA-COADREAD,M1_msd,876,FUBP3;AGBL5;DGKD;ABHD6,0.0,0.1085979248701211,0.1323198465325072,-0.0160501319656174,0.0160501319656174,-0.1394832194338657,0.1394832194338657,0.8813605760183693,0.2118602828212289,,b876
TCGA-COADREAD,M1_msd,877,EPS15;PCNX;HDHD3;KBTBD6,0.0,0.0827534511887509,0.1835811980410273,0.0296917384647217,0.0296917384647217,0.0086345833154313,0.0086345833154313,0.7951618452275782,0.9361052008278344,,b877
TCGA-COADREAD,M1_msd,878,WTAP;KIAA0355;TM7SF3;CLCN6,0.0,0.0995520965802634,0.1361587165378561,-0.019263743584589,0.019263743584589,-0.0692385069279082,0.0692385069279082,0.866110428530679,0.5585734885052989,,b878
TCGA-COADREAD,M1_msd,879,AIMP1;EZH2;CARD10;WDR67,0.0,0.105214235366486,0.1272982586827144,-0.1032290660289837,0.1032290660289837,-0.0839344185663911,0.0839344185663911,0.3356668494050242,0.448720556592006,,b879
TCGA-COADREAD,M1_msd,880,BET1L;MRPL27;MTHFD2;C9orf40,0.0,0.0732463834477116,0.1289367463157068,0.0065289283006342,0.0065289283006342,0.048340946567854,0.048340946567854,0.948773267475404,0.6511390185537576,,b880
TCGA-COADREAD,M1_msd,881,RNF220;TMEM159;SUPT4H1;ZDHHC1,0.0,0.1461150897228382,0.2334399872135929,0.3317746650767642,0.3317746650767642,0.3172946023249141,0.3172946023249141,0.0025613299841708,0.0034018120963364,,b881
TCGA-COADREAD,M1_msd,882,GSK3B;HMGCL;ZWINT;PIN4,0.0,0.095723658036074,0.2119086982568145,-0.0370811515130523,0.0370811515130523,-0.0216321087403807,0.0216321087403807,0.7215900483625666,0.8286903022988024,,b882
TCGA-COADREAD,M1_msd,883,BET1L;CCM2;NSFL1C;KRT10,0.0,0.0538280047029311,0.0751280870901666,0.2268171910117305,0.2268171910117305,0.1441988570831059,0.1441988570831059,0.0286052485790911,0.1952474816825087,,b883
TCGA-COADREAD,M1_msd,884,YTHDF2;SURF1;TRIM44;AFG3L1,0.0,0.0929057120912855,0.1669533360855944,0.0691638154506782,0.0691638154506782,-0.0367265789153919,0.0367265789153919,0.5013910451624572,0.7127917043979648,,b884
TCGA-COADREAD,M1_msd,885,EPS15;PHF19;ZWINT;ATP9B,0.0,0.1397326028037618,0.2119086982568145,0.0435089938482678,0.0435089938482678,0.162597477362923,0.162597477362923,0.6931040193274618,0.1523940654080474,,b885
TCGA-COADREAD,M1_msd,886,PPM1B;RBMS2;ZNHIT1;TMEM187,0.0,0.0986401421501113,0.2071291451555035,0.067528598869029,0.067528598869029,0.0463102659119022,0.0463102659119022,0.5338540045760323,0.6461859479050438,,b886
TCGA-COADREAD,M1_msd,887,TIAL1;RRP1;MTHFD2;C22orf46,0.0,0.0875948281342518,0.1324534700074126,0.1434797167446432,0.1434797167446432,0.2285413720840104,0.2285413720840104,0.189126032438348,0.0414949347600829,,b887
TCGA-COADREAD,M1_msd,888,AIMP1;RPRD1A;HEXA;CIDEB,0.0,0.1032143744615002,0.1580291253721718,-0.0119496069869394,0.0119496069869394,0.0968475063451685,0.0968475063451685,0.917577493142434,0.4451986045093813,,b888
TCGA-COADREAD,M1_msd,889,ATMIN;SURF1;GADD45GIP1;SPRYD4,0.0,0.1171931291921843,0.1875452981620435,0.1179423426068739,0.1179423426068739,0.0907615588652143,0.0907615588652143,0.2689963834643712,0.3860518956104877,,b889
TCGA-COADREAD,M1_msd,890,AIMP1;HEBP1;TBC1D2B;FAM73A,0.0,0.1086222795530392,0.1448055619280661,-0.0482110385635296,0.0482110385635296,0.0959356191322338,0.0959356191322338,0.6514109818031095,0.3818540116351602,,b890
TCGA-COADREAD,M1_msd,891,DNAJB12;PELI1;LPCAT3;?|10357,0.0,0.1309291933217135,0.1989139566201761,0.1654302033456686,0.1654302033456686,0.0445088322793315,0.0445088322793315,0.1534768582779385,0.7023484510247142,,b891
TCGA-COADREAD,M1_msd,892,BFAR;MEX3C;HGSNAT;C1orf91,0.0,0.099938840472032,0.1643629077769453,-0.0665736828809081,0.0665736828809081,-0.1125436088666732,0.1125436088666732,0.538199631827228,0.3429477154201715,,b892
TCGA-COADREAD,M1_msd,893,PPP3R1;SSX2IP;RBM6;FBXW9,0.0,0.1056941263261929,0.1358959038238456,-0.1346364823924027,0.1346364823924027,-0.0705347744254044,0.0705347744254044,0.2106863651578147,0.5327748787694111,,b893
TCGA-COADREAD,M1_msd,894,SAR1A;ZNF609;SLC9A3R2;ZNF589,0.0,0.091093562767669,0.2121785614274404,0.174366139181822,0.174366139181822,0.1818494459359795,0.1818494459359795,0.1162952000473357,0.1064108591591957,,b894
TCGA-COADREAD,M1_msd,895,RANBP3;C17orf49;MPDU1;TRAPPC2,0.0,0.1065207507004911,0.1702216084316793,0.1155414715110507,0.1155414715110507,0.2102510401766666,0.2102510401766666,0.3028312419232196,0.0736253586310475,,b895
TCGA-COADREAD,M1_msd,896,YY1;KDELC2;MTIF3;KLHL22,0.0,0.139061159430175,0.2164609730835184,0.1477055631998899,0.1477055631998899,0.1807252414938423,0.1807252414938423,0.2052110089218687,0.1120165988926853,,b896
TCGA-COADREAD,M1_msd,897,KCMF1;SFXN4;AP1G2;MAPKBP1,0.0,0.0765907901448397,0.1261486814497738,0.242068945611542,0.242068945611542,0.2902307024615776,0.2902307024615776,0.0345296965828753,0.0164979282016656,,b897
TCGA-COADREAD,M1_msd,898,FAM32A;DUS3L;CHPT1;SLC24A1,0.0,0.0894109059535444,0.1357978342481269,0.1430463420684254,0.1430463420684254,0.1041345137880206,0.1041345137880206,0.2035201724843583,0.376889836634652,,b898
TCGA-COADREAD,M1_msd,899,FBXO18;ARHGEF5;ABCC1;PAQR7,0.0,0.0803954168943013,0.1547896190028027,0.0577166466832448,0.0577166466832448,-0.0363947008009536,0.0363947008009536,0.5815436102707903,0.7375254956578376,,b899
TCGA-COADREAD,M1_msd,900,VPS26B;DENND2D;MEST;C9orf40,0.0,0.1112626364813888,0.1367785965022259,-0.0615705152432043,0.0615705152432043,0.0277864958126222,0.0277864958126222,0.5820391599929462,0.8103529431645365,,b900
TCGA-COADREAD,M1_msd,901,YTHDF2;TCEB1;AKAP11;FXN,0.0,0.0542412865454241,0.1053378613703301,-0.0738798074958713,0.0738798074958713,-0.0339305342393144,0.0339305342393144,0.5022115765470045,0.7575523520593686,,b901
TCGA-COADREAD,M1_msd,902,YY1;TMEM208;MAPK6;C12orf45,0.0,0.1108205207664274,0.1607053770037407,0.0614143505440296,0.0614143505440296,0.0741975745943991,0.0741975745943991,0.57458426706317,0.5066365212618376,,b902
TCGA-COADREAD,M1_msd,903,YTHDF2;PNPT1;MKKS;MOSPD3,0.0,0.0809298342480338,0.2043982277278922,0.021299782159906,0.021299782159906,0.0093699791716756,0.0093699791716756,0.8518484513090884,0.9400244462663846,,b903
TCGA-COADREAD,M1_msd,904,LSG1;PUS1;GBAS;PAQR7,0.0,0.1207249586524759,0.1867737225192964,-0.0430024796052478,0.0430024796052478,-0.0276177181966998,0.0276177181966998,0.6889798806502311,0.7776543135643443,,b904
TCGA-COADREAD,M1_msd,905,FBXO18;TAF1D;UQCR10;ATP7A,0.0,0.0720735452970781,0.1263601232379037,0.106718380359396,0.106718380359396,0.1527079319666554,0.1527079319666554,0.3345515942601726,0.1681088087304003,,b905
TCGA-COADREAD,M1_msd,906,SMU1;NUDT19;NAA20;RPGR,0.0,0.1301015914778831,0.1913461534241031,-0.148463881698918,0.148463881698918,-0.0804896439418227,0.0804896439418227,0.1869987827392281,0.4897488659483137,,b906
TCGA-COADREAD,M1_msd,907,RNF220;RAP2C;ACVR1B;ZNF75D,0.0,0.0558643714095369,0.0746016939711953,0.0931028267485019,0.0931028267485019,0.0358216084733603,0.0358216084733603,0.3872146033283019,0.7435691925439156,,b907
TCGA-COADREAD,M1_msd,908,GSK3B;KIAA1430;ALG5;ZMYM5,0.0,0.1052657677530623,0.1632364601789597,0.0177844129334211,0.0177844129334211,-0.1308327158139143,0.1308327158139143,0.8681753938472001,0.2480754213100436,,b908
TCGA-COADREAD,M1_msd,909,BFAR;CTPS;BCL9L;SAP30,0.0,0.0932100633420772,0.2107697551546321,-0.0592428310371425,0.0592428310371425,0.010861858719575,0.010861858719575,0.5848475935644648,0.9237889967975556,,b909
TCGA-COADREAD,M1_msd,910,BET1L;HCCS;MLL;ITGB3BP,0.0,0.0785401952742521,0.1407815444193351,-0.0882761578603252,0.0882761578603252,-0.0704760118465973,0.0704760118465973,0.416778892011638,0.5347707501065699,,b910
TCGA-COADREAD,M1_msd,911,GORASP1;ZNF770;ARHGAP18;C3orf64,0.0,0.1073339141617272,0.1667385805104649,-0.0616523411819463,0.0616523411819463,0.0239070739263444,0.0239070739263444,0.5632495510112361,0.8236847710551982,,b911
TCGA-COADREAD,M1_msd,912,RNF220;PELI1;KIAA1147;CARD8,0.0,0.0658150107265942,0.077580855315534,0.2637935069571822,0.2637935069571822,0.2372226709715447,0.2372226709715447,0.026274466356752,0.0515827852840145,,b912
TCGA-COADREAD,M1_msd,913,DNAJA2;KIAA0146;EFHA1;CHKB,0.0,0.1262568861629712,0.2265542055556602,-0.0362355680254137,0.0362355680254137,-0.1184748226751325,0.1184748226751325,0.7409430716434247,0.3279519927011823,,b913
TCGA-COADREAD,M1_msd,914,ATMIN;ORMDL2;RB1CC1;C1orf216,0.0,0.138031969242279,0.1726724691436315,0.0523470215655225,0.0523470215655225,0.0933876060275481,0.0933876060275481,0.6257488842743288,0.4052972899289392,,b914
TCGA-COADREAD,M1_msd,915,CCNY;RRP9;AP1G2;PHF17,0.0,0.0553467652315491,0.1022728674113002,0.1401803837481271,0.1401803837481271,0.1711093453253331,0.1711093453253331,0.2043631157094937,0.1331866737458561,,b915
TCGA-COADREAD,M1_msd,916,EIF4E2;SNX7;MAP2K3;ARV1,0.0,0.0754838477853445,0.123905486734549,-0.1650426370989002,0.1650426370989002,-0.0987077140366246,0.0987077140366246,0.1349683134188941,0.3992802861654734,,b916
TCGA-COADREAD,M1_msd,917,KIAA1310;TICAM1;RB1;PXMP2,0.0,0.1176513225408839,0.1709989783603238,0.0278046118568793,0.0278046118568793,-0.0338415744779265,0.0338415744779265,0.801263671593067,0.7648937036787158,,b917
TCGA-COADREAD,M1_msd,918,RNF220;SLC25A32;GPD1L;TCTN2,0.0,0.1167434953582587,0.1782335242451742,-0.0080479380395044,0.0080479380395044,0.0440413574143642,0.0440413574143642,0.9406385196995748,0.6797552089565522,,b918
TCGA-COADREAD,M1_msd,919,CAMKK2;NDUFV3;RIOK3;FAM69A,0.0,0.0972502685666064,0.1349017219201967,-0.1461563595972825,0.1461563595972825,-0.0393776511639088,0.0393776511639088,0.155277733240862,0.6953807341696596,,b919
TCGA-COADREAD,M1_msd,920,ATMIN;TGS1;RB1;FAM69A,0.0,0.099591775883933,0.1726724691436315,-0.1260422073363396,0.1260422073363396,-0.1436110141549991,0.1436110141549991,0.2427109691109059,0.1942954570377921,,b920
TCGA-COADREAD,M1_msd,921,EIF2B5;ZMYM3;ALG5;MARCH2,0.0,0.118200318379588,0.1632364601789597,0.1734295546973969,0.1734295546973969,0.0509118007834027,0.0509118007834027,0.093653554575641,0.6256775134051961,,b921
TCGA-COADREAD,M1_msd,922,CTCF;IRF6;PROSC;AFG3L1,0.0,0.0914124205740475,0.1196334041118048,0.0381997777682609,0.0381997777682609,-0.0923767979500335,0.0923767979500335,0.740496573484284,0.4522619470316822,,b922
TCGA-COADREAD,M1_msd,923,RAF1;TOM1L1;PLEKHG3;MMACHC,0.0,0.10887374259676,0.1688359929433432,-0.2843467555753954,0.2843467555753954,-0.2673594654554815,0.2673594654554815,0.012269170264338,0.0312130541679132,,b923
TCGA-COADREAD,M1_msd,924,TIAL1;ZNF770;CCNB1IP1;RCCD1,0.0,0.1198352873210294,0.2329530678254222,0.1468290768189941,0.1468290768189941,0.1902781437586841,0.1902781437586841,0.1572251484804378,0.0822972659825499,,b924
TCGA-COADREAD,M1_msd,925,VPS26B;ORMDL2;GALM;UNKL,0.0,0.136388686432269,0.2198735718684847,-0.0920249666654075,0.0920249666654075,-0.0756821578544744,0.0756821578544744,0.4079922092305795,0.4960856950807317,,b925
TCGA-COADREAD,M1_msd,926,ABCF3;ALG8;RABAC1;MAPKBP1,0.0,0.1172945034890185,0.2173900975031464,0.0598156640696946,0.0598156640696946,0.0036333943758886,0.0036333943758886,0.5678470919123648,0.975124514476806,,b926
TCGA-COADREAD,M1_msd,927,WTAP;TMEM159;OCIAD2;PLEKHM3,0.0,0.0785037676768619,0.1413172454598664,0.1065440442067108,0.1065440442067108,0.1605397612020998,0.1605397612020998,0.3019437706524035,0.1415684090921697,,b927
TCGA-COADREAD,M1_msd,928,CTCF;SPATA2;C6orf115;C2orf34,0.0,0.1338821893984568,0.2153567525020987,-0.0804303075101011,0.0804303075101011,-0.1623286227867739,0.1623286227867739,0.4448095870574693,0.1463853909786894,,b928
TCGA-COADREAD,M1_msd,929,LSG1;ZADH2;BSCL2;MMACHC,0.0,0.1368523287668765,0.1867737225192964,-0.1827465842642008,0.1827465842642008,-0.097537531489865,0.097537531489865,0.1007981566681558,0.4046936061624728,,b929
TCGA-COADREAD,M1_msd,930,SPOP;TMEM126B;ANAPC11;ZNF224,0.0,0.1550083621688639,0.2032677139231311,0.1010936636513432,0.1010936636513432,0.0500818734960546,0.0500818734960546,0.3329769500035463,0.6402844948564983,,b930
TCGA-COADREAD,M1_msd,931,SUDS3;PNPT1;PLSCR1;CHAF1B,0.0,0.0874949044051766,0.1180486009523795,-0.1174618659328572,0.1174618659328572,0.0129195863278932,0.0129195863278932,0.2887936535034976,0.9151969339261492,,b931
TCGA-COADREAD,M1_msd,932,SUDS3;SFXN4;FNDC3B;EIF2C4,0.0,0.088389217117909,0.1437418705791526,-0.0533784621210972,0.0533784621210972,-0.0265833709854772,0.0265833709854772,0.6390791095393625,0.8141373768227578,,b932
TCGA-COADREAD,M1_msd,933,PPM1B;TMEM62;ATP6V1B2;FBXO4,0.0,0.1480378820236903,0.2080487341660181,-0.171162974087881,0.171162974087881,-0.0580913862414,0.0580913862414,0.1026368613629796,0.6080412947290428,,b933
TCGA-COADREAD,M1_msd,934,BET1L;TMEM126B;POLR2L;TCTN2,0.0,0.1004468037013583,0.1480146001297038,0.1565769303751955,0.1565769303751955,0.221171183301478,0.221171183301478,0.1568341493077574,0.0545906044900714,,b934
TCGA-COADREAD,M1_msd,935,AGFG1;ZNF318;LOC100129034;FLYWCH2,0.0,0.0546800965304528,0.118518166392084,-0.023566742665945,0.023566742665945,-0.0963104010278266,0.0963104010278266,0.8356404856185021,0.4338230636777288,,b935
TCGA-COADREAD,M1_msd,936,BFAR;MAFG;RAE1;DUS4L,0.0,0.1203504580036092,0.230219965298785,-0.0262186037983008,0.0262186037983008,-0.1682080374807429,0.1682080374807429,0.7981123444640236,0.1212408704331557,,b936
TCGA-COADREAD,M1_msd,937,FAM32A;SLC39A13;BCL9L;CBX8,0.0,0.0911425042930976,0.13269428137254,0.2794598772790582,0.2794598772790582,0.1359606619784832,0.1359606619784832,0.0063657831806163,0.1863528860401293,,b937
TCGA-COADREAD,M1_msd,938,GSK3B;MRPL34;ZFP106;MBLAC2,0.0,0.1226200495999465,0.2502743025791792,-0.1026373785472867,0.1026373785472867,0.0155163935813307,0.0155163935813307,0.3429908780174757,0.8874254404415729,,b938
TCGA-COADREAD,M1_msd,939,AGFG1;GMEB2;UNC93B1;POP1,0.0,0.088321398796696,0.1551763377410125,-0.1044075108893692,0.1044075108893692,-0.184012452631893,0.184012452631893,0.3248106291503657,0.1102278869028889,,b939
TCGA-COADREAD,M1_msd,940,AIMP1;MEX3C;ASXL1;LRRC37A,0.0,0.0868551476326434,0.1167925599119301,0.0713486349555582,0.0713486349555582,0.0190900130845297,0.0190900130845297,0.5137901266392584,0.8710244552325246,,b940
TCGA-COADREAD,M1_msd,941,ARIH2;ZNF609;ADAM10;PLK4,0.0,0.0782008546968307,0.1257149980482694,-0.1840632643087285,0.1840632643087285,-0.0838803722745908,0.0838803722745908,0.1020933745322536,0.4521506072605915,,b941
TCGA-COADREAD,M1_msd,942,GORASP1;MRPL34;CHPT1;LRRC37A,0.0,0.0820508455702662,0.1667385805104649,0.0808343926970419,0.0808343926970419,0.0391796463579441,0.0391796463579441,0.4987023511650222,0.7472533312732763,,b942
TCGA-COADREAD,M1_msd,943,CNOT2;BCL7C;DCTPP1;TMEM187,0.0,0.1167909887727762,0.208260043804318,-0.1520892696310992,0.1520892696310992,-0.1316863085367121,0.1316863085367121,0.1653459967125125,0.2847978770023514,,b943
TCGA-COADREAD,M1_msd,944,RBM22;AGBL5;ASXL1;RAD51C,0.0,0.1400023467810086,0.2081561387806139,-0.0788970710381963,0.0788970710381963,-0.1966972443135989,0.1966972443135989,0.4872568762656554,0.0987190339909184,,b944
TCGA-COADREAD,M1_msd,945,THUMPD1;WWC1;PRPS2;ZBTB8A,0.0,0.133222958800189,0.2366508153615863,-0.242583877183531,0.242583877183531,-0.130185741233482,0.130185741233482,0.0276309581305283,0.2353388314688647,,b945
TCGA-COADREAD,M1_msd,946,RSRC2;PDS5B;TAF1;ACTR5,0.0,0.1104929609751557,0.2091956106348877,0.142934499748487,0.142934499748487,0.001206561495748,0.001206561495748,0.2086534633650869,0.9921883508687408,,b946
TCGA-COADREAD,M1_msd,947,QRICH1;LOC651250;USP14;KRT10,0.0,0.0987725658780357,0.1671018591400577,-0.1449943050576005,0.1449943050576005,-0.1319854559455668,0.1319854559455668,0.178676072789347,0.2101896638530633,,b947
TCGA-COADREAD,M1_msd,948,FBXO18;LSM2;UQCC;WDR67,0.0,0.1125705546227914,0.1880705204977424,-0.0534006718882803,0.0534006718882803,-0.0492257509496853,0.0492257509496853,0.6349146548413129,0.6615930506578609,,b948
TCGA-COADREAD,M1_msd,949,C19orf50;HMGCL;AURKAIP1;CLCN6,0.0,0.0579484711931675,0.1051502514969986,0.0078703805855665,0.0078703805855665,-0.0092790994648616,0.0092790994648616,0.9395739463921372,0.92514277387279,,b949
TCGA-COADREAD,M1_msd,950,DAXX;IRF6;RDH11;ZNF107,0.0,0.0712634152322289,0.1421721613571494,0.0761937590971188,0.0761937590971188,0.0861816181245447,0.0861816181245447,0.4927172527168683,0.4446818224320955,,b950
TCGA-COADREAD,M1_msd,951,AGFG1;DCK;TBC1D1;TMEM117,0.0,0.145973757815151,0.2447389636278104,-0.1604577770893965,0.1604577770893965,-0.10583916626538,0.10583916626538,0.1384260640418201,0.3340526348915756,,b951
TCGA-COADREAD,M1_msd,952,FAM98A;KIAA0355;TTC19;DOM3Z,0.0,0.1348892697169612,0.2066075473217374,-0.0794252624217721,0.0794252624217721,-0.0784182354470869,0.0784182354470869,0.4890615841065016,0.4995344564894902,,b952
TCGA-COADREAD,M1_msd,953,GPBP1;ZNRD1;MYBBP1A;PPIL5,0.0,0.0815458176798026,0.1044515460863311,0.0295295102257978,0.0295295102257978,0.0665312024980762,0.0665312024980762,0.7853985403058268,0.5539847669653113,,b953
TCGA-COADREAD,M1_msd,954,RBM17;SIL1;GOLGA7;SMYD3,0.0,0.092167718953926,0.1781566690262496,0.0042903437887146,0.0042903437887146,0.0715403735417058,0.0715403735417058,0.9679680070012704,0.4819768902543729,,b954
TCGA-COADREAD,M1_msd,955,MFF;THOC6;C7orf59;WRAP53,0.0,0.1156330539184235,0.1391792392463472,0.0641269152603228,0.0641269152603228,0.1319953357608753,0.1319953357608753,0.5711139555320974,0.2664046800546287,,b955
TCGA-COADREAD,M1_msd,956,CPSF6;FAM109A;HGSNAT;SCAPER,0.0,0.1055367042419861,0.1731089361674114,-0.1768518922963805,0.1768518922963805,-0.1103006795185034,0.1103006795185034,0.1005900447147645,0.3291738792330204,,b956
TCGA-COADREAD,M1_msd,957,SPPL3;RNMT;UNC13B;ZDHHC1,0.0,0.1479156557578446,0.2334399872135929,0.0770379056196175,0.0770379056196175,0.1259108877419396,0.1259108877419396,0.5166052262938905,0.3021242522517469,,b957
TCGA-COADREAD,M1_msd,958,KPNA4;MAN2C1;SLC26A6;FBXO4,0.0,0.1312074673631749,0.2300862277191709,0.0195659309905992,0.0195659309905992,0.0750743813750957,0.0750743813750957,0.8611395618677796,0.5066336908140989,,b958
TCGA-COADREAD,M1_msd,959,RAB35;PGM2;FAM162A;PIN4,0.0,0.0979674501215247,0.1537468590649093,-0.2052566901807678,0.2052566901807678,-0.0964648482567891,0.0964648482567891,0.0366879652776713,0.3613115239177759,,b959
TCGA-COADREAD,M1_msd,960,ABCF3;PMVK;LAS1L;C11orf80,0.0,0.144420132583824,0.2173900975031464,0.1940921309634373,0.1940921309634373,0.1290997286039693,0.1290997286039693,0.0911286946472114,0.3054797311297214,,b960
TCGA-COADREAD,M1_msd,961,GSK3B;BCL2L2;FAM84B;LOC200030,0.0,0.094048284079543,0.1132865651571947,0.0659653374867642,0.0659653374867642,-0.0042043609031635,0.0042043609031635,0.5576089587221126,0.9718240895960216,,b961
TCGA-COADREAD,M1_msd,962,UBE2Q1;PMVK;SUCLA2;MAPKBP1,0.0,0.0826921098714653,0.1539567260771814,0.1956970337930376,0.1956970337930376,0.0663916664239796,0.0663916664239796,0.0677765847717517,0.5491120949349724,,b962
TCGA-COADREAD,M1_msd,963,DNAJC14;MRPL28;GNAQ;IFT46,0.0,0.1060940103923039,0.201921268011879,0.1556446375620367,0.1556446375620367,0.1471864996939064,0.1471864996939064,0.1712278215302023,0.1494973667211935,,b963
TCGA-COADREAD,M1_msd,964,ATMIN;CPT2;UNC13B;C1orf216,0.0,0.1146284598308108,0.1726724691436315,-0.255377670045545,0.255377670045545,-0.1287599149521655,0.1287599149521655,0.0233634382102631,0.2539592333912815,,b964
TCGA-COADREAD,M1_msd,965,PYGO2;RHOQ;RNF6;CHCHD6,0.0,0.12692309460707,0.1708348316731932,0.1865734367902033,0.1865734367902033,0.028814065022266,0.028814065022266,0.0968927396198877,0.7968572564030526,,b965
TCGA-COADREAD,M1_msd,966,ARIH2;OSBPL3;SGSM3;DENND1C,0.0,0.0897085998170805,0.1613098412103239,0.1184458311193651,0.1184458311193651,0.1357547914432833,0.1357547914432833,0.3000259318790682,0.2458763856112197,,b966
TCGA-COADREAD,M1_msd,967,DAXX;ATXN1L;RHBDD2;MUTYH,0.0,0.0519165942046599,0.0849996203612506,0.2128332527255764,0.2128332527255764,0.0593021570708502,0.0593021570708502,0.0234279187250885,0.5234384742394206,,b967
TCGA-COADREAD,M1_msd,968,RAF1;CRAMP1L;ZWINT;CHST12,0.0,0.1300210947870502,0.2119086982568145,0.0486615063182287,0.0486615063182287,0.0484071828284754,0.0484071828284754,0.6872925578947172,0.6955208526830479,,b968
TCGA-COADREAD,M1_msd,969,KCMF1;SMG6;ZBED1;KCTD13,0.0,0.0646264406313932,0.1261486814497738,0.1919801050162075,0.1919801050162075,0.0588469772540921,0.0588469772540921,0.0834700672274905,0.6050754898674837,,b969
TCGA-COADREAD,M1_msd,970,AIMP1;C12orf35;SPRY4;PSMG4,0.0,0.1011343209861724,0.183441142488633,0.1457046248304589,0.1457046248304589,0.0338598035003221,0.0338598035003221,0.1896466968265672,0.7409461407846514,,b970
TCGA-COADREAD,M1_msd,971,PPP6C;NDOR1;BOLA2;BRF2,0.0,0.0537136074508737,0.0896639323533151,0.2036136010602493,0.2036136010602493,0.2200314863391666,0.2200314863391666,0.0548300342794917,0.0336895479758363,,b971
TCGA-COADREAD,M1_msd,972,LSG1;TRMT1;PRCP;HSD17B7,0.0,0.0994866300006096,0.1867737225192964,0.0071428268282891,0.0071428268282891,0.0435325210598853,0.0435325210598853,0.9488986253599618,0.7129208867434164,,b972
TCGA-COADREAD,M1_msd,973,QRICH1;ZNF292;NNT;C8orf38,0.0,0.1523970215790202,0.1850430139829116,-0.1438479112386691,0.1438479112386691,-0.1125733862246283,0.1125733862246283,0.2058464721419075,0.3495999387258779,,b973
TCGA-COADREAD,M1_msd,974,AIMP1;C12orf32;BCL9L;C6orf1,0.0,0.0893851799548459,0.1167925599119301,0.2165712222872984,0.2165712222872984,0.1559146244519126,0.1559146244519126,0.0141158843334745,0.0941501994122162,,b974
TCGA-COADREAD,M1_msd,975,SAR1A;FBRSL1;XPO4;CHCHD6,0.0,0.1133559093083921,0.2080189693830288,0.0967820009960374,0.0967820009960374,-0.0181304306508229,0.0181304306508229,0.3746922314677925,0.8692161085596936,,b975
TCGA-COADREAD,M1_msd,976,GPBP1;FAM111A;MED12;RNF5P1,0.0,0.1077801230102101,0.2122517311365972,0.1334657742011282,0.1334657742011282,0.0114594097579055,0.0114594097579055,0.2545192326714123,0.9225564041999312,,b976
TCGA-COADREAD,M1_msd,977,YTHDC1;WDR74;NSFL1C;C17orf58,0.0,0.1124670561394899,0.2198715261115323,0.0160070662914795,0.0160070662914795,-0.0482470678776927,0.0482470678776927,0.8797908543117673,0.6451245910798238,,b977
TCGA-COADREAD,M1_msd,978,FBXO18;C12orf32;VPS13D;CIDEB,0.0,0.1369811689133249,0.1730378905952885,0.04399757666931,0.04399757666931,0.092718338317827,0.092718338317827,0.7035138491695812,0.4451271363519335,,b978
TCGA-COADREAD,M1_msd,979,RBM14;RRP9;OCIAD2;CENPBD1,0.0,0.0877376518346571,0.2032889290667919,-0.0968159069269808,0.0968159069269808,-0.1362295470811088,0.1362295470811088,0.375943523898368,0.2321636970274273,,b979
TCGA-COADREAD,M1_msd,980,QRICH1;FAM199X;GOT1;C9orf64,0.0,0.0983942140836349,0.1613620388033351,-0.143236620600325,0.143236620600325,-0.0327879916473483,0.0327879916473483,0.1756262233404573,0.7699494048034173,,b980
TCGA-COADREAD,M1_msd,981,FAM98A;HOOK2;NCOA3;LENG9,0.0,0.1094032981340521,0.2066075473217374,-0.0748484972256184,0.0748484972256184,-0.183574721506546,0.183574721506546,0.4664576156820522,0.0980946658378211,,b981
TCGA-COADREAD,M1_msd,982,GSK3B;C22orf32;UNC13B;CLN8,0.0,0.0892872591290382,0.1370289112580735,-0.0901365885298492,0.0901365885298492,0.005808581748685,0.005808581748685,0.4012419599906337,0.9575563390337098,,b982
TCGA-COADREAD,M1_msd,983,FAM98A;IKBKB;PAQR4;ZBTB8A,0.0,0.1597082450543183,0.2366508153615863,0.023703787276332,0.023703787276332,0.1322157207359063,0.1322157207359063,0.8262102449706188,0.2167937007364615,,b983
TCGA-COADREAD,M1_msd,984,AGFG1;C19orf70;HEATR7A;TIFA,0.0,0.100610807968692,0.1779087263746643,-0.1163202673920325,0.1163202673920325,0.0184352458067518,0.0184352458067518,0.269091818287973,0.8626481025345717,,b984
TCGA-COADREAD,M1_msd,985,LSG1;BOD1;UNC13B;NLRX1,0.0,0.0985441005605408,0.1867737225192964,-0.3149663953124482,0.3149663953124482,-0.1869377120790692,0.1869377120790692,0.0057389665753587,0.1085807947996579,,b985
TCGA-COADREAD,M1_msd,986,WDR33;TOR1B;OCIAD2;CCDC125,0.0,0.0653525476999266,0.1700982857158708,-0.1297214121187086,0.1297214121187086,-0.0482773877891798,0.0482773877891798,0.2158123128748883,0.64539803373786,,b986
TCGA-COADREAD,M1_msd,987,FAM98A;TICAM1;RPIA;RNMTL1,0.0,0.1068769949296343,0.2066075473217374,0.0444934362586992,0.0444934362586992,0.095178042059836,0.095178042059836,0.6986793452091484,0.4310561584530368,,b987
TCGA-COADREAD,M1_msd,988,C19orf50;NDOR1;TPMT;MCPH1,0.0,0.070111323353784,0.0843126588047641,0.0049672909982603,0.0049672909982603,0.0281234317130995,0.0281234317130995,0.961808435673958,0.7943239199308592,,b988
TCGA-COADREAD,M1_msd,989,FBXO18;DHX40;DGKD;FAM89A,0.0,0.1211114542968211,0.1912970471374981,0.15165209106588,0.15165209106588,0.0975625951622885,0.0975625951622885,0.2027216963365811,0.4119288665269763,,b989
TCGA-COADREAD,M1_msd,990,LSG1;C22orf30;AAGAB;WRAP53,0.0,0.1350164085744598,0.1867737225192964,-0.2358196417481798,0.2358196417481798,-0.1428977481971396,0.1428977481971396,0.0353611021912744,0.2201600126405405,,b990
TCGA-COADREAD,M1_msd,991,DNAJB12;SPSB3;ZMYM2;SMYD3,0.0,0.1243741347280932,0.1989139566201761,0.1234840575100303,0.1234840575100303,-0.0668074005758305,0.0668074005758305,0.2534562477185904,0.5359375837316094,,b991
TCGA-COADREAD,M1_msd,992,THUMPD1;BAD;STX3;NICN1,0.0,0.1534710135442176,0.1893787297811848,-0.1115692982295752,0.1115692982295752,-0.1195965975433094,0.1195965975433094,0.2825818197307439,0.2852193971738248,,b992
TCGA-COADREAD,M1_msd,993,PRCC;ZNF292;PROSC;LENG9,0.0,0.1037373644222176,0.1341354521759122,0.0898161178321495,0.0898161178321495,0.0096920507552742,0.0096920507552742,0.3925846688225188,0.9264193422336549,,b993
TCGA-COADREAD,M1_msd,994,BET1L;PELI1;XPO4;CLCN6,0.0,0.1056798755786766,0.2080189693830288,0.2491852185607388,0.2491852185607388,0.0439014891602016,0.0439014891602016,0.0344492414321241,0.7197293404759397,,b994
TCGA-COADREAD,M1_msd,995,PRCC;SC5DL;MAP4K4;ACBD4,0.0,0.1222502656391821,0.1988902410402862,0.0914117042049847,0.0914117042049847,-0.0160004107632112,0.0160004107632112,0.3900889064589875,0.8821213529036477,,b995
TCGA-COADREAD,M1_msd,996,KPNA4;C9orf82;CNNM4;ZNF839,0.0,0.1107818120542239,0.193608812784858,-0.2038133959592142,0.2038133959592142,-0.0830049593973074,0.0830049593973074,0.0550698208058096,0.460681883722986,,b996
TCGA-COADREAD,M1_msd,997,RNF220;TRAF3IP2;GPD1L;PPIL3,0.0,0.0871741949693834,0.1782335242451742,-0.043433081346035,0.043433081346035,0.0037906557952319,0.0037906557952319,0.6731039740838248,0.9720829782824336,,b997
TCGA-COADREAD,M1_msd,998,KIAA1310;PGM2;XPO7;C9orf41,0.0,0.120893725583848,0.1709989783603238,-0.3071528749835598,0.3071528749835598,-0.1948108643030703,0.1948108643030703,0.0040606413054234,0.0956804541557846,,b998
TCGA-COADREAD,M1_msd,999,MFF;ARHGEF5;PCM1;RAB11FIP2,0.0,0.0875166030288175,0.1391792392463472,-0.0422760038916863,0.0422760038916863,-0.0663899270207784,0.0663899270207784,0.7080250385150835,0.5802985414351611,,b999
TCGA-COADREAD,M2_msd_coexpr,0,FAM32A;MEF2A;DCAF13;PIGW,0.0,0.0825581108547245,0.1288571840393771,0.0158838902286402,0.0158838902286402,-0.0162867959727499,0.0162867959727499,0.8832302491558152,0.8900091470552433,,b1000
TCGA-COADREAD,M2_msd_coexpr,1,BFAR;GNL3L;PRC1;FXN,0.0,0.0831722849305352,0.1636246408554948,-0.1781306558244554,0.1781306558244554,-0.0596662692406346,0.0596662692406346,0.0967601353832203,0.5915269975215339,,b1001
TCGA-COADREAD,M2_msd_coexpr,2,UBE2Q1;PCNX;CCDC109A;C3orf64,0.0,0.0559256445423557,0.1359378809529329,0.0867556099224576,0.0867556099224576,0.1334649634231795,0.1334649634231795,0.4449405088870206,0.2752901060155952,,b1002
TCGA-COADREAD,M2_msd_coexpr,3,ABCF3;ZNRD1;SNRPG;FAHD2A,0.0,0.1344833696255891,0.2173900975031464,0.0377730680565581,0.0377730680565581,0.0401930234220804,0.0401930234220804,0.7257844535449375,0.7069751898973033,,b1003
TCGA-COADREAD,M2_msd_coexpr,4,CUL3;FAM199X;ANAPC11;L2HGDH,0.0,0.0712107118743775,0.0872271884997902,-0.1791253267197454,0.1791253267197454,-0.1046210555610945,0.1046210555610945,0.1007432154910225,0.3648876995486159,,b1004
TCGA-COADREAD,M2_msd_coexpr,5,SMU1;PPP3CA;DVL1;PUSL1,0.0,0.0859342730664375,0.1090300363372384,-0.0345210956058008,0.0345210956058008,0.0239563024385652,0.0239563024385652,0.7487687865534358,0.8351236852646974,,b1005
TCGA-COADREAD,M2_msd_coexpr,6,SUDS3;SMG6;EHBP1L1;TREX1,0.0,0.0881315850447492,0.1180486009523795,0.1046550222054031,0.1046550222054031,0.1044525440402194,0.1044525440402194,0.3772769463402796,0.427004466103055,,b1006
TCGA-COADREAD,M2_msd_coexpr,7,KPNA4;SFXN4;PACS1;BMP2K,0.0,0.0804926669260588,0.1238556419362247,0.0127465367155019,0.0127465367155019,0.0865007078606195,0.0865007078606195,0.909156440054485,0.4544710749593929,,b1007
TCGA-COADREAD,M2_msd_coexpr,8,PYGO2;TFAM;MTHFD2;THAP3,0.0,0.1172421224132301,0.1704133816283063,0.0655001992792961,0.0655001992792961,0.0692892182151606,0.0692892182151606,0.544334548249063,0.5284973843424682,,b1008
TCGA-COADREAD,M2_msd_coexpr,9,YY1;POLR2F;ACOT7;LOC200030,0.0,0.0808826522330357,0.1244948870468088,-0.0331533197049204,0.0331533197049204,0.0888960604257303,0.0888960604257303,0.7530450446634614,0.4255849901068714,,b1009
TCGA-COADREAD,M2_msd_coexpr,10,IWS1;DARS2;TRABD;RABGAP1L,0.0,0.1166633956276611,0.1641095656508324,0.0819559290653561,0.0819559290653561,0.0821863703346188,0.0821863703346188,0.4447859558500382,0.4343574641031712,,b1010
TCGA-COADREAD,M2_msd_coexpr,11,RNF220;SLC25A32;UQCC;INO80B,0.0,0.0933181666490203,0.1880705204977424,0.0589238699294667,0.0589238699294667,-0.0384623699663122,0.0384623699663122,0.5846122325710449,0.729773644097477,,b1011
TCGA-COADREAD,M2_msd_coexpr,12,CCNY;MRPL34;NDRG3;ZNF224,0.0,0.1178147128145377,0.2032677139231311,0.0804957786607396,0.0804957786607396,0.0739258239269949,0.0739258239269949,0.4644589311901765,0.5247729234333628,,b1012
TCGA-COADREAD,M2_msd_coexpr,13,CPSF7;CTPS;N4BP2L2;ZCCHC2,0.0,0.093561531380949,0.2252776249955484,-0.125655152163459,0.125655152163459,-0.2244800815883278,0.2244800815883278,0.2524416185788838,0.0464336907684294,,b1013
TCGA-COADREAD,M2_msd_coexpr,14,MFF;ZNRD1;ANLN;MTMR9,0.0,0.1575737344549647,0.2074697594324194,-0.0110087908965408,0.0110087908965408,-0.0195608980308454,0.0195608980308454,0.9172254226692704,0.857804027374173,,b1014
TCGA-COADREAD,M2_msd_coexpr,15,TIAL1;SLC37A4;DCTPP1;C1orf112,0.0,0.0982539708194802,0.1324534700074126,-0.0988956102344557,0.0988956102344557,-0.0105624364251902,0.0105624364251902,0.3614974604488645,0.9279187247170444,,b1015
TCGA-COADREAD,M2_msd_coexpr,16,THUMPD1;MTFR1;MYBBP1A;ZNF343,0.0,0.1028797260487763,0.1893787297811848,-0.111247885738525,0.111247885738525,-0.0519797694222023,0.0519797694222023,0.2804703048356515,0.6242823077881068,,b1016
TCGA-COADREAD,M2_msd_coexpr,17,CAMKK2;EIF4E;PEPD;TBC1D8B,0.0,0.1133098031244837,0.1368810251215704,-0.0933496316650035,0.0933496316650035,0.0066571043461002,0.0066571043461002,0.367977360561507,0.9506399871507412,,b1017
TCGA-COADREAD,M2_msd_coexpr,18,IWS1;ZBTB33;FMR1;EIF2C4,0.0,0.1220406055681196,0.1560813496805183,0.0058002981043787,0.0058002981043787,-0.0309972651521572,0.0309972651521572,0.9581969293284076,0.7933570661704661,,b1018
TCGA-COADREAD,M2_msd_coexpr,19,KPNA1;SMG6;PINK1;DENND4A,0.0,0.1081943902434606,0.1621114259084982,0.07151109645434,0.07151109645434,0.018121614665811,0.018121614665811,0.5029850264662684,0.874558485826366,,b1019
TCGA-COADREAD,M2_msd_coexpr,20,DNAJC14;NCOA1;MEST;RAD51L3,0.0,0.1567585652304059,0.2278813654147584,-0.0269149571582942,0.0269149571582942,-0.1328809330779869,0.1328809330779869,0.8110211651693674,0.2509918847189974,,b1020
TCGA-COADREAD,M2_msd_coexpr,21,SMU1;SFXN4;MANF;C9orf40,0.0,0.0723203180515862,0.0920723433756603,-0.1175614770969176,0.1175614770969176,0.0417224121939064,0.0417224121939064,0.2829248413462961,0.7269706724079676,,b1021
TCGA-COADREAD,M2_msd_coexpr,22,CNOT2;LMBRD1;AURKAIP1;TMEM93,0.0,0.0862909776966589,0.208260043804318,-0.0950053076649958,0.0950053076649958,-0.0826152204397725,0.0826152204397725,0.4069305511576206,0.466634020034956,,b1022
TCGA-COADREAD,M2_msd_coexpr,23,CUL3;HECA;DOCK9;FAM73A,0.0,0.0864447579134078,0.1730559097344263,-0.0593834271878971,0.0593834271878971,-0.1636484727317919,0.1636484727317919,0.5836694653546011,0.1623816354410495,,b1023
TCGA-COADREAD,M2_msd_coexpr,24,YTHDF2;MRPL48;TRABD;MED30,0.0,0.0851529356777332,0.1641095656508324,-0.0833308646426979,0.0833308646426979,-0.0196071928384278,0.0196071928384278,0.4441712276059993,0.8719626962341784,,b1024
TCGA-COADREAD,M2_msd_coexpr,25,PPP6C;TTF2;SMAGP;ZNF224,0.0,0.1366889503783517,0.2032677139231311,-0.0767290397113427,0.0767290397113427,0.034559904238524,0.034559904238524,0.4712400225968727,0.754081597737934,,b1025
TCGA-COADREAD,M2_msd_coexpr,26,YTHDC1;TMEM159;PLEKHG3;CHST14,0.0,0.1136424778095496,0.1688359929433432,0.1898097719864124,0.1898097719864124,0.1794921813106088,0.1794921813106088,0.1071127570923167,0.1486538561662017,,b1026
TCGA-COADREAD,M2_msd_coexpr,27,SPPL3;SLC25A13;N4BP2L2;TRMU,0.0,0.1125708436816971,0.2252776249955484,-0.0392818379762502,0.0392818379762502,-0.0898030326009057,0.0898030326009057,0.7210065893646344,0.4280500697233241,,b1027
TCGA-COADREAD,M2_msd_coexpr,28,CUL3;LMBRD1;CCDC56;RPGR,0.0,0.0948214515851289,0.1316545560127948,-0.0449182867912244,0.0449182867912244,-0.0679227991786739,0.0679227991786739,0.6913794224968627,0.5738433524659807,,b1028
TCGA-COADREAD,M2_msd_coexpr,29,VPS26B;STK10;GOT1;NSMCE2,0.0,0.0795918209900669,0.1367785965022259,-0.1681854570261743,0.1681854570261743,-0.0660678616103474,0.0660678616103474,0.109343417299218,0.5339449727767149,,b1029
TCGA-COADREAD,M2_msd_coexpr,30,ATMIN;PNKP;ATP6V1B2;KIF24,0.0,0.1633362909066781,0.21920639288596,-0.1040603073402855,0.1040603073402855,-0.0057720717716906,0.0057720717716906,0.3471532810248712,0.9587716872910956,,b1030
TCGA-COADREAD,M2_msd_coexpr,31,PPP3R1;CTPS;NDUFS7;CCDC107,0.0,0.0806677246449824,0.1738330285250098,-0.0024462577042343,0.0024462577042343,0.0352245548863288,0.0352245548863288,0.9820644006602892,0.760979803810589,,b1031
TCGA-COADREAD,M2_msd_coexpr,32,UBE2Q1;PTAR1;TJP1;MTHFS,0.0,0.0659387247799392,0.1069946484702001,0.1101414589851035,0.1101414589851035,0.1318245770331878,0.1318245770331878,0.3275365191042988,0.2797082977958445,,b1032
TCGA-COADREAD,M2_msd_coexpr,33,AFTPH;ENY2;ERBB2IP;STRADB,0.0,0.0888789666882284,0.1152105378057133,-0.0114281001529764,0.0114281001529764,-0.0267527709918972,0.0267527709918972,0.9169273565892722,0.8123813272663505,,b1033
TCGA-COADREAD,M2_msd_coexpr,34,AFTPH;NCAPD3;IVD;DBF4B,0.0,0.1144806110912666,0.2036659767967155,-0.1803515110428319,0.1803515110428319,-0.1532369714568196,0.1532369714568196,0.1216804095688367,0.1918861387437457,,b1034
TCGA-COADREAD,M2_msd_coexpr,35,CCNY;PRDM2;FANCI;PLEKHM3,0.0,0.1180443327243324,0.1567373616646744,0.1610829000288934,0.1610829000288934,0.188360454696244,0.188360454696244,0.1429664903855356,0.1126413140475154,,b1035
TCGA-COADREAD,M2_msd_coexpr,36,KPNA1;TSEN54;LAS1L;C16orf55,0.0,0.1313946875168479,0.1715119173989796,0.0625464350388704,0.0625464350388704,-0.0555723859318441,0.0555723859318441,0.5779048069925674,0.6229506540535222,,b1036
TCGA-COADREAD,M2_msd_coexpr,37,CAMKK2;PDZD11;RAB11FIP4;ATL3,0.0,0.0689683928448073,0.1349017219201967,-0.2186598565876467,0.2186598565876467,-0.2218049249492877,0.2218049249492877,0.0534716015004018,0.0584269099633918,,b1037
TCGA-COADREAD,M2_msd_coexpr,38,PRCC;SPSB3;HOOK1;UNKL,0.0,0.1178338123849182,0.1754944476056832,0.0060499977333434,0.0060499977333434,-0.0896830856431148,0.0896830856431148,0.9555717449428972,0.4464808707796909,,b1038
TCGA-COADREAD,M2_msd_coexpr,39,BET1L;RPUSD1;SNRPG;C21orf91,0.0,0.1062486634024628,0.1745867486712663,-0.1293773323351343,0.1293773323351343,-0.137439331674957,0.137439331674957,0.2492525681575067,0.2595041422550591,,b1039
TCGA-COADREAD,M2_msd_coexpr,40,SPOP;C10orf2;MANF;SNX16,0.0,0.124886341590819,0.1937361329339512,0.0086833581115991,0.0086833581115991,0.0559349435279677,0.0559349435279677,0.9359313396884832,0.6102039975290752,,b1040
TCGA-COADREAD,M2_msd_coexpr,41,MAPKAP1;SLC25A13;ACOT7;C9orf40,0.0,0.0729912467959257,0.1064432527429543,-0.0307286767907489,0.0307286767907489,0.0159284320390349,0.0159284320390349,0.7707006700061589,0.8871208504615787,,b1041
TCGA-COADREAD,M2_msd_coexpr,42,CNOT2;CDK5RAP1;PTEN;TRAPPC2,0.0,0.1114435258760777,0.208260043804318,0.0970736822785327,0.0970736822785327,0.0997993914858021,0.0997993914858021,0.3444359221537509,0.3510752818654312,,b1042
TCGA-COADREAD,M2_msd_coexpr,43,CAMKK2;FBRSL1;ST5;DENND4A,0.0,0.1181017846168975,0.2175919942351568,0.0724141522833056,0.0724141522833056,0.1228384742611054,0.1228384742611054,0.5180479758536112,0.2533005895642535,,b1043
TCGA-COADREAD,M2_msd_coexpr,44,PPP3R1;FBXL3;LRRC16A;SPC25,0.0,0.1102366451000097,0.1956572748832035,-0.1292707817385243,0.1292707817385243,-0.1991448626159128,0.1991448626159128,0.2199294358702981,0.0924291672764998,,b1044
TCGA-COADREAD,M2_msd_coexpr,45,CPSF7;BACH1;GCC2;MTCP1NB,0.0,0.0755500664520358,0.1278211607481481,-0.0113787615035708,0.0113787615035708,-0.0545159190883416,0.0545159190883416,0.9210175386885264,0.6337310679957684,,b1045
TCGA-COADREAD,M2_msd_coexpr,46,CPSF7;PCNX;BOLA2;SAC3D1,0.0,0.05637506391561,0.1319615414543751,0.1680260443171859,0.1680260443171859,0.153927808030722,0.153927808030722,0.1498610730913898,0.1968299600026258,,b1046
TCGA-COADREAD,M2_msd_coexpr,47,GSK3B;CYLD;PNPLA2;CHST12,0.0,0.1057571588377369,0.1437402762908239,0.211920463346742,0.211920463346742,0.092963046124241,0.092963046124241,0.0551111066609898,0.42157415662866,,b1047
TCGA-COADREAD,M2_msd_coexpr,48,FBXO18;IDE;CARS2;SPRYD4,0.0,0.0991240789668852,0.1338632076191557,0.0013936977902336,0.0013936977902336,0.052472190307042,0.052472190307042,0.989929000738453,0.6470696135126244,,b1048
TCGA-COADREAD,M2_msd_coexpr,49,GORASP1;PELI1;MCM2;LRFN3,0.0,0.0979884747124845,0.1667385805104649,0.0078801927842264,0.0078801927842264,0.0751773982000301,0.0751773982000301,0.9434795612382976,0.4781876084150386,,b1049
TCGA-COADREAD,M2_msd_coexpr,50,GSK3B;CTPS;USMG5;COQ2,0.0,0.080709197436273,0.1838080937614411,-0.2234248362576946,0.2234248362576946,-0.1147080444848705,0.1147080444848705,0.0410235767389993,0.3092385160252238,,b1050
TCGA-COADREAD,M2_msd_coexpr,51,PPP6C;NUDT19;PPP1R16A;KIF24,0.0,0.1446151682379567,0.21920639288596,-0.0525792027784092,0.0525792027784092,0.0614407627866331,0.0614407627866331,0.6267738842445435,0.5836792987159504,,b1051
TCGA-COADREAD,M2_msd_coexpr,52,PPM1B;LSM5;BOLA2;C9orf25,0.0,0.0752544085674192,0.2071291451555035,0.1834246281067786,0.1834246281067786,0.1542267532639484,0.1542267532639484,0.0830735161702406,0.1647275794016157,,b1052
TCGA-COADREAD,M2_msd_coexpr,53,ABCF3;NIT2;GADD45GIP1;PSMG4,0.0,0.128343770636159,0.2173900975031464,0.0904259504117823,0.0904259504117823,0.1152717000032587,0.1152717000032587,0.4276031924460731,0.3341391732797795,,b1053
TCGA-COADREAD,M2_msd_coexpr,54,ATMIN;TGS1;C14orf2;DPP8,0.0,0.0880856198800131,0.1726724691436315,-0.0653021405154924,0.0653021405154924,0.0687827799829981,0.0687827799829981,0.550811058713989,0.5216525607189235,,b1054
TCGA-COADREAD,M2_msd_coexpr,55,AGFG1;CDK5RAP1;SLC9A3R2;THNSL1,0.0,0.1024566605702936,0.2121785614274404,-0.0055183010315846,0.0055183010315846,0.0808895870289213,0.0808895870289213,0.9608504355863372,0.480371319942055,,b1055
TCGA-COADREAD,M2_msd_coexpr,56,RAF1;MEF2A;WDR77;PTENP1,0.0,0.1221353736510883,0.1777284528713151,0.1092287805377416,0.1092287805377416,0.0814883516524042,0.0814883516524042,0.32189961877794,0.4930414253841247,,b1056
TCGA-COADREAD,M2_msd_coexpr,57,FBXO18;UBE2V2;NDUFB7;SAC3D1,0.0,0.0906283906742147,0.1319615414543751,0.0580528841764881,0.0580528841764881,0.1395588391862003,0.1395588391862003,0.6084484282636153,0.2083108848072615,,b1057
TCGA-COADREAD,M2_msd_coexpr,58,PPP3R1;C11orf48;FUNDC2;SPRYD4,0.0,0.0792554112357614,0.1477837512424736,0.0659673830321455,0.0659673830321455,0.0934103905961465,0.0934103905961465,0.5316747325642828,0.4114806513491033,,b1058
TCGA-COADREAD,M2_msd_coexpr,59,AGFG1;RRP9;FNDC3B;WDR67,0.0,0.051356608882808,0.1272982586827144,-0.1998490094867834,0.1998490094867834,-0.1862447125208091,0.1862447125208091,0.0618854268799394,0.0960105076261782,,b1059
TCGA-COADREAD,M2_msd_coexpr,60,GPBP1;RPUSD1;SMAGP;THAP3,0.0,0.1081313848031022,0.1528879479041985,0.0383102854457463,0.0383102854457463,0.0682036099672497,0.0682036099672497,0.716945705644428,0.5258153757283667,,b1060
TCGA-COADREAD,M2_msd_coexpr,61,PPP6C;FBXL3;RPIA;SPRYD4,0.0,0.0681220705104849,0.1092432967869029,0.0301647642485893,0.0301647642485893,-0.0073449852066129,0.0073449852066129,0.7923082474172848,0.9500506392247025,,b1061
TCGA-COADREAD,M2_msd_coexpr,62,AGFG1;PTAR1;PGPEP1;SNX18,0.0,0.0936189079198517,0.1675870319047211,-0.0772238372578194,0.0772238372578194,0.0313280098144819,0.0313280098144819,0.4796256940093505,0.7838637843191661,,b1062
TCGA-COADREAD,M2_msd_coexpr,63,RAF1;NCAPD3;CTNNBL1;KIF9,0.0,0.124218009966534,0.2079726276652049,-0.1572544030896923,0.1572544030896923,-0.1937955208764215,0.1937955208764215,0.176010648292219,0.1188743848239621,,b1063
TCGA-COADREAD,M2_msd_coexpr,64,SPPL3;ATXN1L;CKAP2;STRADB,0.0,0.1138361402329665,0.1677184566016257,-0.0670092851963169,0.0670092851963169,-0.1382585762529632,0.1382585762529632,0.5473588461990468,0.2496695315172795,,b1064
TCGA-COADREAD,M2_msd_coexpr,65,SPPL3;BCL2L2;NDUFB7;FAM18B2,0.0,0.1261932330266863,0.219129984496519,0.1096702192482153,0.1096702192482153,0.0975978383997909,0.0975978383997909,0.2973875966577074,0.3368870927523908,,b1065
TCGA-COADREAD,M2_msd_coexpr,66,DNAJB12;MTFR1;FNDC3B;CXorf56,0.0,0.1009153134829752,0.1989139566201761,-0.0187683845685149,0.0187683845685149,-0.0428123831034518,0.0428123831034518,0.8701064022755794,0.7043469242918206,,b1066
TCGA-COADREAD,M2_msd_coexpr,67,RNF220;SLC25A32;GOT1;RAD51L3,0.0,0.1211114011567957,0.2278813654147584,0.0304657448601962,0.0304657448601962,0.0435999637330815,0.0435999637330815,0.7839911391123675,0.7041181452080052,,b1067
TCGA-COADREAD,M2_msd_coexpr,68,YTHDC1;C19orf70;FNDC3A;FXN,0.0,0.0641803884512604,0.1310083249326926,-0.1073603433878205,0.1073603433878205,-0.071485578904974,0.071485578904974,0.3250786539901927,0.5004923494235058,,b1068
TCGA-COADREAD,M2_msd_coexpr,69,DAXX;EIF4E;MTHFD2;TBC1D8B,0.0,0.0931967859805106,0.1289367463157068,-0.0867240106343803,0.0867240106343803,-0.0365838989094372,0.0365838989094372,0.4224353928039889,0.7392947309390204,,b1069
TCGA-COADREAD,M2_msd_coexpr,70,YTHDC1;LRCH4;PFKM;CCDC58,0.0,0.1053156689397697,0.1675667144848739,0.1782270846739799,0.1782270846739799,0.1388155534600528,0.1388155534600528,0.0965739381093202,0.2053272561971733,,b1070
TCGA-COADREAD,M2_msd_coexpr,71,RNF220;NUDT19;PFKM;FAHD2A,0.0,0.1006180330962467,0.1675667144848739,-0.007221176020547,0.007221176020547,0.0652461875435777,0.0652461875435777,0.9464751591093736,0.5500736531968728,,b1071
TCGA-COADREAD,M2_msd_coexpr,72,RSRC2;QDPR;GET4;USP43,0.0,0.1198279899382689,0.1383116533788921,0.1692869805120064,0.1692869805120064,0.1051162186268956,0.1051162186268956,0.1136766539661888,0.3376119755354572,,b1072
TCGA-COADREAD,M2_msd_coexpr,73,AGFG1;RAP2C;EID1;ZRSR2,0.0,0.0665544759638134,0.1275541120268747,0.0969735879512053,0.0969735879512053,0.1692336033745626,0.1692336033745626,0.3692039411204538,0.150972487271903,,b1073
TCGA-COADREAD,M2_msd_coexpr,74,DNAJA2;HNF1A;LAS1L;ZNF367,0.0,0.0737854839169889,0.1215171852558451,-0.0437853145920698,0.0437853145920698,-0.1038059738178639,0.1038059738178639,0.6892406761303502,0.3578996541292987,,b1074
TCGA-COADREAD,M2_msd_coexpr,75,SMU1;VMA21;POLR2L;C22orf46,0.0,0.071533301936452,0.0909475547853583,0.1515752433950432,0.1515752433950432,0.3163411914610982,0.3163411914610982,0.1710246992223746,0.0078807695029257,,b1075
TCGA-COADREAD,M2_msd_coexpr,76,GPBP1;PNPT1;GET4;C11orf80,0.0,0.1043386409715056,0.1398603288179026,0.2336173769242812,0.2336173769242812,0.1570851164378285,0.1570851164378285,0.0321921170123182,0.1584013409913528,,b1076
TCGA-COADREAD,M2_msd_coexpr,77,DNAJC14;C12orf11;PPP2CB;ALKBH2,0.0,0.0972169387774574,0.201921268011879,-0.0759805901702526,0.0759805901702526,-0.0481190659057354,0.0481190659057354,0.5081157672606016,0.6849850872079999,,b1077
TCGA-COADREAD,M2_msd_coexpr,78,PRCC;PDE4DIP;GNPNAT1;PUS7L,0.0,0.0905120470494857,0.1480393160222983,-0.1672311007541969,0.1672311007541969,-0.0341155839785433,0.0341155839785433,0.1217004372791582,0.7532496509196912,,b1078
TCGA-COADREAD,M2_msd_coexpr,79,ABCF3;POLR2F;LPGAT1;MTHFS,0.0,0.0871021342408691,0.2173900975031464,0.1347875112097535,0.1347875112097535,0.1812348596526808,0.1812348596526808,0.186629075352867,0.0902619466596802,,b1079
TCGA-COADREAD,M2_msd_coexpr,80,IWS1;SESTD1;HPCAL1;DUSP14,0.0,0.1094671333948037,0.1560813496805183,0.3131042653925923,0.3131042653925923,0.2025499119307258,0.2025499119307258,0.0046441111446286,0.0820579136362436,,b1080
TCGA-COADREAD,M2_msd_coexpr,81,PPM1B;WDFY3;PRC1;RAB12,0.0,0.1382793598432253,0.2071291451555035,-0.0230753591793003,0.0230753591793003,0.036710225597475,0.036710225597475,0.8457130953137852,0.7648093107972046,,b1081
TCGA-COADREAD,M2_msd_coexpr,82,KPNA1;CXXC1;CARS2;TRMU,0.0,0.1107072831937073,0.1553873111144165,0.0815937440052223,0.0815937440052223,0.1364426289357108,0.1364426289357108,0.4573272210716544,0.2438663083571034,,b1082
TCGA-COADREAD,M2_msd_coexpr,83,RAF1;STK10;HMGB3;PIGW,0.0,0.0846730420452856,0.1162163756498491,-0.2374386745312747,0.2374386745312747,-0.1381478016706975,0.1381478016706975,0.0349915269250937,0.2259185862972001,,b1083
TCGA-COADREAD,M2_msd_coexpr,84,THUMPD1;FAM199X;OPTN;TMEM187,0.0,0.1089747600180217,0.1893787297811848,-0.0718092935547067,0.0718092935547067,-0.1252648690254297,0.1252648690254297,0.5074614548878307,0.2968206461711355,,b1084
TCGA-COADREAD,M2_msd_coexpr,85,DNAJC14;CUL7;MYBBP1A;SURF2,0.0,0.0947884022145263,0.201921268011879,0.1854220123742918,0.1854220123742918,0.1012122850363529,0.1012122850363529,0.0671110485733093,0.3408876868117578,,b1085
TCGA-COADREAD,M2_msd_coexpr,86,PPM1B;CHCHD1;ASH1L;RAB12,0.0,0.1275590842841303,0.2071291451555035,0.0807394570834729,0.0807394570834729,0.0951793452359257,0.0951793452359257,0.4877869687986528,0.4180683755965049,,b1086
TCGA-COADREAD,M2_msd_coexpr,87,GORASP1;WDFY3;PFKM;PRIM1,0.0,0.1469217376520085,0.1675667144848739,-0.201292887597582,0.201292887597582,-0.0982619806378257,0.0982619806378257,0.0644756949050125,0.3900790532816911,,b1087
TCGA-COADREAD,M2_msd_coexpr,88,FBXO18;TCEB1;DOPEY2;PUSL1,0.0,0.1048497997551247,0.1650437334376111,0.0493162546094982,0.0493162546094982,0.1675071170602404,0.1675071170602404,0.6292831786543966,0.1134359759732784,,b1088
TCGA-COADREAD,M2_msd_coexpr,89,SUDS3;NDUFB6;ST5;MED30,0.0,0.1141992361174466,0.2175919942351568,-0.026522096735111,0.026522096735111,0.0522091512026153,0.0522091512026153,0.800509811271507,0.6077489384718453,,b1089
TCGA-COADREAD,M2_msd_coexpr,90,PPP6C;STK10;IDI1;FXN,0.0,0.0861750272650558,0.1364878158783909,-0.1112849053286148,0.1112849053286148,0.0422393359396544,0.0422393359396544,0.2957149150367111,0.6875497083865263,,b1090
TCGA-COADREAD,M2_msd_coexpr,91,GGNBP2;C10orf2;RB1CC1;CHAF1B,0.0,0.1203580985805601,0.1466412202056251,-0.1579285821126259,0.1579285821126259,-0.1003835092242425,0.1003835092242425,0.1525557104471326,0.3830764678693731,,b1091
TCGA-COADREAD,M2_msd_coexpr,92,GGNBP2;EIF4E;ACOT7;HSH2D,0.0,0.0972482846711724,0.1371745762792777,-0.0938404149793954,0.0938404149793954,-0.0391138172821041,0.0391138172821041,0.3842010486451325,0.7146276429229109,,b1092
TCGA-COADREAD,M2_msd_coexpr,93,KCMF1;ATR;MANF;MMACHC,0.0,0.101791214842786,0.1453065024212613,-0.1932374448792073,0.1932374448792073,-0.1089807019943747,0.1089807019943747,0.072381253404006,0.3274669049521582,,b1093
TCGA-COADREAD,M2_msd_coexpr,94,PRCC;UTP20;IVD;FAM69A,0.0,0.0738493144457707,0.1341354521759122,-0.1379650010675565,0.1379650010675565,-0.0350729872159118,0.0350729872159118,0.2112366459028474,0.7576936548214463,,b1094
TCGA-COADREAD,M2_msd_coexpr,95,RIC8A;HMBS;THOC3;C9orf40,0.0,0.0961794588451903,0.1481069311872735,-0.082388267856472,0.082388267856472,0.0319176198647428,0.0319176198647428,0.4390860090549221,0.7919258518359411,,b1095
TCGA-COADREAD,M2_msd_coexpr,96,BET1L;CUL7;CCDC109A;C9orf41,0.0,0.0868205100737011,0.1605271946637168,-0.0530203461844956,0.0530203461844956,-0.0791233126203658,0.0791233126203658,0.6403566461481127,0.4903443159982182,,b1096
TCGA-COADREAD,M2_msd_coexpr,97,PPP3R1;STK10;MAP7D1;ZRSR2,0.0,0.0983627779346119,0.1417460691621989,0.0816298559264454,0.0816298559264454,0.0627250975730234,0.0627250975730234,0.418140072128038,0.5665354909415231,,b1097
TCGA-COADREAD,M2_msd_coexpr,98,YY1;CDK5RAP1;PJA2;PSMG4,0.0,0.0829832305947615,0.1244948870468088,-0.0343460319986147,0.0343460319986147,-0.0704312778623403,0.0704312778623403,0.7662994203690647,0.5467170146497581,,b1098
TCGA-COADREAD,M2_msd_coexpr,99,FBXO18;CAMTA2;CTNNBL1;CHST12,0.0,0.1086302579105328,0.1437402762908239,0.325809459666153,0.325809459666153,0.2540757432906358,0.2540757432906358,0.0043439103029449,0.0354781579524886,,b1099
TCGA-COADREAD,M2_msd_coexpr,100,SPPL3;PNKP;AFAP1;DENND4A,0.0,0.10862352926196,0.157722909965657,0.0688388694902313,0.0688388694902313,0.1029095153840581,0.1029095153840581,0.5352350249017483,0.333651516133692,,b1100
TCGA-COADREAD,M2_msd_coexpr,101,PPM1B;C1orf9;SMAGP;TIGD5,0.0,0.1447407897566454,0.2071291451555035,-0.1041058488740182,0.1041058488740182,-0.110000045022816,0.110000045022816,0.3420689633196334,0.3428871719103995,,b1101
TCGA-COADREAD,M2_msd_coexpr,102,DAXX;TMEM70;IDH3B;CHCHD6,0.0,0.1198045285068361,0.1708348316731932,-0.1075592472956101,0.1075592472956101,-0.0799828079634343,0.0799828079634343,0.3302434727434808,0.519844563509313,,b1102
TCGA-COADREAD,M2_msd_coexpr,103,FAM32A;TCEB1;LOC100129034;THNSL1,0.0,0.0666697049207914,0.118518166392084,0.0583777271271408,0.0583777271271408,0.1223354059959842,0.1223354059959842,0.5724204636612592,0.2224846938659225,,b1103
TCGA-COADREAD,M2_msd_coexpr,104,YY1;PUS1;FANCI;ZNF182,0.0,0.1316679619830627,0.2198076687352491,0.0350303581673643,0.0350303581673643,0.044179926961923,0.044179926961923,0.746194014469362,0.6808698711929073,,b1104
TCGA-COADREAD,M2_msd_coexpr,105,THUMPD1;EZH2;MCM2;MOSPD3,0.0,0.0839295370183219,0.1893787297811848,-0.0697780308410916,0.0697780308410916,-0.0734759519608827,0.0734759519608827,0.5150640035083598,0.4963926629536999,,b1105
TCGA-COADREAD,M2_msd_coexpr,106,WDR33;MRPL48;FNDC3A;POLI,0.0,0.1233347611102093,0.2100137913666743,-0.010103811878565,0.010103811878565,-0.0292900640721834,0.0292900640721834,0.9244784169211726,0.780403645788497,,b1106
TCGA-COADREAD,M2_msd_coexpr,107,CAMKK2;TRIM24;ZBTB4;CLCN6,0.0,0.1245544157628336,0.222191597706407,0.0877941896189732,0.0877941896189732,0.0483222475936007,0.0483222475936007,0.4600710517051775,0.7146883644842663,,b1107
TCGA-COADREAD,M2_msd_coexpr,108,RIC8A;CCNDBP1;NCOA3;PHF17,0.0,0.083521790523929,0.138115587764612,0.0517360930292652,0.0517360930292652,0.0653713830244106,0.0653713830244106,0.6512190222181298,0.578903354951908,,b1108
TCGA-COADREAD,M2_msd_coexpr,109,TIAL1;SSX2IP;FUNDC2;PASK,0.0,0.0939565312929415,0.1477837512424736,-0.0720190208465464,0.0720190208465464,0.0119167365039274,0.0119167365039274,0.523541924079346,0.9195894344129644,,b1109
TCGA-COADREAD,M2_msd_coexpr,110,FBXO18;ZNRD1;RPIA;CHCHD6,0.0,0.1277224494460827,0.1708348316731932,0.065143916913366,0.065143916913366,0.0106055164613782,0.0106055164613782,0.5717250212301548,0.926583685110546,,b1110
TCGA-COADREAD,M2_msd_coexpr,111,PPP6C;CHCHD1;DCAF13;NDUFAF2,0.0,0.0889841724400223,0.120427975660961,0.0347721965757041,0.0347721965757041,0.1238899945214277,0.1238899945214277,0.7513005184853901,0.26678105868092,,b1111
TCGA-COADREAD,M2_msd_coexpr,112,AGFG1;ATR;MAP7D1;SHCBP1,0.0,0.0834736498145458,0.1417460691621989,-0.1089207211265781,0.1089207211265781,-0.1281553873874099,0.1281553873874099,0.3175676131911927,0.2545141221156082,,b1112
TCGA-COADREAD,M2_msd_coexpr,113,WDR33;SPSB3;SIVA1;RRAGC,0.0,0.1361535276988396,0.1757506665971835,0.0513148955970028,0.0513148955970028,0.0787011739536415,0.0787011739536415,0.6346493857044307,0.477331433344358,,b1113
TCGA-COADREAD,M2_msd_coexpr,114,PPP6C;TMEM161A;POLR2L;RAD51L3,0.0,0.1154237157244696,0.2278813654147584,0.046066370750526,0.046066370750526,0.1853834137242593,0.1853834137242593,0.6888715005498878,0.1157708119725483,,b1114
TCGA-COADREAD,M2_msd_coexpr,115,PRCC;PDZD11;MRPL15;ITGB3BP,0.0,0.0887568182953344,0.1407815444193351,-0.0330515037978326,0.0330515037978326,0.0687962800780612,0.0687962800780612,0.7569462382438091,0.5559051411403052,,b1115
TCGA-COADREAD,M2_msd_coexpr,116,UBE2Q1;DARS2;PRC1;C9orf25,0.0,0.0654984863434673,0.1636246408554948,0.0995176976317551,0.0995176976317551,0.0596858783886155,0.0596858783886155,0.3588105715586613,0.5997180844031822,,b1116
TCGA-COADREAD,M2_msd_coexpr,117,CTCF;SSX2IP;CARS2;MOSPD3,0.0,0.0943140777843826,0.1338632076191557,-0.0557553221838993,0.0557553221838993,-0.1385121258912412,0.1385121258912412,0.6070350020468608,0.229991706062465,,b1117
TCGA-COADREAD,M2_msd_coexpr,118,TIAL1;CUL7;P4HA2;C1orf112,0.0,0.0994441514865179,0.1324534700074126,0.2129073103267229,0.2129073103267229,0.1609227156481535,0.1609227156481535,0.0569871983657522,0.1491259240563544,,b1118
TCGA-COADREAD,M2_msd_coexpr,119,RAF1;HECA;NAA20;ZBTB8A,0.0,0.134773976171223,0.2366508153615863,-0.0484484960843405,0.0484484960843405,-0.0713053764621568,0.0713053764621568,0.6759011022660042,0.5401790712167764,,b1119
TCGA-COADREAD,M2_msd_coexpr,120,MAPKAP1;RHOQ;IVD;DZIP3,0.0,0.0826872424558914,0.1222990953815117,0.2235459682928802,0.2235459682928802,0.2416867896958465,0.2416867896958465,0.0539897321461923,0.0327453081377243,,b1120
TCGA-COADREAD,M2_msd_coexpr,121,DNAJB12;CXXC1;HMGB3;FBXW9,0.0,0.1322443820248398,0.1989139566201761,-0.0074446384929861,0.0074446384929861,0.0739761600537727,0.0739761600537727,0.9457887025785104,0.5047473971069432,,b1121
TCGA-COADREAD,M2_msd_coexpr,122,FBXO18;LSM5;FAM162A;MED30,0.0,0.0812463325921462,0.1263601232379037,0.1261407219134289,0.1261407219134289,0.1574943292206641,0.1574943292206641,0.2397838285638243,0.1547272928541277,,b1122
TCGA-COADREAD,M2_msd_coexpr,123,ARIH2;FBXL3;MAP7D1;RABGAP1L,0.0,0.1036600230352655,0.1417460691621989,0.0755640905842843,0.0755640905842843,-0.0335606318569165,0.0335606318569165,0.4738269947880691,0.752896176268616,,b1123
TCGA-COADREAD,M2_msd_coexpr,124,DNAJA2;RFXANK;LRRC16A;ZNF343,0.0,0.0956468376674875,0.1956572748832035,-0.0253953591716675,0.0253953591716675,-0.0487785788069213,0.0487785788069213,0.812751201408369,0.635126304136812,,b1124
TCGA-COADREAD,M2_msd_coexpr,125,GSK3B;RPUSD1;C6orf125;C16orf7,0.0,0.1255038305312233,0.1888343564018592,0.0350419351244834,0.0350419351244834,-0.0901104584757021,0.0901104584757021,0.7610581487401931,0.4284122790872718,,b1125
TCGA-COADREAD,M2_msd_coexpr,126,CTCF;C12orf62;ANLN;WDR19,0.0,0.1558352515890555,0.2139932073777858,-0.0888138333491667,0.0888138333491667,-0.0411264370855518,0.0411264370855518,0.4304970816038926,0.7232887271558823,,b1126
TCGA-COADREAD,M2_msd_coexpr,127,KIAA1310;GNL3L;NDRG3;NDUFAF2,0.0,0.1153501363626692,0.1709989783603238,0.0108064707381198,0.0108064707381198,-0.0208980818275335,0.0208980818275335,0.9228050926341704,0.856429899626972,,b1127
TCGA-COADREAD,M2_msd_coexpr,128,MFF;LRCH4;HDHD3;ZDHHC1,0.0,0.1293146649237513,0.2334399872135929,0.3574265824879471,0.3574265824879471,0.2575330288166741,0.2575330288166741,0.0018440852113507,0.0204522141973982,,b1128
TCGA-COADREAD,M2_msd_coexpr,129,PYGO2;HMBS;RAB11FIP4;TIGD5,0.0,0.1080233097479991,0.1704133816283063,-0.0606840960501605,0.0606840960501605,-0.0778795116123774,0.0778795116123774,0.5819573928571735,0.4795619107074318,,b1129
TCGA-COADREAD,M2_msd_coexpr,130,GTF3C2;FCHO2;ZFP106;LOC151534,0.0,0.1211836560301218,0.1417263470300041,0.1389678577884515,0.1389678577884515,0.1001487135762764,0.1001487135762764,0.2126450093896982,0.3916653593704935,,b1130
TCGA-COADREAD,M2_msd_coexpr,131,IWS1;LARS2;DOCK9;LOC200030,0.0,0.1143980627075538,0.1730559097344263,-0.0797287337874212,0.0797287337874212,-0.174448647193337,0.174448647193337,0.4524792927308269,0.1415989381468654,,b1131
TCGA-COADREAD,M2_msd_coexpr,132,PPP3R1;PPP3CA;ANLN;CARD8,0.0,0.101631431872597,0.179194393054761,0.115227682641961,0.115227682641961,0.1265987681598384,0.1265987681598384,0.298226653854318,0.2744818360723026,,b1132
TCGA-COADREAD,M2_msd_coexpr,133,CNOT2;TMEM159;FAM3A;RPGR,0.0,0.16407299995223,0.2287823759247529,0.0909761924904793,0.0909761924904793,0.1282209589952404,0.1282209589952404,0.4110102720757309,0.2665387530039924,,b1133
TCGA-COADREAD,M2_msd_coexpr,134,YTHDC1;BBX;NDRG3;LOC200030,0.0,0.0981461586908184,0.1554614219014795,0.0461761781995578,0.0461761781995578,-0.0722185712154624,0.0722185712154624,0.6821520568388886,0.5412860871440253,,b1134
TCGA-COADREAD,M2_msd_coexpr,135,VPS26B;KIAA0913;NDUFS7;ATP7A,0.0,0.0865547857279069,0.1738330285250098,0.0547345100122273,0.0547345100122273,0.0335379482456965,0.0335379482456965,0.6162246129956211,0.7749422577513941,,b1135
TCGA-COADREAD,M2_msd_coexpr,136,CTCF;PPIL1;SIVA1;FAHD2A,0.0,0.0946893587898631,0.1757506665971835,-0.1368434039029194,0.1368434039029194,-0.0552489718639651,0.0552489718639651,0.2048943107671673,0.6216188593380461,,b1136
TCGA-COADREAD,M2_msd_coexpr,137,GORASP1;MRPL48;NIPSNAP1;PTENP1,0.0,0.1324583389624384,0.1777284528713151,-0.0378350595548986,0.0378350595548986,0.0195658982379542,0.0195658982379542,0.7111275503763308,0.8579642853831798,,b1137
TCGA-COADREAD,M2_msd_coexpr,138,KIAA1310;FBXL19;ASH1L;CBX8,0.0,0.1187807133178088,0.1709989783603238,0.0861780336290658,0.0861780336290658,-0.1091411123764408,0.1091411123764408,0.4448181745548714,0.3636210163616961,,b1138
TCGA-COADREAD,M2_msd_coexpr,139,PYGO2;BID;AKAP9;SNX18,0.0,0.1104534542661181,0.1704133816283063,0.1242605595829402,0.1242605595829402,0.2132439593808575,0.2132439593808575,0.2816905813094446,0.0589933441413489,,b1139
TCGA-COADREAD,M2_msd_coexpr,140,FAM32A;LOC651250;MKKS;RCCD1,0.0,0.0768424632594321,0.2043982277278922,0.1254362197733055,0.1254362197733055,0.089237309824894,0.089237309824894,0.2482340555427985,0.4336737274445498,,b1140
TCGA-COADREAD,M2_msd_coexpr,141,IWS1;PELI1;LSM7;SCAPER,0.0,0.1375245062534245,0.1731089361674114,0.2139731901974565,0.2139731901974565,0.2959131033576684,0.2959131033576684,0.0530326215813688,0.0086320525991816,,b1141
TCGA-COADREAD,M2_msd_coexpr,142,GTF3C2;PHF19;DOCK9;CHAF1B,0.0,0.1201905356586963,0.1730559097344263,0.0087148263248444,0.0087148263248444,0.0520203594319153,0.0520203594319153,0.9396207187951195,0.678628999069222,,b1142
TCGA-COADREAD,M2_msd_coexpr,143,CAMKK2;NUDT15;FUNDC2;KLHL22,0.0,0.1216044011716943,0.1600565744556151,-0.1118702192919895,0.1118702192919895,-0.017805350466715,0.017805350466715,0.314209783074835,0.8723812962119556,,b1143
TCGA-COADREAD,M2_msd_coexpr,144,YTHDC1;TXNDC15;TRABD;CDKN2D,0.0,0.1606554408914987,0.2354209680966666,0.104454122059782,0.104454122059782,0.0771008676269052,0.0771008676269052,0.3572791821620209,0.4971630282198802,,b1144
TCGA-COADREAD,M2_msd_coexpr,145,PPP3R1;UTP20;GOT1;POLI,0.0,0.1092869042278541,0.2100137913666743,0.0191489391103846,0.0191489391103846,0.1446090920184526,0.1446090920184526,0.8703941700186885,0.2554864978701179,,b1145
TCGA-COADREAD,M2_msd_coexpr,146,KIAA1310;HMBS;HEXA;MTCP1NB,0.0,0.1101611103000536,0.1709989783603238,0.1631942624686911,0.1631942624686911,0.2325091890023335,0.2325091890023335,0.1520109928048129,0.0431736273375592,,b1146
TCGA-COADREAD,M2_msd_coexpr,147,VPS26B;HCCS;MTIF3;PLK4,0.0,0.1143040323712331,0.2164609730835184,-0.1900318878462462,0.1900318878462462,-0.1325779157453598,0.1325779157453598,0.0812743354929293,0.2369330959193912,,b1147
TCGA-COADREAD,M2_msd_coexpr,148,SPPL3;MEF2A;DCAF13;FAM69A,0.0,0.1054771725091469,0.157722909965657,0.0572357131377049,0.0572357131377049,0.0104554701334386,0.0104554701334386,0.5878629674218765,0.9235929730265656,,b1148
TCGA-COADREAD,M2_msd_coexpr,149,UBE2Q1;SS18;GADD45GIP1;TMEM231,0.0,0.1037013049980756,0.1875452981620435,0.1428137502632162,0.1428137502632162,0.1848564702077894,0.1848564702077894,0.1807387017191525,0.0955393980039117,,b1149
TCGA-COADREAD,M2_msd_coexpr,150,KIAA1310;KLHDC2;PACS1;RAB12,0.0,0.1065131400301472,0.1709989783603238,0.2897874870761803,0.2897874870761803,0.2284343987927881,0.2284343987927881,0.0084089103024143,0.0447327811198608,,b1150
TCGA-COADREAD,M2_msd_coexpr,151,CTCF;CYLD;GOT1;CDKN2D,0.0,0.1477391587416502,0.2354209680966666,0.1549410334954664,0.1549410334954664,0.0808276544262206,0.0808276544262206,0.1787047409079152,0.4984467477216079,,b1151
TCGA-COADREAD,M2_msd_coexpr,152,GTF3C2;C1orf9;MAP4K4;ABHD6,0.0,0.10561568874551,0.1417263470300041,-0.0903306345762648,0.0903306345762648,-0.2053182125934157,0.2053182125934157,0.3940817789418179,0.0607728261207112,,b1152
TCGA-COADREAD,M2_msd_coexpr,153,UBE2Q1;ZNF292;PJA2;PUSL1,0.0,0.0791310088011741,0.1090300363372384,0.1395743052374221,0.1395743052374221,0.0009796356359198,0.0009796356359198,0.2361210256853056,0.9935581733446006,,b1153
TCGA-COADREAD,M2_msd_coexpr,154,CPSF7;C1orf85;MAP4K4;C16orf7,0.0,0.0792000704183867,0.1527236672820959,0.163372920383629,0.163372920383629,0.0122850898024339,0.0122850898024339,0.1382739260964062,0.9170956496081736,,b1154
TCGA-COADREAD,M2_msd_coexpr,155,PPP6C;KIAA0913;PPP2CB;WDR44,0.0,0.0523547179568371,0.0896639323533151,0.0325894590783871,0.0325894590783871,0.0194969136033403,0.0194969136033403,0.7817175417795507,0.8765466440911222,,b1155
TCGA-COADREAD,M2_msd_coexpr,156,YTHDF2;ZNF292;ST5;ATP9B,0.0,0.102956883777904,0.2175919942351568,0.0717379193426487,0.0717379193426487,0.0858567269935697,0.0858567269935697,0.5040974656770447,0.409928558515933,,b1156
TCGA-COADREAD,M2_msd_coexpr,157,CPSF7;C1GALT1C1;PFKM;CARD8,0.0,0.0695698120293232,0.1675667144848739,0.104587277386978,0.104587277386978,0.1568418964815258,0.1568418964815258,0.3489152584063001,0.214822324756617,,b1157
TCGA-COADREAD,M2_msd_coexpr,158,TIAL1;CXXC1;CTNNBL1;APOO,0.0,0.1042983119191316,0.1335026709014803,0.1545205381525561,0.1545205381525561,0.1722366703279149,0.1722366703279149,0.1626629016273502,0.1227580654922211,,b1158
TCGA-COADREAD,M2_msd_coexpr,159,GPBP1;CAMTA2;FNDC3B;SRGAP1,0.0,0.0471034202098786,0.0790262495298335,0.2051422434469434,0.2051422434469434,0.1739883866296379,0.1739883866296379,0.0688224016906234,0.1456328767894609,,b1159
TCGA-COADREAD,M2_msd_coexpr,160,MAPKAP1;CUL7;CCPG1;MOSPD3,0.0,0.0801972227949038,0.1918726892507848,0.271072419430476,0.271072419430476,0.1132014374051461,0.1132014374051461,0.0122265318742384,0.3040892745776594,,b1160
TCGA-COADREAD,M2_msd_coexpr,161,TIAL1;WDFY3;BOLA2;KLHL22,0.0,0.1079619037033927,0.1600565744556151,0.1433742826776185,0.1433742826776185,0.2151316135744601,0.2151316135744601,0.1881649390083619,0.0530569232823014,,b1161
TCGA-COADREAD,M2_msd_coexpr,162,KPNA4;MRPL2;ZNF217;ACTR5,0.0,0.0651515699034582,0.0796615912103623,-0.0743552680818583,0.0743552680818583,-0.1659367661503959,0.1659367661503959,0.4964105859887867,0.1456190440349769,,b1162
TCGA-COADREAD,M2_msd_coexpr,163,SUDS3;NEK7;SIVA1;SCAPER,0.0,0.1322467222793526,0.1757506665971835,0.1498902946345357,0.1498902946345357,0.2540059816305625,0.2540059816305625,0.1949163959260633,0.0295397387399798,,b1163
TCGA-COADREAD,M2_msd_coexpr,164,YTHDC1;PRDM2;CARS2;TREX1,0.0,0.1039092390292218,0.1338632076191557,0.0728485248618705,0.0728485248618705,0.0650650469187533,0.0650650469187533,0.5201254503040313,0.5500266451896836,,b1164
TCGA-COADREAD,M2_msd_coexpr,165,PPP6C;STK10;TBC1D2B;ITGAE,0.0,0.098950980635984,0.1448055619280661,-0.0603311936617596,0.0603311936617596,0.1157198892546014,0.1157198892546014,0.5707354554445851,0.2952284246276595,,b1165
TCGA-COADREAD,M2_msd_coexpr,166,DAXX;BCL2L2;SIVA1;FAM73A,0.0,0.0982203235702204,0.1757506665971835,0.0055618062070114,0.0055618062070114,0.0636360662539368,0.0636360662539368,0.9611472533716074,0.572297559890261,,b1166
TCGA-COADREAD,M2_msd_coexpr,167,GORASP1;AIFM2;RABAC1;C2orf34,0.0,0.1457352300206758,0.2153567525020987,-0.0166841459894535,0.0166841459894535,-0.0807127597036546,0.0807127597036546,0.8894700067042671,0.4901563422876466,,b1167
TCGA-COADREAD,M2_msd_coexpr,168,SPOP;PDE4DIP;HDHD3;EXD3,0.0,0.1077606650094086,0.1937361329339512,0.1614364358339527,0.1614364358339527,0.1437587433065644,0.1437587433065644,0.1501882990598995,0.1934140204466129,,b1168
TCGA-COADREAD,M2_msd_coexpr,169,CAMKK2;FCHO2;DOCK9;ZNF182,0.0,0.1536370955191997,0.2198076687352491,-0.0466253551651154,0.0466253551651154,-0.0674933231502503,0.0674933231502503,0.6779391431501973,0.5973153926100647,,b1169
TCGA-COADREAD,M2_msd_coexpr,170,WDR33;LOC651250;ANAPC11;C11orf67,0.0,0.1243176127533331,0.2122989392458147,0.03055707113031,0.03055707113031,-0.0098276070117913,0.0098276070117913,0.7801448457268051,0.9257724617270264,,b1170
TCGA-COADREAD,M2_msd_coexpr,171,YTHDF2;DUS3L;CHD2;ZNF496,0.0,0.0585511551412969,0.1105034910500365,-0.0283378015067032,0.0283378015067032,-0.0558099703876808,0.0558099703876808,0.7971197027236094,0.5976747212562987,,b1171
TCGA-COADREAD,M2_msd_coexpr,172,YTHDF2;PPP3CA;SNRPF;WRAP53,0.0,0.0934015486549071,0.1407214192077545,-0.1281386290811701,0.1281386290811701,-0.0612083282203252,0.0612083282203252,0.2384305673458483,0.5861150210755628,,b1172
TCGA-COADREAD,M2_msd_coexpr,173,GPBP1;HCCS;ICA1;MXD3,0.0,0.0831662125411404,0.1391331179161464,0.0063909955852752,0.0063909955852752,0.0222447535302593,0.0222447535302593,0.9533455458641716,0.8350760457909843,,b1173
TCGA-COADREAD,M2_msd_coexpr,174,KCMF1;PNKP;BAX;SENP7,0.0,0.143210659225413,0.2295795921184262,0.1473756229084485,0.1473756229084485,0.1490855588566463,0.1490855588566463,0.1730087697819006,0.2053189817814961,,b1174
TCGA-COADREAD,M2_msd_coexpr,175,VPS26B;C1orf9;NDUFB7;CHCHD6,0.0,0.11420322054433,0.1708348316731932,-0.1486576757943412,0.1486576757943412,-0.1876982745651768,0.1876982745651768,0.1905213824038978,0.1149197331651285,,b1175
TCGA-COADREAD,M2_msd_coexpr,176,RSRC2;TCEB1;ZNF217;MTHFD2L,0.0,0.1091758274120159,0.2160834713151396,0.1081501042402099,0.1081501042402099,0.1108571391636208,0.1108571391636208,0.3055401154218721,0.3137389572804787,,b1176
TCGA-COADREAD,M2_msd_coexpr,177,AFTPH;ECSIT;ZNF217;ZNF302,0.0,0.0587059924305637,0.1057277049550916,-0.0907466548805243,0.0907466548805243,-0.2119088451411294,0.2119088451411294,0.4133490858065985,0.0796767381265785,,b1177
TCGA-COADREAD,M2_msd_coexpr,178,CUL3;LARS2;TMEM106B;FXN,0.0,0.0604649770782,0.0821467177198057,-0.3060567811409588,0.3060567811409588,-0.164813115801262,0.164813115801262,0.0055714767357655,0.1374293652810027,,b1178
TCGA-COADREAD,M2_msd_coexpr,179,CUL3;FCHO2;MBNL2;ZNF281,0.0,0.1061210224936354,0.135700392568729,-0.0198510486036334,0.0198510486036334,-0.0312084439596399,0.0312084439596399,0.8540760474165694,0.7781499346242318,,b1179
TCGA-COADREAD,M2_msd_coexpr,180,ARIH2;C10orf2;MRP63;RPP40,0.0,0.1426757039863633,0.2425418095509616,0.007675471023125,0.007675471023125,0.0296641054722936,0.0296641054722936,0.947277771129222,0.8105134168794228,,b1180
TCGA-COADREAD,M2_msd_coexpr,181,FBXO18;MRPS23;PAQR4;C12orf45,0.0,0.1052067464825841,0.1756406582604663,0.0752055508906503,0.0752055508906503,0.0773810162705392,0.0773810162705392,0.491971700079062,0.4674430093188771,,b1181
TCGA-COADREAD,M2_msd_coexpr,182,SUDS3;SNRPA1;HOOK1;C9orf41,0.0,0.1374210949008803,0.1754944476056832,-0.1603739161574073,0.1603739161574073,-0.0684291256938993,0.0684291256938993,0.1600424528190414,0.5548898061790761,,b1182
TCGA-COADREAD,M2_msd_coexpr,183,FAM32A;PIP5K1C;FANCI;PUSL1,0.0,0.0965578644358364,0.1567373616646744,0.1659564501654185,0.1659564501654185,0.2449663293295709,0.2449663293295709,0.1235996014075992,0.0325438873339612,,b1183
TCGA-COADREAD,M2_msd_coexpr,184,GTF3C2;PTAR1;ATP6V1B2;APOO,0.0,0.1087576542198285,0.1417263470300041,-0.1496242552439843,0.1496242552439843,0.0034979763164878,0.0034979763164878,0.1838362725167279,0.9760963294354208,,b1184
TCGA-COADREAD,M2_msd_coexpr,185,SUDS3;GON4L;BOLA2;FAM73A,0.0,0.0779710764363231,0.1180486009523795,-0.0396250946173871,0.0396250946173871,-0.0570820946235757,0.0570820946235757,0.7311936704243318,0.6282711989687311,,b1185
TCGA-COADREAD,M2_msd_coexpr,186,AFTPH;C1orf9;NIPSNAP1;WDR7,0.0,0.101779469330261,0.1237965417735538,-0.1992359244708197,0.1992359244708197,-0.2166073263438197,0.2166073263438197,0.070075549139894,0.0638291399934162,,b1186
TCGA-COADREAD,M2_msd_coexpr,187,RBM22;SLC39A13;SMAD2;MED11,0.0,0.1762543616967084,0.2081561387806139,-0.0212413011537777,0.0212413011537777,-0.0590821017707119,0.0590821017707119,0.8508949449030994,0.6234692652502416,,b1187
TCGA-COADREAD,M2_msd_coexpr,188,RBM17;SNRPD1;PGPEP1;DPP8,0.0,0.0825604858194385,0.1675870319047211,0.0941120594702591,0.0941120594702591,0.2382367171973897,0.2382367171973897,0.3830325134730814,0.0400709080164026,,b1188
TCGA-COADREAD,M2_msd_coexpr,189,GSK3B;NOC4L;STX3;NEK1,0.0,0.149605562035986,0.2509107673514339,-0.0833932915416895,0.0833932915416895,-0.1311801058257033,0.1311801058257033,0.4240692264069721,0.2291949592257889,,b1189
TCGA-COADREAD,M2_msd_coexpr,190,RAF1;RAP2C;DVL1;WDR67,0.0,0.0812718837029105,0.1272982586827144,0.0116437006771059,0.0116437006771059,-0.0050894067149618,0.0050894067149618,0.9149692269591008,0.9657364863376912,,b1190
TCGA-COADREAD,M2_msd_coexpr,191,GORASP1;PNKP;IDH3B;FAM165B,0.0,0.1387757201416158,0.1667385805104649,0.0317623132766654,0.0317623132766654,0.0538432022640556,0.0538432022640556,0.7739651170514454,0.6563418397532296,,b1191
TCGA-COADREAD,M2_msd_coexpr,192,PYGO2;HCCS;MCM2;C1orf159,0.0,0.0908038130017926,0.1704133816283063,0.0107546436529288,0.0107546436529288,0.0902881069908506,0.0902881069908506,0.9218234126342856,0.4410951909957972,,b1192
TCGA-COADREAD,M2_msd_coexpr,193,RNF220;SSX2IP;TMEM106B;TTC12,0.0,0.0833783854688812,0.1276972642219847,-0.2585792901308427,0.2585792901308427,-0.2137085811693901,0.2137085811693901,0.0156312566128837,0.0583918545731982,,b1193
TCGA-COADREAD,M2_msd_coexpr,194,SPPL3;BACH1;SMAGP;C16orf7,0.0,0.1230190461169462,0.157722909965657,0.1155477577134043,0.1155477577134043,0.1194551656770055,0.1194551656770055,0.3270879042403505,0.3257484570151101,,b1194
TCGA-COADREAD,M2_msd_coexpr,195,FBXO18;PHF6;SLC9A3R2;ZNF281,0.0,0.138140490756892,0.2121785614274404,0.2139505831135948,0.2139505831135948,0.3340908488854907,0.3340908488854907,0.0669814676845228,0.0080454679470573,,b1195
TCGA-COADREAD,M2_msd_coexpr,196,WTAP;PCNX;EHBP1L1;COQ2,0.0,0.0467308435470584,0.0934616848897774,-0.1659788610027892,0.1659788610027892,-0.0604876916395025,0.0604876916395025,0.130138302021419,0.5848862509052439,,b1196
TCGA-COADREAD,M2_msd_coexpr,197,RNF220;PNPT1;ACOT7;C9orf72,0.0,0.088555322865412,0.1064432527429543,-0.0525471575612418,0.0525471575612418,0.0295775267902089,0.0295775267902089,0.6221798395997886,0.7982134715742121,,b1197
TCGA-COADREAD,M2_msd_coexpr,198,YY1;FAM199X;BRP44;TOR1AIP2,0.0,0.0986183217388563,0.1244948870468088,-0.20855582083418,0.20855582083418,-0.1120626439350361,0.1120626439350361,0.0624400537390319,0.3372897010113144,,b1198
TCGA-COADREAD,M2_msd_coexpr,199,PPM1B;FAM199X;C7orf59;FXN,0.0,0.1172164635713772,0.2071291451555035,-0.1005360208609807,0.1005360208609807,0.0439095204575004,0.0439095204575004,0.3682861873494257,0.7096682798459126,,b1199
TCGA-COADREAD,M2_msd_coexpr,200,YTHDC1;CAMTA2;PEPD;PHF17,0.0,0.0828990793028556,0.1368810251215704,0.145036712209132,0.145036712209132,0.1095180705285634,0.1095180705285634,0.2123050692623712,0.3490512921022802,,b1200
TCGA-COADREAD,M2_msd_coexpr,201,GTF3C2;LARS2;MTIF3;MARCH2,0.0,0.1187016910035302,0.2164609730835184,-0.0472991157710599,0.0472991157710599,-0.1250776386428617,0.1250776386428617,0.6783002609615214,0.3046782703870783,,b1201
TCGA-COADREAD,M2_msd_coexpr,202,SUDS3;NCAPD3;PFKM;THAP3,0.0,0.1253328924308733,0.1675667144848739,-0.0127704795722809,0.0127704795722809,0.0549660510010622,0.0549660510010622,0.9095374435862686,0.627444643736877,,b1202
TCGA-COADREAD,M2_msd_coexpr,203,RAF1;FBXL19;VPS13D;PPIL5,0.0,0.1029056562747005,0.1730378905952885,-0.1864365303148714,0.1864365303148714,-0.1884011598612945,0.1884011598612945,0.090652485413958,0.1071473275052805,,b1203
TCGA-COADREAD,M2_msd_coexpr,204,AGFG1;POLR1C;MLL;MTHFD2L,0.0,0.1026167963064214,0.2160834713151396,-0.1393966155736522,0.1393966155736522,-0.080608789166231,0.080608789166231,0.2114446489495584,0.5033496509383286,,b1204
TCGA-COADREAD,M2_msd_coexpr,205,DNAJC14;SLC39A13;ERBB2IP;ZRSR2,0.0,0.1443450498042517,0.201921268011879,0.3362892420346385,0.3362892420346385,0.232097778744985,0.232097778744985,0.0048311287820611,0.0845904164648447,,b1205
TCGA-COADREAD,M2_msd_coexpr,206,SUDS3;QDPR;DVL1;LOC151534,0.0,0.0946055564076332,0.1290217870261408,0.1285988900769955,0.1285988900769955,0.0255696489056332,0.0255696489056332,0.1964257640228085,0.7881265621424989,,b1206
TCGA-COADREAD,M2_msd_coexpr,207,DNAJA2;NR2C2;BAX;TIGD5,0.0,0.0776136856382648,0.1189080453081809,-0.2136251332824252,0.2136251332824252,-0.2638668112187322,0.2638668112187322,0.039026332415098,0.0140499308448408,,b1207
TCGA-COADREAD,M2_msd_coexpr,208,AFTPH;ZNF292;KIAA1147;MTHFS,0.0,0.0855083201637562,0.1057277049550916,0.0581124261251387,0.0581124261251387,0.0067336781148339,0.0067336781148339,0.5913039130663056,0.9520374020996762,,b1208
TCGA-COADREAD,M2_msd_coexpr,209,IWS1;VMA21;TJP1;FAM174A,0.0,0.1075193210287168,0.1810412416808322,0.2104004309453285,0.2104004309453285,0.1738427353204655,0.1738427353204655,0.0748426289194312,0.1836735062245206,,b1209
TCGA-COADREAD,M2_msd_coexpr,210,CCNY;TXNDC15;STK4;TRMU,0.0,0.084226219265457,0.112082904885803,0.1982505590282025,0.1982505590282025,0.2172398022230868,0.2172398022230868,0.0734365853452945,0.062171037156823,,b1210
TCGA-COADREAD,M2_msd_coexpr,211,FUBP3;NUDT15;C6orf125;C9orf40,0.0,0.1142255258446296,0.1888343564018592,0.0619391566348635,0.0619391566348635,0.037269610998307,0.037269610998307,0.5586618051538192,0.7215267839296436,,b1211
TCGA-COADREAD,M2_msd_coexpr,212,FUBP3;DARS2;RAB11FIP4;THNSL1,0.0,0.0854109455987676,0.1323198465325072,-0.173377092624351,0.173377092624351,-0.17387943879294,0.17387943879294,0.1073733056110818,0.1029233175852941,,b1212
TCGA-COADREAD,M2_msd_coexpr,213,DNAJC14;PTPRE;DVL1;COQ2,0.0,0.0909570936410359,0.201921268011879,-0.1286556054987065,0.1286556054987065,-0.0512413317547763,0.0512413317547763,0.2397673142212925,0.683569784534601,,b1213
TCGA-COADREAD,M2_msd_coexpr,214,RAF1;RBMS2;RAB11FIP4;ZNF367,0.0,0.0616997219497983,0.082580169771601,-0.1902491895612084,0.1902491895612084,-0.1970716656294554,0.1970716656294554,0.1021384905433989,0.089554570415865,,b1214
TCGA-COADREAD,M2_msd_coexpr,215,BFAR;CUL7;NAA20;C12orf45,0.0,0.0799457734980339,0.1913461534241031,0.0102974274448708,0.0102974274448708,-0.0704820998358149,0.0704820998358149,0.9232563530790214,0.5212233112536706,,b1215
TCGA-COADREAD,M2_msd_coexpr,216,THUMPD1;SLC25A13;PLEKHG3;MXD3,0.0,0.1095510080819748,0.1893787297811848,-0.2122451002894845,0.2122451002894845,-0.2475769184348603,0.2475769184348603,0.0482794914378881,0.0227817100408833,,b1216
TCGA-COADREAD,M2_msd_coexpr,217,SUDS3;CAMTA2;UQCR10;CD58,0.0,0.0799167629440328,0.1180486009523795,-0.0309865571134444,0.0309865571134444,0.0513939621622959,0.0513939621622959,0.773301516307296,0.6234083403599089,,b1217
TCGA-COADREAD,M2_msd_coexpr,218,IWS1;C10orf2;CCDC109A;DPP8,0.0,0.1053710343991895,0.1560813496805183,-0.0001799924339661,0.0001799924339661,0.0568443771639149,0.0568443771639149,0.9987232902581608,0.6265933256289978,,b1218
TCGA-COADREAD,M2_msd_coexpr,219,BFAR;MTFR1;HEXA;SURF2,0.0,0.0620891803013412,0.1095175815829768,0.0313317306598858,0.0313317306598858,0.1398412100375912,0.1398412100375912,0.772572106221813,0.2422504896607171,,b1219
TCGA-COADREAD,M2_msd_coexpr,220,RIC8A;CUL7;FNDC3B;NCRNA00183,0.0,0.0735938174530898,0.1721620867519841,0.0985260464677831,0.0985260464677831,0.0664743070675309,0.0664743070675309,0.3691410241397789,0.5741975551929663,,b1220
TCGA-COADREAD,M2_msd_coexpr,221,FAM32A;IDE;SMAGP;DKFZP586I1420,0.0,0.1141168944695031,0.1720330117055494,-0.0766622994852116,0.0766622994852116,-0.0025464706890518,0.0025464706890518,0.4688260818763831,0.9821520611694412,,b1221
TCGA-COADREAD,M2_msd_coexpr,222,DNAJC14;C11orf48;NAA20;SNX18,0.0,0.1267985970201562,0.201921268011879,0.0824732389835835,0.0824732389835835,0.0888576847427025,0.0888576847427025,0.4793586216724768,0.4607422210926429,,b1222
TCGA-COADREAD,M2_msd_coexpr,223,WTAP;PGM2;MYST3;EIF2C4,0.0,0.1107566493279362,0.1458955024484502,-0.2367140898233808,0.2367140898233808,-0.1641832355623368,0.1641832355623368,0.0334914816004625,0.1549826037775863,,b1223
TCGA-COADREAD,M2_msd_coexpr,224,KPNA4;TRIM24;NIPSNAP1;EIF2C4,0.0,0.0747840151058743,0.1437418705791526,-0.2587009665128378,0.2587009665128378,-0.1661704930132584,0.1661704930132584,0.0237308999653312,0.1627566238464041,,b1224
TCGA-COADREAD,M2_msd_coexpr,225,PPP6C;TXNDC15;AFAP1;ITGB3BP,0.0,0.1108625061889084,0.1407815444193351,0.035383782823085,0.035383782823085,0.1471753337283615,0.1471753337283615,0.7453810429322291,0.1764155728448658,,b1225
TCGA-COADREAD,M2_msd_coexpr,226,IWS1;SESTD1;ACACA;COQ3,0.0,0.1289535398447902,0.1754671385093008,-0.0901633289790026,0.0901633289790026,-0.091707644871407,0.091707644871407,0.4322293647325788,0.4418091612520798,,b1226
TCGA-COADREAD,M2_msd_coexpr,227,KCMF1;PDE4DIP;AKAP9;SPC25,0.0,0.1102413525147233,0.1510640717301863,0.0376672516386109,0.0376672516386109,0.0794048067693398,0.0794048067693398,0.7180365868026573,0.4696418617906281,,b1227
TCGA-COADREAD,M2_msd_coexpr,228,WDR33;QDPR;AKAP9;C9orf40,0.0,0.1259947815218997,0.1700982857158708,-0.0220767563123634,0.0220767563123634,0.0250423588734544,0.0250423588734544,0.83826716493186,0.8222461961949399,,b1228
TCGA-COADREAD,M2_msd_coexpr,229,IWS1;SOS2;ST5;CDKN2D,0.0,0.176873543417517,0.2354209680966666,0.2165332349678248,0.2165332349678248,0.1576196267728617,0.1576196267728617,0.0700794379011896,0.1781175631340326,,b1229
TCGA-COADREAD,M2_msd_coexpr,230,YTHDF2;NCAPG2;GCC2;C9orf25,0.0,0.0501824204170587,0.1278211607481481,-0.0848387836017525,0.0848387836017525,-0.1068539106784576,0.1068539106784576,0.4398668768655944,0.3351462496838228,,b1230
TCGA-COADREAD,M2_msd_coexpr,231,CAMKK2;SNRPA1;DOCK9;C11orf80,0.0,0.1358580242135668,0.1730559097344263,0.068664436482655,0.068664436482655,0.0002208962829596,0.0002208962829596,0.5331576336634103,0.998477705768214,,b1231
TCGA-COADREAD,M2_msd_coexpr,232,FAM32A;EIF4E;ELF4;PRIM1,0.0,0.0894467038084978,0.1421260057590988,-0.1687073739307391,0.1687073739307391,-0.0860227597851213,0.0860227597851213,0.1059293573218303,0.4390436759005356,,b1232
TCGA-COADREAD,M2_msd_coexpr,233,GORASP1;DUS3L;PEPD;DPP8,0.0,0.1109954401938834,0.1667385805104649,-0.0045137205386716,0.0045137205386716,0.0221866530586966,0.0221866530586966,0.9661502451897116,0.8302339335214943,,b1233
TCGA-COADREAD,M2_msd_coexpr,234,VPS26B;RPUSD1;C6orf115;TREX1,0.0,0.1074025754781201,0.1562044791867172,-0.1522998384863264,0.1522998384863264,-0.0916634803291335,0.0916634803291335,0.1672660046823576,0.4166951672541307,,b1234
TCGA-COADREAD,M2_msd_coexpr,235,BET1L;UTP20;OPTN;KIF18A,0.0,0.071838943109898,0.1870252578782273,0.0504645057928994,0.0504645057928994,-0.0233377471781128,0.0233377471781128,0.6509677186207268,0.8298439115544729,,b1235
TCGA-COADREAD,M2_msd_coexpr,236,DNAJC14;PPP3CA;MTHFD2;ZDHHC1,0.0,0.1668625225745502,0.2334399872135929,0.2097012206112763,0.2097012206112763,0.1630100127125275,0.1630100127125275,0.0492938571108049,0.114843639889307,,b1236
TCGA-COADREAD,M2_msd_coexpr,237,GORASP1;MRPL28;ZWINT;THAP3,0.0,0.1410788765392546,0.2119086982568145,0.0282114871715312,0.0282114871715312,0.0285072187490132,0.0285072187490132,0.7896774015373067,0.7885886592299995,,b1237
TCGA-COADREAD,M2_msd_coexpr,238,FUBP3;DARS2;RPIA;PIGW,0.0,0.0924006446140409,0.1323198465325072,-0.0264411588483478,0.0264411588483478,-0.0739920847783621,0.0739920847783621,0.8121192089481778,0.5252908855811405,,b1238
TCGA-COADREAD,M2_msd_coexpr,239,WDR33;WDR74;CKAP2;KIF24,0.0,0.1468710736654235,0.21920639288596,-0.0685270949481325,0.0685270949481325,-0.0570743356210181,0.0570743356210181,0.5414741177162122,0.6316482290944049,,b1239
TCGA-COADREAD,M2_msd_coexpr,240,CTCF;HMBS;DCTPP1;CSPP1,0.0,0.0740208268747472,0.1196334041118048,-0.2150726209815297,0.2150726209815297,-0.1581149720977926,0.1581149720977926,0.0368488263501303,0.1714583568640765,,b1240
TCGA-COADREAD,M2_msd_coexpr,241,MFF;IDE;MANF;PHF17,0.0,0.0789050705507036,0.1391792392463472,-0.1740818313846424,0.1740818313846424,-0.0967004216082021,0.0967004216082021,0.0883912302055587,0.3449056394358122,,b1241
TCGA-COADREAD,M2_msd_coexpr,242,TIAL1;LARS2;NDUFS7;HSD17B7,0.0,0.0910234057890287,0.1738330285250098,-0.1481339577730767,0.1481339577730767,-0.0596031411101203,0.0596031411101203,0.1774154042388367,0.592141848544901,,b1242
TCGA-COADREAD,M2_msd_coexpr,243,RSRC2;POLR1C;ZFP106;FAHD2A,0.0,0.0972594460077531,0.1383116533788921,0.0449050855897326,0.0449050855897326,0.1659573731308177,0.1659573731308177,0.6764368944459145,0.1451957359985357,,b1243
TCGA-COADREAD,M2_msd_coexpr,244,PYGO2;CUL7;FAM162A;MXD3,0.0,0.0909404899328912,0.1704133816283063,0.1304706755985485,0.1304706755985485,0.0681178555524527,0.0681178555524527,0.2074088208418518,0.5072096629106277,,b1244
TCGA-COADREAD,M2_msd_coexpr,245,PPP6C;NCAPD3;KIAA1147;STRADB,0.0,0.0712412333000079,0.0896639323533151,-0.0981885470510173,0.0981885470510173,-0.0041600041886192,0.0041600041886192,0.382478812933048,0.9709091297166856,,b1245
TCGA-COADREAD,M2_msd_coexpr,246,SUDS3;DARS2;C7orf50;ZNF75D,0.0,0.0881951437003014,0.1842892273088957,0.0455412038145955,0.0455412038145955,0.0431572144874821,0.0431572144874821,0.6718841678584868,0.6921385288313742,,b1246
TCGA-COADREAD,M2_msd_coexpr,247,WDR33;MRPS23;LPGAT1;ZNF302,0.0,0.066179852325106,0.1700982857158708,-0.0231920523348444,0.0231920523348444,-0.0754178754915795,0.0754178754915795,0.828968205934547,0.4879415042085929,,b1247
TCGA-COADREAD,M2_msd_coexpr,248,FUBP3;HNF1A;PLEKHG3;CHST14,0.0,0.1076831666976557,0.1688359929433432,0.2029522028883872,0.2029522028883872,0.1078739097925829,0.1078739097925829,0.0572899534727925,0.3474135771876628,,b1248
TCGA-COADREAD,M2_msd_coexpr,249,DNAJA2;EZH2;LAS1L;DBF4B,0.0,0.1146880474358054,0.2036659767967155,-0.101097658627863,0.101097658627863,-0.1389602123590226,0.1389602123590226,0.3525396118637639,0.2051385912936809,,b1249
TCGA-COADREAD,M2_msd_coexpr,250,FUBP3;ULK1;ADAM10;LOC151534,0.0,0.105626943060023,0.1323198465325072,0.2599795778497609,0.2599795778497609,0.0851693835418933,0.0851693835418933,0.0182777141208603,0.478708088430166,,b1250
TCGA-COADREAD,M2_msd_coexpr,251,DNAJB12;MRPL2;ASXL1;ZNF75D,0.0,0.0934973248341389,0.1989139566201761,0.0756180715735552,0.0756180715735552,-0.0488657404991828,0.0488657404991828,0.4989674802973709,0.6600899444848918,,b1251
TCGA-COADREAD,M2_msd_coexpr,252,RNF220;FBXL3;PRPS2;CSPP1,0.0,0.0440089100504079,0.0723753375673888,-0.1016532725950429,0.1016532725950429,-0.1319922542778204,0.1319922542778204,0.3532034049582964,0.2271981776973856,,b1252
TCGA-COADREAD,M2_msd_coexpr,253,ABCF3;BACH1;ZNF217;KLHL22,0.0,0.1173828025552203,0.2173900975031464,0.0923723741999372,0.0923723741999372,0.0397019140812501,0.0397019140812501,0.442484690144322,0.7238474711932503,,b1253
TCGA-COADREAD,M2_msd_coexpr,254,YTHDC1;PGM2;FAM3A;PIN4,0.0,0.1213170408162822,0.2287823759247529,-0.130318006353737,0.130318006353737,-0.1285393222466885,0.1285393222466885,0.2277144528819609,0.22653521306448,,b1254
TCGA-COADREAD,M2_msd_coexpr,255,YY1;TFAM;C14orf2;BBS4,0.0,0.1274665615715261,0.2306227221133758,-0.0759127550408439,0.0759127550408439,0.1037337821328747,0.1037337821328747,0.5129631723571226,0.4162395025761548,,b1255
TCGA-COADREAD,M2_msd_coexpr,256,RBM22;BBX;NDUFS7;STRADB,0.0,0.1129013254498498,0.2081561387806139,-0.0334437417889151,0.0334437417889151,-0.014474466143663,0.014474466143663,0.7679443138328679,0.8994296083806446,,b1256
TCGA-COADREAD,M2_msd_coexpr,257,EIF4E2;FAM199X;GNPNAT1;TMEM187,0.0,0.0728293517611392,0.137246168512896,-0.1860480712435928,0.1860480712435928,-0.0591602192974869,0.0591602192974869,0.0895628838681863,0.617421518787981,,b1257
TCGA-COADREAD,M2_msd_coexpr,258,CPSF7;PHF19;CKAP2;WDR7,0.0,0.1010984751067094,0.1677184566016257,-0.0473536206475456,0.0473536206475456,-0.0510988309201177,0.0510988309201177,0.6824241069549856,0.678147987769506,,b1258
TCGA-COADREAD,M2_msd_coexpr,259,VPS26B;POLR2F;SMAGP;C2orf34,0.0,0.129053359653061,0.2153567525020987,-0.1408857801900805,0.1408857801900805,-0.0421596246894557,0.0421596246894557,0.1859953777010949,0.7135492907724937,,b1259
TCGA-COADREAD,M2_msd_coexpr,260,VPS26B;CHCHD1;IDH3B;KIF24,0.0,0.1566809249545724,0.21920639288596,-0.0938947271787861,0.0938947271787861,0.0013687275147586,0.0013687275147586,0.3995225305906718,0.990876810685159,,b1260
TCGA-COADREAD,M2_msd_coexpr,261,KPNA4;ENY2;LPGAT1;ALKBH2,0.0,0.0576625025134226,0.0896740499887762,0.0248409406569793,0.0248409406569793,0.055133822179784,0.055133822179784,0.8157871725516476,0.6313806135440263,,b1261
TCGA-COADREAD,M2_msd_coexpr,262,WTAP;MRPL28;MBNL2;C17orf58,0.0,0.1159736995302375,0.2198715261115323,0.0065006505220737,0.0065006505220737,-0.09640680669846,0.09640680669846,0.9525014245388096,0.3917927544360446,,b1262
TCGA-COADREAD,M2_msd_coexpr,263,DNAJA2;YIF1B;CALCOCO1;ZCCHC2,0.0,0.102418205750668,0.2020677815606749,-0.1008071629244779,0.1008071629244779,-0.0874581106791971,0.0874581106791971,0.3470786316716394,0.4173551546283315,,b1263
TCGA-COADREAD,M2_msd_coexpr,264,RBM17;ATXN1L;PNPLA2;SPRYD4,0.0,0.0583192730900767,0.0849996203612506,0.2387363122041769,0.2387363122041769,0.1564116672290357,0.1564116672290357,0.0333892752838392,0.1479700585726341,,b1264
TCGA-COADREAD,M2_msd_coexpr,265,RNF220;MRPL34;USMG5;SURF2,0.0,0.0854288107159405,0.1838080937614411,0.1522693934908763,0.1522693934908763,0.1640238310092823,0.1640238310092823,0.1515889184492753,0.127970176972402,,b1265
TCGA-COADREAD,M2_msd_coexpr,266,SPPL3;TTF2;BRP44;SRGAP1,0.0,0.100613780821792,0.157722909965657,-0.1052214448374845,0.1052214448374845,-0.0132949442035464,0.0132949442035464,0.3196293062057757,0.9006467290189075,,b1266
TCGA-COADREAD,M2_msd_coexpr,267,GORASP1;PDE4DIP;C6orf115;SENP7,0.0,0.1507584586272345,0.2295795921184262,0.0744620899460706,0.0744620899460706,0.114720842275601,0.114720842275601,0.5339286766289576,0.374779845962191,,b1267
TCGA-COADREAD,M2_msd_coexpr,268,MAPKAP1;RBMS2;ICA1;POLI,0.0,0.1087560495993804,0.2100137913666743,0.1384873240465772,0.1384873240465772,0.0984327671628996,0.0984327671628996,0.2139888057526536,0.3430506104303634,,b1268
TCGA-COADREAD,M2_msd_coexpr,269,PYGO2;NUDT19;NDRG3;ZMYM5,0.0,0.1278312276436385,0.1704133816283063,0.1284284815049155,0.1284284815049155,0.0151122623177205,0.0151122623177205,0.2669958300781923,0.8955222207104414,,b1269
TCGA-COADREAD,M2_msd_coexpr,270,FBXO18;SSBP4;CALCOCO1;PHF17,0.0,0.1026478162384644,0.2020677815606749,0.21969380916707,0.21969380916707,0.1735073189089476,0.1735073189089476,0.0454814114167408,0.1233540252492363,,b1270
TCGA-COADREAD,M2_msd_coexpr,271,SUDS3;EZH2;SIVA1;CDKN2D,0.0,0.1564588825043569,0.2354209680966666,0.0678089729443454,0.0678089729443454,0.104080211424674,0.104080211424674,0.5187498813397124,0.3117658043407311,,b1271
TCGA-COADREAD,M2_msd_coexpr,272,RBM17;SLC10A3;ZWINT;PTPN21,0.0,0.0949409782303704,0.2119086982568145,0.2196172683577314,0.2196172683577314,0.3396200324739499,0.3396200324739499,0.0425426453282715,0.0035148041201925,,b1272
TCGA-COADREAD,M2_msd_coexpr,273,AFTPH;EZH2;HEXA;BBS4,0.0,0.1356208257556606,0.2306227221133758,-0.0360650997734577,0.0360650997734577,0.0175169183695627,0.0175169183695627,0.7405831197433408,0.8843308751127459,,b1273
TCGA-COADREAD,M2_msd_coexpr,274,KCMF1;HECA;CKAP2;C2orf34,0.0,0.134435664170275,0.2153567525020987,-0.0093702731320307,0.0093702731320307,-0.1078372888331833,0.1078372888331833,0.9331190671578238,0.364391344762801,,b1274
TCGA-COADREAD,M2_msd_coexpr,275,DNAJB12;NUDT15;MLL;SENP7,0.0,0.1402322485444458,0.2295795921184262,0.1964718444803504,0.1964718444803504,0.0447732366578328,0.0447732366578328,0.0728283385961816,0.6818451969959297,,b1275
TCGA-COADREAD,M2_msd_coexpr,276,PPP6C;PHF6;SMAD2;KIF18A,0.0,0.1315375619345984,0.1870252578782273,-0.1326174077783803,0.1326174077783803,-0.0136644431898823,0.0136644431898823,0.2331616995412134,0.9093255339960442,,b1276
TCGA-COADREAD,M2_msd_coexpr,277,RAF1;PPP3CA;CALCOCO1;WDR19,0.0,0.150448311866771,0.2139932073777858,0.0912609199904166,0.0912609199904166,0.0454464866645994,0.0454464866645994,0.4374415615215737,0.6883660233334563,,b1277
TCGA-COADREAD,M2_msd_coexpr,278,AGFG1;PTPRE;PPP2CB;PHF17,0.0,0.0626633892890272,0.1107070322077688,-0.1229672750146155,0.1229672750146155,-0.0780410658680981,0.0780410658680981,0.2526248882635575,0.4860906418528253,,b1278
TCGA-COADREAD,M2_msd_coexpr,279,AGFG1;ZNRD1;GCC2;RPGR,0.0,0.1005250861889684,0.1316545560127948,-0.1804610438999015,0.1804610438999015,-0.2547066893973418,0.2547066893973418,0.1071985203139979,0.048303669735375,,b1279
TCGA-COADREAD,M2_msd_coexpr,280,DNAJC14;SSBP4;AAGAB;CXorf23,0.0,0.1456469064303566,0.201921268011879,-0.0786580595968661,0.0786580595968661,-0.1208698096373734,0.1208698096373734,0.4839765307363716,0.3163530617514387,,b1280
TCGA-COADREAD,M2_msd_coexpr,281,PPP3R1;CDK5RAP1;EHBP1L1;BMP2K,0.0,0.0806743727532119,0.0934616848897774,-0.073040378321154,0.073040378321154,-0.1529618811690984,0.1529618811690984,0.5073817809825372,0.2058243714162744,,b1281
TCGA-COADREAD,M2_msd_coexpr,282,BFAR;C12orf62;PINK1;HSH2D,0.0,0.0848976930559977,0.1621114259084982,0.0588773985698723,0.0588773985698723,0.0612179696839048,0.0612179696839048,0.603619570171839,0.6059148531145996,,b1282
TCGA-COADREAD,M2_msd_coexpr,283,ARIH2;NCAPD3;LZTS2;ZNF496,0.0,0.1166329155110509,0.1765333320715446,0.1169089934393527,0.1169089934393527,0.0999428133254815,0.0999428133254815,0.3187214630736582,0.378319649919711,,b1283
TCGA-COADREAD,M2_msd_coexpr,284,GGNBP2;C10orf2;PFKM;SKP2,0.0,0.1217226033747741,0.1675667144848739,-0.1044858120423621,0.1044858120423621,-0.0278771320327736,0.0278771320327736,0.3582654549684513,0.8177988982484042,,b1284
TCGA-COADREAD,M2_msd_coexpr,285,ATMIN;KIAA0913;PPP1R16A;C1orf112,0.0,0.1202689689932388,0.1726724691436315,0.0999532129663285,0.0999532129663285,0.0388114881438608,0.0388114881438608,0.3904507463383366,0.7357329508175807,,b1285
TCGA-COADREAD,M2_msd_coexpr,286,UBE2Q1;BOD1L;SNRPG;TIGD5,0.0,0.0844125429176377,0.1600198562694309,0.0574303702847143,0.0574303702847143,-0.0281628099658563,0.0281628099658563,0.5921034037665242,0.793550235761779,,b1286
TCGA-COADREAD,M2_msd_coexpr,287,YTHDF2;PCNX;LPGAT1;MMACHC,0.0,0.0548141497886918,0.1453065024212613,-0.1333161527295992,0.1333161527295992,-0.0680645906065661,0.0680645906065661,0.2478653892158423,0.5763585460386649,,b1287
TCGA-COADREAD,M2_msd_coexpr,288,KCMF1;TTF2;RAE1;CDKN2D,0.0,0.1525769003451035,0.2354209680966666,0.0808854123311039,0.0808854123311039,0.0612091198961809,0.0612091198961809,0.4545449519611875,0.600494058249766,,b1288
TCGA-COADREAD,M2_msd_coexpr,289,YTHDF2;DUS3L;UQCC;PIN4,0.0,0.0858747788832261,0.1880705204977424,-0.0421170503300599,0.0421170503300599,-0.0644167808639838,0.0644167808639838,0.7107532742839822,0.585953699571296,,b1289
TCGA-COADREAD,M2_msd_coexpr,290,BET1L;PTPRE;ST5;MOSPD3,0.0,0.0989321093673633,0.2175919942351568,0.1585046667848311,0.1585046667848311,0.0974200459590691,0.0974200459590691,0.157564076607248,0.3906182653853508,,b1290
TCGA-COADREAD,M2_msd_coexpr,291,VPS26B;RRP1;RPIA;RNMTL1,0.0,0.0789376212256884,0.1367785965022259,-0.0439822310313099,0.0439822310313099,0.0305249883208184,0.0305249883208184,0.6999394161899304,0.8147869810665567,,b1291
TCGA-COADREAD,M2_msd_coexpr,292,ARIH2;MRPS23;ZFP106;HSD17B7,0.0,0.0694158138890915,0.1272034083774156,-0.2103214979055672,0.2103214979055672,-0.1239824686666205,0.1239824686666205,0.0683146727806324,0.2933859246903093,,b1292
TCGA-COADREAD,M2_msd_coexpr,293,RIC8A;SMG6;CHD7;RAD51C,0.0,0.1215542194036581,0.1814896693995776,-0.0247288112715675,0.0247288112715675,-0.0214379749867414,0.0214379749867414,0.8281351207456501,0.8564481313993912,,b1293
TCGA-COADREAD,M2_msd_coexpr,294,KPNA4;QDPR;CCDC56;C9orf72,0.0,0.084185614629446,0.1027836709207528,-0.1761922478340376,0.1761922478340376,-0.0464049499572517,0.0464049499572517,0.1251543805021872,0.7029993988081159,,b1294
TCGA-COADREAD,M2_msd_coexpr,295,KIAA1310;CAMTA2;FAM162A;C9orf25,0.0,0.0881413656319541,0.1709989783603238,0.3524457285144072,0.3524457285144072,0.2782811782392321,0.2782811782392321,0.0044434217354143,0.0291271338415452,,b1295
TCGA-COADREAD,M2_msd_coexpr,296,THUMPD1;C1orf9;ZBTB4;PHF17,0.0,0.1360993385228817,0.222191597706407,0.0404576779523695,0.0404576779523695,-0.0456160348583197,0.0456160348583197,0.7203460531062601,0.701003284634849,,b1296
TCGA-COADREAD,M2_msd_coexpr,297,RBM22;NOC4L;P4HA2;CHST12,0.0,0.1483658919180025,0.2081561387806139,0.0793009901045321,0.0793009901045321,0.012793301913465,0.012793301913465,0.4494614320647508,0.9023004512282288,,b1297
TCGA-COADREAD,M2_msd_coexpr,298,YTHDC1;KIAA0355;NCOA3;FAM18B2,0.0,0.1448997451676706,0.219129984496519,0.0029222671224656,0.0029222671224656,-0.1464974916209116,0.1464974916209116,0.9791404893790792,0.2366347044298801,,b1298
TCGA-COADREAD,M2_msd_coexpr,299,TIAL1;PDE4DIP;TBC1D2B;HSH2D,0.0,0.0925580697220638,0.1448055619280661,0.2134390496134441,0.2134390496134441,0.3079722883857941,0.3079722883857941,0.0671290337129554,0.0129906297804761,,b1299
TCGA-COADREAD,M2_msd_coexpr,300,KCMF1;RFXANK;TBC1D2B;C16orf7,0.0,0.1185994442208415,0.1527236672820959,0.2446217945485755,0.2446217945485755,0.2577096840500387,0.2577096840500387,0.0270503676982689,0.0223817995969355,,b1300
TCGA-COADREAD,M2_msd_coexpr,301,RBM22;PTAR1;NDUFB7;NDUFAF2,0.0,0.1092079662200562,0.2081561387806139,-0.11415070047799,0.11415070047799,-0.0099749225223591,0.0099749225223591,0.2986389160256101,0.9298619703377228,,b1301
TCGA-COADREAD,M2_msd_coexpr,302,WDR33;DARS2;MLL3;KLHL22,0.0,0.100565719199551,0.1700982857158708,-0.0568136849558367,0.0568136849558367,-0.0174734821709517,0.0174734821709517,0.61561903838875,0.8845752751313767,,b1302
TCGA-COADREAD,M2_msd_coexpr,303,GORASP1;NDUFB6;IDH3B;UHRF1BP1L,0.0,0.1078715653922907,0.1667385805104649,-0.1720328324784679,0.1720328324784679,-0.0847540625798307,0.0847540625798307,0.1200800803942676,0.4642920909049245,,b1303
TCGA-COADREAD,M2_msd_coexpr,304,KCMF1;BOD1L;CLN3;FXN,0.0,0.0773590477303893,0.1261486814497738,-0.0258394152341468,0.0258394152341468,0.0767509142223426,0.0767509142223426,0.8114474739472048,0.4918054635678026,,b1304
TCGA-COADREAD,M2_msd_coexpr,305,YTHDC1;PDE4DIP;MEST;AZI1,0.0,0.083405906843138,0.1310083249326926,-0.0063729747031183,0.0063729747031183,-0.0861809191328285,0.0861809191328285,0.9539625872185946,0.4477543354548698,,b1305
TCGA-COADREAD,M2_msd_coexpr,306,EIF4E2;RAP2C;CKAP2;WDR44,0.0,0.0832969734379027,0.1677184566016257,-0.0264520316111812,0.0264520316111812,0.0153622426228548,0.0153622426228548,0.8066751014596341,0.8927025601785422,,b1306
TCGA-COADREAD,M2_msd_coexpr,307,CCNY;DUS3L;BRP44;CSPP1,0.0,0.0844179806082847,0.107270761018465,-0.0105740489739198,0.0105740489739198,0.0695807238756609,0.0695807238756609,0.920303727204096,0.4946384335428425,,b1307
TCGA-COADREAD,M2_msd_coexpr,308,DAXX;ZNRD1;MCM2;SYNJ1,0.0,0.1025779784071565,0.2284953328485824,0.0309239972731229,0.0309239972731229,0.0299561236728474,0.0299561236728474,0.7793500392376187,0.7976284485306158,,b1308
TCGA-COADREAD,M2_msd_coexpr,309,RSRC2;RFXANK;PNPLA2;FAM165B,0.0,0.0902231741892807,0.1383116533788921,0.334793201720941,0.334793201720941,0.2822670045105481,0.2822670045105481,0.002146799700228,0.0049743893266365,,b1309
TCGA-COADREAD,M2_msd_coexpr,310,THUMPD1;CAMTA2;ATP6V1B2;EXD3,0.0,0.1150778987956659,0.1893787297811848,0.0187079730480788,0.0187079730480788,0.0640026128005781,0.0640026128005781,0.8639439121368436,0.5918978109138354,,b1310
TCGA-COADREAD,M2_msd_coexpr,311,ATMIN;C1GALT1C1;RB1CC1;FAHD2A,0.0,0.1003815355517036,0.1726724691436315,-0.0070600106755789,0.0070600106755789,0.0285167925307095,0.0285167925307095,0.948162943259134,0.7892482445103,,b1311
TCGA-COADREAD,M2_msd_coexpr,312,SPPL3;WDR74;DOPEY2;CHAF1B,0.0,0.1136177219651423,0.1650437334376111,-0.0798120678407981,0.0798120678407981,0.0473231527945368,0.0473231527945368,0.4405192947851194,0.6828721898904958,,b1312
TCGA-COADREAD,M2_msd_coexpr,313,CPSF7;FBRSL1;AAGAB;CBX8,0.0,0.0899593663441088,0.1495235085357213,0.0157804239948817,0.0157804239948817,-0.0967832553789729,0.0967832553789729,0.8930683304423757,0.4264782584657739,,b1313
TCGA-COADREAD,M2_msd_coexpr,314,KIAA1310;TMEM70;UTP14A;MTHFD2L,0.0,0.1722224011088522,0.2160834713151396,0.0425217657656436,0.0425217657656436,0.1027686582170214,0.1027686582170214,0.7025302636229332,0.3789870551457344,,b1314
TCGA-COADREAD,M2_msd_coexpr,315,SMU1;POLR1C;GPR35;C11orf67,0.0,0.1029803117570443,0.2122989392458147,-0.0656103296764619,0.0656103296764619,-0.0251045659805263,0.0251045659805263,0.5578615086821984,0.8309847428290269,,b1315
TCGA-COADREAD,M2_msd_coexpr,316,YY1;TCEB1;CCDC109A;TREX1,0.0,0.0895784103027594,0.1359378809529329,0.0558367915511019,0.0558367915511019,0.1657340203180096,0.1657340203180096,0.5953783662307017,0.1334552441447144,,b1316
TCGA-COADREAD,M2_msd_coexpr,317,FUBP3;ULK1;SMAGP;TMEM231,0.0,0.1148691601959224,0.1528879479041985,0.1170145844581232,0.1170145844581232,0.1407612230564555,0.1407612230564555,0.2867666058256335,0.2192988797343004,,b1317
TCGA-COADREAD,M2_msd_coexpr,318,GSK3B;ENY2;RAE1;C6orf129,0.0,0.110296516949455,0.147801744501212,0.0002685929184721,0.0002685929184721,-0.0403459488647917,0.0403459488647917,0.9979981551261458,0.7345455618711507,,b1318
TCGA-COADREAD,M2_msd_coexpr,319,SUDS3;NIT2;GOT1;PTPN21,0.0,0.0797117285813632,0.1180486009523795,-0.0008573299346736,0.0008573299346736,0.0997552274016269,0.0997552274016269,0.9940374522768904,0.3762604709407973,,b1319
TCGA-COADREAD,M2_msd_coexpr,320,CTCF;ZNF292;PGPEP1;TREX1,0.0,0.1127881422417014,0.1675870319047211,0.151106422521146,0.151106422521146,0.0936681580068054,0.0936681580068054,0.1799428938213405,0.4417113850647729,,b1320
TCGA-COADREAD,M2_msd_coexpr,321,ARIH2;MOBKL2A;C14orf2;PLK4,0.0,0.0982477641631864,0.1280299581754026,-0.0964155406789443,0.0964155406789443,0.0898943676564253,0.0898943676564253,0.3798914931131559,0.3919627392160536,,b1321
TCGA-COADREAD,M2_msd_coexpr,322,AFTPH;THOC6;LSM7;WDR7,0.0,0.1158174565926582,0.1440338473802565,-0.0223273219357455,0.0223273219357455,0.0542855666370707,0.0542855666370707,0.8399249995097778,0.614469009941744,,b1322
TCGA-COADREAD,M2_msd_coexpr,323,SPPL3;RBMS2;IDH3B;WDR7,0.0,0.110421217525143,0.157722909965657,-0.0001441150184755,0.0001441150184755,0.0255225781083366,0.0255225781083366,0.9989227792149328,0.820126248183455,,b1323
TCGA-COADREAD,M2_msd_coexpr,324,PYGO2;TRMT1;TIMM17B;LOC200030,0.0,0.1184708337755707,0.1882259334406316,0.2589660195631763,0.2589660195631763,0.1694728666930889,0.1694728666930889,0.0153283632051683,0.1073970325238809,,b1324
TCGA-COADREAD,M2_msd_coexpr,325,GGNBP2;PTAR1;LPGAT1;SPRYD4,0.0,0.0798929692198925,0.1371745762792777,-0.012927382359967,0.012927382359967,-0.0164380088911108,0.0164380088911108,0.908090207246802,0.8894601716484353,,b1325
TCGA-COADREAD,M2_msd_coexpr,326,RNF220;NCAPG2;IPO4;SHCBP1,0.0,0.0592896481562568,0.0854657054642528,-0.1307593144931847,0.1307593144931847,-0.10870696017712,0.10870696017712,0.2292173540544733,0.3379149938313068,,b1326
TCGA-COADREAD,M2_msd_coexpr,327,DNAJB12;IDE;PPP1R16A;DZIP3,0.0,0.1478339435060731,0.1989139566201761,-0.0719997603682767,0.0719997603682767,-0.121822809058978,0.121822809058978,0.5144723559865683,0.2805608454335725,,b1327
TCGA-COADREAD,M2_msd_coexpr,328,AFTPH;PHF19;RIOK3;SGOL2,0.0,0.0869468324271022,0.1057277049550916,-0.061343232152642,0.061343232152642,-0.0521240326046651,0.0521240326046651,0.5898249295131908,0.6564529812750142,,b1328
TCGA-COADREAD,M2_msd_coexpr,329,ABCF3;TMEM159;AAGAB;NDUFAF2,0.0,0.1317570685980327,0.2173900975031464,0.0577521429181846,0.0577521429181846,0.1441929511525322,0.1441929511525322,0.612154338297661,0.2106654089280829,,b1329
TCGA-COADREAD,M2_msd_coexpr,330,CUL3;PPIL1;NDST1;CHST12,0.0,0.0950377858069265,0.1437402762908239,-0.0558275086062024,0.0558275086062024,-0.028870334492937,0.028870334492937,0.5865950403892883,0.784177665605706,,b1330
TCGA-COADREAD,M2_msd_coexpr,331,AFTPH;C12orf62;FUNDC2;CHST12,0.0,0.1269429335750649,0.1477837512424736,0.0707085057376605,0.0707085057376605,0.077085752114283,0.077085752114283,0.5288817615745725,0.5072084424517045,,b1331
TCGA-COADREAD,M2_msd_coexpr,332,DNAJB12;CXXC1;FAM162A;CXorf23,0.0,0.1492626226039364,0.1989139566201761,0.0737457584354853,0.0737457584354853,0.039373665154593,0.039373665154593,0.4998444124337204,0.722704369250503,,b1332
TCGA-COADREAD,M2_msd_coexpr,333,PPP6C;BAZ2B;BRP44;CXorf23,0.0,0.1104361328207193,0.1817684949637832,-0.0769951165082704,0.0769951165082704,-0.0336893147505764,0.0336893147505764,0.4810984913574345,0.7693660230872833,,b1333
TCGA-COADREAD,M2_msd_coexpr,334,RAF1;ZNRD1;SNRPF;NDUFAF2,0.0,0.1000681948379738,0.1407214192077545,0.0019250829530847,0.0019250829530847,0.0097071710363728,0.0097071710363728,0.9855025167120922,0.9262052665504656,,b1334
TCGA-COADREAD,M2_msd_coexpr,335,QRICH1;CYLD;LZTS2;BMP2K,0.0,0.1361524940576039,0.1765333320715446,0.0685236646681102,0.0685236646681102,0.0724984337841563,0.0724984337841563,0.5644079903099969,0.5779723467632696,,b1335
TCGA-COADREAD,M2_msd_coexpr,336,FBXO18;CRB3;CHD7;MED11,0.0,0.1500966017683155,0.1949548963296071,0.0088586679286608,0.0088586679286608,0.0672718794812586,0.0672718794812586,0.9342883253894796,0.5515077102837475,,b1336
TCGA-COADREAD,M2_msd_coexpr,337,CAMKK2;FBRSL1;PJA2;SRGAP1,0.0,0.0861490804090158,0.1349017219201967,0.0148453309771989,0.0148453309771989,-0.0070543764146087,0.0070543764146087,0.8999006280126379,0.9569053909703852,,b1337
TCGA-COADREAD,M2_msd_coexpr,338,TIAL1;PCNX;ERBB2IP;CHCHD6,0.0,0.1089533830042676,0.1708348316731932,0.1671288606461129,0.1671288606461129,0.1731774228881759,0.1731774228881759,0.1419535404673247,0.1581097834692764,,b1338
TCGA-COADREAD,M2_msd_coexpr,339,KPNA4;MOBKL2A;N4BP2L2;RRAGC,0.0,0.1264677007727921,0.2252776249955484,-0.0272419171122351,0.0272419171122351,-0.0616708428242726,0.0616708428242726,0.8023585627517018,0.583820117730697,,b1339
TCGA-COADREAD,M2_msd_coexpr,340,PPP3R1;CXXC1;ZNF217;C1orf112,0.0,0.0951600748502251,0.125825573195671,0.002825264638471,0.002825264638471,0.0131344760626924,0.0131344760626924,0.979599666850821,0.9112049165906309,,b1340
TCGA-COADREAD,M2_msd_coexpr,341,DNAJC14;C10orf2;NIPSNAP1;RPP40,0.0,0.1545980500837035,0.2425418095509616,-0.073952025094789,0.073952025094789,0.0128626838355038,0.0128626838355038,0.5076766539645721,0.9150586881133038,,b1341
TCGA-COADREAD,M2_msd_coexpr,342,WTAP;ZNRD1;GET4;FAM174A,0.0,0.1188655703279305,0.1810412416808322,0.1099654982934292,0.1099654982934292,0.0527162411559115,0.0527162411559115,0.3086108647608495,0.6366233766197025,,b1342
TCGA-COADREAD,M2_msd_coexpr,343,ARIH2;RRP1;LZTS2;PAQR7,0.0,0.1157054688156764,0.1765333320715446,0.3092767405648093,0.3092767405648093,0.3094849129317885,0.3094849129317885,0.0127047615242036,0.0131482667621286,,b1343
TCGA-COADREAD,M2_msd_coexpr,344,ATMIN;MRPL21;MRPL13;CDKN2D,0.0,0.169865404037401,0.2354209680966666,0.0334301279241048,0.0334301279241048,0.0670072572883286,0.0670072572883286,0.7589398096694162,0.5409826083119076,,b1344
TCGA-COADREAD,M2_msd_coexpr,345,ARIH2;PHF19;HMGB3;PXMP2,0.0,0.0938365092962749,0.1162163756498491,-0.0891411164902363,0.0891411164902363,0.0849333191771795,0.0849333191771795,0.3925155694651622,0.4365954985880916,,b1345
TCGA-COADREAD,M2_msd_coexpr,346,SPOP;C12orf11;IPO4;ZNF281,0.0,0.1194867276495085,0.1937361329339512,-0.1095592058683491,0.1095592058683491,-0.0388368690780453,0.0388368690780453,0.340392178701698,0.7266557435751224,,b1346
TCGA-COADREAD,M2_msd_coexpr,347,FAM32A;TMEM161A;LSM7;MARCH2,0.0,0.0742531307487512,0.1440338473802565,0.1044064166002284,0.1044064166002284,0.1634254551592827,0.1634254551592827,0.3329898341551695,0.1538999837664348,,b1347
TCGA-COADREAD,M2_msd_coexpr,348,FAM32A;CHCHD1;C6orf125;LOC200030,0.0,0.1038052004426036,0.1888343564018592,0.1444919905476187,0.1444919905476187,0.1406953163110468,0.1406953163110468,0.1480324303728364,0.1478486803121204,,b1348
TCGA-COADREAD,M2_msd_coexpr,349,GTF3C2;C10orf2;KIAA1147;PUSL1,0.0,0.1061776878802625,0.1417263470300041,-0.0122562363078854,0.0122562363078854,0.0317516132085689,0.0317516132085689,0.9104911860222298,0.7761382332661417,,b1349
TCGA-COADREAD,M2_msd_coexpr,350,SPOP;SLC37A4;FANCI;AGA,0.0,0.1083857001900218,0.1937361329339512,-0.0094671577993985,0.0094671577993985,-0.0347482081418547,0.0347482081418547,0.9312620885484806,0.7525103829807153,,b1350
TCGA-COADREAD,M2_msd_coexpr,351,CUL3;RAP2C;PNPLA2;C8orf38,0.0,0.0943683163372626,0.1781664677831045,0.1018272030248913,0.1018272030248913,0.1093365520695424,0.1093365520695424,0.3476768140520138,0.35385885543854,,b1351
TCGA-COADREAD,M2_msd_coexpr,352,PYGO2;LMBRD1;TIMM17B;MTMR9,0.0,0.1606825973372211,0.2074697594324194,0.1397646460247822,0.1397646460247822,0.0180539486450541,0.0180539486450541,0.2128004372128425,0.8709766845918298,,b1352
TCGA-COADREAD,M2_msd_coexpr,353,FBXO18;SSBP4;MAPK6;TOR1AIP2,0.0,0.1134397404367532,0.1607053770037407,-0.0138025029979908,0.0138025029979908,-0.0257339784088282,0.0257339784088282,0.8966181946807701,0.8186926915073942,,b1353
TCGA-COADREAD,M2_msd_coexpr,354,RIC8A;SOS2;CARS2;RCCD1,0.0,0.0912346347226585,0.1338632076191557,0.1162612245679259,0.1162612245679259,0.0950846771170465,0.0950846771170465,0.3020315412488344,0.3950285997345909,,b1354
TCGA-COADREAD,M2_msd_coexpr,355,TIAL1;CUL7;SNRPF;MTCP1NB,0.0,0.0972027022019873,0.1407214192077545,0.1964525505285698,0.1964525505285698,0.1691016188423846,0.1691016188423846,0.0523383864208124,0.0825974099831962,,b1355
TCGA-COADREAD,M2_msd_coexpr,356,CUL3;C12orf62;FANCI;PEMT,0.0,0.1016500375878912,0.1567373616646744,0.055887668022136,0.055887668022136,0.1269471791499181,0.1269471791499181,0.6044810927927358,0.2633430774901871,,b1356
TCGA-COADREAD,M2_msd_coexpr,357,FUBP3;TRIM24;CKAP2;C11orf67,0.0,0.13707783357692,0.2122989392458147,-0.0176573226528187,0.0176573226528187,-0.0610353428952255,0.0610353428952255,0.8725571447416544,0.5892911282787595,,b1357
TCGA-COADREAD,M2_msd_coexpr,358,RBM22;C1GALT1C1;RIOK3;ITGAE,0.0,0.116085280068978,0.2081561387806139,-0.0975438937146884,0.0975438937146884,-0.0396061260885328,0.0396061260885328,0.3828903898756652,0.7229769117692891,,b1358
TCGA-COADREAD,M2_msd_coexpr,359,SPPL3;NOC4L;HGSNAT;UHRF1BP1L,0.0,0.1100906366178693,0.157722909965657,-0.036651828476733,0.036651828476733,-0.0260868448375843,0.0260868448375843,0.7420461423747948,0.8162854432886875,,b1359
TCGA-COADREAD,M2_msd_coexpr,360,VPS26B;LMBRD1;CHD2;C9orf72,0.0,0.0801662232777154,0.1367785965022259,-0.0770863736801349,0.0770863736801349,-0.1191945624820591,0.1191945624820591,0.4790027034546125,0.3231507358891939,,b1360
TCGA-COADREAD,M2_msd_coexpr,361,GSK3B;C1orf9;HGSNAT;TIGD5,0.0,0.1081660941394408,0.1189080453081809,0.0178560099811958,0.0178560099811958,-0.1188608162200418,0.1188608162200418,0.87021688786793,0.3205293975068269,,b1361
TCGA-COADREAD,M2_msd_coexpr,362,CUL3;SPSB3;FAM128B;ACTR5,0.0,0.0598078168556884,0.0757373214742714,0.0970274270813422,0.0970274270813422,0.020606165211701,0.020606165211701,0.3447608902312331,0.8370928367518561,,b1362
TCGA-COADREAD,M2_msd_coexpr,363,SMU1;LOC651250;CCDC56;SYNJ1,0.0,0.1124681490266376,0.2284953328485824,-0.0944946022244159,0.0944946022244159,-0.0014497229886931,0.0014497229886931,0.4245767738228563,0.9904273451521548,,b1363
TCGA-COADREAD,M2_msd_coexpr,364,ATMIN;THOC6;PLEKHG3;CHCHD6,0.0,0.1505137565054747,0.1726724691436315,0.0159409842569087,0.0159409842569087,0.0276481474997915,0.0276481474997915,0.8833823731259702,0.7970135208922415,,b1364
TCGA-COADREAD,M2_msd_coexpr,365,PPM1B;SSX2IP;TRABD;SGOL2,0.0,0.1331141226475567,0.2071291451555035,-0.3433101387275412,0.3433101387275412,-0.160896015983576,0.160896015983576,0.0021766151307363,0.1690879891146255,,b1365
TCGA-COADREAD,M2_msd_coexpr,366,MFF;CETN2;DOPEY2;DUSP14,0.0,0.109588416644983,0.1650437334376111,0.0956001628312417,0.0956001628312417,0.2006940860502424,0.2006940860502424,0.4088215113259996,0.1106767046028956,,b1366
TCGA-COADREAD,M2_msd_coexpr,367,KPNA4;FCHO2;CALCOCO1;C2orf7,0.0,0.0842464853316608,0.2020677815606749,0.0813096929186694,0.0813096929186694,0.1800114892398771,0.1800114892398771,0.4506601955778917,0.1099868276159548,,b1367
TCGA-COADREAD,M2_msd_coexpr,368,GGNBP2;C12orf62;KDM5B;MXD3,0.0,0.1163078652525759,0.1549743588583905,-0.1818507970707565,0.1818507970707565,-0.1385630223635988,0.1385630223635988,0.0992667767901909,0.2154482392001192,,b1368
TCGA-COADREAD,M2_msd_coexpr,369,SPOP;EIF4E;ATP6V1B2;SNX16,0.0,0.1520546530864671,0.1937361329339512,-0.0262446184352537,0.0262446184352537,0.0776483123114273,0.0776483123114273,0.8065011713687906,0.4709856974750659,,b1369
TCGA-COADREAD,M2_msd_coexpr,370,YTHDC1;NUDT19;AURKAIP1;CCDC58,0.0,0.0782058493290572,0.1310083249326926,-0.0795257922972959,0.0795257922972959,-0.0223096819303565,0.0223096819303565,0.4568387441741287,0.8307398975718995,,b1370
TCGA-COADREAD,M2_msd_coexpr,371,WDR33;CAMTA2;ZNF217;WDR44,0.0,0.0739210101608081,0.1700982857158708,0.0831315964332938,0.0831315964332938,0.0465267172927019,0.0465267172927019,0.4840303500194796,0.7290731114528686,,b1371
TCGA-COADREAD,M2_msd_coexpr,372,MFF;TXNDC15;ZNF217;CSPP1,0.0,0.088810049321035,0.1391792392463472,0.0589905331682965,0.0589905331682965,0.0351266689160326,0.0351266689160326,0.5927987747581152,0.7743358126608796,,b1372
TCGA-COADREAD,M2_msd_coexpr,373,DNAJA2;PDZD11;TMEM106B;HSD17B7,0.0,0.0245887641596991,0.0444342620569421,-0.0932986586056583,0.0932986586056583,-0.1684907161758705,0.1684907161758705,0.4038509872349209,0.1844878577310823,,b1373
TCGA-COADREAD,M2_msd_coexpr,374,FUBP3;NIT2;ERBB2IP;DUSP14,0.0,0.0920907378962161,0.1323198465325072,0.2130132734475653,0.2130132734475653,0.0985426015398842,0.0985426015398842,0.0734945191085555,0.4038771198204274,,b1374
TCGA-COADREAD,M2_msd_coexpr,375,CTCF;WDFY3;MAP7D1;CDKN2D,0.0,0.1520140228060666,0.2354209680966666,0.154647833188096,0.154647833188096,0.0356478736520425,0.0356478736520425,0.1757383598942412,0.7693621621267692,,b1375
TCGA-COADREAD,M2_msd_coexpr,376,CUL3;NCOA1;PJA2;SKP2,0.0,0.0802424362128814,0.0866566280301897,-0.1550962008165843,0.1550962008165843,-0.1693805161216432,0.1693805161216432,0.1533288023321082,0.1321806115295665,,b1376
TCGA-COADREAD,M2_msd_coexpr,377,BFAR;NOC4L;STK4;ACTR5,0.0,0.0732844542866916,0.1202101648865717,0.0018294446845335,0.0018294446845335,-0.0958421961385813,0.0958421961385813,0.9857259558629126,0.3594433472326609,,b1377
TCGA-COADREAD,M2_msd_coexpr,378,DNAJA2;MRPL42;UTP14A;PIGW,0.0,0.1103572722016372,0.206128539325105,-0.1418992906377586,0.1418992906377586,-0.1583634676455527,0.1583634676455527,0.2004198883602549,0.1835154309062943,,b1378
TCGA-COADREAD,M2_msd_coexpr,379,YTHDF2;MRPL34;IDH3B;ITGB3BP,0.0,0.0779660970736333,0.1503107347691428,-0.1249918646980518,0.1249918646980518,-0.0087670065140536,0.0087670065140536,0.2541275977223552,0.941800818478156,,b1379
TCGA-COADREAD,M2_msd_coexpr,380,MFF;TCEB1;HDHD3;CHST12,0.0,0.0968650840488676,0.1437402762908239,0.1289445843248987,0.1289445843248987,0.1337088749217767,0.1337088749217767,0.2289585003977404,0.223550116320166,,b1380
TCGA-COADREAD,M2_msd_coexpr,381,PPP3R1;NOC4L;IMPDH1;TTC12,0.0,0.1127735618097545,0.1276972642219847,-0.1078934656431817,0.1078934656431817,-0.0337820302405394,0.0337820302405394,0.3522027406063541,0.7834005617051901,,b1381
TCGA-COADREAD,M2_msd_coexpr,382,CCNY;NDUFB6;HPCAL1;DKFZP586I1420,0.0,0.105941130334967,0.1720330117055494,0.2623617951160693,0.2623617951160693,0.2059872337504964,0.2059872337504964,0.0178518227973784,0.0744471396647102,,b1382
TCGA-COADREAD,M2_msd_coexpr,383,MFF;POLR1C;IVD;DZIP3,0.0,0.1011603173361314,0.1391792392463472,-0.022879999470467,0.022879999470467,0.1051268820693701,0.1051268820693701,0.8401957259339676,0.3830605654862471,,b1383
TCGA-COADREAD,M2_msd_coexpr,384,YY1;RRP9;TEAD1;NEK1,0.0,0.1279733569385442,0.2509107673514339,-0.1015955421751513,0.1015955421751513,-0.0767263607345952,0.0767263607345952,0.3854522156442845,0.5103431870515657,,b1384
TCGA-COADREAD,M2_msd_coexpr,385,ARIH2;EIF4E;MKKS;PASK,0.0,0.1051429916045866,0.2043982277278922,-0.1303304505805239,0.1303304505805239,-0.0201957299926056,0.0201957299926056,0.2333439247258575,0.8554391754997615,,b1385
TCGA-COADREAD,M2_msd_coexpr,386,FAM32A;MRPL2;CKAP2;MARCH2,0.0,0.0853757425012276,0.1677184566016257,0.0167124911308869,0.0167124911308869,0.0102055042877403,0.0102055042877403,0.8787776533944646,0.9303043970659874,,b1386
TCGA-COADREAD,M2_msd_coexpr,387,PPP3R1;UTP20;SNRPF;CXorf23,0.0,0.1084463393905031,0.1817684949637832,-0.0396437006575072,0.0396437006575072,-0.0393647061573822,0.0393647061573822,0.7309928589893417,0.7546276156111204,,b1387
TCGA-COADREAD,M2_msd_coexpr,388,GTF3C2;WDFY3;MRPL15;USP43,0.0,0.1131800988068658,0.1417263470300041,-0.0631466921773705,0.0631466921773705,-0.0264260741316065,0.0264260741316065,0.5644097166986922,0.8132675229064896,,b1388
TCGA-COADREAD,M2_msd_coexpr,389,ARIH2;SLC37A4;SNRPF;CXorf56,0.0,0.1131170379321319,0.1435138175395247,-0.0421550529476705,0.0421550529476705,0.0219865844482774,0.0219865844482774,0.7067165079306492,0.8613092501920023,,b1389
TCGA-COADREAD,M2_msd_coexpr,390,ARIH2;ENY2;C6orf125;C1orf112,0.0,0.1277530617452698,0.1888343564018592,-0.0768106677368379,0.0768106677368379,0.0103000581518173,0.0103000581518173,0.4890923274119967,0.9303331480209868,,b1390
TCGA-COADREAD,M2_msd_coexpr,391,KPNA4;BBX;FAM128B;FAM165B,0.0,0.0527353424427731,0.1153823381194906,0.1276196238436709,0.1276196238436709,0.1631703473461939,0.1631703473461939,0.2288698003487953,0.1379797803862882,,b1391
TCGA-COADREAD,M2_msd_coexpr,392,FBXO18;CAMTA2;SLC25A23;FAM18B2,0.0,0.107029487374003,0.219129984496519,0.2213691842275511,0.2213691842275511,0.2130829426708546,0.2130829426708546,0.0359494393195341,0.0555693465547062,,b1392
TCGA-COADREAD,M2_msd_coexpr,393,PPP3R1;BID;THOC3;TRMU,0.0,0.0860819417902519,0.1481069311872735,-0.1168403023434903,0.1168403023434903,-0.0022522178385716,0.0022522178385716,0.2997391296484716,0.9852246081346742,,b1393
TCGA-COADREAD,M2_msd_coexpr,394,EIF4E2;CETN2;AAGAB;KIF18A,0.0,0.1129709487452621,0.1870252578782273,-0.0587063714321038,0.0587063714321038,0.0701223858230539,0.0701223858230539,0.5983674502521033,0.5616615594668131,,b1394
TCGA-COADREAD,M2_msd_coexpr,395,RBM22;HNF1A;FAM3A;LRFN3,0.0,0.1581887741838619,0.2287823759247529,-0.020609191685843,0.020609191685843,-0.0724381035774213,0.0724381035774213,0.8481725968517411,0.5134357164022133,,b1395
TCGA-COADREAD,M2_msd_coexpr,396,CNOT2;HECA;WDR77;KIF24,0.0,0.138840222684985,0.21920639288596,-0.1436030700282576,0.1436030700282576,-0.1119958979597355,0.1119958979597355,0.1861428785001515,0.3145764591687519,,b1396
TCGA-COADREAD,M2_msd_coexpr,397,ARIH2;SOS2;NDUFS7;C2orf7,0.0,0.0962954369184095,0.1738330285250098,-0.0011912833368526,0.0011912833368526,0.1387142739829959,0.1387142739829959,0.991042457620384,0.1991172411520116,,b1397
TCGA-COADREAD,M2_msd_coexpr,398,CNOT2;POLR1C;TRIM25;C8orf38,0.0,0.1220683374410563,0.208260043804318,-0.1828419497812607,0.1828419497812607,-0.0668839167407927,0.0668839167407927,0.1084741603102179,0.5805350936972664,,b1398
TCGA-COADREAD,M2_msd_coexpr,399,RIC8A;LOC651250;SLC25A23;ZNF680,0.0,0.0961989608443546,0.2235339011511875,0.0554741931139343,0.0554741931139343,0.0096679349713874,0.0096679349713874,0.6206050294055414,0.9317083002887752,,b1399
TCGA-COADREAD,M2_msd_coexpr,400,ABCF3;TRMT1;FUNDC2;ZNF281,0.0,0.1331974731249379,0.2173900975031464,0.1457894408036921,0.1457894408036921,0.1468960647860517,0.1468960647860517,0.1874824081177571,0.1996905317277351,,b1400
TCGA-COADREAD,M2_msd_coexpr,401,GGNBP2;SPSB3;PINK1;C9orf95,0.0,0.1140564780970494,0.1621114259084982,0.1208128867234556,0.1208128867234556,-0.0054852052972609,0.0054852052972609,0.2759133561319357,0.9594854714859622,,b1401
TCGA-COADREAD,M2_msd_coexpr,402,RSRC2;SNRPA1;CHD2;PTENP1,0.0,0.104392337511205,0.1777284528713151,0.3190259263673971,0.3190259263673971,0.2606982501336904,0.2606982501336904,0.0035898578126521,0.0230780042797505,,b1402
TCGA-COADREAD,M2_msd_coexpr,403,PPP3R1;HNF1A;UQCC;RNMTL1,0.0,0.095793500194527,0.1880705204977424,-0.0325292760034187,0.0325292760034187,-0.0927064687190348,0.0927064687190348,0.7684792700139191,0.4320725830152585,,b1403
TCGA-COADREAD,M2_msd_coexpr,404,CTCF;MRPL48;MLL3;TRAPPC2,0.0,0.0854684201609583,0.1196334041118048,-0.0038883928761709,0.0038883928761709,-0.0754906981191646,0.0754906981191646,0.9720898084412458,0.5251718289761745,,b1404
TCGA-COADREAD,M2_msd_coexpr,405,DNAJA2;CHCHD1;C6orf125;CD58,0.0,0.1031523174223178,0.1888343564018592,-0.0651042600742333,0.0651042600742333,-0.0769672494783194,0.0769672494783194,0.5527552529416659,0.4825571589305956,,b1405
TCGA-COADREAD,M2_msd_coexpr,406,FBXO18;KIAA0913;UQCR10;DENND4A,0.0,0.0758228332426899,0.1263601232379037,0.1943250565200445,0.1943250565200445,0.2815967756567036,0.2815967756567036,0.0882675314094804,0.0257232037064581,,b1406
TCGA-COADREAD,M2_msd_coexpr,407,PYGO2;NCOA1;EML2;KIF24,0.0,0.1632251509857085,0.21920639288596,0.0944132962187197,0.0944132962187197,0.0195588801441165,0.0195588801441165,0.4116635772489572,0.8729468994414182,,b1407
TCGA-COADREAD,M2_msd_coexpr,408,GSK3B;TAF10;PNPLA2;MMACHC,0.0,0.0938467079019314,0.1453065024212613,-0.008768151846148,0.008768151846148,-0.0882885720894597,0.0882885720894597,0.9364129213948548,0.4029388377229063,,b1408
TCGA-COADREAD,M2_msd_coexpr,409,BFAR;PELI1;NDRG3;LOC151534,0.0,0.0964635952393269,0.1554614219014795,0.1604830874706087,0.1604830874706087,0.0171853288280263,0.0171853288280263,0.1509180460737454,0.8839369172157262,,b1409
TCGA-COADREAD,M2_msd_coexpr,410,RNF220;PDE4DIP;C6orf125;MTHFD2L,0.0,0.1319510869944293,0.2160834713151396,0.0827965376289851,0.0827965376289851,0.0760157616723894,0.0760157616723894,0.4238212193095828,0.4347833068320318,,b1410
TCGA-COADREAD,M2_msd_coexpr,411,KCMF1;PIP5K1C;C6orf125;ATL3,0.0,0.1163777322013654,0.1888343564018592,0.2592298294844676,0.2592298294844676,0.2466991362690553,0.2466991362690553,0.0134535786049024,0.0389914557822005,,b1411
TCGA-COADREAD,M2_msd_coexpr,412,PPP3R1;POLR1C;MRPL15;TMTC2,0.0,0.0777738232183987,0.0877492874406627,-0.0498892206447088,0.0498892206447088,0.0328209016264446,0.0328209016264446,0.6686804503629374,0.7925357353802588,,b1412
TCGA-COADREAD,M2_msd_coexpr,413,WDR33;SSX2IP;DOCK9;OCEL1,0.0,0.1597527882344878,0.2068502794584447,-0.1503339529923414,0.1503339529923414,-0.2420313411273548,0.2420313411273548,0.1304825107801088,0.0283840271367987,,b1413
TCGA-COADREAD,M2_msd_coexpr,414,MFF;TGS1;RB1CC1;DKFZP586I1420,0.0,0.1191005323083767,0.1720330117055494,0.0457984890473272,0.0457984890473272,0.0198683161947374,0.0198683161947374,0.676478262703835,0.8710405160751067,,b1414
TCGA-COADREAD,M2_msd_coexpr,415,ABCF3;HECA;GNAQ;PLK4,0.0,0.1060940151979945,0.2173900975031464,-0.028323501485248,0.028323501485248,0.0140282500598313,0.0140282500598313,0.7832825134830335,0.882059910786291,,b1415
TCGA-COADREAD,M2_msd_coexpr,416,PYGO2;SNRPD1;MYST3;CD58,0.0,0.1124373704197876,0.1704133816283063,0.0460644023219133,0.0460644023219133,0.0385902641567933,0.0385902641567933,0.6763520168795742,0.7205506419517833,,b1416
TCGA-COADREAD,M2_msd_coexpr,417,YY1;SFXN4;CTNNBL1;SURF2,0.0,0.1007180836236014,0.1335026709014803,0.1458126196201837,0.1458126196201837,0.1271939768082083,0.1271939768082083,0.1820282181677291,0.2496118808429966,,b1417
TCGA-COADREAD,M2_msd_coexpr,418,CUL3;FCHO2;MBNL2;UHRF1BP1L,0.0,0.0855416348161031,0.135700392568729,-0.0409912847958399,0.0409912847958399,-0.0322298794215475,0.0322298794215475,0.699305907238787,0.7761895135942098,,b1418
TCGA-COADREAD,M2_msd_coexpr,419,KCMF1;SMG6;UTP14A;SYNJ1,0.0,0.1557182601891877,0.2284953328485824,0.2055172738763059,0.2055172738763059,0.1906069303996838,0.1906069303996838,0.066998459997167,0.0842076658246746,,b1419
TCGA-COADREAD,M2_msd_coexpr,420,PRCC;TGS1;LPGAT1;TMEM93,0.0,0.061838388142092,0.1341354521759122,0.0081270453320814,0.0081270453320814,0.0119917097084434,0.0119917097084434,0.9436856214312112,0.9140996732460775,,b1420
TCGA-COADREAD,M2_msd_coexpr,421,DNAJB12;MRPS23;AURKAIP1;C16orf55,0.0,0.1037965615233778,0.1989139566201761,0.0203078037638445,0.0203078037638445,-0.0381871440494231,0.0381871440494231,0.8526800852396121,0.7110071935965079,,b1421
TCGA-COADREAD,M2_msd_coexpr,422,SMU1;RHOQ;GET4;C6orf129,0.0,0.0932606063104048,0.1244151587352188,0.1729206962160668,0.1729206962160668,0.1395010118849851,0.1395010118849851,0.1054986477304436,0.2232454407831822,,b1422
TCGA-COADREAD,M2_msd_coexpr,423,FUBP3;TCEB1;GCC2;?|10357,0.0,0.1043330933918962,0.138226060279184,0.0662472578967535,0.0662472578967535,-0.0556872199980632,0.0556872199980632,0.56607648587208,0.6354503211494915,,b1423
TCGA-COADREAD,M2_msd_coexpr,424,THUMPD1;CTPS;LRRC8A;FAM18B2,0.0,0.1217010808963675,0.219129984496519,-0.0147422852271321,0.0147422852271321,-0.1162008465734148,0.1162008465734148,0.8915905070297229,0.3061718971015764,,b1424
TCGA-COADREAD,M2_msd_coexpr,425,PRCC;KIAA0913;RAE1;MTMR9,0.0,0.1272131359299803,0.2074697594324194,0.0901056574186123,0.0901056574186123,-0.0021593924357455,0.0021593924357455,0.3916437124995524,0.9842220716097764,,b1425
TCGA-COADREAD,M2_msd_coexpr,426,UBE2Q1;MTFR1;CHD2;TRAPPC2,0.0,0.0369174528064349,0.0668670028568092,0.0997462356287149,0.0997462356287149,0.0796815905887587,0.0796815905887587,0.3712475647661885,0.4933134628067778,,b1426
TCGA-COADREAD,M2_msd_coexpr,427,THUMPD1;HMBS;WDR77;PTPN21,0.0,0.0984632030267595,0.1893787297811848,-0.2189900001927567,0.2189900001927567,-0.1474692162502157,0.1474692162502157,0.0347887799679598,0.1802384984331008,,b1427
TCGA-COADREAD,M2_msd_coexpr,428,PPP6C;C12orf62;MGST2;SNX18,0.0,0.0976967376586706,0.1288821470736109,-0.0134350058621998,0.0134350058621998,0.1529802844971672,0.1529802844971672,0.9019720996035276,0.1623271942627561,,b1428
TCGA-COADREAD,M2_msd_coexpr,429,FAM32A;MTFR1;TEAD1;COQ3,0.0,0.0894473597416132,0.1754671385093008,-0.1400326563262706,0.1400326563262706,-0.0059199382917771,0.0059199382917771,0.1908683852123748,0.9575241981981852,,b1429
TCGA-COADREAD,M2_msd_coexpr,430,RSRC2;NEK7;GOT1;DUS4L,0.0,0.1366121715580952,0.230219965298785,0.2415401169712858,0.2415401169712858,0.2316417161695425,0.2316417161695425,0.0209981704531998,0.0463134010434981,,b1430
TCGA-COADREAD,M2_msd_coexpr,431,SUDS3;VMA21;FAM84B;C9orf25,0.0,0.0787654029709515,0.1180486009523795,0.1962064238499579,0.1962064238499579,0.1321631899443828,0.1321631899443828,0.0895804182044401,0.2592886863221727,,b1431
TCGA-COADREAD,M2_msd_coexpr,432,DNAJA2;SFXN4;MAP7D1;MAGOHB,0.0,0.0736999732071224,0.1417460691621989,-0.0042653512357906,0.0042653512357906,-0.0089532599395126,0.0089532599395126,0.9706768415046292,0.9410292869423416,,b1432
TCGA-COADREAD,M2_msd_coexpr,433,QRICH1;LARS2;TAF1;TOR1AIP2,0.0,0.1337323551775401,0.2091956106348877,-0.2444758651719304,0.2444758651719304,-0.2175169585132261,0.2175169585132261,0.0113789881166977,0.0482377906932659,,b1433
TCGA-COADREAD,M2_msd_coexpr,434,FUBP3;C12orf11;RPIA;CHCHD6,0.0,0.1193421740082469,0.1708348316731932,-0.0295767146187461,0.0295767146187461,-0.0504657276843625,0.0504657276843625,0.7875569465111998,0.6636075565148285,,b1434
TCGA-COADREAD,M2_msd_coexpr,435,YTHDC1;TSEN54;SMAD2;BMP2K,0.0,0.1160083790716473,0.1692121303040727,-0.367900205751558,0.367900205751558,-0.3488235454028314,0.3488235454028314,0.0005612613085658,0.0009721266525308,,b1435
TCGA-COADREAD,M2_msd_coexpr,436,RBM22;ECSIT;BOLA2;ZNF680,0.0,0.127512871230277,0.2235339011511875,-0.0514274368512196,0.0514274368512196,-0.0805281266756704,0.0805281266756704,0.6334727597187837,0.4993638768079165,,b1436
TCGA-COADREAD,M2_msd_coexpr,437,BFAR;C12orf62;HMGB3;PLK4,0.0,0.0758168147368167,0.1162163756498491,-0.2196485187341138,0.2196485187341138,-0.0605224628591273,0.0605224628591273,0.035561369082629,0.585167854523722,,b1437
TCGA-COADREAD,M2_msd_coexpr,438,MAPKAP1;TFAM;FAM3A;FBXO5,0.0,0.1062673477644179,0.2287823759247529,-0.0147395693477835,0.0147395693477835,-0.0009703627684173,0.0009703627684173,0.8903863669604821,0.9929563881474984,,b1438
TCGA-COADREAD,M2_msd_coexpr,439,PPM1B;ECSIT;ST5;DUS4L,0.0,0.1763051572954513,0.230219965298785,-0.0338061311430906,0.0338061311430906,-0.0419892972098493,0.0419892972098493,0.7539389699291572,0.7057425257543706,,b1439
TCGA-COADREAD,M2_msd_coexpr,440,RAF1;KIAA0913;CARS2;AZI1,0.0,0.0677681749044755,0.1338632076191557,0.168746193108626,0.168746193108626,0.0549798069503289,0.0549798069503289,0.1202563639808865,0.6328961003284861,,b1440
TCGA-COADREAD,M2_msd_coexpr,441,MAPKAP1;RRP9;LOC100129034;TMEM187,0.0,0.0873938628651752,0.137246168512896,0.039666475738014,0.039666475738014,0.0368886460298148,0.0368886460298148,0.7167309231429095,0.7446269839723678,,b1441
TCGA-COADREAD,M2_msd_coexpr,442,QRICH1;GON4L;PJA2;ITGAE,0.0,0.1156817862627929,0.1613620388033351,-0.1616701864254777,0.1616701864254777,-0.1322043707360974,0.1322043707360974,0.1469436646626083,0.2545875244333782,,b1442
TCGA-COADREAD,M2_msd_coexpr,443,FBXO18;MRPL27;DCAF13;APOO,0.0,0.0716249655242935,0.1263601232379037,-0.0027635473927052,0.0027635473927052,0.0539284758051735,0.0539284758051735,0.979828181146131,0.608077482869279,,b1443
TCGA-COADREAD,M2_msd_coexpr,444,GPBP1;IDE;WDR77;SGOL2,0.0,0.089400878801476,0.1069904759993291,-0.1847992885886205,0.1847992885886205,-0.0749338656787739,0.0749338656787739,0.0804929554137853,0.4719350178419607,,b1444
TCGA-COADREAD,M2_msd_coexpr,445,GSK3B;LSM5;BOLA2;FXN,0.0,0.0601944505782168,0.1027456394209513,0.1104711037307818,0.1104711037307818,0.1713767603030005,0.1713767603030005,0.3169630634869688,0.1312620376859673,,b1445
TCGA-COADREAD,M2_msd_coexpr,446,EIF4E2;SNRPD1;FANCI;ZNF281,0.0,0.1042754836322908,0.1567373616646744,0.0080133881994509,0.0080133881994509,0.1176341788015742,0.1176341788015742,0.941802167617313,0.3149268319134628,,b1446
TCGA-COADREAD,M2_msd_coexpr,447,SPOP;LSM2;AAGAB;ALKBH2,0.0,0.1012010716263849,0.1937361329339512,-0.0364273667172388,0.0364273667172388,0.0111835150450104,0.0111835150450104,0.7569558655045061,0.9307950781559444,,b1447
TCGA-COADREAD,M2_msd_coexpr,448,CNOT2;PPIL1;GADD45GIP1;TMEM93,0.0,0.1179140067427272,0.208260043804318,-0.1396945774400763,0.1396945774400763,-0.0531732775419379,0.0531732775419379,0.2383843408348199,0.672918808143621,,b1448
TCGA-COADREAD,M2_msd_coexpr,449,WDR33;TCEB1;ELF4;TOR1AIP2,0.0,0.098643530205472,0.1700982857158708,-0.0250619099859345,0.0250619099859345,-0.0790210754615049,0.0790210754615049,0.824614402006846,0.5048441632329077,,b1449
TCGA-COADREAD,M2_msd_coexpr,450,PYGO2;MOBKL2A;PRC1;ABHD6,0.0,0.1313595466314835,0.1704133816283063,0.0042253545583618,0.0042253545583618,0.025457554315346,0.025457554315346,0.9690172721975558,0.8226463066477355,,b1450
TCGA-COADREAD,M2_msd_coexpr,451,PRCC;PDE4DIP;MDM2;SGOL2,0.0,0.1099770807968194,0.1830505865633544,-0.1118725302692723,0.1118725302692723,0.015202730306303,0.015202730306303,0.308823458241071,0.8933674285599378,,b1451
TCGA-COADREAD,M2_msd_coexpr,452,KCMF1;ZNF292;TRIM25;TREX1,0.0,0.0811192272363998,0.1261486814497738,0.1462012043341788,0.1462012043341788,0.1708327781246239,0.1708327781246239,0.1778955629117655,0.1409082866162449,,b1452
TCGA-COADREAD,M2_msd_coexpr,453,CPSF7;CETN2;ZNF217;CCDC58,0.0,0.0577252245102791,0.0636237177570014,0.078985877462946,0.078985877462946,0.0358357948919507,0.0358357948919507,0.4751379659365086,0.7684361137047454,,b1453
TCGA-COADREAD,M2_msd_coexpr,454,IWS1;PPP3CA;ATP6V1B2;AGA,0.0,0.1048857928605707,0.1560813496805183,-0.0632810622031434,0.0632810622031434,-0.0543072997089469,0.0543072997089469,0.5663297162725909,0.6425718065116915,,b1454
TCGA-COADREAD,M2_msd_coexpr,455,SPOP;DUS3L;CARS2;DKFZP586I1420,0.0,0.1517257783192803,0.1937361329339512,0.2035733847156185,0.2035733847156185,0.1182600511907091,0.1182600511907091,0.0829286842705841,0.3171202941441455,,b1455
TCGA-COADREAD,M2_msd_coexpr,456,PPM1B;LSM5;LSM7;ZNF343,0.0,0.1195557483636942,0.2071291451555035,0.0688291600915723,0.0688291600915723,0.1402940572937847,0.1402940572937847,0.5270886741129099,0.2390198907994655,,b1456
TCGA-COADREAD,M2_msd_coexpr,457,DNAJC14;DUS3L;LZTS2;KIF24,0.0,0.1762329384969622,0.21920639288596,0.2055371244601399,0.2055371244601399,0.1864710003664461,0.1864710003664461,0.0575346543539393,0.1089727442923496,,b1457
TCGA-COADREAD,M2_msd_coexpr,458,ABCF3;TRIM24;ACOT7;SCAPER,0.0,0.1332290945853111,0.2173900975031464,-0.0414350064133927,0.0414350064133927,0.0301577286525977,0.0301577286525977,0.6946352968940758,0.7957934102524181,,b1458
TCGA-COADREAD,M2_msd_coexpr,459,GGNBP2;C10orf2;MAP4K4;BBS4,0.0,0.1399295660808324,0.2306227221133758,-0.0178668293063099,0.0178668293063099,-0.0078491764248282,0.0078491764248282,0.871782849019249,0.9456605528465784,,b1459
TCGA-COADREAD,M2_msd_coexpr,460,TIAL1;LOC651250;KIAA1147;LOC200030,0.0,0.0797706725783655,0.1324534700074126,0.1200800517346048,0.1200800517346048,0.0867624352658318,0.0867624352658318,0.2853520722997976,0.4470167340832371,,b1460
TCGA-COADREAD,M2_msd_coexpr,461,DNAJB12;SNRPA1;BOLA2;ZNF496,0.0,0.1082783761372253,0.1989139566201761,0.1901895378944934,0.1901895378944934,0.0816019176628466,0.0816019176628466,0.054675611152099,0.4030615842871293,,b1461
TCGA-COADREAD,M2_msd_coexpr,462,RAF1;KLHDC2;NDRG3;MTCP1NB,0.0,0.0989067181381521,0.1554614219014795,-0.08709248971367,0.08709248971367,-0.0924067316221043,0.0924067316221043,0.4639831840722527,0.4587946643430057,,b1462
TCGA-COADREAD,M2_msd_coexpr,463,YY1;NDUFB6;CLN3;C15orf38,0.0,0.072208997942175,0.1244948870468088,-0.1784784583706851,0.1784784583706851,-0.0027837585134413,0.0027837585134413,0.1102501017759301,0.9804686934707452,,b1463
TCGA-COADREAD,M2_msd_coexpr,464,DNAJC14;GNL3L;CHD2;PEMT,0.0,0.0853433496607486,0.201921268011879,0.1108729182903485,0.1108729182903485,-0.0083964078585799,0.0083964078585799,0.3222955189972777,0.9423481145609566,,b1464
TCGA-COADREAD,M2_msd_coexpr,465,CAMKK2;CUL7;MLL3;OCEL1,0.0,0.1018637843871436,0.2068502794584447,0.1040099393902649,0.1040099393902649,0.0138692356322803,0.0138692356322803,0.3872808771928949,0.912421350287022,,b1465
TCGA-COADREAD,M2_msd_coexpr,466,ARIH2;FAM177A1;MKKS;MXD3,0.0,0.1075823522464778,0.2043982277278922,-0.063975868349635,0.063975868349635,0.0341080058018449,0.0341080058018449,0.5535841148086462,0.7688392821311691,,b1466
TCGA-COADREAD,M2_msd_coexpr,467,WTAP;BACH1;GNPNAT1;SENP7,0.0,0.0883094558875005,0.2295795921184262,0.0641285666070479,0.0641285666070479,0.1633799841453196,0.1633799841453196,0.5871698957268718,0.1669662880967221,,b1467
TCGA-COADREAD,M2_msd_coexpr,468,BFAR;PDE4DIP;MYBBP1A;ZRSR2,0.0,0.0715948443172316,0.1275541120268747,-0.0215885790848962,0.0215885790848962,0.0337942055044006,0.0337942055044006,0.8479441089065199,0.7857735713965803,,b1468
TCGA-COADREAD,M2_msd_coexpr,469,BET1L;NOC4L;MRPL15;INO80B,0.0,0.067815129886675,0.1202101648865717,0.0424326312909314,0.0424326312909314,0.0046103630581427,0.0046103630581427,0.6986735049305697,0.9676491058646868,,b1469
TCGA-COADREAD,M2_msd_coexpr,470,BET1L;PPP3CA;GGCT;COQ2,0.0,0.0528763816360855,0.1031520887570222,-0.1040128816944647,0.1040128816944647,-0.0236829060336407,0.0236829060336407,0.3275047909386823,0.8306866883832703,,b1470
TCGA-COADREAD,M2_msd_coexpr,471,KCMF1;LSM5;SEC14L1;SNX16,0.0,0.1260554316659538,0.1774953609597281,0.1981283840589069,0.1981283840589069,0.1762330188162614,0.1762330188162614,0.0703316562828917,0.1355193174579032,,b1471
TCGA-COADREAD,M2_msd_coexpr,472,RIC8A;ECSIT;GOT1;AGA,0.0,0.0673846473365804,0.1158383821542674,-0.1178529634101359,0.1178529634101359,-0.0408914245460415,0.0408914245460415,0.2844508167997924,0.7322467352892794,,b1472
TCGA-COADREAD,M2_msd_coexpr,473,PRCC;VMA21;ATP6V1B2;SNX16,0.0,0.1228570220042468,0.1727741595791499,0.122340300600682,0.122340300600682,0.2206894716286091,0.2206894716286091,0.2404097087009565,0.0370416144373054,,b1473
TCGA-COADREAD,M2_msd_coexpr,474,DNAJA2;C10orf2;MKKS;DBF4B,0.0,0.135347862670586,0.2043982277278922,-0.0925338632654457,0.0925338632654457,-0.1209956075833052,0.1209956075833052,0.4128087795966031,0.3022188887860574,,b1474
TCGA-COADREAD,M2_msd_coexpr,475,YY1;TXNDC15;IMPDH1;WDR7,0.0,0.1189529660989911,0.1244948870468088,-0.0092447125391082,0.0092447125391082,0.0872705881139779,0.0872705881139779,0.9338057648232356,0.4349752603574641,,b1475
TCGA-COADREAD,M2_msd_coexpr,476,AFTPH;BACH1;HMGB3;C6orf167,0.0,0.084302639351545,0.1162163756498491,-0.0604246548718237,0.0604246548718237,-0.0154717018895673,0.0154717018895673,0.5773571854155168,0.8866508277493069,,b1476
TCGA-COADREAD,M2_msd_coexpr,477,TIAL1;PPIL1;GNPNAT1;TTC12,0.0,0.079203589335704,0.1324534700074126,-0.2387974246851195,0.2387974246851195,-0.0824205915996347,0.0824205915996347,0.0344111680219888,0.5053086186509077,,b1477
TCGA-COADREAD,M2_msd_coexpr,478,GPBP1;FAM199X;ANLN;TREX1,0.0,0.1005755956509412,0.179194393054761,0.0788994746422925,0.0788994746422925,0.1430956771035426,0.1430956771035426,0.456979061833449,0.1723026998490913,,b1478
TCGA-COADREAD,M2_msd_coexpr,479,AGFG1;C12orf62;PPP2CB;ATP7A,0.0,0.0584598627722472,0.1105200018118705,-0.2193141117617244,0.2193141117617244,-0.1214482782633746,0.1214482782633746,0.0464323192488599,0.2754790975166538,,b1479
TCGA-COADREAD,M2_msd_coexpr,480,AGFG1;PTPRE;HGSNAT;TOR1AIP2,0.0,0.0942929731454066,0.1173191072953258,-0.1105670847154359,0.1105670847154359,-0.0985410675080952,0.0985410675080952,0.317305976966336,0.3966714268876486,,b1480
TCGA-COADREAD,M2_msd_coexpr,481,ARIH2;FAM199X;TMEM106B;MED11,0.0,0.1028083996492355,0.1949548963296071,-0.2070447432557603,0.2070447432557603,-0.0580605628125698,0.0580605628125698,0.0752418554037106,0.6287704805145298,,b1481
TCGA-COADREAD,M2_msd_coexpr,482,YTHDC1;C1orf85;MYST3;FAHD2A,0.0,0.088340716535818,0.1458955024484502,0.0354657699849224,0.0354657699849224,-0.0288244381657032,0.0288244381657032,0.746084686697682,0.7877046958123188,,b1482
TCGA-COADREAD,M2_msd_coexpr,483,RNF220;LSM2;NDST1;RPP40,0.0,0.1160884199403952,0.2425418095509616,-0.0550396939654444,0.0550396939654444,-0.0246423856569196,0.0246423856569196,0.619734705839188,0.8238737666535146,,b1483
TCGA-COADREAD,M2_msd_coexpr,484,KPNA4;SMG6;C6orf115;KIF9,0.0,0.1170355204920311,0.2079726276652049,-0.2069455958938826,0.2069455958938826,-0.1563054019897898,0.1563054019897898,0.0634235143280361,0.1887921550019526,,b1484
TCGA-COADREAD,M2_msd_coexpr,485,VPS26B;SPSB3;MTIF3;SYNJ1,0.0,0.1620051501612804,0.2284953328485824,0.1149287287426045,0.1149287287426045,0.0509066419893154,0.0509066419893154,0.30814346095124,0.6734396318407216,,b1485
TCGA-COADREAD,M2_msd_coexpr,486,PPM1B;RAP2C;MRP63;C12orf45,0.0,0.1231597876457535,0.2071291451555035,0.0930814130859226,0.0930814130859226,0.0490193254767765,0.0490193254767765,0.4074540625837979,0.6724209013135807,,b1486
TCGA-COADREAD,M2_msd_coexpr,487,BFAR;TSEN54;MAP7D1;DKFZP586I1420,0.0,0.1038596743525185,0.1720330117055494,0.059735097489298,0.059735097489298,-0.0996619602574275,0.0996619602574275,0.581683388766342,0.3924260303122188,,b1487
TCGA-COADREAD,M2_msd_coexpr,488,KIAA1310;RNF19A;HOOK1;TREX1,0.0,0.1089205499949583,0.1754944476056832,0.0739743306225892,0.0739743306225892,0.1360328587862531,0.1360328587862531,0.5139896242991997,0.2395931418996216,,b1488
TCGA-COADREAD,M2_msd_coexpr,489,RNF220;LOC651250;N4BP2L2;PAQR7,0.0,0.1200221547793991,0.2252776249955484,0.1207249248619417,0.1207249248619417,-0.020045046428714,0.020045046428714,0.2270154741707216,0.8302822625966642,,b1489
TCGA-COADREAD,M2_msd_coexpr,490,CCNY;C1orf85;ANLN;CHCHD6,0.0,0.1181722880644839,0.179194393054761,0.1198272553706034,0.1198272553706034,0.0984206844749383,0.0984206844749383,0.2714297149376505,0.3739793206179989,,b1490
TCGA-COADREAD,M2_msd_coexpr,491,GTF3C2;SMG6;UQCC;CHST14,0.0,0.1147569809890361,0.1880705204977424,0.1531487428759588,0.1531487428759588,0.0999148930783663,0.0999148930783663,0.1605312384229155,0.3846651169503472,,b1491
TCGA-COADREAD,M2_msd_coexpr,492,DNAJC14;C12orf11;UQCR10;PIN4,0.0,0.1022104618224963,0.201921268011879,0.0132927005277137,0.0132927005277137,0.0778263729490512,0.0778263729490512,0.903423856499676,0.4924417459313824,,b1492
TCGA-COADREAD,M2_msd_coexpr,493,THUMPD1;SLC39A13;ZBTB4;SPRYD4,0.0,0.143386779467821,0.222191597706407,0.1790792213467267,0.1790792213467267,0.1030421485705826,0.1030421485705826,0.1032933129195935,0.3665681068522241,,b1493
TCGA-COADREAD,M2_msd_coexpr,494,CUL3;ALG8;ZWINT;RCCD1,0.0,0.1032179717170167,0.2119086982568145,-0.0359432574059348,0.0359432574059348,-0.0350996267555795,0.0350996267555795,0.7228103399925293,0.7259557685961556,,b1494
TCGA-COADREAD,M2_msd_coexpr,495,GTF3C2;HCCS;NDUFS7;SLC24A1,0.0,0.1258250421152394,0.1738330285250098,0.0128652010009765,0.0128652010009765,0.0741961578128875,0.0741961578128875,0.9040172173943392,0.5192283755668895,,b1495
TCGA-COADREAD,M2_msd_coexpr,496,MAPKAP1;CRB3;MANF;MTMR9,0.0,0.1096261541288745,0.2074697594324194,-0.1666552245833868,0.1666552245833868,-0.1084278695085741,0.1084278695085741,0.1104871740513823,0.3162628567226805,,b1496
TCGA-COADREAD,M2_msd_coexpr,497,DNAJC14;NEK7;AAGAB;BBS4,0.0,0.1610365460153531,0.2306227221133758,0.081949372827191,0.081949372827191,0.1041765748432389,0.1041765748432389,0.5055746466946183,0.4183616759597056,,b1497
TCGA-COADREAD,M2_msd_coexpr,498,CCNY;BID;CTNNBL1;LOC200030,0.0,0.0939483400153834,0.1335026709014803,0.1775559893558689,0.1775559893558689,0.1672595411267914,0.1672595411267914,0.1072468575363293,0.1358854820863822,,b1498
TCGA-COADREAD,M2_msd_coexpr,499,SUDS3;CETN2;ZFP106;C1orf112,0.0,0.1067174456707319,0.1272034083774156,-0.0856585254022404,0.0856585254022404,0.0466433337636556,0.0466433337636556,0.4469293292076151,0.6941759918564968,,b1499
TCGA-COADREAD,M2_msd_coexpr,500,CNOT2;C12orf11;TAF1;ZNF75D,0.0,0.1270809166334371,0.2091956106348877,0.0106391933985655,0.0106391933985655,0.0615157121020529,0.0615157121020529,0.9240215872963864,0.6094635737564829,,b1500
TCGA-COADREAD,M2_msd_coexpr,501,GGNBP2;SLC10A3;FMR1;RCCD1,0.0,0.1012039618214182,0.1539985925159522,0.1207955302228211,0.1207955302228211,0.0640633431075354,0.0640633431075354,0.2491891011518632,0.5607814921297025,,b1501
TCGA-COADREAD,M2_msd_coexpr,502,YTHDC1;EIF4E;GNPNAT1;ZNF75D,0.0,0.0722952746740661,0.1310083249326926,-0.180924995399971,0.180924995399971,-0.0824371140271343,0.0824371140271343,0.087615131550674,0.4487320889525079,,b1502
TCGA-COADREAD,M2_msd_coexpr,503,FUBP3;RRP9;FUNDC2;MAML3,0.0,0.0836954999810214,0.1477837512424736,0.0063561113326598,0.0063561113326598,-0.0489778658183729,0.0489778658183729,0.9554317668524848,0.6651037487020378,,b1503
TCGA-COADREAD,M2_msd_coexpr,504,PRCC;AIFM2;ASXL1;C9orf40,0.0,0.0922068486857878,0.1341354521759122,0.0486914823258979,0.0486914823258979,0.0309440055135755,0.0309440055135755,0.6513564225232579,0.7839670395624185,,b1504
TCGA-COADREAD,M2_msd_coexpr,505,MFF;TRIM24;TMEM106B;ZNF224,0.0,0.1057138267885382,0.2032677139231311,0.015142643856553,0.015142643856553,-0.0189013939067573,0.0189013939067573,0.8887234343371132,0.8710760441098617,,b1505
TCGA-COADREAD,M2_msd_coexpr,506,RBM22;KIAA0355;UTP14A;RAB11FIP2,0.0,0.138347371571434,0.2081561387806139,-0.0103009015979993,0.0103009015979993,-0.0644224717111711,0.0644224717111711,0.9242441414865444,0.5854036244106999,,b1506
TCGA-COADREAD,M2_msd_coexpr,507,SUDS3;TCEB1;FNDC3B;SENP7,0.0,0.0971900207463076,0.2295795921184262,0.1746222424535969,0.1746222424535969,0.1757416584749086,0.1757416584749086,0.1269974636361999,0.1368215064371651,,b1507
TCGA-COADREAD,M2_msd_coexpr,508,KPNA4;GNL3L;WDR77;DZIP3,0.0,0.0814899430472873,0.1222990953815117,-0.1480807190340454,0.1480807190340454,-0.1042090407385701,0.1042090407385701,0.164849890459883,0.3311115648078959,,b1508
TCGA-COADREAD,M2_msd_coexpr,509,DNAJB12;LSM2;MYBBP1A;OCEL1,0.0,0.1245335886139931,0.2068502794584447,0.0262495335487526,0.0262495335487526,-0.0444541938685511,0.0444541938685511,0.8103456653871349,0.6811055756446716,,b1509
TCGA-COADREAD,M2_msd_coexpr,510,RSRC2;LSM2;FNDC3A;C15orf38,0.0,0.0438507141019476,0.1383116533788921,-0.0295451629820967,0.0295451629820967,-0.0522537318172364,0.0522537318172364,0.7970306969776114,0.6524604108683068,,b1510
TCGA-COADREAD,M2_msd_coexpr,511,CUL3;DUS3L;MLL3;RPGR,0.0,0.0886785356829115,0.1316545560127948,0.0052922315365618,0.0052922315365618,-0.0230809937460576,0.0230809937460576,0.9636600862822088,0.8599113675101223,,b1511
TCGA-COADREAD,M2_msd_coexpr,512,YTHDF2;PUS1;AKAP9;FBXL15,0.0,0.0700966513418553,0.1510640717301863,-0.0316071048806185,0.0316071048806185,-0.0430500590435941,0.0430500590435941,0.7783550443086724,0.7003405120142493,,b1512
TCGA-COADREAD,M2_msd_coexpr,513,YTHDC1;CUL7;NIPSNAP1;SNX18,0.0,0.0721063448228164,0.1310083249326926,-0.0490486547633282,0.0490486547633282,-0.0124084539028625,0.0124084539028625,0.6742745697087253,0.9193703262526556,,b1513
TCGA-COADREAD,M2_msd_coexpr,514,ARIH2;PHF6;NIPSNAP1;ZCCHC2,0.0,0.0849047023186993,0.1066782673947727,-0.2221348444478295,0.2221348444478295,-0.0230880250967214,0.0230880250967214,0.042534840608696,0.8336060084459348,,b1514
TCGA-COADREAD,M2_msd_coexpr,515,YTHDC1;PHF6;IDI1;EXD3,0.0,0.1122412244434154,0.1364878158783909,0.0088303581125723,0.0088303581125723,-0.0074238610340864,0.0074238610340864,0.9345378744397512,0.9462818427468962,,b1515
TCGA-COADREAD,M2_msd_coexpr,516,KCMF1;PCNX;UTP14A;NCRNA00183,0.0,0.1304385000144035,0.206128539325105,0.1827878290902524,0.1827878290902524,0.1997015144590053,0.1997015144590053,0.0835067058887331,0.0749157553420415,,b1516
TCGA-COADREAD,M2_msd_coexpr,517,GGNBP2;NOC4L;GADD45GIP1;C21orf70,0.0,0.1368133413257672,0.1875452981620435,-0.0197236585932492,0.0197236585932492,0.0114228911549342,0.0114228911549342,0.8566925896125663,0.9218849801636152,,b1517
TCGA-COADREAD,M2_msd_coexpr,518,AFTPH;CETN2;ADAM10;LIG4,0.0,0.0999897517821208,0.1257149980482694,-0.0336131595526161,0.0336131595526161,-0.0926098631958976,0.0926098631958976,0.7453719972165901,0.3996894926107092,,b1518
TCGA-COADREAD,M2_msd_coexpr,519,ATMIN;EIF4E;C6orf115;TMLHE,0.0,0.1299246683940412,0.1726724691436315,-0.1655277331103283,0.1655277331103283,-0.067097748679039,0.067097748679039,0.152233206254594,0.5658870614503553,,b1519
TCGA-COADREAD,M2_msd_coexpr,520,KCMF1;LSM5;ZWINT;PRIM1,0.0,0.1269967275352126,0.2119086982568145,-0.0193742857915667,0.0193742857915667,0.0810943321494489,0.0810943321494489,0.8574884802473972,0.487660599361903,,b1520
TCGA-COADREAD,M2_msd_coexpr,521,CUL3;RPUSD1;GPR35;FAM69A,0.0,0.0572913478792809,0.0682262645594405,-0.1704689231102231,0.1704689231102231,-0.2317471578896376,0.2317471578896376,0.1271413977853868,0.0439907076836445,,b1521
TCGA-COADREAD,M2_msd_coexpr,522,YY1;PNPT1;TRABD;SPC25,0.0,0.1189746884215781,0.1641095656508324,-0.0299436251302429,0.0299436251302429,0.0844510539848925,0.0844510539848925,0.7852189565283229,0.4749401292843574,,b1522
TCGA-COADREAD,M2_msd_coexpr,523,YY1;HECA;C6orf115;ZCCHC2,0.0,0.0960885342761684,0.1562044791867172,-0.1215937758908706,0.1215937758908706,-0.1052133412601836,0.1052133412601836,0.291770097396826,0.3838211371760062,,b1523
TCGA-COADREAD,M2_msd_coexpr,524,ATMIN;SOS2;MAP7D1;RNMTL1,0.0,0.1144315836958989,0.1726724691436315,0.0543806953777138,0.0543806953777138,0.057343093424296,0.057343093424296,0.6205982651484176,0.6159944843149695,,b1524
TCGA-COADREAD,M2_msd_coexpr,525,PPP3R1;HCCS;PPP1R16A;PUS7L,0.0,0.1127159520360133,0.1631322460232755,-0.1324724043639835,0.1324724043639835,-0.0488735988053726,0.0488735988053726,0.2301766029939133,0.672169747612489,,b1525
TCGA-COADREAD,M2_msd_coexpr,526,FUBP3;FBRSL1;NAA20;SKP2,0.0,0.11904417383697,0.1913461534241031,0.0341327946874184,0.0341327946874184,-0.006404779144069,0.006404779144069,0.7565368217115334,0.953428623229338,,b1526
TCGA-COADREAD,M2_msd_coexpr,527,ABCF3;PIP5K1C;IPO4;TIGD5,0.0,0.1294179414370193,0.2173900975031464,0.0908270961947481,0.0908270961947481,0.068331086691658,0.068331086691658,0.388886467839443,0.533571528175476,,b1527
TCGA-COADREAD,M2_msd_coexpr,528,GPBP1;PDE4DIP;P4HA2;SHCBP1,0.0,0.0764554384090853,0.1213569877140005,0.0714273985566934,0.0714273985566934,0.070042870621623,0.070042870621623,0.4829362823975165,0.4924206102926244,,b1528
TCGA-COADREAD,M2_msd_coexpr,529,GSK3B;SESTD1;THOC3;CXorf23,0.0,0.1373978148373532,0.1817684949637832,-0.0291841319079809,0.0291841319079809,-0.1084464341175086,0.1084464341175086,0.7948965610424079,0.3692874739797116,,b1529
TCGA-COADREAD,M2_msd_coexpr,530,EIF4E2;MRPL34;ZWINT;ATP9B,0.0,0.0951030221836518,0.2119086982568145,-0.0257892281099874,0.0257892281099874,0.1449860641968147,0.1449860641968147,0.8021277975292016,0.1846818801688444,,b1530
TCGA-COADREAD,M2_msd_coexpr,531,DNAJA2;SFXN4;TM7SF3;PUSL1,0.0,0.0879355748069955,0.1361587165378561,-0.1633087620659825,0.1633087620659825,-0.0967766000149784,0.0967766000149784,0.1537399186874957,0.4399583358147126,,b1531
TCGA-COADREAD,M2_msd_coexpr,532,PPP3R1;SLC25A13;NDRG3;COQ3,0.0,0.1090261583485123,0.1754671385093008,-0.1899056661767806,0.1899056661767806,-0.2041103455297163,0.2041103455297163,0.1031429092783088,0.1053737096792837,,b1532
TCGA-COADREAD,M2_msd_coexpr,533,AGFG1;PEX16;RABAC1;C17orf58,0.0,0.1309561627566874,0.2198715261115323,-0.0658401933158309,0.0658401933158309,-0.1668572638127488,0.1668572638127488,0.5609594786185135,0.1450403551631174,,b1533
TCGA-COADREAD,M2_msd_coexpr,534,BET1L;BOD1L;MEST;C17orf58,0.0,0.0980924414732153,0.2198715261115323,-0.0358931674812674,0.0358931674812674,-0.1749691268427682,0.1749691268427682,0.7362788575592516,0.0916308487481405,,b1534
TCGA-COADREAD,M2_msd_coexpr,535,MFF;DARS2;MTIF3;ZNF680,0.0,0.1509298922417064,0.2235339011511875,0.0712063805658825,0.0712063805658825,0.0325787530552369,0.0325787530552369,0.5100803000459875,0.7714364930537956,,b1535
TCGA-COADREAD,M2_msd_coexpr,536,PYGO2;CDK5RAP1;TIMM17B;PIGW,0.0,0.1292422721626631,0.1882259334406316,0.0623025919928061,0.0623025919928061,-0.027197759565352,0.027197759565352,0.5692625150236985,0.8107343022773539,,b1536
TCGA-COADREAD,M2_msd_coexpr,537,DAXX;NOC4L;CCDC56;MAML3,0.0,0.0805694147683397,0.1202101648865717,0.027342628129333,0.027342628129333,-0.0044658512896573,0.0044658512896573,0.7977763679165844,0.9642395283158276,,b1537
TCGA-COADREAD,M2_msd_coexpr,538,CPSF7;LOC651250;SMAD2;MTMR9,0.0,0.1131175071171789,0.2074697594324194,-0.1387868677860007,0.1387868677860007,-0.1785557153700443,0.1785557153700443,0.2164462851430439,0.097177998483721,,b1538
TCGA-COADREAD,M2_msd_coexpr,539,YY1;SLC37A4;LOC100129034;ITGAE,0.0,0.107375121544803,0.1249327851538434,0.0255362318366636,0.0255362318366636,0.1644465004870141,0.1644465004870141,0.821195401144027,0.1462445641431577,,b1539
TCGA-COADREAD,M2_msd_coexpr,540,BET1L;TXNDC15;ICA1;MTMR9,0.0,0.122840542970884,0.2074697594324194,0.0075709180360683,0.0075709180360683,-0.0698808274308536,0.0698808274308536,0.94617157741734,0.5363205473466797,,b1540
TCGA-COADREAD,M2_msd_coexpr,541,PPP6C;CYLD;FANCI;C11orf67,0.0,0.1446910284669166,0.2122989392458147,0.151798752333804,0.151798752333804,0.190040506512301,0.190040506512301,0.1621718179733055,0.0805085258458591,,b1541
TCGA-COADREAD,M2_msd_coexpr,542,PRCC;SLC10A3;CCDC109A;MTCP1NB,0.0,0.1076104776735097,0.1359378809529329,0.1085680830412509,0.1085680830412509,0.1644716635072368,0.1644716635072368,0.3191555303690313,0.1416232737524598,,b1542
TCGA-COADREAD,M2_msd_coexpr,543,GPBP1;EIF4E;SNRPF;CHCHD6,0.0,0.123373936453448,0.1708348316731932,-0.0087460983625849,0.0087460983625849,0.0353596970892539,0.0353596970892539,0.9335848472343684,0.73811366350752,,b1543
TCGA-COADREAD,M2_msd_coexpr,544,CUL3;CYLD;SNRPG;C6orf167,0.0,0.108708704729535,0.1600198562694309,0.0229471984925972,0.0229471984925972,0.025024456748989,0.025024456748989,0.8353397849580536,0.8256139168566025,,b1544
TCGA-COADREAD,M2_msd_coexpr,545,QRICH1;KLHDC2;MAP7D1;PLEKHM3,0.0,0.1261288224352834,0.1613620388033351,0.0327282800372982,0.0327282800372982,0.0185008349737282,0.0185008349737282,0.7754108911356908,0.8725463020873431,,b1545
TCGA-COADREAD,M2_msd_coexpr,546,KCMF1;C19orf70;DOCK9;NDUFAF2,0.0,0.1024686229497333,0.1730559097344263,0.087713466886335,0.087713466886335,0.0983906310339519,0.0983906310339519,0.4491429262557732,0.3978902274658231,,b1546
TCGA-COADREAD,M2_msd_coexpr,547,FBXO18;WDR74;UQCR10;HSH2D,0.0,0.0758976580651071,0.1263601232379037,0.2358943496200286,0.2358943496200286,0.2652782077620084,0.2652782077620084,0.0351825216237881,0.0179755911731143,,b1547
TCGA-COADREAD,M2_msd_coexpr,548,MFF;C1GALT1C1;GGCT;ZNF302,0.0,0.0614694902421905,0.1391792392463472,0.064651152685764,0.064651152685764,0.0882225536266722,0.0882225536266722,0.5451860287124105,0.4242038324830876,,b1548
TCGA-COADREAD,M2_msd_coexpr,549,RBM22;MOBKL2A;HDHD3;STRADB,0.0,0.1112211143189248,0.2081561387806139,-0.0654065770345757,0.0654065770345757,0.0053614391809428,0.0053614391809428,0.5443248689625748,0.9587744786650068,,b1549
TCGA-COADREAD,M2_msd_coexpr,550,RNF220;ZBTB33;TEAD1;FAM174A,0.0,0.101614112766943,0.1810412416808322,0.0238524828910452,0.0238524828910452,-0.0375150578846502,0.0375150578846502,0.8318767522156497,0.7541338097276831,,b1550
TCGA-COADREAD,M2_msd_coexpr,551,GTF3C2;FCHO2;ST5;SPRYD4,0.0,0.11884598299081,0.2175919942351568,0.0436248819862912,0.0436248819862912,0.0959483100661839,0.0959483100661839,0.6775993554863292,0.3300609241868891,,b1551
TCGA-COADREAD,M2_msd_coexpr,552,SPOP;ATXN1L;LAS1L;PXMP2,0.0,0.1219918829550585,0.1937361329339512,-0.0374240243508422,0.0374240243508422,-0.0647126151108074,0.0647126151108074,0.7403268872278819,0.5794936284572605,,b1552
TCGA-COADREAD,M2_msd_coexpr,553,IWS1;STK10;RAE1;KLHL22,0.0,0.1250853279365142,0.1600565744556151,-0.0517413398514259,0.0517413398514259,-0.0534604965604048,0.0534604965604048,0.6448341486029716,0.6315192856428475,,b1553
TCGA-COADREAD,M2_msd_coexpr,554,FAM32A;TMEM159;PACS1;ZNF281,0.0,0.092445289857915,0.1337743511594453,0.2054077121228789,0.2054077121228789,0.2033817096804335,0.2033817096804335,0.063027663524778,0.0641673815994947,,b1554
TCGA-COADREAD,M2_msd_coexpr,555,THUMPD1;POLR2F;AKAP9;DZIP3,0.0,0.1184830096491509,0.1893787297811848,-0.1483218631481069,0.1483218631481069,-0.0904163126200693,0.0904163126200693,0.1850230757192593,0.424053714888821,,b1555
TCGA-COADREAD,M2_msd_coexpr,556,RIC8A;SLC25A13;MRPL13;C9orf72,0.0,0.0974063071291401,0.1889425445010086,-0.1926927004733594,0.1926927004733594,-0.0620921525757272,0.0620921525757272,0.0751373390804752,0.6089823145589147,,b1556
TCGA-COADREAD,M2_msd_coexpr,557,CUL3;CUL7;CLN3;L2HGDH,0.0,0.0572073469901661,0.0782393267495774,-0.1012350742851843,0.1012350742851843,-0.0268416275910483,0.0268416275910483,0.3629847050093558,0.812575478403605,,b1557
TCGA-COADREAD,M2_msd_coexpr,558,CPSF7;NCAPG2;GNAQ;KIF18A,0.0,0.0964977927181652,0.1870252578782273,-0.0658261243230469,0.0658261243230469,0.0259866591088303,0.0259866591088303,0.5355550078835732,0.8036475951316746,,b1558
TCGA-COADREAD,M2_msd_coexpr,559,GORASP1;HECA;NDUFS7;ALKBH2,0.0,0.1055204260315346,0.1738330285250098,0.0451596289184298,0.0451596289184298,0.0080526761281576,0.0080526761281576,0.6885657559006071,0.9469646130784644,,b1559
TCGA-COADREAD,M2_msd_coexpr,560,MAPKAP1;BAZ2B;ZNF217;KIF18A,0.0,0.1023024316287761,0.1870252578782273,0.0522531571429002,0.0522531571429002,-0.019025721218503,0.019025721218503,0.6365779640885658,0.8648566128744523,,b1560
TCGA-COADREAD,M2_msd_coexpr,561,PYGO2;SLC25A13;MCM5;WDR19,0.0,0.1188829426099737,0.2139932073777858,-0.0366752133382682,0.0366752133382682,0.0020483811711097,0.0020483811711097,0.741448203279272,0.985236584702768,,b1561
TCGA-COADREAD,M2_msd_coexpr,562,DNAJA2;PDZD11;UQCC;TIGD5,0.0,0.0875362249351742,0.1880705204977424,-0.0615979350350677,0.0615979350350677,-0.1320334204476505,0.1320334204476505,0.5738778059513929,0.2522561419157532,,b1562
TCGA-COADREAD,M2_msd_coexpr,563,UBE2Q1;RNF19A;AURKAIP1;FAM69A,0.0,0.0299576808525057,0.062003458571949,0.0439559892758329,0.0439559892758329,0.0393832863900216,0.0393832863900216,0.6812800043259473,0.7134967929861414,,b1563
TCGA-COADREAD,M2_msd_coexpr,564,PYGO2;FBXL3;MCM2;DUSP14,0.0,0.077005380450233,0.1704133816283063,0.1313264884553697,0.1313264884553697,0.0375066545877559,0.0375066545877559,0.2205852806228936,0.7264319987941441,,b1564
TCGA-COADREAD,M2_msd_coexpr,565,CCNY;CTPS;USMG5;TMLHE,0.0,0.0999199589049704,0.1838080937614411,-0.0257821298955795,0.0257821298955795,0.0405186424793624,0.0405186424793624,0.8186743431212992,0.7270031057730517,,b1565
TCGA-COADREAD,M2_msd_coexpr,566,SMU1;TRMT1;CKAP2;DZIP3,0.0,0.1037016998407955,0.1677184566016257,-0.066335966788245,0.066335966788245,-0.0217644594551492,0.0217644594551492,0.5531920135249482,0.8401140146075642,,b1566
TCGA-COADREAD,M2_msd_coexpr,567,GSK3B;TMEM159;MGST2;C21orf91,0.0,0.1234523898082207,0.1745867486712663,0.0133737837131496,0.0133737837131496,0.0616822419444333,0.0616822419444333,0.9005274145772421,0.5687685039075819,,b1567
TCGA-COADREAD,M2_msd_coexpr,568,CAMKK2;TCEB1;C7orf59;ZBTB8A,0.0,0.1262354154710269,0.2366508153615863,0.0669120535555145,0.0669120535555145,0.2248913420185775,0.2248913420185775,0.5395513837340529,0.0483629009890608,,b1568
TCGA-COADREAD,M2_msd_coexpr,569,AGFG1;CUL7;GET4;WDR19,0.0,0.0986805057626479,0.2139932073777858,0.1195834488595119,0.1195834488595119,0.0130370946178418,0.0130370946178418,0.2680419302116381,0.9096245261186392,,b1569
TCGA-COADREAD,M2_msd_coexpr,570,IWS1;MRPS23;RAB11FIP4;DUSP14,0.0,0.0868965594796294,0.1560813496805183,-0.0847107734108583,0.0847107734108583,-0.1392163748757598,0.1392163748757598,0.4744704891664433,0.2379325848854188,,b1570
TCGA-COADREAD,M2_msd_coexpr,571,KIAA1310;SNRPD1;CCDC56;SNX18,0.0,0.100637727993092,0.1709989783603238,0.1846054813459632,0.1846054813459632,0.272355728073722,0.272355728073722,0.1077753218159917,0.0136216028605579,,b1571
TCGA-COADREAD,M2_msd_coexpr,572,EIF4E2;SLC10A3;SIVA1;ALKBH2,0.0,0.0877895142428207,0.1757506665971835,0.1828882142131468,0.1828882142131468,0.2958695676350518,0.2958695676350518,0.0834857324729042,0.010344069746337,,b1572
TCGA-COADREAD,M2_msd_coexpr,573,CTCF;EIF4E;MRPL15;ZMYM5,0.0,0.0938590827102718,0.1196334041118048,-0.0500033228177122,0.0500033228177122,-0.0655403583366485,0.0655403583366485,0.6533328315884335,0.5667213564153653,,b1573
TCGA-COADREAD,M2_msd_coexpr,574,CUL3;CTPS;N4BP2L2;RPP40,0.0,0.1404340234275713,0.2425418095509616,-0.0884446443772364,0.0884446443772364,-0.1335381864219071,0.1335381864219071,0.4242952444837509,0.2338265650860332,,b1574
TCGA-COADREAD,M2_msd_coexpr,575,FAM32A;MRPL2;ERBB2IP;FAHD2A,0.0,0.0688750624821147,0.1152105378057133,0.0626685926465532,0.0626685926465532,0.0781229128571613,0.0781229128571613,0.5766301067374535,0.4893257271678066,,b1575
TCGA-COADREAD,M2_msd_coexpr,576,CCNY;ALG8;RAB11FIP4;CSPP1,0.0,0.0762536988855404,0.1022728674113002,-0.1388432764717599,0.1388432764717599,-0.1465028487296456,0.1465028487296456,0.1818043995292799,0.1635427798309456,,b1576
TCGA-COADREAD,M2_msd_coexpr,577,RNF220;NCOA1;MEST;ZNF680,0.0,0.1232852165533906,0.2235339011511875,0.0336927113739132,0.0336927113739132,-0.0976712370382569,0.0976712370382569,0.7653830684325275,0.385970300231601,,b1577
TCGA-COADREAD,M2_msd_coexpr,578,AFTPH;POLR2F;ZFP106;ZNF302,0.0,0.0648987790911862,0.1272034083774156,-0.1187172742603361,0.1187172742603361,-0.0927125563983611,0.0927125563983611,0.268969420318904,0.4152524187737043,,b1578
TCGA-COADREAD,M2_msd_coexpr,579,PPP3R1;FBXL19;RAE1;MMACHC,0.0,0.1194933565741372,0.147801744501212,-0.135024469740155,0.135024469740155,-0.1737503970178813,0.1737503970178813,0.2340810626542083,0.1226687987547997,,b1579
TCGA-COADREAD,M2_msd_coexpr,580,DAXX;LMBRD1;GPR35;NEK1,0.0,0.1077875059287192,0.2509107673514339,-0.0223150637488922,0.0223150637488922,-0.1506298028450098,0.1506298028450098,0.8362748314366688,0.1670485986442537,,b1580
TCGA-COADREAD,M2_msd_coexpr,581,KIAA1310;LARS2;LPGAT1;TIGD5,0.0,0.095769957691014,0.1709989783603238,-0.0924862149959641,0.0924862149959641,-0.1678739231242659,0.1678739231242659,0.4221027150279099,0.1820405225491599,,b1581
TCGA-COADREAD,M2_msd_coexpr,582,EIF4E2;PDE4DIP;ERBB2IP;FBXO5,0.0,0.0797025698921501,0.1152105378057133,0.0324782848357405,0.0324782848357405,0.0861022083466032,0.0861022083466032,0.763299788754451,0.4563353859018825,,b1582
TCGA-COADREAD,M2_msd_coexpr,583,DNAJA2;CDK5RAP1;MAP4K4;SAC3D1,0.0,0.0798246304492436,0.1319615414543751,-0.0329945444381745,0.0329945444381745,-0.1093474043716276,0.1093474043716276,0.7770886263824052,0.3731768964375935,,b1583
TCGA-COADREAD,M2_msd_coexpr,584,DNAJA2;PTAR1;UQCR10;C1orf112,0.0,0.0935203100725436,0.125825573195671,-0.2149909435473639,0.2149909435473639,-0.0745578415929498,0.0745578415929498,0.0623572920836401,0.5335720883007309,,b1584
TCGA-COADREAD,M2_msd_coexpr,585,DNAJA2;PHF6;AAGAB;RAB11FIP2,0.0,0.0786214734402802,0.1495235085357213,-0.0927782425053944,0.0927782425053944,-0.073349410599575,0.073349410599575,0.4115936074262432,0.5405584852585716,,b1585
TCGA-COADREAD,M2_msd_coexpr,586,ABCF3;CTPS;GPR35;MARCH2,0.0,0.0884678203493039,0.2173900975031464,0.0211946991710319,0.0211946991710319,-0.0618511333618555,0.0618511333618555,0.8426172922652513,0.5883285315519398,,b1586
TCGA-COADREAD,M2_msd_coexpr,587,KIAA1310;FBXL3;TM7SF3;ZNF281,0.0,0.1213076474870485,0.1709989783603238,-0.0602974635178484,0.0602974635178484,-0.0978874745419125,0.0978874745419125,0.5673030946274085,0.3296472086751361,,b1587
TCGA-COADREAD,M2_msd_coexpr,588,SUDS3;CTPS;MYST3;SPC25,0.0,0.100718993047692,0.1458955024484502,-0.1662986550370534,0.1662986550370534,-0.1099510545062422,0.1099510545062422,0.1477129312909541,0.3602520665582999,,b1588
TCGA-COADREAD,M2_msd_coexpr,589,PRCC;WDR74;AURKAIP1;C12orf45,0.0,0.0655322374665695,0.1341354521759122,0.0447980993028159,0.0447980993028159,0.0654623692141,0.0654623692141,0.69291534442147,0.5829486125495146,,b1589
TCGA-COADREAD,M2_msd_coexpr,590,EIF4E2;PUS1;TEAD1;PIN4,0.0,0.0603791485376835,0.1186992623226957,0.0739406501361049,0.0739406501361049,0.0419134684056548,0.0419134684056548,0.5121007691690295,0.7177568685734166,,b1590
TCGA-COADREAD,M2_msd_coexpr,591,SUDS3;NDUFB6;ICA1;SGOL2,0.0,0.0980932416158615,0.1391331179161464,-0.1633907456882499,0.1633907456882499,-0.0781553978811,0.0781553978811,0.1160885657633489,0.4616541443518981,,b1591
TCGA-COADREAD,M2_msd_coexpr,592,SMU1;SS18;USMG5;ITGAE,0.0,0.1130774611816383,0.1838080937614411,0.0499203381783342,0.0499203381783342,0.2016436002706702,0.2016436002706702,0.6366066243392443,0.0763310084567291,,b1592
TCGA-COADREAD,M2_msd_coexpr,593,GORASP1;C1GALT1C1;TJP1;SLC24A1,0.0,0.0939770449735125,0.1667385805104649,0.0336750258809727,0.0336750258809727,-0.0207240036307112,0.0207240036307112,0.753053077793298,0.8526673597216865,,b1593
TCGA-COADREAD,M2_msd_coexpr,594,PYGO2;ENY2;PFKM;FBXL15,0.0,0.1302073720424645,0.1704133816283063,0.1567581387083592,0.1567581387083592,0.1805488210681353,0.1805488210681353,0.1545929048219813,0.0898768343146858,,b1594
TCGA-COADREAD,M2_msd_coexpr,595,THUMPD1;SLC37A4;LRRC8A;WDR67,0.0,0.1077092126884516,0.1893787297811848,-0.0492429599937674,0.0492429599937674,-0.1489417008058834,0.1489417008058834,0.6473715075522708,0.1949515836138777,,b1595
TCGA-COADREAD,M2_msd_coexpr,596,ARIH2;WDR74;EML2;C9orf41,0.0,0.1201590521450175,0.1829695870633433,-0.0157100891416368,0.0157100891416368,0.0258489674533007,0.0258489674533007,0.8889552477408351,0.8251125952774159,,b1596
TCGA-COADREAD,M2_msd_coexpr,597,CAMKK2;C1orf85;MCM5;ZNF182,0.0,0.112198711666331,0.2198076687352491,0.0067034352223346,0.0067034352223346,0.0518051714306464,0.0518051714306464,0.9512026085221814,0.6446645179877267,,b1597
TCGA-COADREAD,M2_msd_coexpr,598,ATMIN;C19orf70;ACOT7;DUS4L,0.0,0.1368714858784739,0.230219965298785,-0.0099537283123082,0.0099537283123082,0.0109870785119394,0.0109870785119394,0.9271993861548268,0.9229192757237704,,b1598
TCGA-COADREAD,M2_msd_coexpr,599,FUBP3;EIF4E;GET4;LOC200030,0.0,0.1102626445273489,0.1323198465325072,0.2022154270525612,0.2022154270525612,0.1313771481544603,0.1313771481544603,0.0551915404841818,0.2410169044158131,,b1599
TCGA-COADREAD,M2_msd_coexpr,600,GGNBP2;PTAR1;BAX;EXD3,0.0,0.1099580476688412,0.1371745762792777,-0.0593695250845706,0.0593695250845706,-0.0352533669346458,0.0352533669346458,0.5877828802893776,0.7621625725240977,,b1600
TCGA-COADREAD,M2_msd_coexpr,601,SPPL3;CUL7;C7orf50;TMEM93,0.0,0.1021755028752678,0.1842892273088957,0.1899152967278265,0.1899152967278265,0.0609063214062133,0.0609063214062133,0.0801000056634631,0.5742257086289925,,b1601
TCGA-COADREAD,M2_msd_coexpr,602,WDR33;PUS1;CKAP2;SYNJ1,0.0,0.1479860014128994,0.2284953328485824,-0.0823990012550493,0.0823990012550493,-0.0612567795815438,0.0612567795815438,0.4773338138495314,0.6232052169683783,,b1602
TCGA-COADREAD,M2_msd_coexpr,603,YY1;UBE2V2;TRIM25;AGA,0.0,0.0588590262071797,0.1244948870468088,-0.2689698715073536,0.2689698715073536,-0.1765552023017954,0.1765552023017954,0.0268525047792236,0.1223370609201124,,b1603
TCGA-COADREAD,M2_msd_coexpr,604,KCMF1;C1orf9;RABAC1;ZNF680,0.0,0.14436576289752,0.2235339011511875,0.1298496086098085,0.1298496086098085,0.023067254394492,0.023067254394492,0.2144809885336793,0.8365322820774825,,b1604
TCGA-COADREAD,M2_msd_coexpr,605,KPNA1;CETN2;HPCAL1;SENP7,0.0,0.131809399943271,0.2295795921184262,0.2811860033539184,0.2811860033539184,0.2018741610488997,0.2018741610488997,0.0050684573618454,0.0561176435681576,,b1605
TCGA-COADREAD,M2_msd_coexpr,606,PYGO2;PNPT1;NDUFB7;SKP2,0.0,0.0948508129178118,0.1704133816283063,0.0486750930278883,0.0486750930278883,0.1168345640224632,0.1168345640224632,0.6692188776954693,0.3334554759454222,,b1606
TCGA-COADREAD,M2_msd_coexpr,607,GORASP1;TCEB1;MRPL15;CD58,0.0,0.0814986916989946,0.1667385805104649,-0.0959824241125042,0.0959824241125042,-0.0526357671261539,0.0526357671261539,0.3832308168672318,0.6581325705539536,,b1607
TCGA-COADREAD,M2_msd_coexpr,608,SPOP;RPUSD1;PEPD;C6orf167,0.0,0.1187134086402287,0.1937361329339512,0.0070054473669103,0.0070054473669103,-0.0102936041930862,0.0102936041930862,0.9504588701479694,0.927910904266146,,b1608
TCGA-COADREAD,M2_msd_coexpr,609,QRICH1;BOD1L;ZNF217;MED11,0.0,0.1106403197704072,0.1949548963296071,-0.1257453404522609,0.1257453404522609,-0.1620601403241794,0.1620601403241794,0.2727958624529095,0.1857738196709735,,b1609
TCGA-COADREAD,M2_msd_coexpr,610,PPM1B;C1GALT1C1;HDHD3;MTMR9,0.0,0.1315787233631467,0.2074697594324194,-0.129371978324572,0.129371978324572,-0.0545312084037975,0.0545312084037975,0.2281722483738122,0.6117996922617319,,b1610
TCGA-COADREAD,M2_msd_coexpr,611,CPSF7;NCOA1;GGCT;C12orf45,0.0,0.0698342037550622,0.0857990852948695,0.0570076385000706,0.0570076385000706,0.0016833133069681,0.0016833133069681,0.6075291682166728,0.9883811049126078,,b1611
TCGA-COADREAD,M2_msd_coexpr,612,CTCF;PELI1;SLC9A3R2;EIF2C4,0.0,0.1381069319759774,0.2121785614274404,0.1864247669382873,0.1864247669382873,0.1770626874695958,0.1770626874695958,0.1320578456743067,0.1588179248389599,,b1612
TCGA-COADREAD,M2_msd_coexpr,613,CAMKK2;THOC6;DVL1;LIG4,0.0,0.0944862426339298,0.1349017219201967,0.0747803064877131,0.0747803064877131,0.0411686528157693,0.0411686528157693,0.4936879932163481,0.7092094077684623,,b1613
TCGA-COADREAD,M2_msd_coexpr,614,CNOT2;PDZD11;MLL;?|10357,0.0,0.1103646482673755,0.208260043804318,0.0537194650888547,0.0537194650888547,-0.0397872622610191,0.0397872622610191,0.6187577345147266,0.7177268055986901,,b1614
TCGA-COADREAD,M2_msd_coexpr,615,RBM17;TRIM24;MBNL2;PIN4,0.0,0.0679582953454842,0.135700392568729,0.1709402732351154,0.1709402732351154,0.125175754195046,0.125175754195046,0.1227781223536216,0.2707162147831263,,b1615
TCGA-COADREAD,M2_msd_coexpr,616,DNAJA2;SNRPA1;MYST3;RABGAP1L,0.0,0.100095145960794,0.1458955024484502,0.0882633275229135,0.0882633275229135,-0.0294019098200438,0.0294019098200438,0.4468392008754153,0.792805503144258,,b1616
TCGA-COADREAD,M2_msd_coexpr,617,WTAP;MRPL34;MRP63;SLC24A1,0.0,0.0841795608102882,0.1357978342481269,0.105423126517543,0.105423126517543,0.0856611304978964,0.0856611304978964,0.3409604275918899,0.4603159923727826,,b1617
TCGA-COADREAD,M2_msd_coexpr,618,CTCF;NR2C2;UQCC;C9orf72,0.0,0.1173009066792782,0.1880705204977424,-0.1354769035576367,0.1354769035576367,-0.1865285025774075,0.1865285025774075,0.2102507046487819,0.1254105393792532,,b1618
TCGA-COADREAD,M2_msd_coexpr,619,CCNY;C1orf9;MTHFD2;ZNF75D,0.0,0.089286231359966,0.1289367463157068,0.1351550912821147,0.1351550912821147,0.0946064326793755,0.0946064326793755,0.2222787550594548,0.4095069816558522,,b1619
TCGA-COADREAD,M2_msd_coexpr,620,MFF;SSX2IP;C7orf59;ACTR5,0.0,0.1045867643361018,0.1391792392463472,-0.0660482251247628,0.0660482251247628,-0.0644616244501227,0.0644616244501227,0.5532976159751298,0.576260120207936,,b1620
TCGA-COADREAD,M2_msd_coexpr,621,RBM22;SLC37A4;FANCI;ZNF182,0.0,0.1615639541917533,0.2198076687352491,-0.0604030542449974,0.0604030542449974,-0.0844269178179151,0.0844269178179151,0.560719240588641,0.444207976514558,,b1621
TCGA-COADREAD,M2_msd_coexpr,622,UBE2Q1;THOC6;MYST3;PIGW,0.0,0.0937305048629253,0.1458955024484502,0.0436166207617582,0.0436166207617582,-0.0143844586376234,0.0143844586376234,0.6903655124992756,0.9009458402580643,,b1622
TCGA-COADREAD,M2_msd_coexpr,623,CCNY;EIF4E;ACOT7;TTC12,0.0,0.1098316574448125,0.1276972642219847,-0.1613151109923545,0.1613151109923545,-0.0206954687707337,0.0206954687707337,0.1481937288286292,0.8549976099452135,,b1623
TCGA-COADREAD,M2_msd_coexpr,624,GGNBP2;POLR2F;CALCOCO1;L2HGDH,0.0,0.1036639302915831,0.2020677815606749,-0.1128422645008449,0.1128422645008449,-0.0200433542766148,0.0200433542766148,0.3032309889350943,0.863927889074959,,b1624
TCGA-COADREAD,M2_msd_coexpr,625,TIAL1;MTFR1;MCM5;BBS4,0.0,0.1189603709693765,0.2306227221133758,-0.0080953716246387,0.0080953716246387,0.183383963594777,0.183383963594777,0.9383797054025732,0.100672019515241,,b1625
TCGA-COADREAD,M2_msd_coexpr,626,CCNY;RRP9;N4BP2L2;RAB11FIP2,0.0,0.0982746820358113,0.2252776249955484,0.1066208069538544,0.1066208069538544,0.0554372003347679,0.0554372003347679,0.3122058662777691,0.6182708572769808,,b1626
TCGA-COADREAD,M2_msd_coexpr,627,CNOT2;FBXL3;ICA1;BBS4,0.0,0.1555786069311023,0.2306227221133758,-0.0676678612747864,0.0676678612747864,-0.1055683509762916,0.1055683509762916,0.5408081432904597,0.3439678819940004,,b1627
TCGA-COADREAD,M2_msd_coexpr,628,PYGO2;SOS2;LSM7;LOC151534,0.0,0.1354672194231075,0.1704133816283063,0.3088914858209055,0.3088914858209055,0.183279863408225,0.183279863408225,0.0031908018589097,0.0730553271356209,,b1628
TCGA-COADREAD,M2_msd_coexpr,629,EIF4E2;FAM177A1;VPS13D;C11orf80,0.0,0.1072828594063276,0.1730378905952885,-0.0279279598221599,0.0279279598221599,0.0262233480095439,0.0262233480095439,0.8014101046723369,0.8302707085382053,,b1629
TCGA-COADREAD,M2_msd_coexpr,630,MFF;ALG8;PPP2CB;WDR44,0.0,0.0803640174181928,0.1391792392463472,-0.18918704436836,0.18918704436836,-0.1976453035923697,0.1976453035923697,0.0705932590530353,0.0799556319527969,,b1630
TCGA-COADREAD,M2_msd_coexpr,631,DNAJB12;RBMS2;UTP14A;C21orf91,0.0,0.1473709820521915,0.206128539325105,0.09940016760484,0.09940016760484,0.032447067438042,0.032447067438042,0.3409546961053608,0.7572449492353657,,b1631
TCGA-COADREAD,M2_msd_coexpr,632,RBM17;PELI1;MCM2;ZNF367,0.0,0.0571464693386585,0.076873891785512,0.127603991487201,0.127603991487201,0.2529526157523677,0.2529526157523677,0.2602515376756783,0.0403493406664173,,b1632
TCGA-COADREAD,M2_msd_coexpr,633,SUDS3;FCHO2;TMEM106B;KIF9,0.0,0.1143096430903633,0.2079726276652049,-0.1548534580321709,0.1548534580321709,-0.0474292132416286,0.0474292132416286,0.1659888855334055,0.6855647483068443,,b1633
TCGA-COADREAD,M2_msd_coexpr,634,WDR33;NIT2;MDM2;CCDC58,0.0,0.1148166658860896,0.1830505865633544,-0.0054517874647864,0.0054517874647864,0.0788653318333873,0.0788653318333873,0.9609737077937852,0.48575325288053,,b1634
TCGA-COADREAD,M2_msd_coexpr,635,PRCC;NEK7;AURKAIP1;TOR1AIP2,0.0,0.0813166244522332,0.1341354521759122,0.0232326279000291,0.0232326279000291,0.024907611106222,0.024907611106222,0.8338846694855536,0.8251558171327612,,b1635
TCGA-COADREAD,M2_msd_coexpr,636,CPSF7;MRPL2;C6orf125;KIF9,0.0,0.1311526691144483,0.2079726276652049,-0.0564948921754737,0.0564948921754737,-0.0833695111562407,0.0833695111562407,0.5971559582411535,0.4680329804627471,,b1636
TCGA-COADREAD,M2_msd_coexpr,637,FAM32A;PHF19;NDUFB7;KLHL22,0.0,0.074627737734761,0.1600565744556151,0.0583452856329315,0.0583452856329315,0.1749375429286729,0.1749375429286729,0.5685115552186937,0.110040795602678,,b1637
TCGA-COADREAD,M2_msd_coexpr,638,KPNA4;PHF19;ZWINT;CXorf56,0.0,0.1155059511626356,0.2119086982568145,-0.0116120260093724,0.0116120260093724,0.1004610651080299,0.1004610651080299,0.917638762244717,0.4098405102651604,,b1638
TCGA-COADREAD,M2_msd_coexpr,639,GORASP1;POLR2F;ASH1L;COQ3,0.0,0.1162417683838091,0.1754671385093008,-0.1964598888705574,0.1964598888705574,-0.1153342561181626,0.1153342561181626,0.0774774418176068,0.3280678919089482,,b1639
TCGA-COADREAD,M2_msd_coexpr,640,PPP6C;GNL3L;GET4;ITGAE,0.0,0.1003580942862606,0.1249327851538434,0.1257562005635488,0.1257562005635488,0.1768920598836664,0.1768920598836664,0.2373506781665724,0.1043749321239135,,b1640
TCGA-COADREAD,M2_msd_coexpr,641,RBM17;SNRPD1;BAX;TRAPPC2,0.0,0.0727184140677241,0.0944431361660875,0.0627459623729293,0.0627459623729293,0.1622726330698916,0.1622726330698916,0.5693996546202256,0.1436997895370907,,b1641
TCGA-COADREAD,M2_msd_coexpr,642,WDR33;MRPS23;TM7SF3;PORCN,0.0,0.1430193273782201,0.2327931881220565,-0.1367626324567569,0.1367626324567569,-0.0971099515780405,0.0971099515780405,0.237975507703507,0.4277173675113106,,b1642
TCGA-COADREAD,M2_msd_coexpr,643,GORASP1;ZNF292;GNAQ;SENP7,0.0,0.1519420835738697,0.2295795921184262,0.2294864634213365,0.2294864634213365,0.1968300054324459,0.1968300054324459,0.0636594241047813,0.0874163294303796,,b1643
TCGA-COADREAD,M2_msd_coexpr,644,EIF4E2;PPP3CA;TJP1;C12orf45,0.0,0.0739313233457195,0.1031520887570222,0.0662475958987224,0.0662475958987224,0.0746471478050306,0.0746471478050306,0.5435769186794699,0.5139710122628001,,b1644
TCGA-COADREAD,M2_msd_coexpr,645,SPOP;ATR;FMR1;FAM73A,0.0,0.1306902327925684,0.1937361329339512,-0.0631742767610339,0.0631742767610339,-0.0757714998089214,0.0757714998089214,0.5737517663878431,0.5190562384928892,,b1645
TCGA-COADREAD,M2_msd_coexpr,646,SPPL3;EZH2;RIOK3;DUS4L,0.0,0.1474174729407462,0.230219965298785,0.009945492211092,0.009945492211092,-0.0839811656675165,0.0839811656675165,0.9256533630937204,0.4500399383246392,,b1646
TCGA-COADREAD,M2_msd_coexpr,647,DNAJA2;MRPL21;FAM3A;USP43,0.0,0.1185006165063992,0.2287823759247529,-0.0704198762792463,0.0704198762792463,-0.1343310763001799,0.1343310763001799,0.5171870398967124,0.254198190488779,,b1647
TCGA-COADREAD,M2_msd_coexpr,648,AGFG1;MRPL34;FNDC3B;PRIM1,0.0,0.0531806298991545,0.1421260057590988,-0.23630107717403,0.23630107717403,-0.1272983026815463,0.1272983026815463,0.0256206473507108,0.2330485970407076,,b1648
TCGA-COADREAD,M2_msd_coexpr,649,ATMIN;MRPL2;MAP7D1;CHCHD6,0.0,0.1412287402973465,0.1726724691436315,0.0449834624379822,0.0449834624379822,-0.009267832018024,0.009267832018024,0.701029889405709,0.9352425525268386,,b1649
TCGA-COADREAD,M2_msd_coexpr,650,YY1;PEX16;ANAPC11;LIG4,0.0,0.1156209435476143,0.1380375946761976,0.0886207212999154,0.0886207212999154,-0.0364521099104861,0.0364521099104861,0.3867876767965591,0.7353980150273098,,b1650
TCGA-COADREAD,M2_msd_coexpr,651,MFF;MRPL48;RPIA;C6orf129,0.0,0.114299470613601,0.1391792392463472,0.0269649759735258,0.0269649759735258,0.0039438596338571,0.0039438596338571,0.8094318385791189,0.9736836885284186,,b1651
TCGA-COADREAD,M2_msd_coexpr,652,PPM1B;THOC6;CHD2;ZNF224,0.0,0.1265059246883091,0.2071291451555035,0.0763517972024515,0.0763517972024515,0.0259485402245175,0.0259485402245175,0.4743509002679608,0.8269559174975505,,b1652
TCGA-COADREAD,M2_msd_coexpr,653,DNAJB12;TMEM159;UQCC;C16orf55,0.0,0.1615228546459881,0.1989139566201761,0.1848647966462324,0.1848647966462324,0.052859861335129,0.052859861335129,0.0953007594971124,0.6267746515437658,,b1653
TCGA-COADREAD,M2_msd_coexpr,654,RIC8A;GON4L;RAB11FIP4;CSPP1,0.0,0.0731140416891512,0.0897756930638033,-0.1614981489454988,0.1614981489454988,-0.2013520703326393,0.2013520703326393,0.1341415146334683,0.0805691532295144,,b1654
TCGA-COADREAD,M2_msd_coexpr,655,IWS1;POLR1C;DVL1;C6orf129,0.0,0.0912760348961966,0.1560813496805183,0.0453677013425356,0.0453677013425356,0.0117888762829235,0.0117888762829235,0.670475950985578,0.9174491355081812,,b1655
TCGA-COADREAD,M2_msd_coexpr,656,IWS1;KIAA0913;DOPEY2;ITGB3BP,0.0,0.1203380537869605,0.1650437334376111,0.0840472862741002,0.0840472862741002,0.1036016091017966,0.1036016091017966,0.4795278640457769,0.4235236070935076,,b1656
TCGA-COADREAD,M2_msd_coexpr,657,UBE2Q1;MRPL48;MDM2;ZCCHC2,0.0,0.1004545272329282,0.1830505865633544,-0.0383081826525088,0.0383081826525088,-0.006820567124677,0.006820567124677,0.7245971046929534,0.9534957362915965,,b1657
TCGA-COADREAD,M2_msd_coexpr,658,RBM17;NEK7;CCPG1;FBXW9,0.0,0.1066480336537172,0.1918726892507848,0.1390500982726457,0.1390500982726457,0.2290621699708811,0.2290621699708811,0.2103727340764204,0.0517679057940125,,b1658
TCGA-COADREAD,M2_msd_coexpr,659,FUBP3;SMG6;MLL3;SPC25,0.0,0.0888060922480865,0.1323198465325072,0.0775422350631659,0.0775422350631659,0.0132392941785753,0.0132392941785753,0.4939665556636049,0.9149768116288128,,b1659
TCGA-COADREAD,M2_msd_coexpr,660,RAF1;BACH1;SNRPF;C22orf46,0.0,0.0790529219288728,0.1407214192077545,0.0982034367444104,0.0982034367444104,0.1136637255234962,0.1136637255234962,0.3974524725069833,0.3428254859383285,,b1660
TCGA-COADREAD,M2_msd_coexpr,661,YY1;PNPT1;RIOK3;RPP40,0.0,0.1365503113820457,0.2425418095509616,-0.0398402886388706,0.0398402886388706,-0.0074134993422824,0.0074134993422824,0.7362297412180573,0.9538659149793802,,b1661
TCGA-COADREAD,M2_msd_coexpr,662,AGFG1;PELI1;TRIM25;C21orf91,0.0,0.081007454227731,0.1745867486712663,-0.1296412269906377,0.1296412269906377,-0.050606674494888,0.050606674494888,0.237107630122224,0.658802840589464,,b1662
TCGA-COADREAD,M2_msd_coexpr,663,RNF220;SLC37A4;ASXL1;USP43,0.0,0.0823217919947017,0.1258407223730834,0.0338835353987529,0.0338835353987529,-0.0636191832363178,0.0636191832363178,0.7516733708885808,0.5620383831134007,,b1663
TCGA-COADREAD,M2_msd_coexpr,664,ATMIN;FBXL19;MAPK6;SPRYD4,0.0,0.1149440617729844,0.1726724691436315,-0.0412777800562149,0.0412777800562149,-0.0781534121080133,0.0781534121080133,0.7108588329675012,0.4684484569729278,,b1664
TCGA-COADREAD,M2_msd_coexpr,665,PRCC;CCNDBP1;MRPL15;C15orf38,0.0,0.0781078261349815,0.1341354521759122,-0.0474388114910166,0.0474388114910166,0.0909210107298003,0.0909210107298003,0.6515828985413449,0.4000793533193936,,b1665
TCGA-COADREAD,M2_msd_coexpr,666,IWS1;SSBP4;TJP1;THAP3,0.0,0.0988966693925748,0.1560813496805183,0.1325621264029818,0.1325621264029818,0.0460235965964766,0.0460235965964766,0.1739683630819712,0.6353244008133191,,b1666
TCGA-COADREAD,M2_msd_coexpr,667,WTAP;AIFM2;NDUFB7;MTHFD2L,0.0,0.1009755945518504,0.2160834713151396,-0.0279859262012332,0.0279859262012332,0.0451963165381849,0.0451963165381849,0.7921146672974233,0.6908421342584241,,b1667
TCGA-COADREAD,M2_msd_coexpr,668,DNAJA2;CHCHD1;C7orf59;C2orf7,0.0,0.0695190294177831,0.120427975660961,0.0582655438475358,0.0582655438475358,0.1267336161016242,0.1267336161016242,0.5960291733696259,0.2846762147872157,,b1668
TCGA-COADREAD,M2_msd_coexpr,669,RBM22;RBMS2;THOC3;PHF17,0.0,0.0997266898763356,0.2081561387806139,-0.0772990192847861,0.0772990192847861,-0.1139722006841646,0.1139722006841646,0.495110552363788,0.338469779960691,,b1669
TCGA-COADREAD,M2_msd_coexpr,670,SUDS3;BCL2L2;C6orf125;ZNF75D,0.0,0.102884713177441,0.1888343564018592,0.0769074738454379,0.0769074738454379,0.0721719963263285,0.0721719963263285,0.4840451402979702,0.5252824625663735,,b1670
TCGA-COADREAD,M2_msd_coexpr,671,CCNY;PDZD11;ACOT7;PUS7L,0.0,0.0907420091979658,0.1480393160222983,-0.0403732732281937,0.0403732732281937,0.0347480076920073,0.0347480076920073,0.7050184278592887,0.7554733417450643,,b1671
TCGA-COADREAD,M2_msd_coexpr,672,RAF1;SESTD1;TRABD;DUS4L,0.0,0.1484699736246558,0.230219965298785,0.0656497952719072,0.0656497952719072,0.0196763298263503,0.0196763298263503,0.5562789815052175,0.8614449889652636,,b1672
TCGA-COADREAD,M2_msd_coexpr,673,MFF;PTPRE;DOPEY2;C2orf7,0.0,0.1053001487469641,0.1650437334376111,0.0103763228469269,0.0103763228469269,0.1873444500504023,0.1873444500504023,0.922904676446932,0.0987864886741461,,b1673
TCGA-COADREAD,M2_msd_coexpr,674,DNAJC14;NUDT15;ZFP106;BMP2K,0.0,0.1148627395523649,0.201921268011879,-0.0953263569231478,0.0953263569231478,-0.0646287060246006,0.0646287060246006,0.4020170917195982,0.6099324447953869,,b1674
TCGA-COADREAD,M2_msd_coexpr,675,GGNBP2;SMG6;EML2;RABGAP1L,0.0,0.126040465542358,0.1829695870633433,0.0984213600495853,0.0984213600495853,-0.022528989648885,0.022528989648885,0.3792329181205741,0.8433434060201636,,b1675
TCGA-COADREAD,M2_msd_coexpr,676,RSRC2;MTFR1;LOC100129034;SPC25,0.0,0.1022845474555251,0.1383116533788921,0.0326706189919959,0.0326706189919959,0.1512447320236108,0.1512447320236108,0.7612990661897174,0.179120985122942,,b1676
TCGA-COADREAD,M2_msd_coexpr,677,TIAL1;LOC651250;MBNL2;DOM3Z,0.0,0.0905447007979413,0.135700392568729,0.1688819287506704,0.1688819287506704,0.0145148772297668,0.0145148772297668,0.1027931951574207,0.885421040937264,,b1677
TCGA-COADREAD,M2_msd_coexpr,678,FAM32A;PHF19;BAX;C21orf91,0.0,0.0895807069943951,0.1745867486712663,0.0309783719867494,0.0309783719867494,0.1456345758913618,0.1456345758913618,0.758493332428171,0.1823231009516009,,b1678
TCGA-COADREAD,M2_msd_coexpr,679,YTHDF2;BAZ2B;IDI1;CHST12,0.0,0.0933905843552845,0.1437402762908239,-0.0103647476942054,0.0103647476942054,-0.0326254245205041,0.0326254245205041,0.919744969974489,0.7527750802462732,,b1679
TCGA-COADREAD,M2_msd_coexpr,680,PYGO2;PDE4DIP;GADD45GIP1;SYNJ1,0.0,0.1592412988330655,0.2284953328485824,0.1858896429029981,0.1858896429029981,0.2444891384472482,0.2444891384472482,0.1015989587768301,0.0375232830590897,,b1680
TCGA-COADREAD,M2_msd_coexpr,681,CAMKK2;C1GALT1C1;PFKM;NCRNA00183,0.0,0.1251927493427912,0.1721620867519841,-0.0210690912609306,0.0210690912609306,0.1060624573539824,0.1060624573539824,0.8436590297846526,0.3591719189589607,,b1681
TCGA-COADREAD,M2_msd_coexpr,682,DNAJA2;PELI1;TRIM25;FBXO5,0.0,0.0604423625776101,0.0935457306599193,-0.1985459459255107,0.1985459459255107,-0.1607317357910538,0.1607317357910538,0.0944338574113615,0.2055222376432723,,b1682
TCGA-COADREAD,M2_msd_coexpr,683,RNF220;C19orf70;EHBP1L1;CSPP1,0.0,0.0611556132478485,0.0934616848897774,0.0820483551270128,0.0820483551270128,0.0634246967731012,0.0634246967731012,0.4562248602908686,0.5884724935501052,,b1683
TCGA-COADREAD,M2_msd_coexpr,684,PRCC;THOC6;TEAD1;WDR19,0.0,0.1391349135345312,0.2139932073777858,0.0508725283120402,0.0508725283120402,0.0527940075082354,0.0527940075082354,0.6442123544613143,0.634785935163195,,b1684
TCGA-COADREAD,M2_msd_coexpr,685,UBE2Q1;PNKP;UQCR10;COQ3,0.0,0.1095666140180112,0.1754671385093008,-0.0363047545536429,0.0363047545536429,0.0245321134141087,0.0245321134141087,0.7369595838428784,0.8314928752603525,,b1685
TCGA-COADREAD,M2_msd_coexpr,686,FUBP3;MEF2A;SNRPG;MTMR9,0.0,0.1571666615684336,0.2074697594324194,0.0729185897006543,0.0729185897006543,0.0322375254466196,0.0322375254466196,0.514003941683743,0.7810099688772887,,b1686
TCGA-COADREAD,M2_msd_coexpr,687,SUDS3;LSM2;MYST3;CD58,0.0,0.0847226559451557,0.1458955024484502,-0.1785539587575704,0.1785539587575704,-0.1159616681618014,0.1159616681618014,0.0981816089669345,0.2457788753306007,,b1687
TCGA-COADREAD,M2_msd_coexpr,688,BFAR;ENY2;ASH1L;ALKBH2,0.0,0.0696834680019409,0.11157121281175,-0.0510421350616773,0.0510421350616773,-0.02898567622047,0.02898567622047,0.6293039654667174,0.7957306180493727,,b1688
TCGA-COADREAD,M2_msd_coexpr,689,CTCF;RRP9;HMGB3;SNX18,0.0,0.0788397900476946,0.1196334041118048,-0.1142059207980044,0.1142059207980044,0.0009721634203492,0.0009721634203492,0.2992226833280036,0.9927309664421212,,b1689
TCGA-COADREAD,M2_msd_coexpr,690,SPPL3;PRDM2;HEXA;ZNF496,0.0,0.1123984597400397,0.157722909965657,0.0776094005350207,0.0776094005350207,0.0941377441410946,0.0941377441410946,0.481110379326902,0.4104500750479378,,b1690
TCGA-COADREAD,M2_msd_coexpr,691,PPM1B;RRP9;CLN3;SGOL2,0.0,0.0938420211732502,0.2071291451555035,-0.2421289525062537,0.2421289525062537,-0.1211178757736622,0.1211178757736622,0.0256626829670238,0.2852503590925656,,b1691
TCGA-COADREAD,M2_msd_coexpr,692,RBM17;WDFY3;AKAP9;C22orf46,0.0,0.0972510712391697,0.1510640717301863,0.1154120139488973,0.1154120139488973,0.1659981988263417,0.1659981988263417,0.3113516372511766,0.2017798815495136,,b1692
TCGA-COADREAD,M2_msd_coexpr,693,CNOT2;ZBTB33;SMAGP;PRIM1,0.0,0.1344036517411177,0.208260043804318,-0.1694521873193554,0.1694521873193554,-0.0481775088135127,0.0481775088135127,0.1133508179515601,0.67366225654705,,b1693
TCGA-COADREAD,M2_msd_coexpr,694,SUDS3;LMBRD1;CCDC56;TRAPPC2,0.0,0.0910801473943672,0.1180486009523795,-0.0068433059359989,0.0068433059359989,0.006352405006068,0.006352405006068,0.9494738263379954,0.9494178636383585,,b1694
TCGA-COADREAD,M2_msd_coexpr,695,RBM22;UBE2V2;LPGAT1;TMTC2,0.0,0.0978260830979567,0.2081561387806139,-0.0688030816908242,0.0688030816908242,-0.1036418240975211,0.1036418240975211,0.5232252001087716,0.3123719978181719,,b1695
TCGA-COADREAD,M2_msd_coexpr,696,ARIH2;HNF1A;CKAP2;C15orf38,0.0,0.0899911535370343,0.1677184566016257,-0.1533346974346126,0.1533346974346126,-0.1469603539436861,0.1469603539436861,0.1855133472360441,0.2226665393663924,,b1696
TCGA-COADREAD,M2_msd_coexpr,697,EIF4E2;PEX16;ACOT7;C8orf38,0.0,0.1205475359029736,0.1781664677831045,-0.0061757430366689,0.0061757430366689,0.0292215541101017,0.0292215541101017,0.9552932878248094,0.8072412582510298,,b1697
TCGA-COADREAD,M2_msd_coexpr,698,QRICH1;NIT2;SMAGP;PLEKHM3,0.0,0.124515326418883,0.1613620388033351,-0.1200018105705349,0.1200018105705349,-0.0134415522049365,0.0134415522049365,0.2696568109176634,0.8995767234133809,,b1698
TCGA-COADREAD,M2_msd_coexpr,699,SPOP;PHF19;ERBB2IP;C9orf72,0.0,0.1187583364897983,0.1937361329339512,0.182922600449322,0.182922600449322,0.2622415793371921,0.2622415793371921,0.1105619639046567,0.0406988606735782,,b1699
TCGA-COADREAD,M2_msd_coexpr,700,BFAR;LSM5;C7orf50;KIF18A,0.0,0.1059038225266155,0.1870252578782273,0.0136837603359988,0.0136837603359988,0.0287017767386969,0.0287017767386969,0.8947064776760264,0.8015336559516839,,b1700
TCGA-COADREAD,M2_msd_coexpr,701,CNOT2;BID;MCM2;MTHFS,0.0,0.0888886988239066,0.208260043804318,-0.0511022741269643,0.0511022741269643,0.128237087655332,0.128237087655332,0.6496988330862068,0.3084050361759985,,b1701
TCGA-COADREAD,M2_msd_coexpr,702,GSK3B;BBX;TRIM25;FAM73A,0.0,0.0594580964222757,0.1027456394209513,-0.1046632112335699,0.1046632112335699,-0.1088130023191299,0.1088130023191299,0.347682583607675,0.3221543464199664,,b1702
TCGA-COADREAD,M2_msd_coexpr,703,KPNA4;BAZ2B;IPO4;PUS7L,0.0,0.0895471234093929,0.1480393160222983,-0.2393278154266648,0.2393278154266648,-0.1918406350612124,0.1918406350612124,0.0380584395223527,0.1015099160527923,,b1703
TCGA-COADREAD,M2_msd_coexpr,704,GORASP1;MRPL34;LAS1L;CBX8,0.0,0.0984873459885747,0.1667385805104649,-0.0140694497144465,0.0140694497144465,-0.0511302037160325,0.0511302037160325,0.9022457042972016,0.6545811191992632,,b1704
TCGA-COADREAD,M2_msd_coexpr,705,YTHDF2;C12orf11;FNDC3A;BBS4,0.0,0.0778812397653985,0.2306227221133758,-0.1475852051142824,0.1475852051142824,-0.1082145659709293,0.1082145659709293,0.1697230942684731,0.3315830592939915,,b1705
TCGA-COADREAD,M2_msd_coexpr,706,CUL3;LSM5;MAP4K4;C21orf91,0.0,0.0915409977495682,0.1745867486712663,0.0479294411856961,0.0479294411856961,0.0734338346734662,0.0734338346734662,0.6546309951103946,0.5260315648075431,,b1706
TCGA-COADREAD,M2_msd_coexpr,707,YY1;ZBTB33;C7orf59;KLHL22,0.0,0.1083289723984646,0.1600565744556151,0.0401030522598876,0.0401030522598876,0.1463846602567307,0.1463846602567307,0.7157984745729737,0.2009439518462684,,b1707
TCGA-COADREAD,M2_msd_coexpr,708,IWS1;FBXL19;MAP7D1;HSH2D,0.0,0.1093513437588942,0.1560813496805183,0.251631415549116,0.251631415549116,0.1228465621719336,0.1228465621719336,0.0249081051438232,0.3125482479165162,,b1708
TCGA-COADREAD,M2_msd_coexpr,709,SPOP;LARS2;NDUFB7;FBXW9,0.0,0.1000187165662047,0.1937361329339512,-0.2710555070612646,0.2710555070612646,-0.1625533174773503,0.1625533174773503,0.0176387067630832,0.1652002290817078,,b1709
TCGA-COADREAD,M2_msd_coexpr,710,YY1;TSEN54;FNDC3B;TRMU,0.0,0.0684199653686539,0.1244948870468088,-0.1478536421289761,0.1478536421289761,-0.084503237986416,0.084503237986416,0.1781510621270744,0.4484531426987825,,b1710
TCGA-COADREAD,M2_msd_coexpr,711,GPBP1;BBX;ANLN;C2orf7,0.0,0.0723009482927916,0.179194393054761,0.2009305492100514,0.2009305492100514,0.2264343072486358,0.2264343072486358,0.0549260504103689,0.033013765197547,,b1711
TCGA-COADREAD,M2_msd_coexpr,712,AGFG1;PTPRE;TIMM17B;ZNF224,0.0,0.1350934403700328,0.2032677139231311,-0.0265875293283243,0.0265875293283243,-0.059817069540914,0.059817069540914,0.807113376932941,0.6112146487959575,,b1712
TCGA-COADREAD,M2_msd_coexpr,713,IWS1;WDR74;EID1;FXN,0.0,0.0736445607017863,0.1560813496805183,0.2142808672802806,0.2142808672802806,0.3130210678718205,0.3130210678718205,0.0664791158888416,0.0107106455814574,,b1713
TCGA-COADREAD,M2_msd_coexpr,714,WDR33;C10orf2;GPR35;DZIP3,0.0,0.1074987258253508,0.1700982857158708,0.0043374953093656,0.0043374953093656,-0.013366901033549,0.013366901033549,0.9682409091436344,0.9065143076075158,,b1714
TCGA-COADREAD,M2_msd_coexpr,715,WDR33;C1orf9;ZBTB4;PIGW,0.0,0.1489554709329894,0.222191597706407,0.0194825054470556,0.0194825054470556,-0.0945088922421945,0.0945088922421945,0.8622654520972137,0.39761110116509,,b1715
TCGA-COADREAD,M2_msd_coexpr,716,VPS26B;LRCH4;PPP1R16A;RAD51C,0.0,0.1351161076273975,0.1814896693995776,0.1203791191039691,0.1203791191039691,0.0475290201362108,0.0475290201362108,0.2912949724646295,0.6936127245233444,,b1716
TCGA-COADREAD,M2_msd_coexpr,717,RBM22;SS18;EHBP1L1;SHCBP1,0.0,0.1022916420988698,0.2081561387806139,-0.1046162885907169,0.1046162885907169,-0.1275131523771009,0.1275131523771009,0.3142750637811686,0.2003548978033236,,b1717
TCGA-COADREAD,M2_msd_coexpr,718,GSK3B;ATXN1L;PRC1;ATL3,0.0,0.1014974685297571,0.1636246408554948,-0.0065664973673483,0.0065664973673483,-0.0656515568275197,0.0656515568275197,0.9564109620632766,0.5889066932692766,,b1718
TCGA-COADREAD,M2_msd_coexpr,719,PPM1B;ATR;ACOT7;CARD8,0.0,0.1122626176561518,0.2071291451555035,-0.0298753917968696,0.0298753917968696,0.0002321135010728,0.0002321135010728,0.7828533575376574,0.9984572281971668,,b1719
TCGA-COADREAD,M2_msd_coexpr,720,PPM1B;TCEB1;THOC3;RAB12,0.0,0.1113273464647073,0.2071291451555035,-0.0018507105465464,0.0018507105465464,0.0141355962539149,0.0141355962539149,0.9869289692861914,0.9040728614415264,,b1720
TCGA-COADREAD,M2_msd_coexpr,721,THUMPD1;QDPR;SEC14L1;C3orf64,0.0,0.1230619289004986,0.1893787297811848,-0.1208806936683464,0.1208806936683464,-0.1546266094694385,0.1546266094694385,0.2598029150036425,0.1780286732740302,,b1721
TCGA-COADREAD,M2_msd_coexpr,722,ABCF3;C1GALT1C1;EID1;BBS4,0.0,0.1250105774448041,0.2306227221133758,0.193852465949384,0.193852465949384,0.2982984014938414,0.2982984014938414,0.0840390404650077,0.0118889400805443,,b1722
TCGA-COADREAD,M2_msd_coexpr,723,EIF4E2;LSM5;C7orf59;PHF17,0.0,0.0586397944061543,0.1144238185945792,0.166548614534248,0.166548614534248,0.2410580057200953,0.2410580057200953,0.0893609965022044,0.02584319511618,,b1723
TCGA-COADREAD,M2_msd_coexpr,724,SUDS3;PELI1;ASH1L;LOC200030,0.0,0.0969740082470751,0.1180486009523795,0.1478866233447424,0.1478866233447424,0.1274937293252852,0.1274937293252852,0.2430873761566957,0.3531403263738015,,b1724
TCGA-COADREAD,M2_msd_coexpr,725,PRCC;ZBTB33;POLR2L;HSD17B7,0.0,0.0661310835069569,0.1341354521759122,-0.0143966833743188,0.0143966833743188,0.0770691182973005,0.0770691182973005,0.8970609393853511,0.5151229194277163,,b1725
TCGA-COADREAD,M2_msd_coexpr,726,CPSF7;NEK7;SEC14L1;C15orf38,0.0,0.0777094449181515,0.1774953609597281,0.0424014939900291,0.0424014939900291,-0.0530285394843963,0.0530285394843963,0.7145228017417087,0.6599160428980532,,b1726
TCGA-COADREAD,M2_msd_coexpr,727,UBE2Q1;PPP3CA;GPR35;AGA,0.0,0.0504278904470736,0.1031520887570222,-0.0152366070246194,0.0152366070246194,-0.1404669664447923,0.1404669664447923,0.88722901623078,0.1998275474101243,,b1727
TCGA-COADREAD,M2_msd_coexpr,728,GTF3C2;PTAR1;PLEKHG3;MED11,0.0,0.1531279711932886,0.1949548963296071,0.0161923416532303,0.0161923416532303,0.0838072751525452,0.0838072751525452,0.8885659499648471,0.4813724282657383,,b1728
TCGA-COADREAD,M2_msd_coexpr,729,ARIH2;TRIM24;PPP1R16A;MOSPD3,0.0,0.0851344066807852,0.1631322460232755,0.0560954963997346,0.0560954963997346,0.0414991865294194,0.0414991865294194,0.608591779137416,0.7172537044356908,,b1729
TCGA-COADREAD,M2_msd_coexpr,730,THUMPD1;PEX16;BOLA2;L2HGDH,0.0,0.104930366644247,0.1893787297811848,-0.0788339986701993,0.0788339986701993,-0.0786402901032822,0.0786402901032822,0.4635562946012879,0.4802073392512258,,b1730
TCGA-COADREAD,M2_msd_coexpr,731,KCMF1;TRIM24;MCM5;CHAF1B,0.0,0.0842660635669417,0.1261486814497738,-0.1216351565535912,0.1216351565535912,0.045967309927202,0.045967309927202,0.274277213900664,0.7095805809445184,,b1731
TCGA-COADREAD,M2_msd_coexpr,732,AGFG1;PEX16;BAX;PXMP2,0.0,0.0895921015050179,0.1380375946761976,-0.2293286653329574,0.2293286653329574,-0.2199606498760433,0.2199606498760433,0.0354252061124082,0.0581136052072864,,b1732
TCGA-COADREAD,M2_msd_coexpr,733,CTCF;NOC4L;KDM5B;PRIM1,0.0,0.1342359834039664,0.1549743588583905,-0.2217289858603405,0.2217289858603405,-0.2253687905057179,0.2253687905057179,0.0487594942209028,0.0530444241855836,,b1733
TCGA-COADREAD,M2_msd_coexpr,734,BET1L;SNRPD1;MYBBP1A;?|10357,0.0,0.0804416613820758,0.138226060279184,0.0454627544717085,0.0454627544717085,-0.0212750770989532,0.0212750770989532,0.6727378984718937,0.8518743234748696,,b1734
TCGA-COADREAD,M2_msd_coexpr,735,RSRC2;NDUFB6;RIOK3;PIGW,0.0,0.1024743752493641,0.1383116533788921,-0.0628590417276616,0.0628590417276616,-0.0664348342219463,0.0664348342219463,0.569604719012884,0.5786818700896235,,b1735
TCGA-COADREAD,M2_msd_coexpr,736,PYGO2;PDZD11;FNDC3B;SPC25,0.0,0.0780085100839749,0.1704133816283063,0.1206042327176634,0.1206042327176634,0.0951927232002184,0.0951927232002184,0.2831684700672112,0.4133150631123122,,b1736
TCGA-COADREAD,M2_msd_coexpr,737,YY1;SESTD1;NIPSNAP1;ZNF367,0.0,0.0983113624577243,0.1244948870468088,-0.1018910338864119,0.1018910338864119,0.0284969249753614,0.0284969249753614,0.3684099936352684,0.7989840560323948,,b1737
TCGA-COADREAD,M2_msd_coexpr,738,WTAP;QDPR;CLN3;SYNJ1,0.0,0.1157583549183454,0.2284953328485824,-0.132897720469819,0.132897720469819,0.0469982097043815,0.0469982097043815,0.2355910001495634,0.6985453003608004,,b1738
TCGA-COADREAD,M2_msd_coexpr,739,GORASP1;PIP5K1C;BAX;C1orf112,0.0,0.1207288018361801,0.1667385805104649,-0.0497044256897102,0.0497044256897102,-0.0351941154171242,0.0351941154171242,0.646982089593636,0.7452531738004564,,b1739
TCGA-COADREAD,M2_msd_coexpr,740,RAF1;UBE2V2;OPTN;TIGD5,0.0,0.0751566621758863,0.1189080453081809,0.0547954874141805,0.0547954874141805,0.0022973250803545,0.0022973250803545,0.6338501456836011,0.9849374539833656,,b1740
TCGA-COADREAD,M2_msd_coexpr,741,RAF1;C12orf62;ASXL1;C2orf7,0.0,0.0672218055328649,0.1105200018118705,0.0259254416667678,0.0259254416667678,0.1058629039428274,0.1058629039428274,0.815547780428318,0.3572636316561743,,b1741
TCGA-COADREAD,M2_msd_coexpr,742,RBM17;TRIM24;MLL;NCRNA00183,0.0,0.0898530477507499,0.1721620867519841,0.1323877747706829,0.1323877747706829,0.1918115513474532,0.1918115513474532,0.225293834722675,0.1218608370441172,,b1742
TCGA-COADREAD,M2_msd_coexpr,743,IWS1;PNKP;DCTPP1;SPRYD4,0.0,0.0953043195868493,0.1560813496805183,-0.0681273308419643,0.0681273308419643,-0.055507201485788,0.055507201485788,0.5236374955848639,0.6298615553010236,,b1743
TCGA-COADREAD,M2_msd_coexpr,744,RNF220;NCAPD3;WDR77;KIF18A,0.0,0.1078982137238815,0.1870252578782273,-0.1074249213021609,0.1074249213021609,-0.0563741906146317,0.0563741906146317,0.3233344976007133,0.6297114185099566,,b1744
TCGA-COADREAD,M2_msd_coexpr,745,BET1L;CETN2;PNPLA2;SYNJ1,0.0,0.0933606904226303,0.2284953328485824,0.1313831790495349,0.1313831790495349,0.0774337462646178,0.0774337462646178,0.2574475302981501,0.4988355705295415,,b1745
TCGA-COADREAD,M2_msd_coexpr,746,RBM17;TCEB1;DCAF13;C9orf25,0.0,0.0482024028405018,0.0733251374596045,0.200602156884879,0.200602156884879,0.1934429807867198,0.1934429807867198,0.0576456422819275,0.0714681980945276,,b1746
TCGA-COADREAD,M2_msd_coexpr,747,KPNA4;HECA;PFKM;C1orf112,0.0,0.0909438854477648,0.1675667144848739,-0.1401647832851747,0.1401647832851747,-0.1080913551181089,0.1080913551181089,0.1943413175274595,0.333774396475719,,b1747
TCGA-COADREAD,M2_msd_coexpr,748,DNAJB12;FAM199X;STK4;SRGAP1,0.0,0.0982690165421556,0.1989139566201761,0.1010963611144491,0.1010963611144491,-0.0431965081379838,0.0431965081379838,0.3535524870618716,0.7161601372836177,,b1748
TCGA-COADREAD,M2_msd_coexpr,749,RBM22;PTPRE;GOT1;PUSL1,0.0,0.1359328973699722,0.2081561387806139,-0.0653996082024341,0.0653996082024341,0.0351969565487038,0.0351969565487038,0.5307779695148975,0.7408751646256979,,b1749
TCGA-COADREAD,M2_msd_coexpr,750,KCMF1;CTPS;DOCK9;CXorf23,0.0,0.1266658701880795,0.1817684949637832,-0.0552577206057041,0.0552577206057041,-0.1298586591268901,0.1298586591268901,0.6104813064853402,0.2517447648121077,,b1750
TCGA-COADREAD,M2_msd_coexpr,751,RBM17;PHF6;ZNF217;ZNF343,0.0,0.076341101586378,0.0992564762438532,0.1307982701969222,0.1307982701969222,0.1493112916355528,0.1493112916355528,0.2278510486179819,0.2171632845212019,,b1751
TCGA-COADREAD,M2_msd_coexpr,752,WTAP;EIF4E;MLL;CSPP1,0.0,0.0744656606971859,0.1029132454030109,-0.0618666539751595,0.0618666539751595,0.014356924185905,0.014356924185905,0.5605750651616228,0.8927434053123889,,b1752
TCGA-COADREAD,M2_msd_coexpr,753,ARIH2;FAM177A1;FAM84B;SENP7,0.0,0.1265587036182188,0.2295795921184262,0.0670112148592384,0.0670112148592384,0.1143432981968777,0.1143432981968777,0.5535946399346425,0.3131912514746604,,b1753
TCGA-COADREAD,M2_msd_coexpr,754,RIC8A;NOC4L;RAB11FIP4;USP43,0.0,0.1020240466866884,0.1258407223730834,-0.1643249045459416,0.1643249045459416,-0.2050960690723033,0.2050960690723033,0.1121323589613155,0.0686914888059899,,b1754
TCGA-COADREAD,M2_msd_coexpr,755,WDR33;PGM2;MEST;PSMG4,0.0,0.1101997934229371,0.1700982857158708,-0.2102456925113603,0.2102456925113603,-0.1499475441411475,0.1499475441411475,0.0740019623525786,0.2194851360414051,,b1755
TCGA-COADREAD,M2_msd_coexpr,756,RSRC2;TCEB1;NCOA3;ZDHHC1,0.0,0.1322081335912106,0.2334399872135929,0.3134183272138931,0.3134183272138931,0.2647887670104422,0.2647887670104422,0.0031782846193277,0.016838375082313,,b1756
TCGA-COADREAD,M2_msd_coexpr,757,KIAA1310;BOD1L;DOPEY2;MXD3,0.0,0.105376675215275,0.1709989783603238,0.0061127851995136,0.0061127851995136,-0.0185464621824937,0.0185464621824937,0.956638813884724,0.8790541224170729,,b1757
TCGA-COADREAD,M2_msd_coexpr,758,MAPKAP1;C11orf48;TBC1D2B;MTCP1NB,0.0,0.0926324023157749,0.1448055619280661,0.121511741701414,0.121511741701414,0.2062805744437955,0.2062805744437955,0.2729149843166529,0.0886889549191445,,b1758
TCGA-COADREAD,M2_msd_coexpr,759,QRICH1;RAP2C;IPO4;DUS4L,0.0,0.1379123508843921,0.230219965298785,-0.1160670635793688,0.1160670635793688,-0.1114568579368651,0.1114568579368651,0.2893146858763209,0.323810855504774,,b1759
TCGA-COADREAD,M2_msd_coexpr,760,PYGO2;SFXN4;ERBB2IP;RAB11FIP2,0.0,0.1007458642926505,0.1704133816283063,0.2477012751982958,0.2477012751982958,0.2111387513842827,0.2111387513842827,0.0233364053466788,0.0586134856427035,,b1760
TCGA-COADREAD,M2_msd_coexpr,761,RAF1;SLC25A32;MTIF3;BBS4,0.0,0.1495035961148159,0.2306227221133758,0.0521503537848864,0.0521503537848864,0.0496996207660295,0.0496996207660295,0.630121194329251,0.6695020883410585,,b1761
TCGA-COADREAD,M2_msd_coexpr,762,GGNBP2;RHOQ;PLEKHG3;CHST12,0.0,0.1266164808369017,0.1688359929433432,0.1885552015591042,0.1885552015591042,0.127647244424355,0.127647244424355,0.0914590374722916,0.2943020294399475,,b1762
TCGA-COADREAD,M2_msd_coexpr,763,GSK3B;PPIL1;NDUFS7;PXMP2,0.0,0.0978986617555411,0.1738330285250098,-0.24343833105568,0.24343833105568,-0.1217404643860096,0.1217404643860096,0.0263353487863424,0.2894070326216752,,b1763
TCGA-COADREAD,M2_msd_coexpr,764,GPBP1;C1GALT1C1;PPP2CB;LOC200030,0.0,0.0638883720692766,0.0814023274386589,0.0851995124935699,0.0851995124935699,0.0786422775873256,0.0786422775873256,0.446825586869748,0.4954038671574802,,b1764
TCGA-COADREAD,M2_msd_coexpr,765,CPSF7;C12orf62;NDST1;ITGAE,0.0,0.1061195261791266,0.1408832165704256,-0.0342721165404373,0.0342721165404373,0.0843012574068386,0.0843012574068386,0.7512476523170594,0.4664368073787097,,b1765
TCGA-COADREAD,M2_msd_coexpr,766,YTHDC1;NUDT19;FUNDC2;CLCN6,0.0,0.1226001073403602,0.1477837512424736,0.0096064522578163,0.0096064522578163,-0.0505189462271311,0.0505189462271311,0.9302444246858776,0.6503619284012343,,b1766
TCGA-COADREAD,M2_msd_coexpr,767,FUBP3;TRIM24;FAM162A;MAGOHB,0.0,0.0818599236967871,0.1323198465325072,-0.0264348704653332,0.0264348704653332,-0.0171369236503012,0.0171369236503012,0.7973619815603354,0.8740804589423001,,b1767
TCGA-COADREAD,M2_msd_coexpr,768,WDR33;C1orf85;RAE1;DZIP3,0.0,0.115146546429319,0.1700982857158708,0.1286355520021588,0.1286355520021588,0.0433700336368754,0.0433700336368754,0.250680151502718,0.6951998385868856,,b1768
TCGA-COADREAD,M2_msd_coexpr,769,AGFG1;PUS1;MLL3;SKP2,0.0,0.0492857958579337,0.0857756098966712,-0.1347771523340439,0.1347771523340439,-0.1100526996689802,0.1100526996689802,0.2276976206084284,0.3639922038788626,,b1769
TCGA-COADREAD,M2_msd_coexpr,770,YTHDC1;CXXC1;ASH1L;ALKBH2,0.0,0.0998233566314462,0.1310083249326926,0.0402524916297781,0.0402524916297781,0.01084127266193,0.01084127266193,0.7212886243922387,0.9254704125580108,,b1770
TCGA-COADREAD,M2_msd_coexpr,771,SMU1;LARS2;GNAQ;ZNF367,0.0,0.084664643438703,0.1264335959198583,-0.240854359557518,0.240854359557518,-0.0590265507698375,0.0590265507698375,0.0186568747594386,0.5590752816683175,,b1771
TCGA-COADREAD,M2_msd_coexpr,772,THUMPD1;FCHO2;MAP7D1;PUS7L,0.0,0.1414867991631522,0.1893787297811848,-0.1121595799824801,0.1121595799824801,-0.0673286926266052,0.0673286926266052,0.2910803049354948,0.545347831552818,,b1772
TCGA-COADREAD,M2_msd_coexpr,773,QRICH1;TMEM159;FNDC3B;CCDC58,0.0,0.0836868411335175,0.1613620388033351,-0.0198659353329089,0.0198659353329089,0.052739064173013,0.052739064173013,0.8508424521037237,0.6128999578142482,,b1773
TCGA-COADREAD,M2_msd_coexpr,774,RBM17;TRMT1;GCC2;COQ2,0.0,0.0586929098134482,0.1278211607481481,-0.0678015156359855,0.0678015156359855,0.0879983190755591,0.0879983190755591,0.5270818998152684,0.4411708256043282,,b1774
TCGA-COADREAD,M2_msd_coexpr,775,VPS26B;RRP1;ZFP106;COQ3,0.0,0.116067450045632,0.1754671385093008,-0.1676970191916167,0.1676970191916167,-0.0050840442652335,0.0050840442652335,0.1258257512490661,0.9647905168583836,,b1775
TCGA-COADREAD,M2_msd_coexpr,776,IWS1;CETN2;ZWINT;C1orf112,0.0,0.1374019553226163,0.2119086982568145,-0.0235825300053417,0.0235825300053417,0.0664936667474084,0.0664936667474084,0.8317366450032754,0.5792766838628641,,b1776
TCGA-COADREAD,M2_msd_coexpr,777,CTCF;FBRSL1;SLC25A23;COQ2,0.0,0.0621677580286085,0.1196334041118048,-0.0943358829174839,0.0943358829174839,-0.0592701235009102,0.0592701235009102,0.3966338056658076,0.6018400075297234,,b1777
TCGA-COADREAD,M2_msd_coexpr,778,ATMIN;SESTD1;MAP4K4;FAM69A,0.0,0.111798393646347,0.1726724691436315,0.0213583225214153,0.0213583225214153,-0.0118816257618947,0.0118816257618947,0.8443052173054557,0.917184848208654,,b1778
TCGA-COADREAD,M2_msd_coexpr,779,YY1;BAZ2B;ZNF217;DZIP3,0.0,0.0982389613856788,0.1244948870468088,0.0280046577075166,0.0280046577075166,-0.0317817410670512,0.0317817410670512,0.8125108626539991,0.7958075173916755,,b1779
TCGA-COADREAD,M2_msd_coexpr,780,GTF3C2;MRPL2;TBC1D2B;PSMG4,0.0,0.1080347783849366,0.1448055619280661,0.0310034027323709,0.0310034027323709,0.0983412539555291,0.0983412539555291,0.7885520852714607,0.4359563370321645,,b1780
TCGA-COADREAD,M2_msd_coexpr,781,GPBP1;C12orf62;CALCOCO1;HSH2D,0.0,0.1085190242904564,0.2020677815606749,0.348793031781611,0.348793031781611,0.3030719948184167,0.3030719948184167,0.0016858775083881,0.0049204360006132,,b1781
TCGA-COADREAD,M2_msd_coexpr,782,ABCF3;SSBP4;IPO4;ZNF182,0.0,0.1430094564781728,0.2198076687352491,0.0008311340295885,0.0008311340295885,-0.0375369381655218,0.0375369381655218,0.9937319756681444,0.734265519671579,,b1782
TCGA-COADREAD,M2_msd_coexpr,783,CUL3;NIT2;TIMM17B;ZNF182,0.0,0.1296884850608633,0.2198076687352491,0.0320286754976871,0.0320286754976871,-0.0041729003840181,0.0041729003840181,0.7660766240237878,0.970057379668053,,b1783
TCGA-COADREAD,M2_msd_coexpr,784,ARIH2;MEF2A;FAM3A;DUSP14,0.0,0.1356640802743537,0.2287823759247529,0.2212212415458068,0.2212212415458068,0.1635239154809353,0.1635239154809353,0.0440268965853164,0.1473316137134796,,b1784
TCGA-COADREAD,M2_msd_coexpr,785,VPS26B;RRP9;PLEKHG3;KLHL22,0.0,0.1208649187336057,0.1688359929433432,-0.1465924985217834,0.1465924985217834,-0.0984732424458859,0.0984732424458859,0.1810516100751602,0.3858012180898793,,b1785
TCGA-COADREAD,M2_msd_coexpr,786,FAM32A;RRP9;ADAM10;FAM18B2,0.0,0.0967974089617406,0.219129984496519,-0.0240423770405068,0.0240423770405068,0.0522511315646631,0.0522511315646631,0.8266554346295983,0.6579960223622219,,b1786
TCGA-COADREAD,M2_msd_coexpr,787,RAF1;MOBKL2A;MGST2;MXD3,0.0,0.0950685176867938,0.1288821470736109,-0.0237603138390162,0.0237603138390162,0.0294451646665463,0.0294451646665463,0.8277360733348792,0.7887500920797171,,b1787
TCGA-COADREAD,M2_msd_coexpr,788,EIF4E2;LSM2;ST5;C11orf67,0.0,0.1244967694908536,0.2175919942351568,0.0357019496824212,0.0357019496824212,0.1193157301621439,0.1193157301621439,0.7388271694790085,0.283992899800114,,b1788
TCGA-COADREAD,M2_msd_coexpr,789,DNAJC14;NDUFB6;NDRG3;ATL3,0.0,0.1187457023087322,0.201921268011879,-0.1012065359896542,0.1012065359896542,-0.1008642896013671,0.1008642896013671,0.3843436015596648,0.3744409476688536,,b1789
TCGA-COADREAD,M2_msd_coexpr,790,KCMF1;TFAM;AAGAB;DZIP3,0.0,0.106172491079381,0.1495235085357213,-0.0872609268105722,0.0872609268105722,-0.0222251671407093,0.0222251671407093,0.4238010031085659,0.8451313852630095,,b1790
TCGA-COADREAD,M2_msd_coexpr,791,ARIH2;ATXN1L;HMGB3;C9orf72,0.0,0.1023110344385275,0.1162163756498491,-0.1247937541666876,0.1247937541666876,0.0113808962731944,0.0113808962731944,0.2457348272753691,0.9162873975469004,,b1791
TCGA-COADREAD,M2_msd_coexpr,792,GGNBP2;FAM177A1;ICA1;WDR7,0.0,0.1141986564428649,0.1391331179161464,-0.1281444987549566,0.1281444987549566,-0.131362835580525,0.131362835580525,0.2593201630714695,0.2710031578620534,,b1792
TCGA-COADREAD,M2_msd_coexpr,793,CCNY;TRMT1;FAM84B;THAP3,0.0,0.0980752019803928,0.14289968275839,0.1996878062427927,0.1996878062427927,0.1717648780722492,0.1717648780722492,0.0610056717594474,0.1094206454136324,,b1793
TCGA-COADREAD,M2_msd_coexpr,794,MFF;STK10;CCDC56;DZIP3,0.0,0.1001659121643308,0.1391792392463472,-0.0609932029310631,0.0609932029310631,0.0063694505056345,0.0063694505056345,0.6064051086646274,0.9563073397242212,,b1794
TCGA-COADREAD,M2_msd_coexpr,795,GSK3B;RNF19A;RAB11FIP4;C1orf112,0.0,0.0797459236973221,0.125825573195671,-0.1624614245763542,0.1624614245763542,-0.1599554297181885,0.1599554297181885,0.1403551647886094,0.1429832226006803,,b1795
TCGA-COADREAD,M2_msd_coexpr,796,FBXO18;KIAA0913;MANF;WDR44,0.0,0.0534480466573337,0.1263601232379037,0.0652445495256204,0.0652445495256204,0.0564330519218933,0.0564330519218933,0.5416921365376709,0.630267555306478,,b1796
TCGA-COADREAD,M2_msd_coexpr,797,FUBP3;BAZ2B;ERBB2IP;ITGAE,0.0,0.113820538415043,0.1323198465325072,0.1283361877225288,0.1283361877225288,0.0684220564254814,0.0684220564254814,0.2690851352420865,0.5724645470716496,,b1797
TCGA-COADREAD,M2_msd_coexpr,798,RIC8A;RPUSD1;TRABD;SCAPER,0.0,0.1192090462407348,0.1731089361674114,-0.1386313539047126,0.1386313539047126,-0.0116184708371595,0.0116184708371595,0.2055132971229256,0.9169286326210122,,b1798
TCGA-COADREAD,M2_msd_coexpr,799,ATMIN;NUDT15;LPGAT1;APOO,0.0,0.077495679070104,0.1726724691436315,-0.0113137250623086,0.0113137250623086,-0.0490499686190371,0.0490499686190371,0.9216124586667892,0.6788792331376733,,b1799
TCGA-COADREAD,M2_msd_coexpr,800,RAF1;NCAPG2;MGST2;BBS4,0.0,0.116618813713199,0.2306227221133758,-0.1316195321538431,0.1316195321538431,-0.046557351223517,0.046557351223517,0.2406983250658561,0.7018128058493825,,b1800
TCGA-COADREAD,M2_msd_coexpr,801,RBM22;C1GALT1C1;SMAD2;PEMT,0.0,0.118656316403594,0.2081561387806139,-0.1582383612272506,0.1582383612272506,-0.1555651461553802,0.1555651461553802,0.1573239262325003,0.1762285841831385,,b1801
TCGA-COADREAD,M2_msd_coexpr,802,RSRC2;SLC39A13;SLC9A3R2;ZDHHC1,0.0,0.1791561208481163,0.2334399872135929,0.6261062691067737,0.6261062691067737,0.5616273269097488,0.5616273269097488,3.6305138240880483e-07,5.938458965896247e-06,,b1802
TCGA-COADREAD,M2_msd_coexpr,803,KIAA1310;HMBS;FAM128B;C21orf70,0.0,0.0912342060517164,0.1709989783603238,0.1213714171714649,0.1213714171714649,0.2178461000455302,0.2178461000455302,0.2829991197163843,0.0795431572132391,,b1803
TCGA-COADREAD,M2_msd_coexpr,804,FUBP3;PEX16;BRP44;AGA,0.0,0.0948413048953404,0.1380375946761976,-0.0445059732473491,0.0445059732473491,-0.1441992292156793,0.1441992292156793,0.6801730296101769,0.2043534949900665,,b1804
TCGA-COADREAD,M2_msd_coexpr,805,WTAP;C1GALT1C1;KIAA1147;KLHL22,0.0,0.0823330596986498,0.1600565744556151,-0.0881489339056935,0.0881489339056935,0.0231904300070306,0.0231904300070306,0.4254877272481627,0.8384900643274689,,b1805
TCGA-COADREAD,M2_msd_coexpr,806,PYGO2;PPIL1;IMPDH1;ATP7A,0.0,0.0823285570997839,0.1704133816283063,-0.0270287800850608,0.0270287800850608,0.0453009280603845,0.0453009280603845,0.8113312707196366,0.6916206777842964,,b1806
TCGA-COADREAD,M2_msd_coexpr,807,YY1;C1orf9;DOCK9;ATP7A,0.0,0.1034376869284871,0.1730559097344263,0.0134637602780311,0.0134637602780311,-0.0928155518261108,0.0928155518261108,0.9049456763927914,0.4438376733775966,,b1807
TCGA-COADREAD,M2_msd_coexpr,808,CUL3;NIT2;P4HA2;ZNF182,0.0,0.1129712486292055,0.2198076687352491,0.0687665998367939,0.0687665998367939,0.0100768851944836,0.0100768851944836,0.5272612822924319,0.9250233806312886,,b1808
TCGA-COADREAD,M2_msd_coexpr,809,UBE2Q1;CRB3;CHD2;TRAPPC2,0.0,0.0567384014772283,0.1183506905486945,0.0713063866891944,0.0713063866891944,-0.0142890535390614,0.0142890535390614,0.5269826052362987,0.9044941399376292,,b1809
TCGA-COADREAD,M2_msd_coexpr,810,BFAR;SMG6;NDRG3;NSMCE2,0.0,0.0678519628685019,0.1554614219014795,-0.1026696805483358,0.1026696805483358,-0.1686675659460197,0.1686675659460197,0.3552748968194025,0.1776506983963994,,b1810
TCGA-COADREAD,M2_msd_coexpr,811,RBM22;SESTD1;SEC14L1;HSH2D,0.0,0.1362709394442984,0.2081561387806139,0.0550753686846888,0.0550753686846888,-0.0520202030951457,0.0520202030951457,0.6018907868443717,0.6345446537959901,,b1811
TCGA-COADREAD,M2_msd_coexpr,812,CPSF7;THOC6;IVD;ITGB3BP,0.0,0.0885868922367107,0.1407815444193351,-0.019851362159181,0.019851362159181,0.0942363047893879,0.0942363047893879,0.8571665950445861,0.4269925115863311,,b1812
TCGA-COADREAD,M2_msd_coexpr,813,TIAL1;TGS1;LAS1L;INO80B,0.0,0.0792489005948561,0.1324534700074126,0.1489221042534765,0.1489221042534765,0.1602505705478953,0.1602505705478953,0.1810393951617508,0.1673721502095808,,b1813
TCGA-COADREAD,M2_msd_coexpr,814,YTHDF2;C11orf48;IVD;THAP3,0.0,0.0703333080440929,0.14289968275839,-0.0085027458494606,0.0085027458494606,0.0741428040756469,0.0741428040756469,0.9383992062919386,0.5163914390516522,,b1814
TCGA-COADREAD,M2_msd_coexpr,815,WTAP;TXNDC15;LZTS2;TMLHE,0.0,0.1105197629023733,0.1765333320715446,0.1989333507076151,0.1989333507076151,0.214488827507471,0.214488827507471,0.0768756141978027,0.0758889928160367,,b1815
TCGA-COADREAD,M2_msd_coexpr,816,SPPL3;BBX;PGPEP1;TTC12,0.0,0.1194299416457014,0.1675870319047211,-0.0278436028128513,0.0278436028128513,-0.0345844298338603,0.0345844298338603,0.7943290979817974,0.7419676262429695,,b1816
TCGA-COADREAD,M2_msd_coexpr,817,ABCF3;ZNRD1;PTEN;ZNF281,0.0,0.1428568144153432,0.2173900975031464,0.2200395126535528,0.2200395126535528,0.1315360022035589,0.1315360022035589,0.0593640865242884,0.2605775626705002,,b1817
TCGA-COADREAD,M2_msd_coexpr,818,RAF1;RPUSD1;C6orf125;SCAPER,0.0,0.1255587803402146,0.1888343564018592,-0.1116101376465676,0.1116101376465676,-0.1030523982039746,0.1030523982039746,0.3288197937294367,0.3754142901022113,,b1818
TCGA-COADREAD,M2_msd_coexpr,819,PPP3R1;MRPL27;HEXA;ACTR5,0.0,0.0780760612370558,0.1095175815829768,0.0487670562886335,0.0487670562886335,0.0424424111370719,0.0424424111370719,0.6576441036545857,0.6961872113086287,,b1819
TCGA-COADREAD,M2_msd_coexpr,820,GTF3C2;SOS2;AAGAB;WDR19,0.0,0.1509107311503094,0.2139932073777858,-0.086414173419887,0.086414173419887,-0.0624748880776942,0.0624748880776942,0.4495851730176046,0.6011345114131408,,b1820
TCGA-COADREAD,M2_msd_coexpr,821,CUL3;SLC10A3;SNRPG;ZNF302,0.0,0.0766483037896968,0.1600198562694309,0.0907236679631187,0.0907236679631187,0.0829010519830789,0.0829010519830789,0.3768753162539024,0.4162036413779891,,b1821
TCGA-COADREAD,M2_msd_coexpr,822,AGFG1;KLHDC2;PTEN;CXorf56,0.0,0.0893970246690769,0.1435138175395247,-0.0106293167304728,0.0106293167304728,0.0146783391852633,0.0146783391852633,0.9205853148077334,0.9023045401936745,,b1822
TCGA-COADREAD,M2_msd_coexpr,823,KPNA4;C11orf48;EID1;SAC3D1,0.0,0.0629802856586571,0.1319615414543751,0.1013925860219644,0.1013925860219644,0.1996553778952582,0.1996553778952582,0.3545377166144502,0.0939786439763171,,b1823
TCGA-COADREAD,M2_msd_coexpr,824,QRICH1;QDPR;TRIM25;MARCH2,0.0,0.0890173346346873,0.1613620388033351,-0.2224781401104324,0.2224781401104324,-0.1493379819654114,0.1493379819654114,0.0434425934807255,0.1716788493403808,,b1824
TCGA-COADREAD,M2_msd_coexpr,825,ABCF3;KLHDC2;ACACA;C22orf46,0.0,0.1022359876627797,0.2173900975031464,-0.0143905145810516,0.0143905145810516,-0.0399351894203935,0.0399351894203935,0.8962830699182498,0.7368893483204921,,b1825
TCGA-COADREAD,M2_msd_coexpr,826,BET1L;TFAM;HEXA;ITGB3BP,0.0,0.0774235486504991,0.1407815444193351,-0.0914872343872905,0.0914872343872905,-0.0301548408740123,0.0301548408740123,0.4020908102485848,0.7912474377470256,,b1826
TCGA-COADREAD,M2_msd_coexpr,827,UBE2Q1;HECA;DCAF13;CXorf23,0.0,0.0798583009103821,0.1817684949637832,0.0441300833675787,0.0441300833675787,-0.0710213803088007,0.0710213803088007,0.6820858702983845,0.5382353485773832,,b1827
TCGA-COADREAD,M2_msd_coexpr,828,RBM17;PEX16;AURKAIP1;SGOL2,0.0,0.0711245183301829,0.1380375946761976,0.0274465076895199,0.0274465076895199,0.0748771821433932,0.0748771821433932,0.8089087134946542,0.5036446605022451,,b1828
TCGA-COADREAD,M2_msd_coexpr,829,WTAP;MRPL48;NDRG3;PUSL1,0.0,0.1094641263955829,0.1554614219014795,-0.0569381998741832,0.0569381998741832,-0.0213167535996491,0.0213167535996491,0.5981102389966467,0.8564455607824398,,b1829
TCGA-COADREAD,M2_msd_coexpr,830,AGFG1;SSBP4;ZNF217;WDR19,0.0,0.0912208806106787,0.2139932073777858,-0.1123318995239552,0.1123318995239552,-0.1965382426099657,0.1965382426099657,0.3142514245035132,0.114643058667779,,b1830
TCGA-COADREAD,M2_msd_coexpr,831,GORASP1;FAM177A1;C7orf50;DOM3Z,0.0,0.1185242751714022,0.1842892273088957,0.0951880268398661,0.0951880268398661,-0.0014959218134158,0.0014959218134158,0.3614242422035766,0.9884272533075844,,b1831
TCGA-COADREAD,M2_msd_coexpr,832,RBM17;ZNF292;ZBTB4;CDKN2D,0.0,0.1512863138755992,0.2354209680966666,0.4288028673087016,0.4288028673087016,0.3754647871232213,0.3754647871232213,0.0002527497831201,0.0024378069927152,,b1832
TCGA-COADREAD,M2_msd_coexpr,833,SUDS3;FBXL3;MCM2;ABHD6,0.0,0.0656172953968568,0.1180486009523795,-0.2611635017183946,0.2611635017183946,-0.3109209782259871,0.3109209782259871,0.0111038583152911,0.0041051854707262,,b1833
TCGA-COADREAD,M2_msd_coexpr,834,RIC8A;TAF10;CALCOCO1;DUS4L,0.0,0.1462624054285929,0.230219965298785,0.1351446754831059,0.1351446754831059,0.0140068789807898,0.0140068789807898,0.1804467186849938,0.8867624121239986,,b1834
TCGA-COADREAD,M2_msd_coexpr,835,SMU1;KIAA0355;ANLN;C6orf129,0.0,0.1156129163009646,0.179194393054761,-0.1186576331137129,0.1186576331137129,-0.108623741881589,0.108623741881589,0.2807826000100102,0.3594019178144297,,b1835
TCGA-COADREAD,M2_msd_coexpr,836,YY1;ATXN1L;C7orf59;FAM165B,0.0,0.1098251660305323,0.1244948870468088,0.1847338348857026,0.1847338348857026,0.1849285001629576,0.1849285001629576,0.081061820142448,0.0772428314167356,,b1836
TCGA-COADREAD,M2_msd_coexpr,837,AFTPH;SPSB3;TIMM17B;ZNF182,0.0,0.1450117513354418,0.2198076687352491,0.0747930613076621,0.0747930613076621,-0.049474196276662,0.049474196276662,0.4914610235798502,0.6467224900504484,,b1837
TCGA-COADREAD,M2_msd_coexpr,838,CAMKK2;POLR1C;FAM162A;PIN4,0.0,0.0881601293744603,0.1349017219201967,-0.0368880480826819,0.0368880480826819,0.0341532098333581,0.0341532098333581,0.7282422294837934,0.7578102849143906,,b1838
TCGA-COADREAD,M2_msd_coexpr,839,GORASP1;RFXANK;KDM5B;PSMG4,0.0,0.1095946047408999,0.1667385805104649,0.066739534304016,0.066739534304016,0.0665378440529773,0.0665378440529773,0.5359224779541175,0.5287793301988697,,b1839
TCGA-COADREAD,M2_msd_coexpr,840,GPBP1;TAF10;NIPSNAP1;AZI1,0.0,0.0656553612026261,0.0790262495298335,0.0741178980525069,0.0741178980525069,0.0445168897722796,0.0445168897722796,0.475982444648273,0.6783817264849601,,b1840
TCGA-COADREAD,M2_msd_coexpr,841,GGNBP2;MRPL34;PGPEP1;SPC25,0.0,0.1070649825979606,0.1675870319047211,-0.1521742460405896,0.1521742460405896,-0.0639952693000308,0.0639952693000308,0.1696839042626045,0.5623973801327103,,b1841
TCGA-COADREAD,M2_msd_coexpr,842,SPPL3;FBXL3;KIAA1147;MMACHC,0.0,0.1062272028982553,0.157722909965657,-0.2395034336807547,0.2395034336807547,-0.2342783701544132,0.2342783701544132,0.0345104769524208,0.0394298925302119,,b1842
TCGA-COADREAD,M2_msd_coexpr,843,CCNY;SLC10A3;MCM2;PLK4,0.0,0.0580377010494038,0.1022728674113002,0.0612493535931747,0.0612493535931747,0.1422896714787833,0.1422896714787833,0.5816160566087295,0.2179011186676586,,b1843
TCGA-COADREAD,M2_msd_coexpr,844,CAMKK2;BAZ2B;TEAD1;AGA,0.0,0.0894836567464966,0.1349017219201967,-0.0867098407872136,0.0867098407872136,-0.1592987958670407,0.1592987958670407,0.4191325413635804,0.1629758934327737,,b1844
TCGA-COADREAD,M2_msd_coexpr,845,ABCF3;C12orf62;MEST;PIN4,0.0,0.1206182643444151,0.2173900975031464,0.0886556419767714,0.0886556419767714,0.0850541354890903,0.0850541354890903,0.4356792477664155,0.4773599417921103,,b1845
TCGA-COADREAD,M2_msd_coexpr,846,SPOP;CCNDBP1;SNRPG;MAGOHB,0.0,0.1203832026944861,0.1937361329339512,0.0208436354767726,0.0208436354767726,0.1013764506580871,0.1013764506580871,0.8386523752601341,0.3716091317021911,,b1846
TCGA-COADREAD,M2_msd_coexpr,847,RBM17;NDUFB6;ZFP106;ZCCHC2,0.0,0.0819589207284486,0.1272034083774156,-0.0449749116789904,0.0449749116789904,0.1364585201105964,0.1364585201105964,0.6778746500710129,0.2342461047662029,,b1847
TCGA-COADREAD,M2_msd_coexpr,848,PRCC;NUDT19;MTIF3;AZI1,0.0,0.1230595653913687,0.2164609730835184,0.0769380431934062,0.0769380431934062,0.0429512149362433,0.0429512149362433,0.4730321152973887,0.6941510070661364,,b1848
TCGA-COADREAD,M2_msd_coexpr,849,PYGO2;STK10;DVL1;SURF2,0.0,0.0806743501589602,0.1704133816283063,0.1773759267941612,0.1773759267941612,0.1215668186350885,0.1215668186350885,0.0991435182035493,0.2755587178984321,,b1849
TCGA-COADREAD,M2_msd_coexpr,850,CAMKK2;RHOQ;MYST3;C11orf67,0.0,0.1374528103621559,0.2122989392458147,0.1001388231526397,0.1001388231526397,0.1259639173389867,0.1259639173389867,0.3281270142487968,0.2439520897880145,,b1850
TCGA-COADREAD,M2_msd_coexpr,851,PPP3R1;HMBS;KDM5B;?|10357,0.0,0.1108955608178391,0.1549743588583905,-0.0338477380510757,0.0338477380510757,-0.0785228149048041,0.0785228149048041,0.757472785945721,0.5196659577982219,,b1851
TCGA-COADREAD,M2_msd_coexpr,852,TIAL1;PPIL1;CCDC56;ZBTB8A,0.0,0.1247973355241919,0.2366508153615863,-0.0502602042070259,0.0502602042070259,0.102690288866173,0.102690288866173,0.6471536882466029,0.3718569613377072,,b1852
TCGA-COADREAD,M2_msd_coexpr,853,QRICH1;TRMT1;STX3;C21orf70,0.0,0.1055206834645461,0.1613620388033351,-0.122474748868128,0.122474748868128,-0.0623995375132485,0.0623995375132485,0.2584343525617468,0.5964509204044152,,b1853
TCGA-COADREAD,M2_msd_coexpr,854,RNF220;SNRPD1;MRPL15;CSPP1,0.0,0.0634888952598193,0.0738976759707797,0.0190021407488793,0.0190021407488793,0.1034912024778184,0.1034912024778184,0.859550199321555,0.3635039113578543,,b1854
TCGA-COADREAD,M2_msd_coexpr,855,SMU1;SSX2IP;CLN3;NSMCE2,0.0,0.0718855554398019,0.0909475547853583,-0.3195530023756044,0.3195530023756044,-0.1764330468628904,0.1764330468628904,0.0051347802623651,0.1497238161018269,,b1855
TCGA-COADREAD,M2_msd_coexpr,856,RBM17;ATR;MDM2;HSD17B7,0.0,0.0888423214128091,0.1830505865633544,0.0182348482577072,0.0182348482577072,0.0824655217492263,0.0824655217492263,0.8764951287619164,0.503274556334196,,b1856
TCGA-COADREAD,M2_msd_coexpr,857,GGNBP2;ECSIT;CCPG1;C22orf46,0.0,0.1108738073606812,0.1918726892507848,-0.0756113891939971,0.0756113891939971,-0.0845987970203127,0.0845987970203127,0.4922029231175979,0.4480456484441548,,b1857
TCGA-COADREAD,M2_msd_coexpr,858,GGNBP2;TMEM159;MLL3;KIF18A,0.0,0.1148393548413762,0.1870252578782273,-0.0284976759163969,0.0284976759163969,-0.004348387775299,0.004348387775299,0.7957267944763812,0.9706069510383156,,b1858
TCGA-COADREAD,M2_msd_coexpr,859,FAM32A;CXXC1;PRPS2;ZBTB8A,0.0,0.0959140254966932,0.2366508153615863,-0.030839094346486,0.030839094346486,0.1458560041098134,0.1458560041098134,0.7665169723555536,0.1923680302152501,,b1859
TCGA-COADREAD,M2_msd_coexpr,860,TIAL1;POLR2F;PACS1;UHRF1BP1L,0.0,0.0797390135241686,0.1324534700074126,0.1857693199522665,0.1857693199522665,0.2772289730154015,0.2772289730154015,0.089635864159902,0.0159814706633512,,b1860
TCGA-COADREAD,M2_msd_coexpr,861,EIF4E2;C11orf48;GOT1;PHF17,0.0,0.0650940784394746,0.1158383821542674,0.0953407598627821,0.0953407598627821,0.17037867874294,0.17037867874294,0.3596040205555029,0.1042042644961012,,b1861
TCGA-COADREAD,M2_msd_coexpr,862,SPPL3;NDUFB6;MAP7D1;PLEKHM3,0.0,0.1259415926069903,0.157722909965657,0.1816331659579243,0.1816331659579243,0.1470463525166275,0.1470463525166275,0.0876981503794218,0.175404570436095,,b1862
TCGA-COADREAD,M2_msd_coexpr,863,EIF4E2;UTP20;PACS1;TMLHE,0.0,0.07371327653462,0.1238556419362247,0.0488685349849742,0.0488685349849742,0.057347879448464,0.057347879448464,0.6613266513973791,0.6235191258561508,,b1863
TCGA-COADREAD,M2_msd_coexpr,864,AGFG1;TCEB1;PPP2CB;HSH2D,0.0,0.042146222317574,0.0689844370945041,-0.0388128140319367,0.0388128140319367,-0.0345275943672663,0.0345275943672663,0.7183390075702718,0.7542867404746851,,b1864
TCGA-COADREAD,M2_msd_coexpr,865,FUBP3;SLC25A32;MEST;ALKBH2,0.0,0.0926455200290248,0.1323198465325072,0.0325007451513266,0.0325007451513266,-0.0221916752981676,0.0221916752981676,0.7774916240287217,0.8465750002513948,,b1865
TCGA-COADREAD,M2_msd_coexpr,866,YTHDC1;LARS2;FMR1;ZDHHC1,0.0,0.1413748921597123,0.2334399872135929,-0.1357350133621864,0.1357350133621864,-0.1429787239080936,0.1429787239080936,0.213837844833321,0.2057007126403135,,b1866
TCGA-COADREAD,M2_msd_coexpr,867,PPM1B;TFAM;C14orf2;KIF24,0.0,0.1452710437918458,0.21920639288596,-0.184622066743458,0.184622066743458,-0.0457564227829789,0.0457564227829789,0.0895126092072124,0.6858796702011352,,b1867
TCGA-COADREAD,M2_msd_coexpr,868,CNOT2;MRPL42;TAF1;MARCH2,0.0,0.145468817718548,0.2091956106348877,0.0918440499619945,0.0918440499619945,0.1599823654563704,0.1599823654563704,0.4062416354884035,0.2034183227185894,,b1868
TCGA-COADREAD,M2_msd_coexpr,869,SPOP;EIF4E;MAP7D1;RRAGC,0.0,0.1427187269426675,0.1937361329339512,0.0166234044526627,0.0166234044526627,0.0232960559002933,0.0232960559002933,0.878774790528545,0.8316465039037,,b1869
TCGA-COADREAD,M2_msd_coexpr,870,YY1;MRPL28;FNDC3A;WDR19,0.0,0.0966682234699905,0.2139932073777858,-0.0081313998976478,0.0081313998976478,-0.1116778010757169,0.1116778010757169,0.943632613006646,0.3363439687840579,,b1870
TCGA-COADREAD,M2_msd_coexpr,871,RNF220;TGS1;FMR1;MMACHC,0.0,0.0975572726451468,0.1539985925159522,-0.1218008350506729,0.1218008350506729,-0.0607483246507073,0.0607483246507073,0.2655344293186741,0.581930183021536,,b1871
TCGA-COADREAD,M2_msd_coexpr,872,FUBP3;FBRSL1;ST5;RAD51C,0.0,0.14953414891546,0.2175919942351568,0.1673621756176583,0.1673621756176583,0.121297016599589,0.121297016599589,0.1594154934499092,0.3229606449677736,,b1872
TCGA-COADREAD,M2_msd_coexpr,873,DNAJC14;FCHO2;THOC3;CXorf56,0.0,0.145081274606401,0.201921268011879,-0.0634916659695897,0.0634916659695897,-0.0663717794375643,0.0663717794375643,0.5622731484565997,0.6251483293884867,,b1873
TCGA-COADREAD,M2_msd_coexpr,874,FAM32A;DARS2;LZTS2;PUSL1,0.0,0.0836662415408728,0.1765333320715446,0.2339908058810825,0.2339908058810825,0.2700474613737109,0.2700474613737109,0.0311099605450524,0.011281785288115,,b1874
TCGA-COADREAD,M2_msd_coexpr,875,YTHDC1;SPSB3;SLC9A3R2;C9orf25,0.0,0.1118689071282478,0.2121785614274404,0.2631366578364053,0.2631366578364053,0.1853338449191732,0.1853338449191732,0.0206505225664284,0.1178530684580277,,b1875
TCGA-COADREAD,M2_msd_coexpr,876,FUBP3;PTPRE;CCPG1;FAM69A,0.0,0.1242257566407525,0.1918726892507848,0.0100478225602467,0.0100478225602467,-0.0114741231108391,0.0114741231108391,0.9297664556761276,0.9250250929174262,,b1876
TCGA-COADREAD,M2_msd_coexpr,877,BFAR;FAM177A1;BAX;PTENP1,0.0,0.0883398147710149,0.1777284528713151,-0.0100699570184451,0.0100699570184451,0.0224136785235563,0.0224136785235563,0.9217746273186188,0.849015412062234,,b1877
TCGA-COADREAD,M2_msd_coexpr,878,ATMIN;PEX16;C7orf59;ZNF343,0.0,0.1310975896645654,0.1726724691436315,0.2162944633127803,0.2162944633127803,0.1164281997250302,0.1164281997250302,0.0547494085902686,0.3026756275181372,,b1878
TCGA-COADREAD,M2_msd_coexpr,879,IWS1;TRIM24;GADD45GIP1;TMEM93,0.0,0.1070375097419563,0.1875452981620435,0.0618624425751464,0.0618624425751464,0.0697917400691868,0.0697917400691868,0.5732208913821667,0.5307673051947176,,b1879
TCGA-COADREAD,M2_msd_coexpr,880,DNAJB12;ATR;MTHFD2;AZI1,0.0,0.1155206380102145,0.1989139566201761,0.0569239155576476,0.0569239155576476,-0.0571834378479945,0.0571834378479945,0.6031274435544438,0.5970316928548735,,b1880
TCGA-COADREAD,M2_msd_coexpr,881,GPBP1;YIF1B;FNDC3B;DUSP14,0.0,0.0687616576385033,0.0955153033789883,0.1459720505837919,0.1459720505837919,0.1277765601708494,0.1277765601708494,0.1987098077517168,0.2306551067576416,,b1881
TCGA-COADREAD,M2_msd_coexpr,882,GGNBP2;CXXC1;PJA2;PLEKHM3,0.0,0.1172177523969034,0.1413172454598664,-0.005727003854,0.005727003854,-0.0436954627358253,0.0436954627358253,0.9593748272936404,0.7154360786695568,,b1882
TCGA-COADREAD,M2_msd_coexpr,883,GSK3B;SLC39A13;SMAGP;USP43,0.0,0.1285421477676933,0.1528879479041985,0.1950907231009656,0.1950907231009656,0.1092331636588232,0.1092331636588232,0.1119444374847709,0.3745533127664655,,b1883
TCGA-COADREAD,M2_msd_coexpr,884,WDR33;SLC37A4;FAM84B;TMEM93,0.0,0.0983721994142682,0.1700982857158708,-0.069115319374569,0.069115319374569,-0.0743397080787137,0.0743397080787137,0.5478478325346601,0.5283489822746048,,b1884
TCGA-COADREAD,M2_msd_coexpr,885,KIAA1310;RAP2C;MTHFD2;DPP8,0.0,0.1019072031930648,0.1709989783603238,0.1064193726919321,0.1064193726919321,0.138715646197295,0.138715646197295,0.3421592664610142,0.2383926121701244,,b1885
TCGA-COADREAD,M2_msd_coexpr,886,DNAJC14;GON4L;PFKM;PORCN,0.0,0.1730142159206532,0.2327931881220565,0.0892092350438006,0.0892092350438006,0.040501333714877,0.040501333714877,0.4519591873313087,0.759429662888951,,b1886
TCGA-COADREAD,M2_msd_coexpr,887,UBE2Q1;C12orf62;MDM2;CXorf56,0.0,0.1182263027513221,0.1830505865633544,0.0197350587822406,0.0197350587822406,0.0940105536841752,0.0940105536841752,0.8565637084702746,0.4249829005720804,,b1887
TCGA-COADREAD,M2_msd_coexpr,888,CPSF7;FBXL3;KDM5B;TMEM93,0.0,0.0739910757817144,0.1549743588583905,-0.1242680957889649,0.1242680957889649,-0.2780267066794616,0.2780267066794616,0.2460750832892985,0.0139348703739821,,b1888
TCGA-COADREAD,M2_msd_coexpr,889,IWS1;VMA21;RB1CC1;LOC200030,0.0,0.1074620747892427,0.1560813496805183,0.2214735626243114,0.2214735626243114,0.1715911617748893,0.1715911617748893,0.0527939711149982,0.1604169481236798,,b1889
TCGA-COADREAD,M2_msd_coexpr,890,SMU1;SLC10A3;ZNF217;SNX16,0.0,0.0974844565780485,0.1727741595791499,0.1401392332386379,0.1401392332386379,0.1483707402254739,0.1483707402254739,0.2274013527631225,0.2189017004119355,,b1890
TCGA-COADREAD,M2_msd_coexpr,891,GPBP1;SOS2;MKKS;AKAP10,0.0,0.1117547426864852,0.2043982277278922,0.0574484955310975,0.0574484955310975,0.0558747146202342,0.0558747146202342,0.6093642502456358,0.6189790959885566,,b1891
TCGA-COADREAD,M2_msd_coexpr,892,RNF220;WDR74;NDRG3;AKAP10,0.0,0.0808731376893986,0.1554614219014795,0.0720668311513939,0.0720668311513939,-0.02747607925387,0.02747607925387,0.5005012096211544,0.8041425508132387,,b1892
TCGA-COADREAD,M2_msd_coexpr,893,CNOT2;NR2C2;ERBB2IP;MOSPD3,0.0,0.1045933576866799,0.208260043804318,0.130154016422993,0.130154016422993,0.0076515843908365,0.0076515843908365,0.2805566115698179,0.9507427527670635,,b1893
TCGA-COADREAD,M2_msd_coexpr,894,PPM1B;NCOA1;TBC1D2B;ZNF182,0.0,0.1630134045460108,0.2198076687352491,-0.0761283138668692,0.0761283138668692,-0.084047030364573,0.084047030364573,0.4744845830135439,0.4750770209970298,,b1894
TCGA-COADREAD,M2_msd_coexpr,895,PPP6C;TMEM70;MBNL2;ZMYM5,0.0,0.1000087364280941,0.135700392568729,0.0689262976563528,0.0689262976563528,0.0139681803112918,0.0139681803112918,0.5307687388174495,0.9014178006527735,,b1895
TCGA-COADREAD,M2_msd_coexpr,896,RBM22;MTFR1;LSM7;DBF4B,0.0,0.1487307147057766,0.2081561387806139,-0.1352507603242447,0.1352507603242447,-0.06015234247297,0.06015234247297,0.219112036088614,0.607505913916141,,b1896
TCGA-COADREAD,M2_msd_coexpr,897,YTHDF2;RNF19A;ACOT7;ZNF302,0.0,0.0356763954913906,0.1064432527429543,-0.1248480392331277,0.1248480392331277,-0.051327089178477,0.051327089178477,0.2391628243741452,0.6225005832193431,,b1897
TCGA-COADREAD,M2_msd_coexpr,898,CAMKK2;SLC10A3;LPGAT1;ZNF302,0.0,0.0648422398422631,0.1349017219201967,0.1602847351911784,0.1602847351911784,0.1313207913526546,0.1313207913526546,0.1754198903864349,0.3037233589937023,,b1898
TCGA-COADREAD,M2_msd_coexpr,899,GPBP1;MRPL21;BRP44;TMEM93,0.0,0.0743735757333332,0.0874931197976706,-0.0383363403430583,0.0383363403430583,0.0272258261637521,0.0272258261637521,0.7265786247474066,0.8055249656344816,,b1899
TCGA-COADREAD,M2_msd_coexpr,900,SPOP;TFAM;ZFP106;KIF18A,0.0,0.1336708695350278,0.1937361329339512,-0.1249241234802276,0.1249241234802276,-0.0313669914931714,0.0313669914931714,0.2747519728288656,0.7977103868477636,,b1900
TCGA-COADREAD,M2_msd_coexpr,901,DNAJC14;KLHDC2;FAM162A;NSMCE2,0.0,0.1010013363840453,0.201921268011879,-0.0333436029648866,0.0333436029648866,-0.0149097513553285,0.0149097513553285,0.7610981554579064,0.9037271124156588,,b1901
TCGA-COADREAD,M2_msd_coexpr,902,DAXX;AIFM2;FANCI;POLI,0.0,0.1255620559803091,0.2100137913666743,0.0880338227906179,0.0880338227906179,0.0814559972473299,0.0814559972473299,0.4170211394643307,0.4208351038916045,,b1902
TCGA-COADREAD,M2_msd_coexpr,903,PRCC;RHOQ;PINK1;DENND4A,0.0,0.1015350731840525,0.1621114259084982,0.1645831154027917,0.1645831154027917,0.1640619872161948,0.1640619872161948,0.1085767388839172,0.1289648355699271,,b1903
TCGA-COADREAD,M2_msd_coexpr,904,EIF4E2;TRMT1;SIVA1;MARCH2,0.0,0.0846754918813736,0.1757506665971835,0.1741291561145476,0.1741291561145476,0.2522501891884227,0.2522501891884227,0.0973387310037957,0.0289008629606552,,b1904
TCGA-COADREAD,M2_msd_coexpr,905,AGFG1;NUDT15;PAQR4;SENP7,0.0,0.1217672223389959,0.2295795921184262,0.0550460370160039,0.0550460370160039,0.0418599146915336,0.0418599146915336,0.6068085390351303,0.7099181554082685,,b1905
TCGA-COADREAD,M2_msd_coexpr,906,KIAA1310;BCL2L2;C6orf125;THAP3,0.0,0.145372905455485,0.1888343564018592,0.2262915794606887,0.2262915794606887,0.1513432888091953,0.1513432888091953,0.0336822968204416,0.1616484035159066,,b1906
TCGA-COADREAD,M2_msd_coexpr,907,KPNA1;LMBRD1;CCDC109A;SLC24A1,0.0,0.1259360852907509,0.1553873111144165,0.0241534382176745,0.0241534382176745,-0.0865050951494766,0.0865050951494766,0.8352041976777189,0.4616922908451122,,b1907
TCGA-COADREAD,M2_msd_coexpr,908,PYGO2;DARS2;P4HA2;FAM69A,0.0,0.0945798208500071,0.1704133816283063,0.0905616985192031,0.0905616985192031,0.0531897655005272,0.0531897655005272,0.4130487680339372,0.6316275685763337,,b1908
TCGA-COADREAD,M2_msd_coexpr,909,WTAP;MRPL21;FNDC3A;FAM73A,0.0,0.0573435788184547,0.0824256344082974,-0.1745546024594559,0.1745546024594559,-0.1757031340626603,0.1757031340626603,0.1081024682692364,0.1257922355503098,,b1909
TCGA-COADREAD,M2_msd_coexpr,910,DAXX;C1GALT1C1;PLEKHG3;C11orf80,0.0,0.099307682031381,0.1688359929433432,0.0655841228289248,0.0655841228289248,0.022100697531756,0.022100697531756,0.5426248352658847,0.8342451963165307,,b1910
TCGA-COADREAD,M2_msd_coexpr,911,BFAR;VMA21;ANAPC11;C15orf38,0.0,0.0451423756770522,0.0872271884997902,0.0119768940005295,0.0119768940005295,0.0414719220690332,0.0414719220690332,0.9122832483075712,0.7270386657490098,,b1911
TCGA-COADREAD,M2_msd_coexpr,912,MFF;SSBP4;MKKS;MTCP1NB,0.0,0.1226117914370192,0.2043982277278922,0.0093472265464676,0.0093472265464676,0.0296657614707183,0.0296657614707183,0.93413455930108,0.8098795938788037,,b1912
TCGA-COADREAD,M2_msd_coexpr,913,SPOP;BBX;C7orf59;HSD17B7,0.0,0.0859067431665135,0.1937361329339512,0.1467633935336854,0.1467633935336854,0.0805737693543883,0.0805737693543883,0.1530025930801599,0.4624562871945554,,b1913
TCGA-COADREAD,M2_msd_coexpr,914,AFTPH;PEX16;AURKAIP1;C11orf67,0.0,0.1169493729535907,0.2122989392458147,0.02162603867533,0.02162603867533,-0.057416158956371,0.057416158956371,0.8522550985388713,0.6185766680009812,,b1914
TCGA-COADREAD,M2_msd_coexpr,915,TIAL1;TMEM70;ACOT7;TMEM93,0.0,0.0957811593456846,0.1324534700074126,-0.041464875179534,0.041464875179534,0.0662882359236583,0.0662882359236583,0.7086390236279143,0.5638907113288876,,b1915
TCGA-COADREAD,M2_msd_coexpr,916,KPNA1;MEF2A;TBC1D2B;PPIL5,0.0,0.1219846824700898,0.1553873111144165,-0.0033026971171102,0.0033026971171102,0.0349165420232289,0.0349165420232289,0.9764608262667728,0.7696559367572828,,b1916
TCGA-COADREAD,M2_msd_coexpr,917,DNAJA2;YIF1B;PEPD;AZI1,0.0,0.0761334491091974,0.1368810251215704,-0.0576233497160888,0.0576233497160888,-0.0670080658431453,0.0670080658431453,0.6079295298191556,0.5627898555271185,,b1917
TCGA-COADREAD,M2_msd_coexpr,918,CCNY;PRDM2;C6orf115;ZNF224,0.0,0.1333987292206593,0.2032677139231311,0.0603045263806678,0.0603045263806678,0.0612444818605504,0.0612444818605504,0.5673265856353293,0.5857276842466781,,b1918
TCGA-COADREAD,M2_msd_coexpr,919,SPPL3;NCAPD3;RPIA;PAQR7,0.0,0.1236430993208031,0.157722909965657,0.0690055692065029,0.0690055692065029,0.0396698074177437,0.0396698074177437,0.5427769697923606,0.7292307653865189,,b1919
TCGA-COADREAD,M2_msd_coexpr,920,CTCF;MRPL27;AAGAB;PUS7L,0.0,0.1141240707800342,0.1495235085357213,-0.2454724666308858,0.2454724666308858,-0.1661509014516626,0.1661509014516626,0.0275895608053031,0.1384334030430463,,b1920
TCGA-COADREAD,M2_msd_coexpr,921,RIC8A;RRP1;LAS1L;FAM69A,0.0,0.072561831186522,0.1215171852558451,-0.0041906367456538,0.0041906367456538,0.0749554192244166,0.0749554192244166,0.9699753367894892,0.5176044695467305,,b1921
TCGA-COADREAD,M2_msd_coexpr,922,PYGO2;TMEM70;PACS1;C21orf91,0.0,0.1411335969176594,0.1745867486712663,0.192433627537658,0.192433627537658,0.1813233997221519,0.1813233997221519,0.1004119793895764,0.1084574505999347,,b1922
TCGA-COADREAD,M2_msd_coexpr,923,DNAJC14;HMBS;PRC1;FBXO5,0.0,0.130431044055103,0.201921268011879,-0.0805521754763472,0.0805521754763472,0.0017430563298194,0.0017430563298194,0.483232506212686,0.988537769580188,,b1923
TCGA-COADREAD,M2_msd_coexpr,924,RNF220;SLC39A13;RIOK3;CXorf56,0.0,0.1134237896516995,0.1435138175395247,0.2857092225321724,0.2857092225321724,0.1096007369177505,0.1096007369177505,0.0183234464382254,0.3528649428094826,,b1924
TCGA-COADREAD,M2_msd_coexpr,925,UBE2Q1;BAZ2B;C7orf50;PPIL5,0.0,0.0904544223415105,0.1842892273088957,0.0798669876940654,0.0798669876940654,0.0034159972799599,0.0034159972799599,0.4378172739343161,0.973285420328396,,b1925
TCGA-COADREAD,M2_msd_coexpr,926,CPSF7;KLHDC2;CHD2;STRADB,0.0,0.039762679728076,0.0600899363157333,0.0020438027350822,0.0020438027350822,-0.0606833404687556,0.0606833404687556,0.9857814139824014,0.6247665928214248,,b1926
TCGA-COADREAD,M2_msd_coexpr,927,EIF4E2;RFXANK;UQCC;FAM73A,0.0,0.0935778265907434,0.1880705204977424,-0.0040548833575043,0.0040548833575043,0.0611000575773505,0.0611000575773505,0.9701425415703124,0.5962240341753906,,b1927
TCGA-COADREAD,M2_msd_coexpr,928,PPP6C;BBX;PPP2CB;CXorf23,0.0,0.0912823562255113,0.1817684949637832,-0.0232507814649409,0.0232507814649409,-0.0285687508722485,0.0285687508722485,0.8387521695049773,0.8025691581814592,,b1928
TCGA-COADREAD,M2_msd_coexpr,929,SPPL3;SSBP4;ATP6V1B2;ZNF224,0.0,0.1372900131321468,0.2032677139231311,-0.0107279930109296,0.0107279930109296,-0.0132096301048343,0.0132096301048343,0.9196188546687432,0.906701789807386,,b1929
TCGA-COADREAD,M2_msd_coexpr,930,RAF1;VMA21;FAM162A;TMTC2,0.0,0.0807366591120428,0.112645479013506,0.100168170706633,0.100168170706633,0.095058988499021,0.095058988499021,0.4047532943953926,0.4275150365033905,,b1930
TCGA-COADREAD,M2_msd_coexpr,931,YTHDF2;CDK5RAP1;SMAGP;PEMT,0.0,0.0723388813085817,0.1528879479041985,-0.0770117700309188,0.0770117700309188,-0.0313401841278723,0.0313401841278723,0.4747330337782084,0.7878638518435978,,b1931
TCGA-COADREAD,M2_msd_coexpr,932,GSK3B;SLC39A13;LRRC8A;ZMYM5,0.0,0.0917592852131037,0.13269428137254,0.3621886435853895,0.3621886435853895,0.1337846710000357,0.1337846710000357,0.000650084581467,0.2389311374874958,,b1932
TCGA-COADREAD,M2_msd_coexpr,933,SPOP;TGS1;UTP14A;PTENP1,0.0,0.1490354458015891,0.206128539325105,0.1349459402311863,0.1349459402311863,0.1323623913257719,0.1323623913257719,0.2072611799413287,0.2491869849446196,,b1933
TCGA-COADREAD,M2_msd_coexpr,934,KPNA4;GNL3L;IVD;SGOL2,0.0,0.0630520704314171,0.0757121910854097,-0.2535899697402539,0.2535899697402539,-0.108271644678194,0.108271644678194,0.0283481738048347,0.3524364444356642,,b1934
TCGA-COADREAD,M2_msd_coexpr,935,SPPL3;BACH1;DVL1;KIF9,0.0,0.1087611523332066,0.2079726276652049,0.0173234822245389,0.0173234822245389,0.0103312805156059,0.0103312805156059,0.8800036084783027,0.9327424411032832,,b1935
TCGA-COADREAD,M2_msd_coexpr,936,YTHDF2;ULK1;BAX;PHF17,0.0,0.0432996359570784,0.0944431361660875,0.0152480644432709,0.0152480644432709,-0.0142065130096967,0.0142065130096967,0.8900286765863562,0.9035275133160422,,b1936
TCGA-COADREAD,M2_msd_coexpr,937,YTHDC1;SESTD1;EML2;ZNF680,0.0,0.163620501731157,0.2235339011511875,0.0809191782079118,0.0809191782079118,-0.056258645952952,0.056258645952952,0.4846521809939319,0.6456209053019816,,b1937
TCGA-COADREAD,M2_msd_coexpr,938,RIC8A;YIF1B;LRRC16A;CDKN2D,0.0,0.1521248926208917,0.2354209680966666,-0.061303737892023,0.061303737892023,-0.0194843865990001,0.0194843865990001,0.5642160299445202,0.854076788278255,,b1938
TCGA-COADREAD,M2_msd_coexpr,939,SPPL3;SFXN4;LSM7;CLCN6,0.0,0.1191267054690841,0.157722909965657,0.1623965333722627,0.1623965333722627,0.1450172974436216,0.1450172974436216,0.1435833725044203,0.1624458132936489,,b1939
TCGA-COADREAD,M2_msd_coexpr,940,CPSF7;MRPS23;CARS2;CXorf23,0.0,0.0992002307251007,0.1817684949637832,-0.0569793537884795,0.0569793537884795,-0.1129855804673461,0.1129855804673461,0.601760816824018,0.3485257842722427,,b1940
TCGA-COADREAD,M2_msd_coexpr,941,CUL3;RPUSD1;ASXL1;MTHFS,0.0,0.0672906346672391,0.0737081546376698,-0.0395937964839865,0.0395937964839865,-0.0702047904507326,0.0702047904507326,0.7144220176041478,0.5398531604276839,,b1941
TCGA-COADREAD,M2_msd_coexpr,942,DNAJB12;SS18;HGSNAT;AKAP10,0.0,0.106925667661627,0.1989139566201761,0.0753369080840835,0.0753369080840835,-0.0197056691145879,0.0197056691145879,0.4589089691396524,0.8511174167052797,,b1942
TCGA-COADREAD,M2_msd_coexpr,943,FAM32A;RFXANK;TIMM17B;C1orf112,0.0,0.0973318787821671,0.1882259334406316,0.0584203568543789,0.0584203568543789,0.1056193814971193,0.1056193814971193,0.5809551177643988,0.3304965242195117,,b1943
TCGA-COADREAD,M2_msd_coexpr,944,SPPL3;FBXL19;CCPG1;FAM18B2,0.0,0.1664603689115935,0.219129984496519,0.097035263010812,0.097035263010812,-0.0165899728233665,0.0165899728233665,0.3748642458220952,0.8806792736810305,,b1944
TCGA-COADREAD,M2_msd_coexpr,945,GORASP1;HNF1A;NCOA3;PLK4,0.0,0.1048335068840282,0.1667385805104649,-0.1360471424244339,0.1360471424244339,-0.2341928284696157,0.2341928284696157,0.2072528925242566,0.0478672761275406,,b1945
TCGA-COADREAD,M2_msd_coexpr,946,SMU1;SSBP4;MRP63;C15orf38,0.0,0.0721381918222304,0.1251092261614456,-0.0538006961972322,0.0538006961972322,-0.0523995757708615,0.0523995757708615,0.6263958798455465,0.6502984749732373,,b1946
TCGA-COADREAD,M2_msd_coexpr,947,PPP3R1;PHF6;PLEKHG3;ZNF302,0.0,0.0880770172288253,0.1688359929433432,0.0280241710239179,0.0280241710239179,0.0003366672988239,0.0003366672988239,0.811988025211498,0.997956543415044,,b1947
TCGA-COADREAD,M2_msd_coexpr,948,CUL3;UBE2V2;UQCR10;SAC3D1,0.0,0.0898813889950084,0.1319615414543751,-0.0359199603412739,0.0359199603412739,0.0760717125991337,0.0760717125991337,0.7470232156303153,0.5062008888771008,,b1948
TCGA-COADREAD,M2_msd_coexpr,949,UBE2Q1;PTAR1;MEST;C11orf67,0.0,0.1180086944840789,0.2122989392458147,0.074437363821316,0.074437363821316,0.0544599631337376,0.0544599631337376,0.4661254518156535,0.5998042059627982,,b1949
TCGA-COADREAD,M2_msd_coexpr,950,GPBP1;BID;GGCT;C3orf64,0.0,0.0593388324037289,0.0790262495298335,0.1615259094655072,0.1615259094655072,0.2731954037895673,0.2731954037895673,0.1423422459558988,0.0096559201567192,,b1950
TCGA-COADREAD,M2_msd_coexpr,951,WTAP;CETN2;AFAP1;FAM73A,0.0,0.0745615673240362,0.1009216430971803,-0.0608168351930266,0.0608168351930266,0.0519604028421636,0.0519604028421636,0.5724505623028455,0.6223957380971945,,b1951
TCGA-COADREAD,M2_msd_coexpr,952,EIF4E2;ATR;N4BP2L2;TMLHE,0.0,0.1179442619340498,0.2252776249955484,-0.0244153355406495,0.0244153355406495,-0.0765222603771341,0.0765222603771341,0.8192799096735813,0.4974693486191477,,b1952
TCGA-COADREAD,M2_msd_coexpr,953,PPP6C;NUDT19;ANLN;ITGB3BP,0.0,0.1290244928791719,0.179194393054761,-0.0597064230885912,0.0597064230885912,0.0682205699909074,0.0682205699909074,0.5906371793936291,0.5504551120854533,,b1953
TCGA-COADREAD,M2_msd_coexpr,954,ABCF3;WDFY3;MTIF3;PIN4,0.0,0.1456873233432857,0.2173900975031464,0.2025959257358167,0.2025959257358167,0.0959043819374483,0.0959043819374483,0.0544257043102604,0.3616998293253446,,b1954
TCGA-COADREAD,M2_msd_coexpr,955,RSRC2;FBXL3;CTNNBL1;MAGOHB,0.0,0.0906532863710861,0.1383116533788921,0.0387772927019971,0.0387772927019971,-0.0504446904319082,0.0504446904319082,0.694781028526068,0.6488250158679402,,b1955
TCGA-COADREAD,M2_msd_coexpr,956,PYGO2;ULK1;ANLN;RAB11FIP2,0.0,0.10820466000485,0.179194393054761,0.2626775490535219,0.2626775490535219,0.1881231460200171,0.1881231460200171,0.0171458640041898,0.0988566744340914,,b1956
TCGA-COADREAD,M2_msd_coexpr,957,KPNA1;WDR74;FMR1;ZMYM5,0.0,0.1047097671110245,0.1553873111144165,0.147220273263975,0.147220273263975,0.0031941105336876,0.0031941105336876,0.1686133607589912,0.9773711805205608,,b1957
TCGA-COADREAD,M2_msd_coexpr,958,RBM17;SMG6;EHBP1L1;LRFN3,0.0,0.0878621549965195,0.1333703240104168,0.0986529560947979,0.0986529560947979,0.1244411175876088,0.1244411175876088,0.3537389605284252,0.2824403157811457,,b1958
TCGA-COADREAD,M2_msd_coexpr,959,QRICH1;PDZD11;KDM5B;LRFN3,0.0,0.1139798305718632,0.1613620388033351,-0.1764922687263692,0.1764922687263692,-0.0877620490076843,0.0877620490076843,0.0987976547450958,0.39352676534,,b1959
TCGA-COADREAD,M2_msd_coexpr,960,RBM17;C1orf9;ZWINT;ZDHHC1,0.0,0.151975707520425,0.2334399872135929,0.2810329879678863,0.2810329879678863,0.2744107394230699,0.2744107394230699,0.0096329477198981,0.0087613465487693,,b1960
TCGA-COADREAD,M2_msd_coexpr,961,CTCF;C1orf9;FAM84B;ZNF496,0.0,0.1108653702444337,0.1196334041118048,-0.0501921306570297,0.0501921306570297,-0.1772513190260401,0.1772513190260401,0.6694076930902929,0.1364063219112027,,b1961
TCGA-COADREAD,M2_msd_coexpr,962,PPP6C;KIAA0913;EID1;C17orf58,0.0,0.0887175155059522,0.2198715261115323,0.2456521044826653,0.2456521044826653,0.2084519120048819,0.2084519120048819,0.0313782563936714,0.0842905868454159,,b1962
TCGA-COADREAD,M2_msd_coexpr,963,CTCF;NOC4L;MRPL15;FBXO5,0.0,0.1018217439072689,0.1202101648865717,-0.1306788876756713,0.1306788876756713,-0.0826943670642,0.0826943670642,0.2360216243589524,0.4803674574643662,,b1963
TCGA-COADREAD,M2_msd_coexpr,964,RIC8A;MRPL42;PRC1;KLHL22,0.0,0.1251100189867045,0.1636246408554948,-0.1529034871863098,0.1529034871863098,0.0250884959310216,0.0250884959310216,0.1559387872159036,0.8381113141715671,,b1964
TCGA-COADREAD,M2_msd_coexpr,965,AFTPH;MEF2A;ERBB2IP;ZDHHC1,0.0,0.1458088535034437,0.2334399872135929,0.2486749663020579,0.2486749663020579,0.1034996644838991,0.1034996644838991,0.0298731135168386,0.3653019002090265,,b1965
TCGA-COADREAD,M2_msd_coexpr,966,CCNY;ZBTB33;HGSNAT;PUS7L,0.0,0.0989063660250965,0.1480393160222983,-0.022356109243975,0.022356109243975,0.0090698604779935,0.0090698604779935,0.8293460021779089,0.9293588250179344,,b1966
TCGA-COADREAD,M2_msd_coexpr,967,MFF;C12orf62;MBNL2;ZNF680,0.0,0.1522333836945335,0.2235339011511875,0.0567450510778607,0.0567450510778607,0.0257037286521756,0.0257037286521756,0.5851002889935073,0.8114003473257543,,b1967
TCGA-COADREAD,M2_msd_coexpr,968,ATMIN;BACH1;IMPDH1;PIGW,0.0,0.1050864097000611,0.1726724691436315,-0.01128783081952,0.01128783081952,0.0121521219844537,0.0121521219844537,0.91785335687204,0.9128157535735906,,b1968
TCGA-COADREAD,M2_msd_coexpr,969,FUBP3;TSEN54;FAM84B;FBXL15,0.0,0.1039860225139384,0.1323198465325072,-0.0018757681593303,0.0018757681593303,-0.0999960473874532,0.0999960473874532,0.9858071890739556,0.3455599463894752,,b1969
TCGA-COADREAD,M2_msd_coexpr,970,AFTPH;C10orf2;NDRG3;C17orf58,0.0,0.1443585414515942,0.2198715261115323,-0.0961325541298965,0.0961325541298965,-0.1621207534396471,0.1621207534396471,0.3827111628363264,0.1328204953446595,,b1970
TCGA-COADREAD,M2_msd_coexpr,971,TIAL1;BCL2L2;IVD;PLK4,0.0,0.0847394666588902,0.1324534700074126,-0.0428586184183867,0.0428586184183867,0.0960659660520116,0.0960659660520116,0.7029863233349817,0.4105876332980793,,b1971
TCGA-COADREAD,M2_msd_coexpr,972,RBM22;KIAA0355;LZTS2;LOC151534,0.0,0.1512640853387896,0.2081561387806139,0.2680910204914665,0.2680910204914665,0.089324720765874,0.089324720765874,0.0103130360584883,0.4437452709518085,,b1972
TCGA-COADREAD,M2_msd_coexpr,973,ATMIN;NR2C2;GNAQ;PUS7L,0.0,0.126823802211279,0.1726724691436315,-0.0719424684957722,0.0719424684957722,0.0164938824985285,0.0164938824985285,0.4866890691364439,0.8743525416159652,,b1973
TCGA-COADREAD,M2_msd_coexpr,974,SPPL3;LRCH4;ASXL1;MXD3,0.0,0.087216453265698,0.157722909965657,0.2038416522469846,0.2038416522469846,0.0689403481157905,0.0689403481157905,0.0528442777634804,0.5110986820541674,,b1974
TCGA-COADREAD,M2_msd_coexpr,975,BET1L;SLC37A4;PJA2;C12orf45,0.0,0.0666716876401755,0.0866566280301897,-0.0425914783005976,0.0425914783005976,-0.1346172556572647,0.1346172556572647,0.6961957634757356,0.2229443524296173,,b1975
TCGA-COADREAD,M2_msd_coexpr,976,FBXO18;CTPS;GNAQ;NSMCE2,0.0,0.0769581939892899,0.1264335959198583,-0.0101837427568919,0.0101837427568919,0.0944936316939959,0.0944936316939959,0.9197573991745518,0.3221231293158778,,b1976
TCGA-COADREAD,M2_msd_coexpr,977,IWS1;LARS2;SLC25A23;UHRF1BP1L,0.0,0.0765751736640281,0.1560813496805183,-0.1629717873379609,0.1629717873379609,-0.1388740209003654,0.1388740209003654,0.1167941029708742,0.2507193357175979,,b1977
TCGA-COADREAD,M2_msd_coexpr,978,YY1;PTAR1;BRP44;ITGAE,0.0,0.1109788601171307,0.1249327851538434,-0.1200005484414522,0.1200005484414522,0.1066302019637283,0.1066302019637283,0.2758545247717636,0.3585249743164787,,b1978
TCGA-COADREAD,M2_msd_coexpr,979,ABCF3;FBRSL1;MLL;FAM165B,0.0,0.1220668523719812,0.2173900975031464,0.2615907073737432,0.2615907073737432,0.2015531788764573,0.2015531788764573,0.0243311995293838,0.0837476627625886,,b1979
TCGA-COADREAD,M2_msd_coexpr,980,CTCF;LSM2;DCAF13;C9orf25,0.0,0.0598787253965694,0.1196334041118048,0.0100701548297595,0.0100701548297595,-0.0850461792806494,0.0850461792806494,0.925010550198076,0.4672367779946376,,b1980
TCGA-COADREAD,M2_msd_coexpr,981,KCMF1;TMEM70;RIOK3;NCRNA00183,0.0,0.1247752764409857,0.1721620867519841,0.0358861853455063,0.0358861853455063,0.0822363467068252,0.0822363467068252,0.7420654865672462,0.4869938575250473,,b1981
TCGA-COADREAD,M2_msd_coexpr,982,PPP3R1;CHCHD1;PACS1;AZI1,0.0,0.0918041599136541,0.1238556419362247,0.3231304221004474,0.3231304221004474,0.2017767535312959,0.2017767535312959,0.0034113615882588,0.0532682484645837,,b1982
TCGA-COADREAD,M2_msd_coexpr,983,PYGO2;NR2C2;RPIA;KIF24,0.0,0.1397532247651243,0.21920639288596,0.0809998279318875,0.0809998279318875,0.0487417919053271,0.0487417919053271,0.4781013489463648,0.6825475120448152,,b1983
TCGA-COADREAD,M2_msd_coexpr,984,SPOP;MRPL27;PRC1;RAB11FIP2,0.0,0.1111051382357291,0.1937361329339512,0.0434005025761478,0.0434005025761478,0.104824754416794,0.104824754416794,0.6857004137195738,0.3509724182694975,,b1984
TCGA-COADREAD,M2_msd_coexpr,985,CPSF7;BAZ2B;HPCAL1;FBXO5,0.0,0.0777463280977935,0.0935457306599193,0.0759843908888719,0.0759843908888719,-0.0481233690553899,0.0481233690553899,0.5140443121098759,0.6971013415270587,,b1985
TCGA-COADREAD,M2_msd_coexpr,986,AFTPH;BOD1L;MAP4K4;CXorf23,0.0,0.1014862795034194,0.1817684949637832,-0.0394632390611641,0.0394632390611641,-0.1636873612110563,0.1636873612110563,0.707019821747469,0.1741715248462615,,b1986
TCGA-COADREAD,M2_msd_coexpr,987,ATMIN;RFXANK;CARS2;BMP2K,0.0,0.1109765669344727,0.1726724691436315,0.0826631258231262,0.0826631258231262,0.1088261868919273,0.1088261868919273,0.4459348971601019,0.2613257429092961,,b1987
TCGA-COADREAD,M2_msd_coexpr,988,AFTPH;RFXANK;BAX;MTMR9,0.0,0.1145901166942572,0.2074697594324194,-0.0554795609065261,0.0554795609065261,-0.0393674949476246,0.0393674949476246,0.5969321294011326,0.7080902201126941,,b1988
TCGA-COADREAD,M2_msd_coexpr,989,RBM22;ZNRD1;MAP7D1;FAM174A,0.0,0.158848748927494,0.2081561387806139,0.0116210560549741,0.0116210560549741,-0.0973800558219783,0.0973800558219783,0.9192637006724008,0.4053602634389256,,b1989
TCGA-COADREAD,M2_msd_coexpr,990,GSK3B;PDE4DIP;TM7SF3;MED30,0.0,0.0868979355235372,0.1361587165378561,-0.0478092428536415,0.0478092428536415,-0.0402034685198787,0.0402034685198787,0.669835918184519,0.7155332651680966,,b1990
TCGA-COADREAD,M2_msd_coexpr,991,WDR33;PTPRE;SEC14L1;FAM174A,0.0,0.15983548014105,0.1810412416808322,-0.0166343553454963,0.0166343553454963,-0.0545259996175063,0.0545259996175063,0.8797385962455687,0.671311058846626,,b1991
TCGA-COADREAD,M2_msd_coexpr,992,RIC8A;BACH1;TJP1;ZNF75D,0.0,0.045944066354012,0.0819060241247083,0.0476404416133733,0.0476404416133733,0.0481351590092438,0.0481351590092438,0.6827706824313206,0.6587217410087753,,b1992
TCGA-COADREAD,M2_msd_coexpr,993,VPS26B;GNL3L;TMEM106B;PPIL5,0.0,0.0756305080650831,0.1367785965022259,-0.219738160047841,0.219738160047841,-0.1580479345967566,0.1580479345967566,0.0462044433232112,0.1774513320711818,,b1993
TCGA-COADREAD,M2_msd_coexpr,994,GTF3C2;NUDT19;EHBP1L1;KIF9,0.0,0.1374046903185656,0.2079726276652049,-0.1330348296810654,0.1330348296810654,-0.1437900486689818,0.1437900486689818,0.2168798490692288,0.2184797505736649,,b1994
TCGA-COADREAD,M2_msd_coexpr,995,YTHDF2;KIAA0913;ANAPC11;?|10357,0.0,0.0638535243682917,0.138226060279184,0.0520842592298211,0.0520842592298211,-0.0564991781596771,0.0564991781596771,0.5794947214598382,0.5270159566278341,,b1995
TCGA-COADREAD,M2_msd_coexpr,996,DNAJA2;PEX16;FAM128B;CXorf56,0.0,0.086871782178358,0.1435138175395247,0.0283313125290524,0.0283313125290524,-0.0607399919707243,0.0607399919707243,0.8018808736823863,0.6107359577334983,,b1996
TCGA-COADREAD,M2_msd_coexpr,997,MFF;POLR1C;WDR77;KLHL22,0.0,0.1165155613138198,0.1600565744556151,-0.0941802818513384,0.0941802818513384,0.0057132049770919,0.0057132049770919,0.3919309081890711,0.9621731646715536,,b1997
TCGA-COADREAD,M2_msd_coexpr,998,TIAL1;LSM2;IPO4;PHF17,0.0,0.0648153743724267,0.1324534700074126,0.0241736042648951,0.0241736042648951,0.1041173872276527,0.1041173872276527,0.8246976968556667,0.376930420364413,,b1998
TCGA-COADREAD,M2_msd_coexpr,999,AGFG1;ALG8;FUNDC2;FAM73A,0.0,0.0859756007365011,0.1477837512424736,-0.2427633740340667,0.2427633740340667,-0.2231258748901975,0.2231258748901975,0.0224546920876491,0.0488222203820313,,b1999
