file,sheet,row,values
results\c1_sources\extracted\GC_SEED\medi-103-e37189-s001.xlsx,corResult,1,Oxeiptosis-related genes | lncRNA | Correlation | P-value | Regulation
results\c1_sources\extracted\GC_SEED\medi-103-e37189-s001.xlsx,corResult,3,KEAP1 | AC138956.1 | -0.279459509023955 | 3.71945248583335e-08 | negative
results\c1_sources\extracted\GC_SEED\medi-103-e37189-s001.xlsx,corResult,5,KEAP1 | AL159169.2 | -0.303588875205079 | 1.95410584117839e-09 | negative
results\c1_sources\extracted\GC_SEED\medi-103-e37189-s001.xlsx,corResult,6,KEAP1 | AC010320.3 | -0.275581555403885 | 5.82194293504987e-08 | negative
results\c1_sources\extracted\GC_SEED\medi-103-e37189-s001.xlsx,corResult,7,KEAP1 | ACBD3-AS1 | -0.217385482865097 | 2.17147976828089e-05 | negative
results\c1_sources\extracted\GC_SEED\medi-103-e37189-s001.xlsx,corResult,9,KEAP1 | AC090510.2 | -0.212530634195576 | 3.33351125710877e-05 | negative
results\c1_sources\extracted\GC_SEED\medi-103-e37189-s001.xlsx,corResult,11,KEAP1 | AC006042.1 | -0.259070357340033 | 3.63309590230394e-07 | negative
results\c1_sources\extracted\GC_SEED\medi-103-e37189-s001.xlsx,corResult,14,KEAP1 | MPRIP-AS1 | -0.207044947538382 | 5.34781346958792e-05 | negative
results\c1_sources\extracted\GC_SEED\medi-103-e37189-s001.xlsx,corResult,15,KEAP1 | AC000123.1 | -0.244765995384893 | 1.60887870599225e-06 | negative
results\c1_sources\extracted\GC_SEED\medi-103-e37189-s001.xlsx,corResult,17,KEAP1 | Z83843.1 | -0.319659842557723 | 2.34988528178282e-10 | negative
results\c1_sources\extracted\GC_SEED\medi-103-e37189-s001.xlsx,corResult,19,KEAP1 | AL136221.1 | -0.213648794622751 | 3.02275602075921e-05 | negative
results\c1_sources\extracted\GC_SEED\medi-103-e37189-s001.xlsx,corResult,21,KEAP1 | AC092375.2 | -0.217830454224896 | 2.08681023942911e-05 | negative
results\c1_sources\extracted\GC_SEED\medi-103-e37189-s001.xlsx,corResult,22,KEAP1 | AP000919.1 | -0.235728775563658 | 3.9342976618769e-06 | negative
results\c1_sources\extracted\GC_SEED\medi-103-e37189-s001.xlsx,corResult,24,KEAP1 | AC012676.4 | -0.201705285663785 | 8.37287216987598e-05 | negative
results\c1_sources\extracted\GC_SEED\medi-103-e37189-s001.xlsx,corResult,25,KEAP1 | INTS9-AS1 | -0.291335726000875 | 9.02955398006405e-09 | negative
results\c1_sources\extracted\GC_SEED\medi-103-e37189-s001.xlsx,corResult,27,KEAP1 | HOXC-AS2 | 0.203487866439149 | 7.21829857999167e-05 | postive
results\c1_sources\extracted\GC_SEED\medi-103-e37189-s001.xlsx,corResult,32,KEAP1 | AC009090.1 | -0.312460166584737 | 6.16593509299036e-10 | negative
results\c1_sources\extracted\GC_SEED\medi-103-e37189-s001.xlsx,corResult,33,KEAP1 | LINC01004 | -0.243036765405462 | 1.91432024894024e-06 | negative
results\c1_sources\extracted\GC_SEED\medi-103-e37189-s001.xlsx,corResult,34,KEAP1 | AC105935.2 | -0.20192966123187 | 8.21852823121592e-05 | negative
results\c1_sources\extracted\GC_SEED\medi-103-e37189-s001.xlsx,corResult,36,KEAP1 | AC005332.1 | -0.236267356901308 | 3.73379519364818e-06 | negative
results\c1_sources\extracted\GC_SEED\medi-103-e37189-s001.xlsx,corResult,38,KEAP1 | AL354989.1 | -0.232563078182463 | 5.33711193918786e-06 | negative
results\c1_sources\extracted\GC_SEED\medi-103-e37189-s001.xlsx,corResult,39,KEAP1 | AC027290.2 | -0.272736423209981 | 8.05237159423684e-08 | negative
results\c1_sources\extracted\GC_SEED\medi-103-e37189-s001.xlsx,corResult,42,KEAP1 | AL122035.2 | -0.275697746458023 | 5.74488524431377e-08 | negative
results\c1_sources\extracted\GC_SEED\medi-103-e37189-s001.xlsx,corResult,44,KEAP1 | IGBP1-AS1 | -0.282759262935113 | 2.52653716236181e-08 | negative
results\c1_sources\extracted\GC_SEED\medi-103-e37189-s001.xlsx,corResult,46,KEAP1 | ASAP1-IT2 | -0.236779522978791 | 3.55220452329031e-06 | negative
results\c1_sources\extracted\GC_SEED\medi-103-e37189-s001.xlsx,corResult,47,KEAP1 | AL157762.1 | -0.210620881501201 | 3.93524449531852e-05 | negative
results\c1_sources\extracted\GC_SEED\medi-103-e37189-s001.xlsx,corResult,48,KEAP1 | AC012186.2 | -0.207941965972797 | 4.95421759146924e-05 | negative
results\c1_sources\extracted\GC_SEED\medi-103-e37189-s001.xlsx,corResult,54,KEAP1 | AC007342.4 | 0.225167645042166 | 1.07031055506976e-05 | postive
results\c1_sources\extracted\GC_SEED\medi-103-e37189-s001.xlsx,corResult,55,KEAP1 | AC005730.3 | -0.230302827832314 | 6.61809858524138e-06 | negative
results\c1_sources\extracted\GC_SEED\medi-103-e37189-s001.xlsx,corResult,56,KEAP1 | AC061961.1 | 0.336634280366483 | 2.17916772656319e-11 | postive
results\c1_sources\extracted\GC_SEED\medi-103-e37189-s001.xlsx,corResult,60,KEAP1 | AC084782.3 | -0.211123590061857 | 3.76758987472761e-05 | negative
results\c1_sources\extracted\GC_SEED\medi-103-e37189-s001.xlsx,corResult,61,KEAP1 | AL136295.6 | -0.254710873413444 | 5.77265429204123e-07 | negative
results\c1_sources\extracted\GC_SEED\medi-103-e37189-s001.xlsx,corResult,63,KEAP1 | ITCH-IT1 | -0.271197078872052 | 9.58216099348346e-08 | negative
results\c1_sources\extracted\GC_SEED\medi-103-e37189-s001.xlsx,corResult,65,KEAP1 | NR2F2-AS1 | -0.233344538266738 | 4.95205777047021e-06 | negative
results\c1_sources\extracted\GC_SEED\medi-103-e37189-s001.xlsx,corResult,67,KEAP1 | AC011465.1 | -0.274641647784743 | 6.48303924961236e-08 | negative
results\c1_sources\extracted\GC_SEED\medi-103-e37189-s001.xlsx,corResult,72,KEAP1 | AL137779.1 | -0.230018470670193 | 6.79861560498142e-06 | negative
results\c1_sources\extracted\GC_SEED\medi-103-e37189-s001.xlsx,corResult,75,KEAP1 | AC020663.3 | -0.220771497229028 | 1.60110721573661e-05 | negative
results\c1_sources\extracted\GC_SEED\medi-103-e37189-s001.xlsx,corResult,76,KEAP1 | AL121583.1 | -0.219116248860675 | 1.85939124688818e-05 | negative
results\c1_sources\extracted\GC_SEED\medi-103-e37189-s001.xlsx,corResult,77,KEAP1 | AC073896.4 | -0.220195755533596 | 1.6868175756981e-05 | negative
results\c1_sources\extracted\GC_SEED\medi-103-e37189-s001.xlsx,corResult,79,KEAP1 | AC090587.1 | 0.224349461771717 | 1.1543274885491e-05 | postive
results\c1_sources\extracted\GC_SEED\medi-103-e37189-s001.xlsx,corResult,82,KEAP1 | AC009120.2 | -0.275233988748605 | 6.05844978461953e-08 | negative
results\c1_sources\extracted\GC_SEED\medi-103-e37189-s001.xlsx,corResult,84,KEAP1 | MNX1-AS1 | 0.244184659962483 | 1.70594448176892e-06 | postive
results\c1_sources\extracted\GC_SEED\medi-103-e37189-s001.xlsx,corResult,85,KEAP1 | AL731577.2 | 0.257228322697874 | 4.4227738032985e-07 | postive
results\c1_sources\extracted\GC_SEED\medi-103-e37189-s001.xlsx,corResult,88,KEAP1 | AP001350.1 | -0.320679841995519 | 2.04542414153409e-10 | negative
results\c1_sources\extracted\GC_SEED\medi-103-e37189-s001.xlsx,corResult,89,KEAP1 | AC010168.2 | -0.234671520434255 | 4.35817338748496e-06 | negative
results\c1_sources\extracted\GC_SEED\medi-103-e37189-s001.xlsx,corResult,91,KEAP1 | AC067852.3 | -0.327960661521868 | 7.48160156734493e-11 | negative
results\c1_sources\extracted\GC_SEED\medi-103-e37189-s001.xlsx,corResult,93,KEAP1 | AC019080.5 | -0.201545138436736 | 8.48469869690472e-05 | negative
results\c1_sources\extracted\GC_SEED\medi-103-e37189-s001.xlsx,corResult,96,KEAP1 | AL023584.2 | -0.204380282913265 | 6.69829933433325e-05 | negative
results\c1_sources\extracted\GC_SEED\medi-103-e37189-s001.xlsx,corResult,99,KEAP1 | AL157871.5 | -0.274476328798216 | 6.60657455271611e-08 | negative
results\c1_sources\extracted\GC_SEED\medi-103-e37189-s001.xlsx,corResult,101,KEAP1 | AL138976.2 | -0.234897804592705 | 4.26393939664516e-06 | negative
results\c1_sources\extracted\GC_SEED\medi-103-e37189-s001.xlsx,corResult,104,KEAP1 | AC011825.2 | -0.230127343719405 | 6.72895297118409e-06 | negative
results\c1_sources\extracted\GC_SEED\medi-103-e37189-s001.xlsx,corResult,106,KEAP1 | AC005522.1 | -0.21622929575135 | 2.40696644235449e-05 | negative
results\c1_sources\extracted\GC_SEED\medi-103-e37189-s001.xlsx,corResult,108,KEAP1 | AC006435.2 | -0.28676313719266 | 1.56955694990254e-08 | negative
results\c1_sources\extracted\GC_SEED\medi-103-e37189-s001.xlsx,corResult,111,KEAP1 | AL359715.2 | -0.277609657727423 | 4.60974259891024e-08 | negative
results\c1_sources\extracted\GC_SEED\medi-103-e37189-s001.xlsx,corResult,112,KEAP1 | AC022558.3 | -0.23522954751436 | 4.12929581197468e-06 | negative
results\c1_sources\extracted\GC_SEED\medi-103-e37189-s001.xlsx,corResult,115,KEAP1 | AC100847.1 | -0.226640944165435 | 9.33479150246777e-06 | negative
results\c1_sources\extracted\GC_SEED\medi-103-e37189-s001.xlsx,corResult,117,KEAP1 | AC079921.1 | -0.255160011776732 | 5.50587293544502e-07 | negative
results\c1_sources\extracted\GC_SEED\medi-103-e37189-s001.xlsx,corResult,121,KEAP1 | AP002784.1 | 0.338905307198931 | 1.567583784287e-11 | postive
results\c1_sources\extracted\GC_SEED\medi-103-e37189-s001.xlsx,corResult,124,KEAP1 | C1orf195 | -0.260462373980379 | 3.12818118166213e-07 | negative
results\c1_sources\extracted\GC_SEED\medi-103-e37189-s001.xlsx,corResult,125,KEAP1 | AC090617.4 | -0.220157734707599 | 1.69262837454267e-05 | negative
results\c1_sources\extracted\GC_SEED\medi-103-e37189-s001.xlsx,corResult,127,KEAP1 | Z93930.3 | -0.201194523567966 | 8.73444998373168e-05 | negative
results\c1_sources\extracted\GC_SEED\medi-103-e37189-s001.xlsx,corResult,131,KEAP1 | LAMC1-AS1 | -0.331919874834999 | 4.28107178101224e-11 | negative
results\c1_sources\extracted\GC_SEED\medi-103-e37189-s001.xlsx,corResult,132,KEAP1 | AL021707.7 | -0.306079000552914 | 1.41912538461351e-09 | negative
results\c1_sources\extracted\GC_SEED\medi-103-e37189-s001.xlsx,corResult,133,KEAP1 | AC007849.1 | -0.231376983365848 | 5.97655045773373e-06 | negative
results\c1_sources\extracted\GC_SEED\medi-103-e37189-s001.xlsx,corResult,134,KEAP1 | AC005695.2 | -0.245295053585377 | 1.52515582073799e-06 | negative
results\c1_sources\extracted\GC_SEED\medi-103-e37189-s001.xlsx,corResult,137,KEAP1 | AC023644.1 | -0.204511905023963 | 6.62466101692744e-05 | negative
results\c1_sources\extracted\GC_SEED\medi-103-e37189-s001.xlsx,corResult,140,KEAP1 | AC068620.2 | -0.361703222606686 | 4.93361210873718e-13 | negative
results\c1_sources\extracted\GC_SEED\medi-103-e37189-s001.xlsx,corResult,141,KEAP1 | AC068790.7 | -0.271548498634409 | 9.21000135565353e-08 | negative
results\c1_sources\extracted\GC_SEED\medi-103-e37189-s001.xlsx,corResult,143,KEAP1 | AC245100.7 | -0.210225576401051 | 4.07200718396875e-05 | negative
results\c1_sources\extracted\GC_SEED\medi-103-e37189-s001.xlsx,corResult,145,KEAP1 | AL513218.1 | -0.260587048633099 | 3.08640752913671e-07 | negative
results\c1_sources\extracted\GC_SEED\medi-103-e37189-s001.xlsx,corResult,147,KEAP1 | AC008870.2 | -0.305101948932032 | 1.60948842959804e-09 | negative
results\c1_sources\extracted\GC_SEED\medi-103-e37189-s001.xlsx,corResult,148,KEAP1 | AC004923.4 | -0.219780267530446 | 1.75135735366981e-05 | negative
results\c1_sources\extracted\GC_SEED\medi-103-e37189-s001.xlsx,corResult,149,KEAP1 | AC002553.1 | -0.378602000417773 | 3.16066073983986e-14 | negative
results\c1_sources\extracted\GC_SEED\medi-103-e37189-s001.xlsx,corResult,151,KEAP1 | AP001178.2 | -0.207114454771203 | 5.31629022197734e-05 | negative
results\c1_sources\extracted\GC_SEED\medi-103-e37189-s001.xlsx,corResult,153,KEAP1 | SIDT1-AS1 | -0.214313132746929 | 2.85132833036403e-05 | negative
results\c1_sources\extracted\GC_SEED\medi-103-e37189-s001.xlsx,corResult,154,KEAP1 | AC135050.5 | -0.210148517871497 | 4.09918485914848e-05 | negative
results\c1_sources\extracted\GC_SEED\medi-103-e37189-s001.xlsx,corResult,156,KEAP1 | AL353622.1 | -0.24728468445068 | 1.24611644950993e-06 | negative
results\c1_sources\extracted\GC_SEED\medi-103-e37189-s001.xlsx,corResult,158,KEAP1 | SNHG12 | -0.239981026230281 | 2.59443791807539e-06 | negative
results\c1_sources\extracted\GC_SEED\medi-103-e37189-s001.xlsx,corResult,160,KEAP1 | RHOA-IT1 | -0.293683819989706 | 6.77170959114599e-09 | negative
results\c1_sources\extracted\GC_SEED\medi-103-e37189-s001.xlsx,corResult,162,KEAP1 | AC079915.1 | -0.261705596356953 | 2.73486413905675e-07 | negative
results\c1_sources\extracted\GC_SEED\medi-103-e37189-s001.xlsx,corResult,163,KEAP1 | AL354892.3 | -0.238691029362223 | 2.94615412676805e-06 | negative
results\c1_sources\extracted\GC_SEED\medi-103-e37189-s001.xlsx,corResult,164,KEAP1 | AC008735.2 | -0.276574666776004 | 5.1942375405838803e-08 | negative
results\c1_sources\extracted\GC_SEED\medi-103-e37189-s001.xlsx,corResult,165,KEAP1 | AL035071.1 | -0.213704412591801 | 3.0080381871142e-05 | negative
results\c1_sources\extracted\GC_SEED\medi-103-e37189-s001.xlsx,corResult,168,KEAP1 | AC018690.1 | -0.251039925692244 | 8.47001139839404e-07 | negative
results\c1_sources\extracted\GC_SEED\medi-103-e37189-s001.xlsx,corResult,169,KEAP1 | AL596325.2 | -0.329120251242857 | 6.35840923564625e-11 | negative
results\c1_sources\extracted\GC_SEED\medi-103-e37189-s001.xlsx,corResult,173,KEAP1 | AL049838.1 | -0.261589910959051 | 2.76935494845439e-07 | negative
results\c1_sources\extracted\GC_SEED\medi-103-e37189-s001.xlsx,corResult,176,KEAP1 | AC004492.1 | -0.212251213449463 | 3.41575912779443e-05 | negative
results\c1_sources\extracted\GC_SEED\medi-103-e37189-s001.xlsx,corResult,180,KEAP1 | CR936218.1 | -0.240401407581648 | 2.4887638905935e-06 | negative
results\c1_sources\extracted\GC_SEED\medi-103-e37189-s001.xlsx,corResult,181,KEAP1 | AC009118.3 | -0.262233252359565 | 2.58271900820451e-07 | negative
results\c1_sources\extracted\GC_SEED\medi-103-e37189-s001.xlsx,corResult,182,KEAP1 | SKAP1-AS1 | -0.226024082627214 | 9.88610960055942e-06 | negative
results\c1_sources\extracted\GC_SEED\medi-103-e37189-s001.xlsx,corResult,185,KEAP1 | AC090589.3 | -0.234469510169061 | 4.44397483632471e-06 | negative
results\c1_sources\extracted\GC_SEED\medi-103-e37189-s001.xlsx,corResult,187,KEAP1 | AC008147.1 | -0.200883043301533 | 8.96211179663201e-05 | negative
results\c1_sources\extracted\GC_SEED\medi-103-e37189-s001.xlsx,corResult,188,KEAP1 | AP003170.4 | -0.272561847570251 | 8.21323573337465e-08 | negative
results\c1_sources\extracted\GC_SEED\medi-103-e37189-s001.xlsx,corResult,190,KEAP1 | AL157392.3 | -0.311374159109651 | 7.11581894293152e-10 | negative
results\c1_sources\extracted\GC_SEED\medi-103-e37189-s001.xlsx,corResult,191,KEAP1 | AC087620.1 | -0.256948409345959 | 4.55635380899373e-07 | negative
results\c1_sources\extracted\GC_SEED\medi-103-e37189-s001.xlsx,corResult,193,KEAP1 | AC007494.2 | -0.234802702379599 | 4.30330450796923e-06 | negative
results\c1_sources\extracted\GC_SEED\medi-103-e37189-s001.xlsx,corResult,196,KEAP1 | AL390728.6 | -0.335229205244084 | 2.66819235073275e-11 | negative
results\c1_sources\extracted\GC_SEED\medi-103-e37189-s001.xlsx,corResult,197,KEAP1 | AC016737.1 | -0.228654314535115 | 7.73181881842851e-06 | negative
results\c1_sources\extracted\GC_SEED\medi-103-e37189-s001.xlsx,corResult,198,KEAP1 | AC027796.1 | -0.220095584328451 | 1.70216787178102e-05 | negative
results\c1_sources\extracted\GC_SEED\medi-103-e37189-s001.xlsx,corResult,202,KEAP1 | MED14OS | 0.382934686394667 | 1.52208969597856e-14 | postive
results\c1_sources\extracted\GC_SEED\medi-103-e37189-s001.xlsx,corResult,205,KEAP1 | AC106037.2 | -0.205079919502771 | 6.31553923129057e-05 | negative
results\c1_sources\extracted\GC_SEED\medi-103-e37189-s001.xlsx,corResult,206,KEAP1 | AL359382.1 | -0.200313839645291 | 9.39263537704309e-05 | negative
results\c1_sources\extracted\GC_SEED\medi-103-e37189-s001.xlsx,corResult,207,KEAP1 | AC092301.1 | -0.249975877448548 | 9.45511292992269e-07 | negative
results\c1_sources\extracted\GC_SEED\medi-103-e37189-s001.xlsx,corResult,210,KEAP1 | LINC01547 | 0.239547343808465 | 2.70794393253269e-06 | postive
results\c1_sources\extracted\GC_SEED\medi-103-e37189-s001.xlsx,corResult,212,KEAP1 | AC048382.2 | -0.245401981600298 | 1.50874905876969e-06 | negative
results\c1_sources\extracted\GC_SEED\medi-103-e37189-s001.xlsx,corResult,213,KEAP1 | DIP2A-IT1 | -0.251181181480445 | 8.34688579343503e-07 | negative
results\c1_sources\extracted\GC_SEED\medi-103-e37189-s001.xlsx,corResult,215,KEAP1 | AC080013.3 | -0.290013917608926 | 1.060511770335e-08 | negative
results\c1_sources\extracted\GC_SEED\medi-103-e37189-s001.xlsx,corResult,219,KEAP1 | USP3-AS1 | -0.248756200429756 | 1.07194697279527e-06 | negative
results\c1_sources\extracted\GC_SEED\medi-103-e37189-s001.xlsx,corResult,222,KEAP1 | MCCC1-AS1 | -0.218750459833949 | 1.92157465817294e-05 | negative
results\c1_sources\extracted\GC_SEED\medi-103-e37189-s001.xlsx,corResult,223,KEAP1 | AL157838.1 | -0.212215808586756 | 3.42631657913052e-05 | negative
results\c1_sources\extracted\GC_SEED\medi-103-e37189-s001.xlsx,corResult,224,KEAP1 | AL450384.2 | -0.251155972715262 | 8.36873242367314e-07 | negative
results\c1_sources\extracted\GC_SEED\medi-103-e37189-s001.xlsx,corResult,226,KEAP1 | AC015871.3 | -0.229644355913574 | 7.04326782479907e-06 | negative
results\c1_sources\extracted\GC_SEED\medi-103-e37189-s001.xlsx,corResult,228,KEAP1 | PINK1-AS | 0.242765492197322 | 1.96700864982372e-06 | postive
results\c1_sources\extracted\GC_SEED\medi-103-e37189-s001.xlsx,corResult,229,KEAP1 | AC068491.3 | -0.218288921447671 | 2.00285250608474e-05 | negative
results\c1_sources\extracted\GC_SEED\medi-103-e37189-s001.xlsx,corResult,232,KEAP1 | AC073896.2 | -0.233427160921486 | 4.91293198212916e-06 | negative
results\c1_sources\extracted\GC_SEED\medi-103-e37189-s001.xlsx,corResult,233,KEAP1 | LINC01176 | -0.245742863091745 | 1.45756570590721e-06 | negative
results\c1_sources\extracted\GC_SEED\medi-103-e37189-s001.xlsx,corResult,235,KEAP1 | AC087392.1 | -0.252665389161237 | 7.15275481110631e-07 | negative
results\c1_sources\extracted\GC_SEED\medi-103-e37189-s001.xlsx,corResult,238,KEAP1 | MRTFA-AS1 | -0.300100254577168 | 3.04360027948743e-09 | negative
results\c1_sources\extracted\GC_SEED\medi-103-e37189-s001.xlsx,corResult,241,KEAP1 | AC025031.3 | -0.280589799988598 | 3.25983452187847e-08 | negative
results\c1_sources\extracted\GC_SEED\medi-103-e37189-s001.xlsx,corResult,242,KEAP1 | AC068790.3 | -0.214902859364269 | 2.70690422948602e-05 | negative
results\c1_sources\extracted\GC_SEED\medi-103-e37189-s001.xlsx,corResult,249,KEAP1 | AC005920.2 | -0.234969993904157 | 4.23428817233882e-06 | negative
results\c1_sources\extracted\GC_SEED\medi-103-e37189-s001.xlsx,corResult,250,KEAP1 | AC093157.1 | -0.253640232503412 | 6.45958210560891e-07 | negative
results\c1_sources\extracted\GC_SEED\medi-103-e37189-s001.xlsx,corResult,251,KEAP1 | AC092653.1 | -0.201096973865083 | 8.80515738963164e-05 | negative
results\c1_sources\extracted\GC_SEED\medi-103-e37189-s001.xlsx,corResult,253,KEAP1 | AC079035.1 | -0.297621568789205 | 4.15498315844181e-09 | negative
results\c1_sources\extracted\GC_SEED\medi-103-e37189-s001.xlsx,corResult,257,KEAP1 | AC020908.3 | -0.240813250496526 | 2.38923499694533e-06 | negative
results\c1_sources\extracted\GC_SEED\medi-103-e37189-s001.xlsx,corResult,261,KEAP1 | AC025034.1 | -0.254999101899028 | 5.60006054296791e-07 | negative
results\c1_sources\extracted\GC_SEED\medi-103-e37189-s001.xlsx,corResult,263,KEAP1 | AC100861.1 | 0.217641558177468 | 2.12236389294988e-05 | postive
results\c1_sources\extracted\GC_SEED\medi-103-e37189-s001.xlsx,corResult,264,KEAP1 | AL162274.2 | -0.288432688592225 | 1.2841123797516e-08 | negative
results\c1_sources\extracted\GC_SEED\medi-103-e37189-s001.xlsx,corResult,265,KEAP1 | AC123768.2 | -0.234710012450471 | 4.34200468220418e-06 | negative
results\c1_sources\extracted\GC_SEED\medi-103-e37189-s001.xlsx,corResult,266,KEAP1 | AL590006.1 | -0.33246387156282 | 3.9624850627251e-11 | negative
results\c1_sources\extracted\GC_SEED\medi-103-e37189-s001.xlsx,corResult,267,KEAP1 | AC011462.4 | -0.205559523539018 | 6.06517213639735e-05 | negative
results\c1_sources\extracted\GC_SEED\medi-103-e37189-s001.xlsx,corResult,268,KEAP1 | AC108673.3 | -0.311686846468668 | 6.82864389003025e-10 | negative
results\c1_sources\extracted\GC_SEED\medi-103-e37189-s001.xlsx,corResult,269,KEAP1 | ODF2-AS1 | -0.293561414647213 | 6.87449724628237e-09 | negative
results\c1_sources\extracted\GC_SEED\medi-103-e37189-s001.xlsx,corResult,270,KEAP1 | AC138956.2 | -0.237648498018048 | 3.2632419420528e-06 | negative
results\c1_sources\extracted\GC_SEED\medi-103-e37189-s001.xlsx,corResult,271,KEAP1 | AP002812.2 | -0.237803804712168 | 3.21402113680645e-06 | negative
results\c1_sources\extracted\GC_SEED\medi-103-e37189-s001.xlsx,corResult,274,KEAP1 | AC079210.1 | -0.25851544020619 | 3.85547718984991e-07 | negative
results\c1_sources\extracted\GC_SEED\medi-103-e37189-s001.xlsx,corResult,277,KEAP1 | ZNF433-AS1 | 0.274998724333737 | 6.22377232946361e-08 | postive
results\c1_sources\extracted\GC_SEED\medi-103-e37189-s001.xlsx,corResult,282,KEAP1 | RBM5-AS1 | -0.302264107512822 | 2.31380055408898e-09 | negative
results\c1_sources\extracted\GC_SEED\medi-103-e37189-s001.xlsx,corResult,288,KEAP1 | AC039056.2 | -0.200184944773767 | 9.49279146394043e-05 | negative
results\c1_sources\extracted\GC_SEED\medi-103-e37189-s001.xlsx,corResult,289,KEAP1 | AC253576.2 | -0.248790534137181 | 1.06817600025105e-06 | negative
results\c1_sources\extracted\GC_SEED\medi-103-e37189-s001.xlsx,corResult,290,KEAP1 | Z69666.1 | -0.253961858976153 | 6.24538246649859e-07 | negative
results\c1_sources\extracted\GC_SEED\medi-103-e37189-s001.xlsx,corResult,292,KEAP1 | AL121655.1 | -0.260572862144451 | 3.09113368699176e-07 | negative
results\c1_sources\extracted\GC_SEED\medi-103-e37189-s001.xlsx,corResult,293,KEAP1 | AL355385.1 | -0.240204281913869 | 2.53779379745086e-06 | negative
results\c1_sources\extracted\GC_SEED\medi-103-e37189-s001.xlsx,corResult,297,KEAP1 | AC074029.3 | -0.208677186702128 | 4.65217697856529e-05 | negative
results\c1_sources\extracted\GC_SEED\medi-103-e37189-s001.xlsx,corResult,299,KEAP1 | AC073367.1 | -0.253452488849531 | 6.58785824087832e-07 | negative
results\c1_sources\extracted\GC_SEED\medi-103-e37189-s001.xlsx,corResult,302,KEAP1 | AC073569.1 | -0.31398816734263 | 5.0352283610976e-10 | negative
results\c1_sources\extracted\GC_SEED\medi-103-e37189-s001.xlsx,corResult,305,KEAP1 | AC007342.1 | -0.305290437338046 | 1.57093220835329e-09 | negative
results\c1_sources\extracted\GC_SEED\medi-103-e37189-s001.xlsx,corResult,308,KEAP1 | LINC01985 | -0.200092736084175 | 9.56505639183745e-05 | negative
results\c1_sources\extracted\GC_SEED\medi-103-e37189-s001.xlsx,corResult,310,KEAP1 | AC002553.2 | -0.376799197067349 | 4.27008439545696e-14 | negative
results\c1_sources\extracted\GC_SEED\medi-103-e37189-s001.xlsx,corResult,311,KEAP1 | AL355073.2 | -0.256697613238421 | 4.6793236354843e-07 | negative
results\c1_sources\extracted\GC_SEED\medi-103-e37189-s001.xlsx,corResult,316,KEAP1 | AC019080.3 | -0.2843516190378 | 2.09262025025801e-08 | negative
results\c1_sources\extracted\GC_SEED\medi-103-e37189-s001.xlsx,corResult,318,KEAP1 | AC017006.2 | -0.271152173614869 | 9.63074851387363e-08 | negative
results\c1_sources\extracted\GC_SEED\medi-103-e37189-s001.xlsx,corResult,320,KEAP1 | AC092828.1 | -0.242710101657918 | 1.97793620791944e-06 | negative
results\c1_sources\extracted\GC_SEED\medi-103-e37189-s001.xlsx,corResult,326,KEAP1 | SSBP3-AS1 | -0.225272796887052 | 1.05994438962134e-05 | negative
results\c1_sources\extracted\GC_SEED\medi-103-e37189-s001.xlsx,corResult,328,KEAP1 | AL139807.1 | -0.256128655445479 | 4.97022550168948e-07 | negative
results\c1_sources\extracted\GC_SEED\medi-103-e37189-s001.xlsx,corResult,331,KEAP1 | AC113143.1 | -0.28495583755279 | 1.94761735935402e-08 | negative
results\c1_sources\extracted\GC_SEED\medi-103-e37189-s001.xlsx,corResult,335,KEAP1 | AL133245.1 | -0.245911323413049 | 1.43288946008471e-06 | negative
results\c1_sources\extracted\GC_SEED\medi-103-e37189-s001.xlsx,corResult,337,KEAP1 | AL139035.1 | 0.299064006820344 | 3.46783200211035e-09 | postive
results\c1_sources\extracted\GC_SEED\medi-103-e37189-s001.xlsx,corResult,339,KEAP1 | AC024267.5 | -0.245339629706693 | 1.51829551621192e-06 | negative
results\c1_sources\extracted\GC_SEED\medi-103-e37189-s001.xlsx,corResult,341,KEAP1 | AL596247.1 | -0.218276969733142 | 2.0049999238483e-05 | negative
results\c1_sources\extracted\GC_SEED\medi-103-e37189-s001.xlsx,corResult,342,KEAP1 | LINC01252 | -0.236131991170951 | 3.78325073167853e-06 | negative
results\c1_sources\extracted\GC_SEED\medi-103-e37189-s001.xlsx,corResult,344,KEAP1 | AC006441.1 | -0.359776034618288 | 6.68135359645383e-13 | negative
results\c1_sources\extracted\GC_SEED\medi-103-e37189-s001.xlsx,corResult,349,KEAP1 | MAFG-DT | 0.235494550638267 | 4.02466511083118e-06 | postive
results\c1_sources\extracted\GC_SEED\medi-103-e37189-s001.xlsx,corResult,351,KEAP1 | RAD51-AS1 | -0.298984522549159 | 3.50264106152907e-09 | negative
results\c1_sources\extracted\GC_SEED\medi-103-e37189-s001.xlsx,corResult,353,KEAP1 | AC037198.1 | -0.201151146806686 | 8.76582474020914e-05 | negative
results\c1_sources\extracted\GC_SEED\medi-103-e37189-s001.xlsx,corResult,355,KEAP1 | AL161421.1 | 0.298687554541963 | 3.63571635623787e-09 | postive
results\c1_sources\extracted\GC_SEED\medi-103-e37189-s001.xlsx,corResult,357,KEAP1 | THRB-IT1 | -0.216355624156814 | 2.38010497831002e-05 | negative
results\c1_sources\extracted\GC_SEED\medi-103-e37189-s001.xlsx,corResult,358,KEAP1 | AP000763.3 | -0.210696019692472 | 3.90974512961474e-05 | negative
results\c1_sources\extracted\GC_SEED\medi-103-e37189-s001.xlsx,corResult,360,KEAP1 | AC233992.3 | 0.330818904696419 | 5.00404193950453e-11 | postive
results\c1_sources\extracted\GC_SEED\medi-103-e37189-s001.xlsx,corResult,362,KEAP1 | LINC01775 | 0.223870980732759 | 1.20632840948295e-05 | postive
results\c1_sources\extracted\GC_SEED\medi-103-e37189-s001.xlsx,corResult,363,KEAP1 | AC118755.1 | -0.213724059064035 | 3.00285549634018e-05 | negative
results\c1_sources\extracted\GC_SEED\medi-103-e37189-s001.xlsx,corResult,364,KEAP1 | AC083798.2 | -0.224648059534577 | 1.12296369310863e-05 | negative
results\c1_sources\extracted\GC_SEED\medi-103-e37189-s001.xlsx,corResult,367,KEAP1 | AC092756.1 | -0.283250684859604 | 2.38410293368379e-08 | negative
results\c1_sources\extracted\GC_SEED\medi-103-e37189-s001.xlsx,corResult,368,KEAP1 | AC023632.5 | -0.244071379212069 | 1.72550057143469e-06 | negative
results\c1_sources\extracted\GC_SEED\medi-103-e37189-s001.xlsx,corResult,370,KEAP1 | AC010768.2 | -0.226942851029784 | 9.07574846193877e-06 | negative
results\c1_sources\extracted\GC_SEED\medi-103-e37189-s001.xlsx,corResult,373,KEAP1 | AC004846.2 | -0.270792423502383 | 1.00286653445494e-07 | negative
results\c1_sources\extracted\GC_SEED\medi-103-e37189-s001.xlsx,corResult,374,KEAP1 | LINC00685 | -0.225000093117707 | 1.08702775435124e-05 | negative
results\c1_sources\extracted\GC_SEED\medi-103-e37189-s001.xlsx,corResult,375,KEAP1 | AC002128.2 | -0.218231952149741 | 2.01310805200568e-05 | negative
results\c1_sources\extracted\GC_SEED\medi-103-e37189-s001.xlsx,corResult,376,KEAP1 | AC020978.3 | -0.277456883879649 | 4.69183740395569e-08 | negative
results\c1_sources\extracted\GC_SEED\medi-103-e37189-s001.xlsx,corResult,379,KEAP1 | AL513327.1 | -0.26482600088924 | 1.94599433724286e-07 | negative
results\c1_sources\extracted\GC_SEED\medi-103-e37189-s001.xlsx,corResult,380,KEAP1 | AP005329.1 | -0.248377905621256 | 1.11435009815972e-06 | negative
results\c1_sources\extracted\GC_SEED\medi-103-e37189-s001.xlsx,corResult,381,KEAP1 | AC121493.1 | -0.225831173803321 | 1.00647861542258e-05 | negative
results\c1_sources\extracted\GC_SEED\medi-103-e37189-s001.xlsx,corResult,382,KEAP1 | AC007216.3 | -0.315933614550152 | 3.88397275169202e-10 | negative
results\c1_sources\extracted\GC_SEED\medi-103-e37189-s001.xlsx,corResult,383,KEAP1 | LINC00863 | 0.306208011409262 | 1.39568488919918e-09 | postive
results\c1_sources\extracted\GC_SEED\medi-103-e37189-s001.xlsx,corResult,385,KEAP1 | AC025287.3 | -0.234067328054009 | 4.61961961900193e-06 | negative
results\c1_sources\extracted\GC_SEED\medi-103-e37189-s001.xlsx,corResult,387,KEAP1 | AC008966.2 | -0.251925510018841 | 7.72593341100321e-07 | negative
results\c1_sources\extracted\GC_SEED\medi-103-e37189-s001.xlsx,corResult,388,KEAP1 | AL359715.3 | -0.301456905300141 | 2.5636303287944e-09 | negative
results\c1_sources\extracted\GC_SEED\medi-103-e37189-s001.xlsx,corResult,392,KEAP1 | PCAT19 | -0.202453477033532 | 7.86856548603836e-05 | negative
results\c1_sources\extracted\GC_SEED\medi-103-e37189-s001.xlsx,corResult,401,KEAP1 | AL445248.1 | -0.296680475564749 | 4.67260477223467e-09 | negative
results\c1_sources\extracted\GC_SEED\medi-103-e37189-s001.xlsx,corResult,403,KEAP1 | AC009554.1 | -0.239443946337904 | 2.73569819885168e-06 | negative
results\c1_sources\extracted\GC_SEED\medi-103-e37189-s001.xlsx,corResult,406,KEAP1 | UBR5-AS1 | -0.282708855848801 | 2.54160387466494e-08 | negative
results\c1_sources\extracted\GC_SEED\medi-103-e37189-s001.xlsx,corResult,408,KEAP1 | AC015922.3 | -0.316448783333312 | 3.62480102547148e-10 | negative
results\c1_sources\extracted\GC_SEED\medi-103-e37189-s001.xlsx,corResult,410,KEAP1 | AC048341.2 | -0.307867451920297 | 1.12572200517904e-09 | negative
results\c1_sources\extracted\GC_SEED\medi-103-e37189-s001.xlsx,corResult,414,KEAP1 | AC025043.1 | -0.242349075092734 | 2.05059623819404e-06 | negative
results\c1_sources\extracted\GC_SEED\medi-103-e37189-s001.xlsx,corResult,417,KEAP1 | AC093249.6 | 0.234750052424816 | 4.32524650083259e-06 | postive
results\c1_sources\extracted\GC_SEED\medi-103-e37189-s001.xlsx,corResult,418,KEAP1 | AC106864.1 | -0.235274621785415 | 4.11131785432118e-06 | negative
results\c1_sources\extracted\GC_SEED\medi-103-e37189-s001.xlsx,corResult,421,KEAP1 | AC079866.2 | -0.215174040687535 | 2.64284287164354e-05 | negative
results\c1_sources\extracted\GC_SEED\medi-103-e37189-s001.xlsx,corResult,426,KEAP1 | AC027307.2 | 0.311109354888506 | 7.36816446395492e-10 | postive
results\c1_sources\extracted\GC_SEED\medi-103-e37189-s001.xlsx,corResult,427,KEAP1 | AC020594.1 | -0.222746946275119 | 1.33738614062169e-05 | negative
results\c1_sources\extracted\GC_SEED\medi-103-e37189-s001.xlsx,corResult,432,KEAP1 | AC015849.4 | -0.274522148746112 | 6.57210973891149e-08 | negative
results\c1_sources\extracted\GC_SEED\medi-103-e37189-s001.xlsx,corResult,435,KEAP1 | AC112722.1 | -0.215180902333409 | 2.64124071923014e-05 | negative
results\c1_sources\extracted\GC_SEED\medi-103-e37189-s001.xlsx,corResult,436,KEAP1 | AC023302.1 | -0.209098356058206 | 4.48707696322596e-05 | negative
results\c1_sources\extracted\GC_SEED\medi-103-e37189-s001.xlsx,corResult,437,KEAP1 | AC083843.3 | -0.238044931888293 | 3.13900426500617e-06 | negative
results\c1_sources\extracted\GC_SEED\medi-103-e37189-s001.xlsx,corResult,441,KEAP1 | AL158163.1 | -0.320742908768609 | 2.02791541571318e-10 | negative
results\c1_sources\extracted\GC_SEED\medi-103-e37189-s001.xlsx,corResult,445,KEAP1 | AL139287.1 | -0.248490644865893 | 1.10154782500898e-06 | negative
results\c1_sources\extracted\GC_SEED\medi-103-e37189-s001.xlsx,corResult,447,KEAP1 | AC068389.3 | -0.289107436985734 | 1.18361420961307e-08 | negative
results\c1_sources\extracted\GC_SEED\medi-103-e37189-s001.xlsx,corResult,448,KEAP1 | AL136304.1 | -0.273149736078574 | 7.68354263113965e-08 | negative
results\c1_sources\extracted\GC_SEED\medi-103-e37189-s001.xlsx,corResult,450,KEAP1 | AL049539.1 | -0.2179702941582 | 2.060854423025e-05 | negative
results\c1_sources\extracted\GC_SEED\medi-103-e37189-s001.xlsx,corResult,452,KEAP1 | ANKRD10-IT1 | -0.278830961134369 | 4.0015011970065e-08 | negative
results\c1_sources\extracted\GC_SEED\medi-103-e37189-s001.xlsx,corResult,453,KEAP1 | AL132639.2 | 0.235254058647 | 4.11951021439279e-06 | postive
results\c1_sources\extracted\GC_SEED\medi-103-e37189-s001.xlsx,corResult,455,KEAP1 | AC145285.6 | 0.299138604444936 | 3.43546824236265e-09 | postive
results\c1_sources\extracted\GC_SEED\medi-103-e37189-s001.xlsx,corResult,458,KEAP1 | AC105020.1 | -0.214505473247662 | 2.80344091178554e-05 | negative
results\c1_sources\extracted\GC_SEED\medi-103-e37189-s001.xlsx,corResult,460,KEAP1 | FO393419.2 | -0.262503299130709 | 2.50803702142942e-07 | negative
results\c1_sources\extracted\GC_SEED\medi-103-e37189-s001.xlsx,corResult,464,KEAP1 | AC007878.1 | -0.264350632954882 | 2.0501204099862e-07 | negative
results\c1_sources\extracted\GC_SEED\medi-103-e37189-s001.xlsx,corResult,466,KEAP1 | AC096586.2 | -0.268956930379298 | 1.23184702363185e-07 | negative
results\c1_sources\extracted\GC_SEED\medi-103-e37189-s001.xlsx,corResult,467,KEAP1 | AC004477.3 | -0.317921281909139 | 2.97332052804219e-10 | negative
results\c1_sources\extracted\GC_SEED\medi-103-e37189-s001.xlsx,corResult,469,KEAP1 | AC002558.3 | -0.312262264631166 | 6.32932138919968e-10 | negative
results\c1_sources\extracted\GC_SEED\medi-103-e37189-s001.xlsx,corResult,472,KEAP1 | SEMA3F-AS1 | -0.313511027415231 | 5.36470671060073e-10 | negative
results\c1_sources\extracted\GC_SEED\medi-103-e37189-s001.xlsx,corResult,475,KEAP1 | AC013403.2 | -0.230580031738983 | 6.44652502401348e-06 | negative
results\c1_sources\extracted\GC_SEED\medi-103-e37189-s001.xlsx,corResult,479,KEAP1 | AC007014.2 | -0.209045182179581 | 4.50761178212324e-05 | negative
results\c1_sources\extracted\GC_SEED\medi-103-e37189-s001.xlsx,corResult,481,KEAP1 | AC132872.1 | -0.251060920998121 | 8.45160125242816e-07 | negative
results\c1_sources\extracted\GC_SEED\medi-103-e37189-s001.xlsx,corResult,482,KEAP1 | AL391684.1 | -0.232613653991771 | 5.3113509941417e-06 | negative
results\c1_sources\extracted\GC_SEED\medi-103-e37189-s001.xlsx,corResult,491,KEAP1 | WWTR1-IT1 | -0.227828139241942 | 8.35501085518821e-06 | negative
results\c1_sources\extracted\GC_SEED\medi-103-e37189-s001.xlsx,corResult,496,KEAP1 | RNF216-IT1 | -0.26439680401595 | 2.03977640076774e-07 | negative
results\c1_sources\extracted\GC_SEED\medi-103-e37189-s001.xlsx,corResult,499,KEAP1 | PSMA3-AS1 | -0.351432629574428 | 2.42587985012807e-12 | negative
results\c1_sources\extracted\GC_SEED\medi-103-e37189-s001.xlsx,corResult,500,KEAP1 | AC005899.6 | -0.270220080649836 | 1.06945914288005e-07 | negative
results\c1_sources\extracted\GC_SEED\medi-103-e37189-s001.xlsx,corResult,506,KEAP1 | AC008982.2 | -0.258942831250607 | 3.68308335014701e-07 | negative
results\c1_sources\extracted\GC_SEED\medi-103-e37189-s001.xlsx,corResult,509,KEAP1 | AL121839.2 | -0.201645779802789 | 8.41426057071707e-05 | negative
results\c1_sources\extracted\GC_SEED\medi-103-e37189-s001.xlsx,corResult,510,KEAP1 | AC117490.2 | -0.254496673005561 | 5.90421550082074e-07 | negative
results\c1_sources\extracted\GC_SEED\medi-103-e37189-s001.xlsx,corResult,511,KEAP1 | GNA14-AS1 | -0.204232087730702 | 6.78213282751557e-05 | negative
results\c1_sources\extracted\GC_SEED\medi-103-e37189-s001.xlsx,corResult,514,KEAP1 | AC013549.1 | -0.272649053518821 | 8.13249550731177e-08 | negative
results\c1_sources\extracted\GC_SEED\medi-103-e37189-s001.xlsx,corResult,515,KEAP1 | AC091153.2 | -0.214255199859352 | 2.86590310209036e-05 | negative
results\c1_sources\extracted\GC_SEED\medi-103-e37189-s001.xlsx,corResult,528,KEAP1 | AL133243.3 | -0.390899362120339 | 3.86088691015097e-15 | negative
results\c1_sources\extracted\GC_SEED\medi-103-e37189-s001.xlsx,corResult,532,KEAP1 | AC245060.5 | -0.278814893368584 | 4.00897540687546e-08 | negative
results\c1_sources\extracted\GC_SEED\medi-103-e37189-s001.xlsx,corResult,533,KEAP1 | AC232271.1 | -0.203089096953516 | 7.46274607861782e-05 | negative
results\c1_sources\extracted\GC_SEED\medi-103-e37189-s001.xlsx,corResult,535,KEAP1 | OGFRP1 | 0.305131184140067 | 1.60344861496746e-09 | postive
results\c1_sources\extracted\GC_SEED\medi-103-e37189-s001.xlsx,corResult,536,KEAP1 | AP001458.1 | -0.205654773523482 | 6.01657607299878e-05 | negative
results\c1_sources\extracted\GC_SEED\medi-103-e37189-s001.xlsx,corResult,538,KEAP1 | AP001160.4 | -0.259737634566926 | 3.38199120864223e-07 | negative
results\c1_sources\extracted\GC_SEED\medi-103-e37189-s001.xlsx,corResult,539,KEAP1 | AC127024.6 | -0.246863185575158 | 1.30080420413274e-06 | negative
results\c1_sources\extracted\GC_SEED\medi-103-e37189-s001.xlsx,corResult,540,KEAP1 | AC026401.2 | -0.232886735004387 | 5.17429222192333e-06 | negative
results\c1_sources\extracted\GC_SEED\medi-103-e37189-s001.xlsx,corResult,547,KEAP1 | AC012409.1 | -0.247452521753435 | 1.22495935710218e-06 | negative
results\c1_sources\extracted\GC_SEED\medi-103-e37189-s001.xlsx,corResult,550,KEAP1 | MIATNB | -0.208178644053893 | 4.85502200867553e-05 | negative
results\c1_sources\extracted\GC_SEED\medi-103-e37189-s001.xlsx,corResult,552,KEAP1 | AGBL5-IT1 | -0.300233833061693 | 2.99272029814916e-09 | negative
results\c1_sources\extracted\GC_SEED\medi-103-e37189-s001.xlsx,corResult,554,KEAP1 | AC015813.1 | -0.226011392963736 | 9.89776972675676e-06 | negative
results\c1_sources\extracted\GC_SEED\medi-103-e37189-s001.xlsx,corResult,555,KEAP1 | SND1-IT1 | -0.357928617752788 | 8.91828237484881e-13 | negative
results\c1_sources\extracted\GC_SEED\medi-103-e37189-s001.xlsx,corResult,556,KEAP1 | AC107375.1 | -0.213720931886023 | 3.00367987215934e-05 | negative
results\c1_sources\extracted\GC_SEED\medi-103-e37189-s001.xlsx,corResult,558,KEAP1 | AC005332.3 | -0.276916299299847 | 4.99381335113004e-08 | negative
results\c1_sources\extracted\GC_SEED\medi-103-e37189-s001.xlsx,corResult,559,KEAP1 | AL136115.2 | -0.270274673480556 | 1.06292774232677e-07 | negative
results\c1_sources\extracted\GC_SEED\medi-103-e37189-s001.xlsx,corResult,561,KEAP1 | AC005021.1 | -0.220582557654291 | 1.62876810746495e-05 | negative
results\c1_sources\extracted\GC_SEED\medi-103-e37189-s001.xlsx,corResult,568,KEAP1 | LACTB2-AS1 | -0.262119575259092 | 2.61479241745457e-07 | negative
results\c1_sources\extracted\GC_SEED\medi-103-e37189-s001.xlsx,corResult,570,KEAP1 | AC009090.3 | -0.219675993754208 | 1.76791877059808e-05 | negative
results\c1_sources\extracted\GC_SEED\medi-103-e37189-s001.xlsx,corResult,571,KEAP1 | AL049840.6 | -0.210813317888038 | 3.87025009061069e-05 | negative
results\c1_sources\extracted\GC_SEED\medi-103-e37189-s001.xlsx,corResult,576,KEAP1 | GEMIN7-AS1 | -0.239821176069224 | 2.6357352073517e-06 | negative
results\c1_sources\extracted\GC_SEED\medi-103-e37189-s001.xlsx,corResult,578,KEAP1 | AC015971.1 | -0.200250124843568 | 9.44201926119902e-05 | negative
results\c1_sources\extracted\GC_SEED\medi-103-e37189-s001.xlsx,corResult,579,KEAP1 | AC079807.1 | 0.319712864979788 | 2.33302608744158e-10 | postive
results\c1_sources\extracted\GC_SEED\medi-103-e37189-s001.xlsx,corResult,589,KEAP1 | AC234775.3 | -0.209428887364197 | 4.36140007603603e-05 | negative
results\c1_sources\extracted\GC_SEED\medi-103-e37189-s001.xlsx,corResult,592,KEAP1 | AC090971.2 | -0.253116374847954 | 6.82363963557365e-07 | negative
results\c1_sources\extracted\GC_SEED\medi-103-e37189-s001.xlsx,corResult,594,KEAP1 | AC005519.1 | -0.285713349403419 | 1.7795078533317e-08 | negative
results\c1_sources\extracted\GC_SEED\medi-103-e37189-s001.xlsx,corResult,598,KEAP1 | GNG12-AS1 | -0.232694596503202 | 5.27036924451364e-06 | negative
results\c1_sources\extracted\GC_SEED\medi-103-e37189-s001.xlsx,corResult,600,KEAP1 | RC3H1-IT1 | -0.251693731365073 | 7.91437904944634e-07 | negative
results\c1_sources\extracted\GC_SEED\medi-103-e37189-s001.xlsx,corResult,601,KEAP1 | AL022322.1 | -0.274100458673022 | 6.89595500317995e-08 | negative
results\c1_sources\extracted\GC_SEED\medi-103-e37189-s001.xlsx,corResult,602,KEAP1 | AC005104.1 | -0.271461331488322 | 9.30099141279601e-08 | negative
results\c1_sources\extracted\GC_SEED\medi-103-e37189-s001.xlsx,corResult,603,KEAP1 | INE1 | -0.226566944660945 | 9.39934999694543e-06 | negative
results\c1_sources\extracted\GC_SEED\medi-103-e37189-s001.xlsx,corResult,604,KEAP1 | AL021707.4 | -0.212789290073292 | 3.25904857319102e-05 | negative
results\c1_sources\extracted\GC_SEED\medi-103-e37189-s001.xlsx,corResult,605,KEAP1 | GK-IT1 | -0.228686357570213 | 7.7085633448729e-06 | negative
results\c1_sources\extracted\GC_SEED\medi-103-e37189-s001.xlsx,corResult,606,KEAP1 | AC133550.2 | -0.204713739278175 | 6.5132218007019e-05 | negative
results\c1_sources\extracted\GC_SEED\medi-103-e37189-s001.xlsx,corResult,607,KEAP1 | AC100821.2 | -0.237047033478118 | 3.46074184927072e-06 | negative
results\c1_sources\extracted\GC_SEED\medi-103-e37189-s001.xlsx,corResult,610,KEAP1 | AL354760.1 | -0.231881021493054 | 5.69636908294343e-06 | negative
results\c1_sources\extracted\GC_SEED\medi-103-e37189-s001.xlsx,corResult,613,KEAP1 | AP001020.3 | -0.221103868053564 | 1.55352694293932e-05 | negative
results\c1_sources\extracted\GC_SEED\medi-103-e37189-s001.xlsx,corResult,615,KEAP1 | CTBP1-AS | -0.213037250415499 | 3.18914466715157e-05 | negative
results\c1_sources\extracted\GC_SEED\medi-103-e37189-s001.xlsx,corResult,617,KEAP1 | AC004253.1 | -0.319571455519266 | 2.3782529286952e-10 | negative
results\c1_sources\extracted\GC_SEED\medi-103-e37189-s001.xlsx,corResult,618,KEAP1 | AC093110.1 | -0.217580409914035 | 2.13399562761472e-05 | negative
results\c1_sources\extracted\GC_SEED\medi-103-e37189-s001.xlsx,corResult,619,KEAP1 | AC079336.2 | -0.256740493341309 | 4.65807519309623e-07 | negative
results\c1_sources\extracted\GC_SEED\medi-103-e37189-s001.xlsx,corResult,620,KEAP1 | AL021707.2 | -0.206633246311486 | 5.53817676583862e-05 | negative
results\c1_sources\extracted\GC_SEED\medi-103-e37189-s001.xlsx,corResult,623,KEAP1 | AC135507.1 | -0.284324646197969 | 2.09933092115399e-08 | negative
results\c1_sources\extracted\GC_SEED\medi-103-e37189-s001.xlsx,corResult,627,KEAP1 | AC007128.2 | 0.200738934425152 | 9.06931984962217e-05 | postive
results\c1_sources\extracted\GC_SEED\medi-103-e37189-s001.xlsx,corResult,629,KEAP1 | AC111170.3 | -0.263615732011058 | 2.22172216479653e-07 | negative
results\c1_sources\extracted\GC_SEED\medi-103-e37189-s001.xlsx,corResult,634,KEAP1 | AC092171.3 | 0.236717397151032 | 3.57377343214794e-06 | postive
results\c1_sources\extracted\GC_SEED\medi-103-e37189-s001.xlsx,corResult,635,KEAP1 | AC090948.1 | -0.200383098264619 | 9.33923021712695e-05 | negative
results\c1_sources\extracted\GC_SEED\medi-103-e37189-s001.xlsx,corResult,637,KEAP1 | AC004908.3 | -0.280705044829097 | 3.21618097413957e-08 | negative
results\c1_sources\extracted\GC_SEED\medi-103-e37189-s001.xlsx,corResult,638,KEAP1 | AC009950.1 | -0.218489730915302 | 1.96709676619402e-05 | negative
results\c1_sources\extracted\GC_SEED\medi-103-e37189-s001.xlsx,corResult,639,KEAP1 | AC007546.1 | -0.252033222140502 | 7.6398312693701e-07 | negative
results\c1_sources\extracted\GC_SEED\medi-103-e37189-s001.xlsx,corResult,642,KEAP1 | AC096921.2 | -0.274823207887587 | 6.34993595735646e-08 | negative
results\c1_sources\extracted\GC_SEED\medi-103-e37189-s001.xlsx,corResult,644,KEAP1 | NPTN-IT1 | -0.377587461754821 | 3.74460823430002e-14 | negative
results\c1_sources\extracted\GC_SEED\medi-103-e37189-s001.xlsx,corResult,647,KEAP1 | AL365181.3 | 0.234075541029814 | 4.61596743161211e-06 | postive
results\c1_sources\extracted\GC_SEED\medi-103-e37189-s001.xlsx,corResult,648,KEAP1 | AP002812.3 | -0.268838233279576 | 1.24827314008638e-07 | negative
results\c1_sources\extracted\GC_SEED\medi-103-e37189-s001.xlsx,corResult,649,KEAP1 | AC011468.1 | -0.227635901877979 | 8.50672638606098e-06 | negative
results\c1_sources\extracted\GC_SEED\medi-103-e37189-s001.xlsx,corResult,650,KEAP1 | AC006042.3 | -0.207792051657058 | 5.01803562383292e-05 | negative
results\c1_sources\extracted\GC_SEED\medi-103-e37189-s001.xlsx,corResult,652,KEAP1 | AC087277.2 | -0.207297763375491 | 5.23399419487451e-05 | negative
results\c1_sources\extracted\GC_SEED\medi-103-e37189-s001.xlsx,corResult,653,KEAP1 | AC093788.1 | -0.312829244960712 | 5.87210700348246e-10 | negative
results\c1_sources\extracted\GC_SEED\medi-103-e37189-s001.xlsx,corResult,654,KEAP1 | ALMS1-IT1 | -0.210613501241778 | 3.93775756731177e-05 | negative
results\c1_sources\extracted\GC_SEED\medi-103-e37189-s001.xlsx,corResult,658,KEAP1 | AL359076.1 | -0.248296494324208 | 1.12368341692886e-06 | negative
results\c1_sources\extracted\GC_SEED\medi-103-e37189-s001.xlsx,corResult,662,KEAP1 | AC132938.3 | 0.240225901253322 | 2.53237179707408e-06 | postive
results\c1_sources\extracted\GC_SEED\medi-103-e37189-s001.xlsx,corResult,663,KEAP1 | AC092168.2 | -0.22235180514746 | 1.38659031428669e-05 | negative
results\c1_sources\extracted\GC_SEED\medi-103-e37189-s001.xlsx,corResult,664,KEAP1 | AL138963.1 | -0.249609016838535 | 9.81954158211277e-07 | negative
results\c1_sources\extracted\GC_SEED\medi-103-e37189-s001.xlsx,corResult,666,KEAP1 | AC027271.1 | -0.279143884194732 | 3.85859430845509e-08 | negative
results\c1_sources\extracted\GC_SEED\medi-103-e37189-s001.xlsx,corResult,671,KEAP1 | AP002907.1 | -0.324422810751415 | 1.2237508023033e-10 | negative
results\c1_sources\extracted\GC_SEED\medi-103-e37189-s001.xlsx,corResult,674,KEAP1 | AC010245.2 | -0.292177108679315 | 8.1473728285634e-09 | negative
results\c1_sources\extracted\GC_SEED\medi-103-e37189-s001.xlsx,corResult,675,KEAP1 | AC036176.1 | 0.264644555543815 | 1.98512337788225e-07 | postive
results\c1_sources\extracted\GC_SEED\medi-103-e37189-s001.xlsx,corResult,677,KEAP1 | AC104521.1 | 0.289993306005043 | 1.06316787981217e-08 | postive
results\c1_sources\extracted\GC_SEED\medi-103-e37189-s001.xlsx,corResult,679,KEAP1 | AC090970.1 | -0.297652582487217 | 4.13890793420935e-09 | negative
results\c1_sources\extracted\GC_SEED\medi-103-e37189-s001.xlsx,corResult,680,KEAP1 | AP002812.5 | -0.241643209893372 | 2.20010154355023e-06 | negative
results\c1_sources\extracted\GC_SEED\medi-103-e37189-s001.xlsx,corResult,683,KEAP1 | AC009054.1 | -0.211271590521143 | 3.71953277875208e-05 | negative
results\c1_sources\extracted\GC_SEED\medi-103-e37189-s001.xlsx,corResult,684,KEAP1 | AC016027.3 | -0.201976713308587 | 8.18650348175247e-05 | negative
results\c1_sources\extracted\GC_SEED\medi-103-e37189-s001.xlsx,corResult,685,KEAP1 | SEMA6A-AS1 | -0.214265944010869 | 2.86319476881886e-05 | negative
results\c1_sources\extracted\GC_SEED\medi-103-e37189-s001.xlsx,corResult,686,KEAP1 | AC023906.5 | -0.278953060570935 | 3.9451424936458e-08 | negative
results\c1_sources\extracted\GC_SEED\medi-103-e37189-s001.xlsx,corResult,689,KEAP1 | AL591895.1 | -0.210050835072075 | 4.13388290724277e-05 | negative
results\c1_sources\extracted\GC_SEED\medi-103-e37189-s001.xlsx,corResult,691,KEAP1 | AL136531.1 | -0.226836841113946 | 9.16591814108453e-06 | negative
results\c1_sources\extracted\GC_SEED\medi-103-e37189-s001.xlsx,corResult,693,KEAP1 | AC055822.1 | -0.210850079529856 | 3.85795004184163e-05 | negative
results\c1_sources\extracted\GC_SEED\medi-103-e37189-s001.xlsx,corResult,694,KEAP1 | AL356481.1 | -0.20928120011982 | 4.41713810538222e-05 | negative
results\c1_sources\extracted\GC_SEED\medi-103-e37189-s001.xlsx,corResult,696,KEAP1 | AC079313.1 | -0.22888422936721 | 7.56642533542843e-06 | negative
results\c1_sources\extracted\GC_SEED\medi-103-e37189-s001.xlsx,corResult,698,KEAP1 | AC007285.2 | -0.24555090118506 | 1.48618057206215e-06 | negative
results\c1_sources\extracted\GC_SEED\medi-103-e37189-s001.xlsx,corResult,699,KEAP1 | AC018462.1 | -0.254078606410787 | 6.16932996993799e-07 | negative
results\c1_sources\extracted\GC_SEED\medi-103-e37189-s001.xlsx,corResult,701,KEAP1 | AC012313.1 | 0.272752210433994 | 8.03797508988196e-08 | postive
results\c1_sources\extracted\GC_SEED\medi-103-e37189-s001.xlsx,corResult,702,KEAP1 | AL391097.2 | -0.203190371639315 | 7.39993601871581e-05 | negative
results\c1_sources\extracted\GC_SEED\medi-103-e37189-s001.xlsx,corResult,708,KEAP1 | AC025917.1 | -0.236906166815723 | 3.50862054665599e-06 | negative
results\c1_sources\extracted\GC_SEED\medi-103-e37189-s001.xlsx,corResult,709,KEAP1 | AC004832.5 | -0.234398877603874 | 4.47435369229047e-06 | negative
results\c1_sources\extracted\GC_SEED\medi-103-e37189-s001.xlsx,corResult,712,KEAP1 | LINC01355 | -0.322583827947224 | 1.57646630997356e-10 | negative
results\c1_sources\extracted\GC_SEED\medi-103-e37189-s001.xlsx,corResult,713,KEAP1 | AC005546.1 | -0.230796380960466 | 6.31557069006606e-06 | negative
results\c1_sources\extracted\GC_SEED\medi-103-e37189-s001.xlsx,corResult,714,KEAP1 | AC011511.3 | 0.202546608093805 | 7.8078325909726e-05 | postive
results\c1_sources\extracted\GC_SEED\medi-103-e37189-s001.xlsx,corResult,715,KEAP1 | AC079907.1 | -0.244495002474715 | 1.65344963753328e-06 | negative
results\c1_sources\extracted\GC_SEED\medi-103-e37189-s001.xlsx,corResult,717,KEAP1 | AC068888.1 | -0.254526608102396 | 5.88565793704679e-07 | negative
results\c1_sources\extracted\GC_SEED\medi-103-e37189-s001.xlsx,corResult,718,KEAP1 | AC131934.1 | -0.218723912591579 | 1.92616358852378e-05 | negative
results\c1_sources\extracted\GC_SEED\medi-103-e37189-s001.xlsx,corResult,720,KEAP1 | AP003170.3 | -0.24015529332987 | 2.55012093592797e-06 | negative
results\c1_sources\extracted\GC_SEED\medi-103-e37189-s001.xlsx,corResult,722,KEAP1 | AC078777.1 | -0.28753062069422 | 1.43144370277409e-08 | negative
results\c1_sources\extracted\GC_SEED\medi-103-e37189-s001.xlsx,corResult,723,KEAP1 | AC127024.4 | -0.270068426148933 | 1.08780648317348e-07 | negative
results\c1_sources\extracted\GC_SEED\medi-103-e37189-s001.xlsx,corResult,724,KEAP1 | KIRREL1-IT1 | -0.267504048666176 | 1.44804613639539e-07 | negative
results\c1_sources\extracted\GC_SEED\medi-103-e37189-s001.xlsx,corResult,733,KEAP1 | AC103769.1 | -0.294231431634086 | 6.32980543901433e-09 | negative
results\c1_sources\extracted\GC_SEED\medi-103-e37189-s001.xlsx,corResult,734,KEAP1 | AL450384.1 | -0.21066622629799 | 3.91983725782877e-05 | negative
results\c1_sources\extracted\GC_SEED\medi-103-e37189-s001.xlsx,corResult,736,KEAP1 | AC130324.1 | -0.21882440093506 | 1.90884787781457e-05 | negative
results\c1_sources\extracted\GC_SEED\medi-103-e37189-s001.xlsx,corResult,739,KEAP1 | AC073046.1 | 0.369948747825789 | 1.31700959349936e-13 | postive
results\c1_sources\extracted\GC_SEED\medi-103-e37189-s001.xlsx,corResult,740,KEAP1 | AC092903.2 | -0.246056302728995 | 1.41197352605084e-06 | negative
results\c1_sources\extracted\GC_SEED\medi-103-e37189-s001.xlsx,corResult,741,KEAP1 | AL360091.1 | -0.203025855315535 | 7.50222255494891e-05 | negative
results\c1_sources\extracted\GC_SEED\medi-103-e37189-s001.xlsx,corResult,742,KEAP1 | AL158196.1 | -0.215882607942596 | 2.48216704685828e-05 | negative
results\c1_sources\extracted\GC_SEED\medi-103-e37189-s001.xlsx,corResult,743,KEAP1 | AC024361.1 | -0.252732215195046 | 7.10304363669679e-07 | negative
results\c1_sources\extracted\GC_SEED\medi-103-e37189-s001.xlsx,corResult,745,KEAP1 | AC008937.2 | -0.251570800277098 | 8.01610869527816e-07 | negative
results\c1_sources\extracted\GC_SEED\medi-103-e37189-s001.xlsx,corResult,747,KEAP1 | AL158207.2 | -0.202842151856627 | 7.61801166622202e-05 | negative
results\c1_sources\extracted\GC_SEED\medi-103-e37189-s001.xlsx,corResult,749,KEAP1 | AL138756.1 | -0.219447010975175 | 1.80481026622373e-05 | negative
results\c1_sources\extracted\GC_SEED\medi-103-e37189-s001.xlsx,corResult,750,KEAP1 | AGAP2-AS1 | 0.224848666669946 | 1.10234940336628e-05 | postive
results\c1_sources\extracted\GC_SEED\medi-103-e37189-s001.xlsx,corResult,751,KEAP1 | AC103810.5 | -0.229244945295351 | 7.31370938137914e-06 | negative
results\c1_sources\extracted\GC_SEED\medi-103-e37189-s001.xlsx,corResult,754,KEAP1 | LINC-PINT | -0.251693157483525 | 7.91485106577471e-07 | negative
results\c1_sources\extracted\GC_SEED\medi-103-e37189-s001.xlsx,corResult,755,KEAP1 | AL117379.1 | -0.245531398366115 | 1.48911768483915e-06 | negative
results\c1_sources\extracted\GC_SEED\medi-103-e37189-s001.xlsx,corResult,757,KEAP1 | MALAT1 | -0.334506350935332 | 2.95990909986076e-11 | negative
results\c1_sources\extracted\GC_SEED\medi-103-e37189-s001.xlsx,corResult,759,KEAP1 | AL139384.2 | 0.347359807067075 | 4.49059683755069e-12 | postive
results\c1_sources\extracted\GC_SEED\medi-103-e37189-s001.xlsx,corResult,760,KEAP1 | AC093227.1 | -0.250042219546847 | 9.39061046257083e-07 | negative
results\c1_sources\extracted\GC_SEED\medi-103-e37189-s001.xlsx,corResult,761,KEAP1 | AC012313.3 | -0.264011231522925 | 2.12772366798243e-07 | negative
results\c1_sources\extracted\GC_SEED\medi-103-e37189-s001.xlsx,corResult,762,KEAP1 | AC087741.1 | -0.232914552325322 | 5.16052162642088e-06 | negative
results\c1_sources\extracted\GC_SEED\medi-103-e37189-s001.xlsx,corResult,764,KEAP1 | AL583856.2 | -0.226884382095268 | 9.12537591218612e-06 | negative
results\c1_sources\extracted\GC_SEED\medi-103-e37189-s001.xlsx,corResult,769,KEAP1 | AL035530.2 | -0.248074131960175 | 1.14955925636319e-06 | negative
results\c1_sources\extracted\GC_SEED\medi-103-e37189-s001.xlsx,corResult,772,KEAP1 | AC058791.1 | -0.235067166508927 | 4.19468583677535e-06 | negative
results\c1_sources\extracted\GC_SEED\medi-103-e37189-s001.xlsx,corResult,776,KEAP1 | SH3BP5-AS1 | -0.228204227201472 | 8.06561572710034e-06 | negative
results\c1_sources\extracted\GC_SEED\medi-103-e37189-s001.xlsx,corResult,781,KEAP1 | AC109587.1 | -0.343767548801382 | 7.6735065444236e-12 | negative
results\c1_sources\extracted\GC_SEED\medi-103-e37189-s001.xlsx,corResult,784,KEAP1 | AD001527.1 | -0.322161237955669 | 1.6705345201503e-10 | negative
results\c1_sources\extracted\GC_SEED\medi-103-e37189-s001.xlsx,corResult,786,KEAP1 | AL606489.1 | 0.30976014738789 | 8.79504696524633e-10 | postive
results\c1_sources\extracted\GC_SEED\medi-103-e37189-s001.xlsx,corResult,792,KEAP1 | AC010976.2 | -0.299665301357109 | 3.21515347145567e-09 | negative
results\c1_sources\extracted\GC_SEED\medi-103-e37189-s001.xlsx,corResult,794,KEAP1 | AC005674.2 | -0.214336002542302 | 2.84559408406899e-05 | negative
results\c1_sources\extracted\GC_SEED\medi-103-e37189-s001.xlsx,corResult,795,KEAP1 | AC144548.1 | -0.211578633970318 | 3.62167529834251e-05 | negative
results\c1_sources\extracted\GC_SEED\medi-103-e37189-s001.xlsx,corResult,796,KEAP1 | AP003467.1 | -0.287435741475874 | 1.44785835275069e-08 | negative
results\c1_sources\extracted\GC_SEED\medi-103-e37189-s001.xlsx,corResult,798,KEAP1 | Z99127.1 | -0.222901327564345 | 1.31861656178099e-05 | negative
results\c1_sources\extracted\GC_SEED\medi-103-e37189-s001.xlsx,corResult,801,KEAP1 | AL139407.1 | -0.285692375898199 | 1.78396744986825e-08 | negative
results\c1_sources\extracted\GC_SEED\medi-103-e37189-s001.xlsx,corResult,802,KEAP1 | AC006141.1 | -0.318775079642917 | 2.6493320701728e-10 | negative
results\c1_sources\extracted\GC_SEED\medi-103-e37189-s001.xlsx,corResult,803,KEAP1 | AL117209.1 | -0.268449311410305 | 1.30358671400097e-07 | negative
results\c1_sources\extracted\GC_SEED\medi-103-e37189-s001.xlsx,corResult,804,KEAP1 | AC009996.1 | -0.305649356321046 | 1.49997733735979e-09 | negative
results\c1_sources\extracted\GC_SEED\medi-103-e37189-s001.xlsx,corResult,807,KEAP1 | EXOC3-AS1 | 0.256170918420713 | 4.94803293240586e-07 | postive
results\c1_sources\extracted\GC_SEED\medi-103-e37189-s001.xlsx,corResult,808,KEAP1 | AC092620.2 | -0.242994982681945 | 1.92234663202853e-06 | negative
results\c1_sources\extracted\GC_SEED\medi-103-e37189-s001.xlsx,corResult,809,KEAP1 | AC018607.1 | -0.207628261311097 | 5.08864744123913e-05 | negative
results\c1_sources\extracted\GC_SEED\medi-103-e37189-s001.xlsx,corResult,810,KEAP1 | AC090739.1 | -0.277012228985027 | 4.93889071932111e-08 | negative
results\c1_sources\extracted\GC_SEED\medi-103-e37189-s001.xlsx,corResult,811,KEAP1 | AC016876.2 | -0.209828496126462 | 4.21389791281644e-05 | negative
results\c1_sources\extracted\GC_SEED\medi-103-e37189-s001.xlsx,corResult,812,KEAP1 | AP000866.6 | -0.302658062699621 | 2.20061269019052e-09 | negative
results\c1_sources\extracted\GC_SEED\medi-103-e37189-s001.xlsx,corResult,814,KEAP1 | AC003102.1 | -0.209646710175146 | 4.28040389980032e-05 | negative
results\c1_sources\extracted\GC_SEED\medi-103-e37189-s001.xlsx,corResult,815,KEAP1 | AC016590.3 | -0.204634795457861 | 6.55659715933913e-05 | negative
results\c1_sources\extracted\GC_SEED\medi-103-e37189-s001.xlsx,corResult,816,KEAP1 | AL121652.1 | -0.229364108293457 | 7.23200574589124e-06 | negative
results\c1_sources\extracted\GC_SEED\medi-103-e37189-s001.xlsx,corResult,817,KEAP1 | TBILA | -0.241573962856707 | 2.2153173720376e-06 | negative
results\c1_sources\extracted\GC_SEED\medi-103-e37189-s001.xlsx,corResult,821,KEAP1 | AC055764.1 | -0.22766903579446 | 8.48039109065347e-06 | negative
results\c1_sources\extracted\GC_SEED\medi-103-e37189-s001.xlsx,corResult,826,KEAP1 | AL512770.1 | -0.273436033434043 | 7.4376696701874e-08 | negative
results\c1_sources\extracted\GC_SEED\medi-103-e37189-s001.xlsx,corResult,828,KEAP1 | AL590093.1 | -0.218511705484403 | 1.9632209786226e-05 | negative
results\c1_sources\extracted\GC_SEED\medi-103-e37189-s001.xlsx,corResult,829,KEAP1 | AL121989.1 | -0.292522550597588 | 7.80987760636965e-09 | negative
results\c1_sources\extracted\GC_SEED\medi-103-e37189-s001.xlsx,corResult,834,KEAP1 | AC010761.3 | -0.286491562124036 | 1.62144931683821e-08 | negative
results\c1_sources\extracted\GC_SEED\medi-103-e37189-s001.xlsx,corResult,835,KEAP1 | AC022306.2 | -0.286589797566074 | 1.60248981712671e-08 | negative
results\c1_sources\extracted\GC_SEED\medi-103-e37189-s001.xlsx,corResult,838,KEAP1 | AC138811.1 | -0.20068015919054 | 9.11339039862737e-05 | negative
results\c1_sources\extracted\GC_SEED\medi-103-e37189-s001.xlsx,corResult,841,KEAP1 | HCG25 | -0.203549603286593 | 7.18113477698727e-05 | negative
results\c1_sources\extracted\GC_SEED\medi-103-e37189-s001.xlsx,corResult,843,KEAP1 | LINC02361 | 0.288037996676113 | 1.34667512948229e-08 | postive
results\c1_sources\extracted\GC_SEED\medi-103-e37189-s001.xlsx,corResult,846,KEAP1 | AC011481.2 | -0.224054069305301 | 1.1861728359023e-05 | negative
results\c1_sources\extracted\GC_SEED\medi-103-e37189-s001.xlsx,corResult,848,KEAP1 | AC103706.1 | -0.23998274970748 | 2.59399604650039e-06 | negative
results\c1_sources\extracted\GC_SEED\medi-103-e37189-s001.xlsx,corResult,849,KEAP1 | AC092368.3 | 0.216295763058137 | 2.39279775761253e-05 | postive
results\c1_sources\extracted\GC_SEED\medi-103-e37189-s001.xlsx,corResult,852,KEAP1 | AC018809.1 | -0.282508900825737 | 2.60223060939626e-08 | negative
results\c1_sources\extracted\GC_SEED\medi-103-e37189-s001.xlsx,corResult,853,KEAP1 | AL121917.1 | -0.2102290303169 | 4.07079302321818e-05 | negative
results\c1_sources\extracted\GC_SEED\medi-103-e37189-s001.xlsx,corResult,860,KEAP1 | AL359715.1 | -0.215663638932798 | 2.53080520482246e-05 | negative
results\c1_sources\extracted\GC_SEED\medi-103-e37189-s001.xlsx,corResult,862,KEAP1 | FAM198B-AS1 | -0.217935619553022 | 2.06726171277381e-05 | negative
results\c1_sources\extracted\GC_SEED\medi-103-e37189-s001.xlsx,corResult,864,KEAP1 | BACH1-IT1 | -0.333199060907136 | 3.56840172756312e-11 | negative
results\c1_sources\extracted\GC_SEED\medi-103-e37189-s001.xlsx,corResult,867,KEAP1 | AC008026.3 | -0.259298643504935 | 3.54523680431003e-07 | negative
results\c1_sources\extracted\GC_SEED\medi-103-e37189-s001.xlsx,corResult,870,KEAP1 | AC124312.5 | -0.214388666333166 | 2.83243094910059e-05 | negative
results\c1_sources\extracted\GC_SEED\medi-103-e37189-s001.xlsx,corResult,873,KEAP1 | AC005086.2 | -0.296647396356171 | 4.69189169364076e-09 | negative
results\c1_sources\extracted\GC_SEED\medi-103-e37189-s001.xlsx,corResult,876,KEAP1 | AC025265.1 | -0.208175141623403 | 4.85647616514499e-05 | negative
results\c1_sources\extracted\GC_SEED\medi-103-e37189-s001.xlsx,corResult,877,KEAP1 | HMBOX1-IT1 | -0.302575661736579 | 2.22383402068499e-09 | negative
results\c1_sources\extracted\GC_SEED\medi-103-e37189-s001.xlsx,corResult,878,KEAP1 | AC084083.1 | -0.238580238531969 | 2.97839885524018e-06 | negative
results\c1_sources\extracted\GC_SEED\medi-103-e37189-s001.xlsx,corResult,880,KEAP1 | HOTAIRM1 | -0.220843245188301 | 1.59072056382499e-05 | negative
results\c1_sources\extracted\GC_SEED\medi-103-e37189-s001.xlsx,corResult,883,KEAP1 | AL031768.1 | -0.214558364421135 | 2.79040659067701e-05 | negative
results\c1_sources\extracted\GC_SEED\medi-103-e37189-s001.xlsx,corResult,885,KEAP1 | AL442125.1 | -0.258534270020696 | 3.8477212988674e-07 | negative
results\c1_sources\extracted\GC_SEED\medi-103-e37189-s001.xlsx,corResult,889,KEAP1 | AL137186.2 | -0.284416952590766 | 2.07645152749663e-08 | negative
results\c1_sources\extracted\GC_SEED\medi-103-e37189-s001.xlsx,corResult,891,KEAP1 | RUSC1-AS1 | -0.255074470934222 | 5.55575271906683e-07 | negative
results\c1_sources\extracted\GC_SEED\medi-103-e37189-s001.xlsx,corResult,894,KEAP1 | MAGI2-AS3 | -0.242059318962933 | 2.11075259823838e-06 | negative
results\c1_sources\extracted\GC_SEED\medi-103-e37189-s001.xlsx,corResult,897,KEAP1 | AL353804.2 | -0.204655497896352 | 6.54519602470647e-05 | negative
results\c1_sources\extracted\GC_SEED\medi-103-e37189-s001.xlsx,corResult,898,KEAP1 | AC127024.5 | -0.291822952569369 | 8.50802859904978e-09 | negative
results\c1_sources\extracted\GC_SEED\medi-103-e37189-s001.xlsx,corResult,901,KEAP1 | AC005921.3 | -0.206340752455872 | 5.67728599529782e-05 | negative
results\c1_sources\extracted\GC_SEED\medi-103-e37189-s001.xlsx,corResult,903,KEAP1 | ILF3-DT | 0.20210743080323 | 8.09814947666792e-05 | postive
results\c1_sources\extracted\GC_SEED\medi-103-e37189-s001.xlsx,corResult,904,KEAP1 | AC100793.2 | -0.227817630937269 | 8.36323711944029e-06 | negative
results\c1_sources\extracted\GC_SEED\medi-103-e37189-s001.xlsx,corResult,910,KEAP1 | LIX1L-AS1 | -0.220055720260727 | 1.7083134678663e-05 | negative
results\c1_sources\extracted\GC_SEED\medi-103-e37189-s001.xlsx,corResult,912,KEAP1 | AC114980.1 | -0.320490966006871 | 2.09874467249384e-10 | negative
results\c1_sources\extracted\GC_SEED\medi-103-e37189-s001.xlsx,corResult,918,KEAP1 | AL450326.1 | 0.279541518885829 | 3.68409967629086e-08 | postive
results\c1_sources\extracted\GC_SEED\medi-103-e37189-s001.xlsx,corResult,921,KEAP1 | AC026474.1 | -0.221319312515508 | 1.5234056740368e-05 | negative
results\c1_sources\extracted\GC_SEED\medi-103-e37189-s001.xlsx,corResult,923,KEAP1 | AC108727.1 | -0.28638872956254 | 1.6415284594174e-08 | negative
results\c1_sources\extracted\GC_SEED\medi-103-e37189-s001.xlsx,corResult,925,KEAP1 | AC007496.2 | -0.29546286673694 | 5.43573045915379e-09 | negative
results\c1_sources\extracted\GC_SEED\medi-103-e37189-s001.xlsx,corResult,928,KEAP1 | AC006547.1 | -0.257546615451994 | 4.27544983342401e-07 | negative
results\c1_sources\extracted\GC_SEED\medi-103-e37189-s001.xlsx,corResult,931,KEAP1 | AC048341.1 | -0.271959213170813 | 8.79269848148127e-08 | negative
results\c1_sources\extracted\GC_SEED\medi-103-e37189-s001.xlsx,corResult,937,KEAP1 | AC015802.5 | -0.223183119851796 | 1.28500003318345e-05 | negative
results\c1_sources\extracted\GC_SEED\medi-103-e37189-s001.xlsx,corResult,939,KEAP1 | AC090186.1 | -0.221669475209699 | 1.47562946968038e-05 | negative
results\c1_sources\extracted\GC_SEED\medi-103-e37189-s001.xlsx,corResult,941,KEAP1 | AL391244.2 | 0.277072680124479 | 4.90458063231889e-08 | postive
results\c1_sources\extracted\GC_SEED\medi-103-e37189-s001.xlsx,corResult,942,KEAP1 | AL158825.2 | -0.249156785081578 | 1.02873283268287e-06 | negative
results\c1_sources\extracted\GC_SEED\medi-103-e37189-s001.xlsx,corResult,944,KEAP1 | AC116914.2 | -0.24155448815181 | 2.21961469891757e-06 | negative
results\c1_sources\extracted\GC_SEED\medi-103-e37189-s001.xlsx,corResult,946,KEAP1 | AC004918.1 | -0.23331668671487 | 4.96531366319958e-06 | negative
results\c1_sources\extracted\GC_SEED\medi-103-e37189-s001.xlsx,corResult,951,KEAP1 | AC137630.1 | 0.205289990871263 | 6.20469980026133e-05 | postive
results\c1_sources\extracted\GC_SEED\medi-103-e37189-s001.xlsx,corResult,952,KEAP1 | AL033384.2 | -0.280673951149157 | 3.22790298121515e-08 | negative
results\c1_sources\extracted\GC_SEED\medi-103-e37189-s001.xlsx,corResult,954,KEAP1 | AL731577.1 | -0.261526056110787 | 2.78857164707082e-07 | negative
results\c1_sources\extracted\GC_SEED\medi-103-e37189-s001.xlsx,corResult,958,KEAP1 | AC016747.3 | -0.332203310930357 | 4.11208614219331e-11 | negative
results\c1_sources\extracted\GC_SEED\medi-103-e37189-s001.xlsx,corResult,961,KEAP1 | AC004825.2 | -0.205360716377099 | 6.16779762864253e-05 | negative
results\c1_sources\extracted\GC_SEED\medi-103-e37189-s001.xlsx,corResult,964,KEAP1 | AC007496.1 | -0.241375268942214 | 2.25953763010602e-06 | negative
results\c1_sources\extracted\GC_SEED\medi-103-e37189-s001.xlsx,corResult,968,KEAP1 | AC008750.5 | -0.2194377528766 | 1.80631709839646e-05 | negative
results\c1_sources\extracted\GC_SEED\medi-103-e37189-s001.xlsx,corResult,970,KEAP1 | AP003486.1 | -0.206065215085369 | 5.81134044407995e-05 | negative
results\c1_sources\extracted\GC_SEED\medi-103-e37189-s001.xlsx,corResult,972,KEAP1 | AC092143.3 | -0.222413511524651 | 1.37879475660341e-05 | negative
results\c1_sources\extracted\GC_SEED\medi-103-e37189-s001.xlsx,corResult,976,KEAP1 | AC087284.1 | -0.275016887146534 | 6.21085561972416e-08 | negative
results\c1_sources\extracted\GC_SEED\medi-103-e37189-s001.xlsx,corResult,977,KEAP1 | AC002064.2 | -0.231878059065768 | 5.69797862134505e-06 | negative
results\c1_sources\extracted\GC_SEED\medi-103-e37189-s001.xlsx,corResult,978,KEAP1 | SLC16A1-AS1 | -0.217149205051172 | 2.21775263078631e-05 | negative
results\c1_sources\extracted\GC_SEED\medi-103-e37189-s001.xlsx,corResult,980,KEAP1 | AL020997.3 | -0.308587586772235 | 1.02502892510286e-09 | negative
results\c1_sources\extracted\GC_SEED\medi-103-e37189-s001.xlsx,corResult,982,KEAP1 | AL355488.1 | -0.287977734587254 | 1.356483160646e-08 | negative
results\c1_sources\extracted\GC_SEED\medi-103-e37189-s001.xlsx,corResult,984,KEAP1 | AC095057.3 | -0.325560141154716 | 1.04543177174743e-10 | negative
results\c1_sources\extracted\GC_SEED\medi-103-e37189-s001.xlsx,corResult,985,KEAP1 | AC019131.2 | -0.230460976614922 | 6.51968762320832e-06 | negative
results\c1_sources\extracted\GC_SEED\medi-103-e37189-s001.xlsx,corResult,987,KEAP1 | CDC42-IT1 | -0.240347802055699 | 2.50200647374837e-06 | negative
results\c1_sources\extracted\GC_SEED\medi-103-e37189-s001.xlsx,corResult,988,KEAP1 | AC106772.2 | 0.201812547358241 | 8.29875149934374e-05 | postive
results\c1_sources\extracted\GC_SEED\medi-103-e37189-s001.xlsx,corResult,989,KEAP1 | UBE2R2-AS1 | -0.326192001058603 | 9.57576253036024e-11 | negative
results\c1_sources\extracted\GC_SEED\medi-103-e37189-s001.xlsx,corResult,991,KEAP1 | AC100830.2 | -0.20232567192103 | 7.95263446123052e-05 | negative
results\c1_sources\extracted\GC_SEED\medi-103-e37189-s001.xlsx,corResult,993,KEAP1 | AC008147.2 | -0.207405616620406 | 5.18613707752559e-05 | negative
results\c1_sources\extracted\GC_SEED\medi-103-e37189-s001.xlsx,corResult,995,KEAP1 | AC011978.2 | -0.219609114841477 | 1.77861900990632e-05 | negative
results\c1_sources\extracted\GC_SEED\medi-103-e37189-s001.xlsx,corResult,996,KEAP1 | ARHGAP27P1-BPTFP1-KPNA2P3 | -0.240476926010162 | 2.4702216458625e-06 | negative
results\c1_sources\extracted\GC_SEED\medi-103-e37189-s001.xlsx,corResult,997,KEAP1 | AC113139.1 | -0.291875937250462 | 8.45310472204653e-09 | negative
results\c1_sources\extracted\GC_SEED\medi-103-e37189-s001.xlsx,corResult,999,KEAP1 | AC008731.1 | -0.33057653027109 | 5.17849496330412e-11 | negative
results\c1_sources\extracted\GC_SEED\medi-103-e37189-s001.xlsx,corResult,1010,KEAP1 | AP000240.1 | -0.325150985002403 | 1.10645699148361e-10 | negative
results\c1_sources\extracted\GC_SEED\medi-103-e37189-s001.xlsx,corResult,1012,KEAP1 | AL590666.1 | -0.203135668517107 | 7.4338005173758e-05 | negative
results\c1_sources\extracted\GC_SEED\medi-103-e37189-s001.xlsx,corResult,1014,KEAP1 | SAP30L-AS1 | -0.227725362627848 | 8.4357997574554e-06 | negative
results\c1_sources\extracted\GC_SEED\medi-103-e37189-s001.xlsx,corResult,1015,KEAP1 | AL807757.2 | -0.358505770449003 | 8.15054908368988e-13 | negative
results\c1_sources\extracted\GC_SEED\medi-103-e37189-s001.xlsx,corResult,1016,KEAP1 | AC135803.1 | -0.242762878089268 | 1.96752306507407e-06 | negative
results\c1_sources\extracted\GC_SEED\medi-103-e37189-s001.xlsx,corResult,1017,KEAP1 | AC044840.1 | -0.286897452700927 | 1.54448944964242e-08 | negative
results\c1_sources\extracted\GC_SEED\medi-103-e37189-s001.xlsx,corResult,1020,KEAP1 | LINC00641 | -0.294805462071785 | 5.89660357010144e-09 | negative
results\c1_sources\extracted\GC_SEED\medi-103-e37189-s001.xlsx,corResult,1024,KEAP1 | AL161729.3 | -0.222426748922391 | 1.37712786772245e-05 | negative
results\c1_sources\extracted\GC_SEED\medi-103-e37189-s001.xlsx,corResult,1026,KEAP1 | AC211433.1 | -0.201950856795383 | 8.20408746360604e-05 | negative
results\c1_sources\extracted\GC_SEED\medi-103-e37189-s001.xlsx,corResult,1028,KEAP1 | AC067852.2 | 0.461829227444776 | 3.28824928188947e-21 | postive
results\c1_sources\extracted\GC_SEED\medi-103-e37189-s001.xlsx,corResult,1030,KEAP1 | AC005899.7 | -0.225339421917576 | 1.05342579742792e-05 | negative
results\c1_sources\extracted\GC_SEED\medi-103-e37189-s001.xlsx,corResult,1032,KEAP1 | Z97989.1 | -0.256005415799319 | 5.03548666197113e-07 | negative
results\c1_sources\extracted\GC_SEED\medi-103-e37189-s001.xlsx,corResult,1036,KEAP1 | RAET1E-AS1 | 0.383298811992955 | 1.43072313825382e-14 | postive
results\c1_sources\extracted\GC_SEED\medi-103-e37189-s001.xlsx,corResult,1037,KEAP1 | AC116913.1 | -0.202294518598916 | 7.97325463008715e-05 | negative
results\c1_sources\extracted\GC_SEED\medi-103-e37189-s001.xlsx,corResult,1039,KEAP1 | AC022400.1 | -0.284191122420861 | 2.13285840585097e-08 | negative
results\c1_sources\extracted\GC_SEED\medi-103-e37189-s001.xlsx,corResult,1040,KEAP1 | AC012213.3 | -0.226134199233747 | 9.78547421157261e-06 | negative
results\c1_sources\extracted\GC_SEED\medi-103-e37189-s001.xlsx,corResult,1042,KEAP1 | AC087286.4 | -0.235490161060767 | 4.02637744145331e-06 | negative
results\c1_sources\extracted\GC_SEED\medi-103-e37189-s001.xlsx,corResult,1046,KEAP1 | AP001453.3 | 0.250525478901386 | 8.93332095179142e-07 | postive
results\c1_sources\extracted\GC_SEED\medi-103-e37189-s001.xlsx,corResult,1047,KEAP1 | AL022328.2 | -0.200730319506551 | 9.07576688059329e-05 | negative
results\c1_sources\extracted\GC_SEED\medi-103-e37189-s001.xlsx,corResult,1048,KEAP1 | AL138921.2 | -0.239854121701835 | 2.62717262783268e-06 | negative
results\c1_sources\extracted\GC_SEED\medi-103-e37189-s001.xlsx,corResult,1049,KEAP1 | AL031775.1 | -0.213436696148286 | 3.07951029035324e-05 | negative
results\c1_sources\extracted\GC_SEED\medi-103-e37189-s001.xlsx,corResult,1052,KEAP1 | AC079601.2 | -0.261162969036473 | 2.90030224725888e-07 | negative
results\c1_sources\extracted\GC_SEED\medi-103-e37189-s001.xlsx,corResult,1053,KEAP1 | AC092119.2 | -0.259936722772157 | 3.31036215469668e-07 | negative
results\c1_sources\extracted\GC_SEED\medi-103-e37189-s001.xlsx,corResult,1055,KEAP1 | AL354733.3 | -0.240905230309791 | 2.3675323327524e-06 | negative
results\c1_sources\extracted\GC_SEED\medi-103-e37189-s001.xlsx,corResult,1064,KEAP1 | AC087501.1 | -0.223031180851955 | 1.30302315022307e-05 | negative
results\c1_sources\extracted\GC_SEED\medi-103-e37189-s001.xlsx,corResult,1065,KEAP1 | AC032044.1 | -0.277379635824456 | 4.73388307080755e-08 | negative
results\c1_sources\extracted\GC_SEED\medi-103-e37189-s001.xlsx,corResult,1068,KEAP1 | AC092651.2 | 0.204264025885956 | 6.76398236748782e-05 | postive
results\c1_sources\extracted\GC_SEED\medi-103-e37189-s001.xlsx,corResult,1070,KEAP1 | AC015726.1 | -0.277926615648663 | 4.44382195201366e-08 | negative
results\c1_sources\extracted\GC_SEED\medi-103-e37189-s001.xlsx,corResult,1071,KEAP1 | AC010530.1 | -0.260514780069709 | 3.11055611527407e-07 | negative
results\c1_sources\extracted\GC_SEED\medi-103-e37189-s001.xlsx,corResult,1073,KEAP1 | AL157392.4 | -0.274800527281664 | 6.36641803598132e-08 | negative
results\c1_sources\extracted\GC_SEED\medi-103-e37189-s001.xlsx,corResult,1083,KEAP1 | AC025171.4 | -0.265121402946923 | 1.88387378223039e-07 | negative
results\c1_sources\extracted\GC_SEED\medi-103-e37189-s001.xlsx,corResult,1084,KEAP1 | AC090772.3 | -0.254094526279474 | 6.15902846627344e-07 | negative
results\c1_sources\extracted\GC_SEED\medi-103-e37189-s001.xlsx,corResult,1090,KEAP1 | AC087477.2 | -0.223625705975653 | 1.2338404595271e-05 | negative
results\c1_sources\extracted\GC_SEED\medi-103-e37189-s001.xlsx,corResult,1094,KEAP1 | ACAP2-IT1 | -0.200015889176929 | 9.625677059221e-05 | negative
results\c1_sources\extracted\GC_SEED\medi-103-e37189-s001.xlsx,corResult,1097,KEAP1 | AC015849.3 | -0.319352870299009 | 2.4498456093214e-10 | negative
results\c1_sources\extracted\GC_SEED\medi-103-e37189-s001.xlsx,corResult,1099,KEAP1 | Z97200.1 | -0.217535799976881 | 2.14251951524513e-05 | negative
results\c1_sources\extracted\GC_SEED\medi-103-e37189-s001.xlsx,corResult,1105,KEAP1 | DNM3OS | -0.271204607952265 | 9.57403769173927e-08 | negative
results\c1_sources\extracted\GC_SEED\medi-103-e37189-s001.xlsx,corResult,1107,KEAP1 | AC010519.1 | -0.219339664519777 | 1.82235528306689e-05 | negative
results\c1_sources\extracted\GC_SEED\medi-103-e37189-s001.xlsx,corResult,1109,KEAP1 | AC068888.2 | -0.278468832803386 | 4.17326296487743e-08 | negative
results\c1_sources\extracted\GC_SEED\medi-103-e37189-s001.xlsx,corResult,1110,KEAP1 | AL391121.1 | 0.230737779026215 | 6.35078939427907e-06 | postive
results\c1_sources\extracted\GC_SEED\medi-103-e37189-s001.xlsx,corResult,1113,KEAP1 | TRIM31-AS1 | -0.206923629445863 | 5.40325725521963e-05 | negative
results\c1_sources\extracted\GC_SEED\medi-103-e37189-s001.xlsx,corResult,1116,KEAP1 | AC012645.4 | -0.232701560029195 | 5.26685768525796e-06 | negative
results\c1_sources\extracted\GC_SEED\medi-103-e37189-s001.xlsx,corResult,1119,KEAP1 | AC114947.2 | -0.227408941827878 | 8.68922137495875e-06 | negative
results\c1_sources\extracted\GC_SEED\medi-103-e37189-s001.xlsx,corResult,1125,KEAP1 | AC007272.1 | -0.217424854905931 | 2.16385864261784e-05 | negative
results\c1_sources\extracted\GC_SEED\medi-103-e37189-s001.xlsx,corResult,1128,KEAP1 | AC007038.1 | -0.226604893647042 | 9.36618973645036e-06 | negative
results\c1_sources\extracted\GC_SEED\medi-103-e37189-s001.xlsx,corResult,1135,KEAP1 | SNHG25 | 0.215168985729154 | 2.64402376236466e-05 | postive
results\c1_sources\extracted\GC_SEED\medi-103-e37189-s001.xlsx,corResult,1136,KEAP1 | AC004000.1 | -0.338812823392488 | 1.58883751202967e-11 | negative
results\c1_sources\extracted\GC_SEED\medi-103-e37189-s001.xlsx,corResult,1137,KEAP1 | AL137244.1 | -0.200804053151162 | 9.02072700486909e-05 | negative
results\c1_sources\extracted\GC_SEED\medi-103-e37189-s001.xlsx,corResult,1138,KEAP1 | C3orf35 | -0.272295478608451 | 8.46467080962004e-08 | negative
results\c1_sources\extracted\GC_SEED\medi-103-e37189-s001.xlsx,corResult,1142,KEAP1 | AC005014.2 | -0.209789200625987 | 4.22819082845654e-05 | negative
results\c1_sources\extracted\GC_SEED\medi-103-e37189-s001.xlsx,corResult,1144,KEAP1 | AC025175.1 | -0.264635782989955 | 1.98703426388472e-07 | negative
results\c1_sources\extracted\GC_SEED\medi-103-e37189-s001.xlsx,corResult,1145,KEAP1 | XIAP-AS1 | -0.212340194593386 | 3.38936134077531e-05 | negative
results\c1_sources\extracted\GC_SEED\medi-103-e37189-s001.xlsx,corResult,1147,KEAP1 | TET2-AS1 | -0.229897679654698 | 6.8767078710726e-06 | negative
results\c1_sources\extracted\GC_SEED\medi-103-e37189-s001.xlsx,corResult,1148,KEAP1 | LINC02600 | 0.200223732517451 | 9.46254679109006e-05 | postive
results\c1_sources\extracted\GC_SEED\medi-103-e37189-s001.xlsx,corResult,1149,KEAP1 | AC112512.1 | -0.311918185659324 | 6.62345978997469e-10 | negative
results\c1_sources\extracted\GC_SEED\medi-103-e37189-s001.xlsx,corResult,1150,KEAP1 | AC008966.1 | 0.235334246592517 | 4.08765113545175e-06 | postive
results\c1_sources\extracted\GC_SEED\medi-103-e37189-s001.xlsx,corResult,1151,KEAP1 | AC009812.4 | -0.256426483260843 | 4.81584849347207e-07 | negative
results\c1_sources\extracted\GC_SEED\medi-103-e37189-s001.xlsx,corResult,1154,KEAP1 | AL391834.1 | -0.217251593413953 | 2.1975871903837e-05 | negative
results\c1_sources\extracted\GC_SEED\medi-103-e37189-s001.xlsx,corResult,1155,KEAP1 | AC011374.2 | -0.236499537385391 | 3.65040272696076e-06 | negative
results\c1_sources\extracted\GC_SEED\medi-103-e37189-s001.xlsx,corResult,1156,KEAP1 | AC090559.2 | -0.318905574816754 | 2.60294085696723e-10 | negative
results\c1_sources\extracted\GC_SEED\medi-103-e37189-s001.xlsx,corResult,1157,KEAP1 | AC002128.1 | -0.204289629889962 | 6.74946467703547e-05 | negative
results\c1_sources\extracted\GC_SEED\medi-103-e37189-s001.xlsx,corResult,1158,KEAP1 | AC018648.1 | -0.276166698543181 | 5.44376141432302e-08 | negative
results\c1_sources\extracted\GC_SEED\medi-103-e37189-s001.xlsx,corResult,1160,KEAP1 | AC130650.1 | -0.27413164785091 | 6.87148472922726e-08 | negative
results\c1_sources\extracted\GC_SEED\medi-103-e37189-s001.xlsx,corResult,1163,KEAP1 | AL021707.8 | -0.207053003111135 | 5.34415105181992e-05 | negative
results\c1_sources\extracted\GC_SEED\medi-103-e37189-s001.xlsx,corResult,1164,KEAP1 | OPA1-AS1 | -0.233736603060373 | 4.7690003192433e-06 | negative
results\c1_sources\extracted\GC_SEED\medi-103-e37189-s001.xlsx,corResult,1165,KEAP1 | MIS18A-AS1 | -0.226844929839285 | 9.1590081195962e-06 | negative
results\c1_sources\extracted\GC_SEED\medi-103-e37189-s001.xlsx,corResult,1166,KEAP1 | AP003696.1 | -0.220745427634141 | 1.60489712438052e-05 | negative
results\c1_sources\extracted\GC_SEED\medi-103-e37189-s001.xlsx,corResult,1169,KEAP1 | AC092295.2 | 0.240581373680072 | 2.44479387549745e-06 | postive
results\c1_sources\extracted\GC_SEED\medi-103-e37189-s001.xlsx,corResult,1170,KEAP1 | AC090519.2 | -0.231755592222151 | 5.76489773087571e-06 | negative
results\c1_sources\extracted\GC_SEED\medi-103-e37189-s001.xlsx,corResult,1172,KEAP1 | FOXP1-AS1 | -0.290912720762921 | 9.50732778775891e-09 | negative
results\c1_sources\extracted\GC_SEED\medi-103-e37189-s001.xlsx,corResult,1175,KEAP1 | AC012100.2 | -0.230962963911074 | 6.21647099987081e-06 | negative
results\c1_sources\extracted\GC_SEED\medi-103-e37189-s001.xlsx,corResult,1178,KEAP1 | AL121845.4 | -0.227786635223215 | 8.3875465719937e-06 | negative
results\c1_sources\extracted\GC_SEED\medi-103-e37189-s001.xlsx,corResult,1180,KEAP1 | AL512791.1 | -0.316422237415777 | 3.63773467555206e-10 | negative
results\c1_sources\extracted\GC_SEED\medi-103-e37189-s001.xlsx,corResult,1181,KEAP1 | ZNF346-IT1 | -0.22665720948531 | 9.32065801731487e-06 | negative
results\c1_sources\extracted\GC_SEED\medi-103-e37189-s001.xlsx,corResult,1182,KEAP1 | AC008957.2 | -0.229611932148555 | 7.06486175378776e-06 | negative
results\c1_sources\extracted\GC_SEED\medi-103-e37189-s001.xlsx,corResult,1184,KEAP1 | AL096828.1 | 0.35027389819512 | 2.89300017909881e-12 | postive
results\c1_sources\extracted\GC_SEED\medi-103-e37189-s001.xlsx,corResult,1185,KEAP1 | AC127024.2 | -0.257272844283303 | 4.40187713683488e-07 | negative
results\c1_sources\extracted\GC_SEED\medi-103-e37189-s001.xlsx,corResult,1188,KEAP1 | AC015727.1 | -0.221350736579113 | 1.51905889830502e-05 | negative
results\c1_sources\extracted\GC_SEED\medi-103-e37189-s001.xlsx,corResult,1193,KEAP1 | AC021078.1 | -0.398626387710144 | 9.84225986148679e-16 | negative
results\c1_sources\extracted\GC_SEED\medi-103-e37189-s001.xlsx,corResult,1194,KEAP1 | AL390961.2 | -0.22250916064082 | 1.36679334208191e-05 | negative
results\c1_sources\extracted\GC_SEED\medi-103-e37189-s001.xlsx,corResult,1196,KEAP1 | AC132872.3 | -0.205783092254939 | 5.95168884497333e-05 | negative
results\c1_sources\extracted\GC_SEED\medi-103-e37189-s001.xlsx,corResult,1197,KEAP1 | AC022558.1 | -0.320263295068754 | 2.16481643820636e-10 | negative
results\c1_sources\extracted\GC_SEED\medi-103-e37189-s001.xlsx,corResult,1203,KEAP1 | MEG3 | -0.220391111123419 | 1.65725835379556e-05 | negative
results\c1_sources\extracted\GC_SEED\medi-103-e37189-s001.xlsx,corResult,1205,KEAP1 | AC009269.5 | -0.259319211375519 | 3.53742205437924e-07 | negative
results\c1_sources\extracted\GC_SEED\medi-103-e37189-s001.xlsx,corResult,1207,KEAP1 | AC027279.1 | -0.323343941735794 | 1.42007550879328e-10 | negative
results\c1_sources\extracted\GC_SEED\medi-103-e37189-s001.xlsx,corResult,1208,KEAP1 | AC023389.2 | -0.280766677578211 | 3.19306747634902e-08 | negative
results\c1_sources\extracted\GC_SEED\medi-103-e37189-s001.xlsx,corResult,1211,KEAP1 | AC115102.1 | -0.293215593862729 | 7.17312667240409e-09 | negative
results\c1_sources\extracted\GC_SEED\medi-103-e37189-s001.xlsx,corResult,1213,KEAP1 | AC108058.1 | -0.216802051624625 | 2.28743818886494e-05 | negative
results\c1_sources\extracted\GC_SEED\medi-103-e37189-s001.xlsx,corResult,1214,KEAP1 | VASH1-AS1 | -0.236731605391453 | 3.5688295981814e-06 | negative
results\c1_sources\extracted\GC_SEED\medi-103-e37189-s001.xlsx,corResult,1215,KEAP1 | AC016949.1 | -0.3262693108351 | 9.47333607223382e-11 | negative
results\c1_sources\extracted\GC_SEED\medi-103-e37189-s001.xlsx,corResult,1216,KEAP1 | AC004854.2 | 0.254932044120465 | 5.6397674288015e-07 | postive
results\c1_sources\extracted\GC_SEED\medi-103-e37189-s001.xlsx,corResult,1217,KEAP1 | AC084117.1 | -0.240231865930925 | 2.53087784207887e-06 | negative
results\c1_sources\extracted\GC_SEED\medi-103-e37189-s001.xlsx,corResult,1219,KEAP1 | AC083964.1 | -0.308633145011695 | 1.01896179594847e-09 | negative
results\c1_sources\extracted\GC_SEED\medi-103-e37189-s001.xlsx,corResult,1222,KEAP1 | AL592148.3 | -0.335427182249561 | 2.59331414451725e-11 | negative
results\c1_sources\extracted\GC_SEED\medi-103-e37189-s001.xlsx,corResult,1225,KEAP1 | AC022306.3 | -0.222118540228172 | 1.41643936533715e-05 | negative
results\c1_sources\extracted\GC_SEED\medi-103-e37189-s001.xlsx,corResult,1226,KEAP1 | AC002558.2 | -0.298579675224503 | 3.68526184330739e-09 | negative
results\c1_sources\extracted\GC_SEED\medi-103-e37189-s001.xlsx,corResult,1231,KEAP1 | AP001330.5 | -0.284114916623325 | 2.15222492394058e-08 | negative
results\c1_sources\extracted\GC_SEED\medi-103-e37189-s001.xlsx,corResult,1234,KEAP1 | AC087392.2 | -0.200652428370305 | 9.13425325817333e-05 | negative
results\c1_sources\extracted\GC_SEED\medi-103-e37189-s001.xlsx,corResult,1236,KEAP1 | AC078778.1 | -0.270387466488405 | 1.04955492888075e-07 | negative
results\c1_sources\extracted\GC_SEED\medi-103-e37189-s001.xlsx,corResult,1237,KEAP1 | HM13-IT1 | -0.255773105454589 | 5.16075061162282e-07 | negative
results\c1_sources\extracted\GC_SEED\medi-103-e37189-s001.xlsx,corResult,1238,KEAP1 | AL110115.2 | -0.240362189885994 | 2.49844553890323e-06 | negative
results\c1_sources\extracted\GC_SEED\medi-103-e37189-s001.xlsx,corResult,1241,KEAP1 | AC087500.2 | -0.20045676002461 | 9.282743306441e-05 | negative
results\c1_sources\extracted\GC_SEED\medi-103-e37189-s001.xlsx,corResult,1243,KEAP1 | AC110792.3 | -0.260756165444732 | 3.03059956320632e-07 | negative
results\c1_sources\extracted\GC_SEED\medi-103-e37189-s001.xlsx,corResult,1245,KEAP1 | AC092720.1 | 0.400025109854949 | 7.65554543084987e-16 | postive
results\c1_sources\extracted\GC_SEED\medi-103-e37189-s001.xlsx,corResult,1249,KEAP1 | LINC02352 | -0.228968130605724 | 7.50691284568212e-06 | negative
results\c1_sources\extracted\GC_SEED\medi-103-e37189-s001.xlsx,corResult,1250,KEAP1 | AL139120.1 | -0.263261261572645 | 2.30935494882653e-07 | negative
results\c1_sources\extracted\GC_SEED\medi-103-e37189-s001.xlsx,corResult,1252,KEAP1 | STARD4-AS1 | -0.25111594527554 | 8.40353406011008e-07 | negative
results\c1_sources\extracted\GC_SEED\medi-103-e37189-s001.xlsx,corResult,1256,KEAP1 | AC092953.2 | -0.222381024640229 | 1.38289372068139e-05 | negative
results\c1_sources\extracted\GC_SEED\medi-103-e37189-s001.xlsx,corResult,1259,KEAP1 | AC005261.1 | -0.228358374092919 | 7.94978076489777e-06 | negative
results\c1_sources\extracted\GC_SEED\medi-103-e37189-s001.xlsx,corResult,1260,KEAP1 | AL450344.2 | -0.248824435174474 | 1.06446502731462e-06 | negative
results\c1_sources\extracted\GC_SEED\medi-103-e37189-s001.xlsx,corResult,1262,KEAP1 | LINC01473 | -0.262829713332619 | 2.42053779376664e-07 | negative
results\c1_sources\extracted\GC_SEED\medi-103-e37189-s001.xlsx,corResult,1264,KEAP1 | AC020907.4 | -0.240730192578697 | 2.40899587304696e-06 | negative
results\c1_sources\extracted\GC_SEED\medi-103-e37189-s001.xlsx,corResult,1265,KEAP1 | AC004837.2 | -0.229793271580246 | 6.94489630159069e-06 | negative
results\c1_sources\extracted\GC_SEED\medi-103-e37189-s001.xlsx,corResult,1267,KEAP1 | AC007066.2 | -0.264205507476773 | 2.08296364411979e-07 | negative
results\c1_sources\extracted\GC_SEED\medi-103-e37189-s001.xlsx,corResult,1270,KEAP1 | PSMD6-AS2 | -0.259129312711871 | 3.61020772696072e-07 | negative
results\c1_sources\extracted\GC_SEED\medi-103-e37189-s001.xlsx,corResult,1272,KEAP1 | AC010525.1 | -0.302818017577037 | 2.15620566540202e-09 | negative
results\c1_sources\extracted\GC_SEED\medi-103-e37189-s001.xlsx,corResult,1273,KEAP1 | AC073130.2 | -0.201847421639858 | 8.27478579902221e-05 | negative
results\c1_sources\extracted\GC_SEED\medi-103-e37189-s001.xlsx,corResult,1277,KEAP1 | AC024451.4 | -0.261943050228779 | 2.66535877403706e-07 | negative
results\c1_sources\extracted\GC_SEED\medi-103-e37189-s001.xlsx,corResult,1278,KEAP1 | AC023043.1 | 0.258885285547419 | 3.70585586492361e-07 | postive
results\c1_sources\extracted\GC_SEED\medi-103-e37189-s001.xlsx,corResult,1282,KEAP1 | AC090198.1 | -0.280624474670391 | 3.24664026085366e-08 | negative
results\c1_sources\extracted\GC_SEED\medi-103-e37189-s001.xlsx,corResult,1283,KEAP1 | AP001486.2 | -0.248628597484446 | 1.08607413154104e-06 | negative
results\c1_sources\extracted\GC_SEED\medi-103-e37189-s001.xlsx,corResult,1286,KEAP1 | AC073569.2 | 0.265473065624845 | 1.81240949971231e-07 | postive
results\c1_sources\extracted\GC_SEED\medi-103-e37189-s001.xlsx,corResult,1288,KEAP1 | AC012557.1 | -0.281563533587823 | 2.9083074337301e-08 | negative
results\c1_sources\extracted\GC_SEED\medi-103-e37189-s001.xlsx,corResult,1293,KEAP1 | AP002993.1 | -0.267911776204719 | 1.38393792838462e-07 | negative
results\c1_sources\extracted\GC_SEED\medi-103-e37189-s001.xlsx,corResult,1294,KEAP1 | NEAT1 | -0.252101957153612 | 7.58536837068423e-07 | negative
results\c1_sources\extracted\GC_SEED\medi-103-e37189-s001.xlsx,corResult,1296,KEAP1 | AC107081.2 | -0.314457398844348 | 4.73043221403526e-10 | negative
results\c1_sources\extracted\GC_SEED\medi-103-e37189-s001.xlsx,corResult,1300,KEAP1 | AC018682.1 | -0.230668609746327 | 6.39259971346568e-06 | negative
results\c1_sources\extracted\GC_SEED\medi-103-e37189-s001.xlsx,corResult,1302,KEAP1 | AC080162.1 | -0.295186976181723 | 5.62472770511346e-09 | negative
results\c1_sources\extracted\GC_SEED\medi-103-e37189-s001.xlsx,corResult,1305,KEAP1 | AC104564.5 | -0.242603380423074 | 1.99915436634245e-06 | negative
results\c1_sources\extracted\GC_SEED\medi-103-e37189-s001.xlsx,corResult,1310,KEAP1 | AL078581.3 | -0.256639279908355 | 4.70837918111791e-07 | negative
results\c1_sources\extracted\GC_SEED\medi-103-e37189-s001.xlsx,corResult,1311,KEAP1 | AC073052.1 | -0.335675080218943 | 2.50243910763628e-11 | negative
results\c1_sources\extracted\GC_SEED\medi-103-e37189-s001.xlsx,corResult,1312,KEAP1 | AC051619.4 | -0.204740888706307 | 6.49836726992692e-05 | negative
results\c1_sources\extracted\GC_SEED\medi-103-e37189-s001.xlsx,corResult,1316,KEAP1 | AC020661.2 | -0.288628005719402 | 1.25420218821118e-08 | negative
results\c1_sources\extracted\GC_SEED\medi-103-e37189-s001.xlsx,corResult,1320,KEAP1 | AC009095.1 | -0.296300757511819 | 4.89869736819949e-09 | negative
results\c1_sources\extracted\GC_SEED\medi-103-e37189-s001.xlsx,corResult,1321,KEAP1 | AL049840.4 | -0.296194125895784 | 4.96407173823849e-09 | negative
results\c1_sources\extracted\GC_SEED\medi-103-e37189-s001.xlsx,corResult,1322,KEAP1 | AC007036.2 | -0.294219160757056 | 6.33939440838333e-09 | negative
results\c1_sources\extracted\GC_SEED\medi-103-e37189-s001.xlsx,corResult,1325,KEAP1 | AC139887.4 | -0.2156389012727 | 2.53635643534115e-05 | negative
results\c1_sources\extracted\GC_SEED\medi-103-e37189-s001.xlsx,corResult,1326,KEAP1 | AL049835.1 | -0.283757307321469 | 2.24539973865288e-08 | negative
results\c1_sources\extracted\GC_SEED\medi-103-e37189-s001.xlsx,corResult,1328,KEAP1 | AC005726.3 | -0.280985699100826 | 3.11222152451545e-08 | negative
results\c1_sources\extracted\GC_SEED\medi-103-e37189-s001.xlsx,corResult,1330,KEAP1 | LINC01772 | -0.258936713691742 | 3.68549784224107e-07 | negative
results\c1_sources\extracted\GC_SEED\medi-103-e37189-s001.xlsx,corResult,1334,KEAP1 | AC122129.1 | -0.248120593777599 | 1.14410584075299e-06 | negative
results\c1_sources\extracted\GC_SEED\medi-103-e37189-s001.xlsx,corResult,1338,KEAP1 | AC023509.3 | -0.25309623371371 | 6.83802271364313e-07 | negative
results\c1_sources\extracted\GC_SEED\medi-103-e37189-s001.xlsx,corResult,1340,KEAP1 | AP003392.4 | 0.328785508307949 | 6.66458016515272e-11 | postive
results\c1_sources\extracted\GC_SEED\medi-103-e37189-s001.xlsx,corResult,1344,KEAP1 | RNASEH1-AS1 | 0.213260154284922 | 3.12751777464842e-05 | postive
results\c1_sources\extracted\GC_SEED\medi-103-e37189-s001.xlsx,corResult,1345,KEAP1 | AC066613.1 | -0.2051206251417 | 6.2939170511677e-05 | negative
results\c1_sources\extracted\GC_SEED\medi-103-e37189-s001.xlsx,corResult,1346,KEAP1 | AP000766.1 | -0.264064539888309 | 2.11535042095621e-07 | negative
results\c1_sources\extracted\GC_SEED\medi-103-e37189-s001.xlsx,corResult,1347,KEAP1 | AP001830.1 | -0.203023068167256 | 7.50396685592224e-05 | negative
results\c1_sources\extracted\GC_SEED\medi-103-e37189-s001.xlsx,corResult,1348,KEAP1 | AC087276.3 | -0.282401127752561 | 2.63548489218782e-08 | negative
results\c1_sources\extracted\GC_SEED\medi-103-e37189-s001.xlsx,corResult,1350,KEAP1 | AC022400.5 | -0.238332386278237 | 3.05175953591931e-06 | negative
results\c1_sources\extracted\GC_SEED\medi-103-e37189-s001.xlsx,corResult,1351,KEAP1 | AC027097.2 | -0.210218017381408 | 4.07466561290782e-05 | negative
results\c1_sources\extracted\GC_SEED\medi-103-e37189-s001.xlsx,corResult,1353,KEAP1 | OTUD6B-AS1 | -0.215328869292451 | 2.60691433504276e-05 | negative
results\c1_sources\extracted\GC_SEED\medi-103-e37189-s001.xlsx,corResult,1355,KEAP1 | RERG-IT1 | -0.201829399764849 | 8.28716233410959e-05 | negative
results\c1_sources\extracted\GC_SEED\medi-103-e37189-s001.xlsx,corResult,1358,KEAP1 | AL050343.2 | -0.236813552842634 | 3.54044275236098e-06 | negative
results\c1_sources\extracted\GC_SEED\medi-103-e37189-s001.xlsx,corResult,1360,KEAP1 | AL049840.5 | -0.212363882053858 | 3.38236664238978e-05 | negative
results\c1_sources\extracted\GC_SEED\medi-103-e37189-s001.xlsx,corResult,1363,KEAP1 | Z99289.1 | -0.272804675088435 | 7.9903102328218e-08 | negative
results\c1_sources\extracted\GC_SEED\medi-103-e37189-s001.xlsx,corResult,1365,KEAP1 | AC092067.1 | -0.250358558087398 | 9.08880273122117e-07 | negative
results\c1_sources\extracted\GC_SEED\medi-103-e37189-s001.xlsx,corResult,1367,KEAP1 | ADAMTS9-AS2 | -0.206275388387265 | 5.70882039753559e-05 | negative
results\c1_sources\extracted\GC_SEED\medi-103-e37189-s001.xlsx,corResult,1377,KEAP1 | AC084824.4 | -0.258894887633714 | 3.70204665473301e-07 | negative
results\c1_sources\extracted\GC_SEED\medi-103-e37189-s001.xlsx,corResult,1379,KEAP1 | AC069549.1 | -0.272306572086671 | 8.4540527439482e-08 | negative
results\c1_sources\extracted\GC_SEED\medi-103-e37189-s001.xlsx,corResult,1383,KEAP1 | AC126118.1 | -0.29308936539915 | 7.28522919470364e-09 | negative
results\c1_sources\extracted\GC_SEED\medi-103-e37189-s001.xlsx,corResult,1384,KEAP1 | AC104463.2 | -0.215604038603935 | 2.54419934505999e-05 | negative
results\c1_sources\extracted\GC_SEED\medi-103-e37189-s001.xlsx,corResult,1385,KEAP1 | AC145423.3 | -0.219977628515503 | 1.72041347234368e-05 | negative
results\c1_sources\extracted\GC_SEED\medi-103-e37189-s001.xlsx,corResult,1386,KEAP1 | AP001381.1 | -0.281872884400501 | 2.80450897089423e-08 | negative
results\c1_sources\extracted\GC_SEED\medi-103-e37189-s001.xlsx,corResult,1387,KEAP1 | AL139099.2 | -0.229735885045838 | 6.98264899455381e-06 | negative
results\c1_sources\extracted\GC_SEED\medi-103-e37189-s001.xlsx,corResult,1392,KEAP1 | VIPR1-AS1 | -0.219684168781506 | 1.76661501124188e-05 | negative
results\c1_sources\extracted\GC_SEED\medi-103-e37189-s001.xlsx,corResult,1393,KEAP1 | AC138230.1 | -0.214828766891048 | 2.72466129005476e-05 | negative
results\c1_sources\extracted\GC_SEED\medi-103-e37189-s001.xlsx,corResult,1396,KEAP1 | AC084036.1 | -0.218634424347429 | 1.94170914002411e-05 | negative
results\c1_sources\extracted\GC_SEED\medi-103-e37189-s001.xlsx,corResult,1398,KEAP1 | ITFG1-AS1 | -0.220994569548033 | 1.56902332725864e-05 | negative
results\c1_sources\extracted\GC_SEED\medi-103-e37189-s001.xlsx,corResult,1399,KEAP1 | AC068533.3 | -0.317393255470999 | 3.19263968555313e-10 | negative
results\c1_sources\extracted\GC_SEED\medi-103-e37189-s001.xlsx,corResult,1401,KEAP1 | AL117336.2 | -0.256186931938148 | 4.93964901740401e-07 | negative
results\c1_sources\extracted\GC_SEED\medi-103-e37189-s001.xlsx,corResult,1402,KEAP1 | AC006270.1 | -0.265488179811257 | 1.80939727324841e-07 | negative
results\c1_sources\extracted\GC_SEED\medi-103-e37189-s001.xlsx,corResult,1407,KEAP1 | CBR3-AS1 | -0.217911180995832 | 2.07178889481658e-05 | negative
results\c1_sources\extracted\GC_SEED\medi-103-e37189-s001.xlsx,corResult,1409,KEAP1 | AL365181.2 | 0.226775313905393 | 9.21864211431447e-06 | postive
results\c1_sources\extracted\GC_SEED\medi-103-e37189-s001.xlsx,corResult,1413,KEAP1 | AC092117.1 | 0.210883867624485 | 3.84667750994766e-05 | postive
results\c1_sources\extracted\GC_SEED\medi-103-e37189-s001.xlsx,corResult,1415,KEAP1 | AC090971.3 | -0.265352544087669 | 1.836602554431e-07 | negative
results\c1_sources\extracted\GC_SEED\medi-103-e37189-s001.xlsx,corResult,1417,KEAP1 | AC106028.3 | -0.216803171448839 | 2.287210101496e-05 | negative
results\c1_sources\extracted\GC_SEED\medi-103-e37189-s001.xlsx,corResult,1421,KEAP1 | AC012557.2 | -0.297867994098701 | 4.02890620056196e-09 | negative
results\c1_sources\extracted\GC_SEED\medi-103-e37189-s001.xlsx,corResult,1422,KEAP1 | AC068790.5 | -0.264577057170043 | 1.99987192157043e-07 | negative
results\c1_sources\extracted\GC_SEED\medi-103-e37189-s001.xlsx,corResult,1423,KEAP1 | AC027097.1 | -0.237907276935355 | 3.18162256886483e-06 | negative
results\c1_sources\extracted\GC_SEED\medi-103-e37189-s001.xlsx,corResult,1424,KEAP1 | AL589765.4 | 0.229256768769772 | 7.30556354260157e-06 | postive
results\c1_sources\extracted\GC_SEED\medi-103-e37189-s001.xlsx,corResult,1425,KEAP1 | ZBTB40-IT1 | -0.211710168048751 | 3.58050352985086e-05 | negative
results\c1_sources\extracted\GC_SEED\medi-103-e37189-s001.xlsx,corResult,1428,KEAP1 | AC010834.3 | -0.260442643635907 | 3.13484168599392e-07 | negative
results\c1_sources\extracted\GC_SEED\medi-103-e37189-s001.xlsx,corResult,1430,KEAP1 | AC027514.2 | -0.239794209010114 | 2.64276380173209e-06 | negative
results\c1_sources\extracted\GC_SEED\medi-103-e37189-s001.xlsx,corResult,1431,KEAP1 | AP001793.1 | -0.245286072106678 | 1.52654166628313e-06 | negative
results\c1_sources\extracted\GC_SEED\medi-103-e37189-s001.xlsx,corResult,1433,KEAP1 | AC093535.1 | -0.307465393199005 | 1.18605182952059e-09 | negative
results\c1_sources\extracted\GC_SEED\medi-103-e37189-s001.xlsx,corResult,1434,KEAP1 | AL450998.2 | -0.300119771722817 | 3.03611422194567e-09 | negative
results\c1_sources\extracted\GC_SEED\medi-103-e37189-s001.xlsx,corResult,1437,KEAP1 | AC011481.1 | -0.260240013291669 | 3.20403887933407e-07 | negative
results\c1_sources\extracted\GC_SEED\medi-103-e37189-s001.xlsx,corResult,1439,KEAP1 | LINC01117 | 0.254071413888689 | 6.17398956364429e-07 | postive
results\c1_sources\extracted\GC_SEED\medi-103-e37189-s001.xlsx,corResult,1440,KEAP1 | AC079174.1 | -0.216089938872365 | 2.43693132594727e-05 | negative
results\c1_sources\extracted\GC_SEED\medi-103-e37189-s001.xlsx,corResult,1441,KEAP1 | AC034229.4 | -0.204252132522105 | 6.7707360124465e-05 | negative
results\c1_sources\extracted\GC_SEED\medi-103-e37189-s001.xlsx,corResult,1442,KEAP1 | AC015914.1 | -0.236999149753236 | 3.47694645346812e-06 | negative
results\c1_sources\extracted\GC_SEED\medi-103-e37189-s001.xlsx,corResult,1444,KEAP1 | CFLAR-AS1 | -0.251788824367962 | 7.83653711261878e-07 | negative
results\c1_sources\extracted\GC_SEED\medi-103-e37189-s001.xlsx,corResult,1446,KEAP1 | AC027228.1 | -0.226354996063385 | 9.5866169753744e-06 | negative
results\c1_sources\extracted\GC_SEED\medi-103-e37189-s001.xlsx,corResult,1447,KEAP1 | PSPC1-AS2 | -0.28081709789302 | 3.17427828828947e-08 | negative
results\c1_sources\extracted\GC_SEED\medi-103-e37189-s001.xlsx,corResult,1448,KEAP1 | AL390208.1 | -0.230262688728597 | 6.64330015479144e-06 | negative
results\c1_sources\extracted\GC_SEED\medi-103-e37189-s001.xlsx,corResult,1450,KEAP1 | AL136295.7 | -0.334792280139392 | 2.84098016914988e-11 | negative
results\c1_sources\extracted\GC_SEED\medi-103-e37189-s001.xlsx,corResult,1451,KEAP1 | AC018557.2 | -0.250630519007103 | 8.83679030242509e-07 | negative
results\c1_sources\extracted\GC_SEED\medi-103-e37189-s001.xlsx,corResult,1453,KEAP1 | AL590666.2 | 0.348821460704479 | 3.60388526095431e-12 | postive
results\c1_sources\extracted\GC_SEED\medi-103-e37189-s001.xlsx,corResult,1454,KEAP1 | AC027544.2 | -0.259276019606157 | 3.55385190801097e-07 | negative
results\c1_sources\extracted\GC_SEED\medi-103-e37189-s001.xlsx,corResult,1456,KEAP1 | CCDC18-AS1 | -0.291598105989518 | 8.74497348487129e-09 | negative
results\c1_sources\extracted\GC_SEED\medi-103-e37189-s001.xlsx,corResult,1457,KEAP1 | EFCAB14-AS1 | -0.260800184407477 | 3.01623339550705e-07 | negative
results\c1_sources\extracted\GC_SEED\medi-103-e37189-s001.xlsx,corResult,1458,KEAP1 | HID1-AS1 | -0.202462149594299 | 7.86289118353121e-05 | negative
results\c1_sources\extracted\GC_SEED\medi-103-e37189-s001.xlsx,corResult,1460,KEAP1 | AC090517.2 | -0.22419777386883 | 1.17057757395049e-05 | negative
results\c1_sources\extracted\GC_SEED\medi-103-e37189-s001.xlsx,corResult,1462,KEAP1 | AL096701.3 | -0.230752999512825 | 6.34162420719055e-06 | negative
results\c1_sources\extracted\GC_SEED\medi-103-e37189-s001.xlsx,corResult,1464,KEAP1 | AC073487.1 | -0.279215758430923 | 3.8264735233264e-08 | negative
results\c1_sources\extracted\GC_SEED\medi-103-e37189-s001.xlsx,corResult,1466,KEAP1 | AC139768.1 | -0.247266383230412 | 1.24844450505288e-06 | negative
results\c1_sources\extracted\GC_SEED\medi-103-e37189-s001.xlsx,corResult,1468,KEAP1 | AC010326.3 | -0.214517221356865 | 2.80054077676872e-05 | negative
results\c1_sources\extracted\GC_SEED\medi-103-e37189-s001.xlsx,corResult,1470,KEAP1 | AL158163.2 | -0.252055651967628 | 7.62201765703669e-07 | negative
results\c1_sources\extracted\GC_SEED\medi-103-e37189-s001.xlsx,corResult,1473,KEAP1 | AC104564.1 | -0.261951884486369 | 2.66280595680244e-07 | negative
results\c1_sources\extracted\GC_SEED\medi-103-e37189-s001.xlsx,corResult,1476,KEAP1 | AC011479.3 | -0.231674219158068 | 5.8097756942457e-06 | negative
results\c1_sources\extracted\GC_SEED\medi-103-e37189-s001.xlsx,corResult,1478,KEAP1 | AC011899.2 | 0.220596864665436 | 1.62665777669442e-05 | postive
results\c1_sources\extracted\GC_SEED\medi-103-e37189-s001.xlsx,corResult,1483,KEAP1 | FAM13A-AS1 | -0.302943705046137 | 2.12192320989227e-09 | negative
results\c1_sources\extracted\GC_SEED\medi-103-e37189-s001.xlsx,corResult,1484,KEAP1 | AL031775.2 | -0.203634401316348 | 7.13038256721351e-05 | negative
results\c1_sources\extracted\GC_SEED\medi-103-e37189-s001.xlsx,corResult,1485,KEAP1 | AL137058.2 | 0.229653217267115 | 7.03737719325042e-06 | postive
results\c1_sources\extracted\GC_SEED\medi-103-e37189-s001.xlsx,corResult,1486,KEAP1 | AP005899.1 | -0.227077149854435 | 8.96272856675245e-06 | negative
results\c1_sources\extracted\GC_SEED\medi-103-e37189-s001.xlsx,corResult,1487,KEAP1 | AC084357.2 | -0.229084246836385 | 7.42528473378484e-06 | negative
results\c1_sources\extracted\GC_SEED\medi-103-e37189-s001.xlsx,corResult,1488,KEAP1 | AL021707.6 | -0.310988686437219 | 7.48601908034813e-10 | negative
results\c1_sources\extracted\GC_SEED\medi-103-e37189-s001.xlsx,corResult,1491,KEAP1 | AC120349.1 | -0.325979894096401 | 9.86234867136629e-11 | negative
results\c1_sources\extracted\GC_SEED\medi-103-e37189-s001.xlsx,corResult,1496,KEAP1 | AC124016.2 | -0.218190658751354 | 2.02057275180772e-05 | negative
results\c1_sources\extracted\GC_SEED\medi-103-e37189-s001.xlsx,corResult,1498,KEAP1 | AC016405.1 | -0.264357004000723 | 2.04869006530443e-07 | negative
results\c1_sources\extracted\GC_SEED\medi-103-e37189-s001.xlsx,corResult,1500,KEAP1 | AC068790.2 | -0.291419902270445 | 8.93729235732554e-09 | negative
results\c1_sources\extracted\GC_SEED\medi-103-e37189-s001.xlsx,corResult,1502,KEAP1 | AC009120.3 | -0.232583075719975 | 5.32691192266645e-06 | negative
results\c1_sources\extracted\GC_SEED\medi-103-e37189-s001.xlsx,corResult,1504,KEAP1 | UBL7-AS1 | 0.249248320177219 | 1.01909530609009e-06 | postive
results\c1_sources\extracted\GC_SEED\medi-103-e37189-s001.xlsx,corResult,1509,KEAP1 | AC124312.2 | -0.220026460646198 | 1.71283763577749e-05 | negative
results\c1_sources\extracted\GC_SEED\medi-103-e37189-s001.xlsx,corResult,1519,KEAP1 | NDUFV2-AS1 | -0.229729679916313 | 6.98674283527174e-06 | negative
results\c1_sources\extracted\GC_SEED\medi-103-e37189-s001.xlsx,corResult,1521,KEAP1 | AC010201.1 | -0.208756858217562 | 4.62051188515629e-05 | negative
results\c1_sources\extracted\GC_SEED\medi-103-e37189-s001.xlsx,corResult,1523,KEAP1 | AC004982.1 | -0.25114072322647 | 8.38197467538798e-07 | negative
results\c1_sources\extracted\GC_SEED\medi-103-e37189-s001.xlsx,corResult,1524,KEAP1 | AC040904.1 | -0.217097322544839 | 2.22803775751744e-05 | negative
results\c1_sources\extracted\GC_SEED\medi-103-e37189-s001.xlsx,corResult,1525,KEAP1 | AC012065.3 | -0.21660674631061 | 2.32754970969464e-05 | negative
results\c1_sources\extracted\GC_SEED\medi-103-e37189-s001.xlsx,corResult,1528,KEAP1 | AC002550.2 | -0.243627791446619 | 1.8041641167069e-06 | negative
results\c1_sources\extracted\GC_SEED\medi-103-e37189-s001.xlsx,corResult,1531,KEAP1 | AC136604.2 | -0.261458459105486 | 2.80905425846218e-07 | negative
results\c1_sources\extracted\GC_SEED\medi-103-e37189-s001.xlsx,corResult,1533,KEAP1 | FP236383.3 | 0.272166796289408 | 8.58878209889092e-08 | postive
results\c1_sources\extracted\GC_SEED\medi-103-e37189-s001.xlsx,corResult,1536,KEAP1 | AC107993.1 | -0.368706675031732 | 1.61081159898089e-13 | negative
results\c1_sources\extracted\GC_SEED\medi-103-e37189-s001.xlsx,corResult,1537,KEAP1 | AL158063.1 | -0.200667520186537 | 9.12289359476067e-05 | negative
results\c1_sources\extracted\GC_SEED\medi-103-e37189-s001.xlsx,corResult,1538,KEAP1 | AC087501.2 | -0.251514596610531 | 8.06303588026253e-07 | negative
results\c1_sources\extracted\GC_SEED\medi-103-e37189-s001.xlsx,corResult,1540,KEAP1 | AC010761.1 | -0.249830412281117 | 9.59803468325167e-07 | negative
results\c1_sources\extracted\GC_SEED\medi-103-e37189-s001.xlsx,corResult,1542,KEAP1 | AC079354.2 | -0.283214092101687 | 2.39443583921e-08 | negative
results\c1_sources\extracted\GC_SEED\medi-103-e37189-s001.xlsx,corResult,1545,KEAP1 | AC009686.1 | -0.203535847380625 | 7.18939979470778e-05 | negative
results\c1_sources\extracted\GC_SEED\medi-103-e37189-s001.xlsx,corResult,1548,KEAP1 | AL138787.2 | -0.227600699546601 | 8.53479096625861e-06 | negative
results\c1_sources\extracted\GC_SEED\medi-103-e37189-s001.xlsx,corResult,1549,KEAP1 | AP000692.1 | -0.314480569779687 | 4.71585534027672e-10 | negative
results\c1_sources\extracted\GC_SEED\medi-103-e37189-s001.xlsx,corResult,1550,KEAP1 | AP003392.1 | -0.213348539622329 | 3.10339506857375e-05 | negative
results\c1_sources\extracted\GC_SEED\medi-103-e37189-s001.xlsx,corResult,1555,KEAP1 | BTBD9-AS1 | -0.298434233812694 | 3.75309561833892e-09 | negative
results\c1_sources\extracted\GC_SEED\medi-103-e37189-s001.xlsx,corResult,1556,KEAP1 | PTPRJ-AS1 | -0.249290609460333 | 1.01467204926372e-06 | negative
results\c1_sources\extracted\GC_SEED\medi-103-e37189-s001.xlsx,corResult,1560,KEAP1 | AC016550.2 | -0.219945062976882 | 1.72548336676771e-05 | negative
results\c1_sources\extracted\GC_SEED\medi-103-e37189-s001.xlsx,corResult,1561,KEAP1 | AC010809.2 | -0.27050733151316 | 1.03552143893087e-07 | negative
results\c1_sources\extracted\GC_SEED\medi-103-e37189-s001.xlsx,corResult,1563,KEAP1 | Z69706.1 | -0.210507218993284 | 3.97411666702072e-05 | negative
results\c1_sources\extracted\GC_SEED\medi-103-e37189-s001.xlsx,corResult,1564,KEAP1 | AL354766.2 | 0.361661808568358 | 4.96597440189682e-13 | postive
results\c1_sources\extracted\GC_SEED\medi-103-e37189-s001.xlsx,corResult,1565,KEAP1 | AC084824.5 | -0.322597184921437 | 1.573578719238e-10 | negative
results\c1_sources\extracted\GC_SEED\medi-103-e37189-s001.xlsx,corResult,1568,KEAP1 | AC073333.1 | -0.223132544255957 | 1.29097288055522e-05 | negative
results\c1_sources\extracted\GC_SEED\medi-103-e37189-s001.xlsx,corResult,1569,KEAP1 | AC016957.2 | -0.250722124529429 | 8.75342319928472e-07 | negative
results\c1_sources\extracted\GC_SEED\medi-103-e37189-s001.xlsx,corResult,1573,KEAP1 | AL161909.2 | -0.22183174463441 | 1.45397515075529e-05 | negative
results\c1_sources\extracted\GC_SEED\medi-103-e37189-s001.xlsx,corResult,1575,KEAP1 | HOXB-AS1 | -0.23963803610572 | 2.68382176676711e-06 | negative
results\c1_sources\extracted\GC_SEED\medi-103-e37189-s001.xlsx,corResult,1578,KEAP1 | AC134407.1 | -0.31456454070017 | 4.66339403177666e-10 | negative
results\c1_sources\extracted\GC_SEED\medi-103-e37189-s001.xlsx,corResult,1580,KEAP1 | AP000873.4 | -0.285237621787497 | 1.88336280783275e-08 | negative
results\c1_sources\extracted\GC_SEED\medi-103-e37189-s001.xlsx,corResult,1583,KEAP1 | AC131571.1 | -0.26705792796589 | 1.5214671960028e-07 | negative
results\c1_sources\extracted\GC_SEED\medi-103-e37189-s001.xlsx,corResult,1585,KEAP1 | AC005586.1 | 0.301654153333576 | 2.50026934326207e-09 | postive
results\c1_sources\extracted\GC_SEED\medi-103-e37189-s001.xlsx,corResult,1589,KEAP1 | AC127024.3 | -0.230273926335966 | 6.63623535675102e-06 | negative
results\c1_sources\extracted\GC_SEED\medi-103-e37189-s001.xlsx,corResult,1590,KEAP1 | AC026367.2 | -0.219800020523056 | 1.74823669142876e-05 | negative
results\c1_sources\extracted\GC_SEED\medi-103-e37189-s001.xlsx,corResult,1591,KEAP1 | AL354836.1 | -0.257990217061615 | 4.0779695619686e-07 | negative
results\c1_sources\extracted\GC_SEED\medi-103-e37189-s001.xlsx,corResult,1592,KEAP1 | AL133243.2 | -0.240039776646713 | 2.57941577039503e-06 | negative
results\c1_sources\extracted\GC_SEED\medi-103-e37189-s001.xlsx,corResult,1594,KEAP1 | AC005740.3 | -0.246919627807656 | 1.29334994139616e-06 | negative
results\c1_sources\extracted\GC_SEED\medi-103-e37189-s001.xlsx,corResult,1596,KEAP1 | AC007619.1 | -0.293348279475087 | 7.05709115142834e-09 | negative
results\c1_sources\extracted\GC_SEED\medi-103-e37189-s001.xlsx,corResult,1598,KEAP1 | AC004594.1 | -0.259480933750579 | 3.47655011171916e-07 | negative
results\c1_sources\extracted\GC_SEED\medi-103-e37189-s001.xlsx,corResult,1599,KEAP1 | AC107982.2 | -0.239311587106198 | 2.77162340690921e-06 | negative
results\c1_sources\extracted\GC_SEED\medi-103-e37189-s001.xlsx,corResult,1605,KEAP1 | AC005072.1 | -0.319698654947825 | 2.33753278163232e-10 | negative
results\c1_sources\extracted\GC_SEED\medi-103-e37189-s001.xlsx,corResult,1606,KEAP1 | AC079848.1 | 0.203034499856606 | 7.49681490861813e-05 | postive
results\c1_sources\extracted\GC_SEED\medi-103-e37189-s001.xlsx,corResult,1607,KEAP1 | FMR1-IT1 | -0.240843432396715 | 2.38209268487694e-06 | negative
results\c1_sources\extracted\GC_SEED\medi-103-e37189-s001.xlsx,corResult,1608,KEAP1 | AC109992.2 | -0.255873094038901 | 5.10647326459681e-07 | negative
results\c1_sources\extracted\GC_SEED\medi-103-e37189-s001.xlsx,corResult,1609,KEAP1 | AL356481.2 | -0.21113677318099 | 3.76328549406757e-05 | negative
results\c1_sources\extracted\GC_SEED\medi-103-e37189-s001.xlsx,corResult,1611,KEAP1 | AC025430.1 | -0.30171077459825 | 2.48236356379471e-09 | negative
results\c1_sources\extracted\GC_SEED\medi-103-e37189-s001.xlsx,corResult,1614,KEAP1 | AC139149.1 | 0.235868662910417 | 3.88125438681269e-06 | postive
results\c1_sources\extracted\GC_SEED\medi-103-e37189-s001.xlsx,corResult,1615,KEAP1 | AL033397.2 | -0.220255895073647 | 1.67766497347019e-05 | negative
results\c1_sources\extracted\GC_SEED\medi-103-e37189-s001.xlsx,corResult,1616,KEAP1 | AC004540.2 | 0.312384317031105 | 6.22806562407475e-10 | postive
results\c1_sources\extracted\GC_SEED\medi-103-e37189-s001.xlsx,corResult,1620,KEAP1 | AL132989.1 | -0.312725887406914 | 5.95299066250203e-10 | negative
results\c1_sources\extracted\GC_SEED\medi-103-e37189-s001.xlsx,corResult,1621,KEAP1 | AL031670.1 | -0.239319423174004 | 2.76948402874452e-06 | negative
results\c1_sources\extracted\GC_SEED\medi-103-e37189-s001.xlsx,corResult,1625,KEAP1 | AC067817.2 | -0.300878771001143 | 2.75844485178814e-09 | negative
results\c1_sources\extracted\GC_SEED\medi-103-e37189-s001.xlsx,corResult,1627,KEAP1 | N4BP2L2-IT2 | -0.282450009064038 | 2.62035157066482e-08 | negative
results\c1_sources\extracted\GC_SEED\medi-103-e37189-s001.xlsx,corResult,1630,KEAP1 | REV3L-IT1 | -0.272412423315215 | 8.35338168117294e-08 | negative
results\c1_sources\extracted\GC_SEED\medi-103-e37189-s001.xlsx,corResult,1635,KEAP1 | AC021851.1 | -0.275073960855371 | 6.17043507918491e-08 | negative
results\c1_sources\extracted\GC_SEED\medi-103-e37189-s001.xlsx,corResult,1636,KEAP1 | THUMPD3-AS1 | -0.332840347670889 | 3.75565971012848e-11 | negative
results\c1_sources\extracted\GC_SEED\medi-103-e37189-s001.xlsx,corResult,1638,KEAP1 | AC120053.1 | -0.305726371166602 | 1.48516275298654e-09 | negative
results\c1_sources\extracted\GC_SEED\medi-103-e37189-s001.xlsx,corResult,1643,KEAP1 | IGF2BP2-AS1 | -0.230148852557033 | 6.71527118644788e-06 | negative
results\c1_sources\extracted\GC_SEED\medi-103-e37189-s001.xlsx,corResult,1645,KEAP1 | AC114939.1 | -0.219150700603407 | 1.85363392910764e-05 | negative
results\c1_sources\extracted\GC_SEED\medi-103-e37189-s001.xlsx,corResult,1647,KEAP1 | LIMS1-AS1 | -0.276936193212182 | 4.98237524843645e-08 | negative
results\c1_sources\extracted\GC_SEED\medi-103-e37189-s001.xlsx,corResult,1648,KEAP1 | AL360270.1 | -0.211276158401183 | 3.71805880732804e-05 | negative
results\c1_sources\extracted\GC_SEED\medi-103-e37189-s001.xlsx,corResult,1649,KEAP1 | AC020915.2 | -0.223143802500821 | 1.28964103262804e-05 | negative
results\c1_sources\extracted\GC_SEED\medi-103-e37189-s001.xlsx,corResult,1651,KEAP1 | AC005261.3 | -0.260497131520956 | 3.11648093346706e-07 | negative
results\c1_sources\extracted\GC_SEED\medi-103-e37189-s001.xlsx,corResult,1652,KEAP1 | AL513477.2 | -0.263010850034602 | 2.37325696148944e-07 | negative
results\c1_sources\extracted\GC_SEED\medi-103-e37189-s001.xlsx,corResult,1653,KEAP1 | AC103691.1 | -0.274981994468374 | 6.23569291248257e-08 | negative
results\c1_sources\extracted\GC_SEED\medi-103-e37189-s001.xlsx,corResult,1655,KEAP1 | AC005070.3 | -0.277486565016514 | 4.67577820843313e-08 | negative
results\c1_sources\extracted\UCEC_SEED\aging-15-204726-s001.xlsx,corResult,1,Supplementary Table 1. A list of lncRNAs significantly associated with oxeiptosis genes. |  |  |  |  |  |  |  |  | 
results\c1_sources\extracted\UCEC_SEED\aging-15-204726-s001.xlsx,corResult,2,Oxeiptosis-related genes | lncRNA | Correlation | P-value | Regulation |  |  |  |  | 
results\c1_sources\extracted\UCEC_SEED\aging-15-204726-s001.xlsx,corResult,4,KEAP1 | AL606834.2 | -0.25000010384578 | 2.43133153056406e-09 | negative |  |  |  |  | 
results\c1_sources\extracted\UCEC_SEED\aging-15-204726-s001.xlsx,corResult,6,KEAP1 | AC019069.1 | 0.277644612158134 | 2.90261271345661e-11 | postive |  |  |  |  | 
results\c1_sources\extracted\UCEC_SEED\aging-15-204726-s001.xlsx,corResult,9,KEAP1 | AC017104.1 | 0.262439791199146 | 3.5316225745276e-10 | postive |  |  |  |  | 
results\c1_sources\extracted\UCEC_SEED\aging-15-204726-s001.xlsx,corResult,11,KEAP1 | MIR34AHG | -0.221692372586876 | 1.34965097077693e-07 | negative |  |  |  |  | 
results\c1_sources\extracted\UCEC_SEED\aging-15-204726-s001.xlsx,corResult,13,KEAP1 | OIP5-AS1 | -0.227456687656905 | 6.20784852720407e-08 | negative |  |  |  |  | 
results\c1_sources\extracted\UCEC_SEED\aging-15-204726-s001.xlsx,corResult,16,KEAP1 | MAN1B1-DT | 0.23088948161993 | 3.87054305121518e-08 | postive |  |  |  |  | 
results\c1_sources\extracted\UCEC_SEED\aging-15-204726-s001.xlsx,corResult,20,KEAP1 | AC019186.1 | -0.23931822883141 | 1.17551159218488e-08 | negative |  |  |  |  | 
results\c1_sources\extracted\UCEC_SEED\aging-15-204726-s001.xlsx,corResult,23,KEAP1 | AC125807.2 | 0.270027965897198 | 1.03489353353156e-10 | postive |  |  |  |  | 
results\c1_sources\extracted\UCEC_SEED\aging-15-204726-s001.xlsx,corResult,28,KEAP1 | AL354696.1 | -0.260593828001852 | 4.73283098953293e-10 | negative |  |  |  |  | 
results\c1_sources\extracted\UCEC_SEED\aging-15-204726-s001.xlsx,corResult,29,KEAP1 | AC009802.1 | 0.253288064070358 | 1.47466877584844e-09 | postive |  |  |  |  | 
results\c1_sources\extracted\UCEC_SEED\aging-15-204726-s001.xlsx,corResult,30,KEAP1 | AC020910.5 | 0.261891114649557 | 3.85362324756028e-10 | postive |  |  |  |  | 
results\c1_sources\extracted\UCEC_SEED\aging-15-204726-s001.xlsx,corResult,31,KEAP1 | AC093249.2 | 0.221180240255433 | 1.44461024215441e-07 | postive |  |  |  |  | 
results\c1_sources\extracted\UCEC_SEED\aging-15-204726-s001.xlsx,corResult,35,KEAP1 | AC005696.1 | 0.239219180805444 | 1.19240326086632e-08 | postive |  |  |  |  | 
results\c1_sources\extracted\UCEC_SEED\aging-15-204726-s001.xlsx,corResult,37,KEAP1 | AC025871.2 | -0.222488842933651 | 1.21382569974383e-07 | negative |  |  |  |  | 
results\c1_sources\extracted\UCEC_SEED\aging-15-204726-s001.xlsx,corResult,41,KEAP1 | AL590822.3 | 0.227227979748192 | 6.40465474232393e-08 | postive |  |  |  |  | 
results\c1_sources\extracted\UCEC_SEED\aging-15-204726-s001.xlsx,corResult,42,KEAP1 | LINC01936 | 0.231153191076434 | 3.73144380748755e-08 | postive |  |  |  |  | 
results\c1_sources\extracted\UCEC_SEED\aging-15-204726-s001.xlsx,corResult,48,KEAP1 | AC067930.2 | 0.201523915499061 | 1.7378410148139e-06 | postive |  |  |  |  | 
results\c1_sources\extracted\UCEC_SEED\aging-15-204726-s001.xlsx,corResult,51,KEAP1 | AC005332.3 | -0.268634945417494 | 1.3002266515631e-10 | negative |  |  |  |  | 
results\c1_sources\extracted\UCEC_SEED\aging-15-204726-s001.xlsx,corResult,54,KEAP1 | AC093788.1 | -0.25287200692474 | 1.57160245511569e-09 | negative |  |  |  |  | 
results\c1_sources\extracted\UCEC_SEED\aging-15-204726-s001.xlsx,corResult,55,KEAP1 | LINC00205 | 0.200870017792488 | 1.88012373872243e-06 | postive |  |  |  |  | 
results\c1_sources\extracted\UCEC_SEED\aging-15-204726-s001.xlsx,corResult,57,KEAP1 | BRWD1-AS2 | 0.227395162060091 | 6.2602099093952e-08 | postive |  |  |  |  | 
results\c1_sources\extracted\UCEC_SEED\aging-15-204726-s001.xlsx,corResult,59,KEAP1 | AF127577.4 | -0.228669746398644 | 5.25785649248986e-08 | negative |  |  |  |  | 
results\c1_sources\extracted\UCEC_SEED\aging-15-204726-s001.xlsx,corResult,65,KEAP1 | AL590560.3 | 0.263262154995829 | 3.09751373564128e-10 | postive |  |  |  |  | 
results\c1_sources\extracted\UCEC_SEED\aging-15-204726-s001.xlsx,corResult,66,KEAP1 | CBR3-AS1 | -0.242489547130162 | 7.419724279997e-09 | negative |  |  |  |  | 
results\c1_sources\extracted\UCEC_SEED\aging-15-204726-s001.xlsx,corResult,71,KEAP1 | AC073534.2 | -0.224762925246937 | 8.9471244237807e-08 | negative |  |  |  |  | 
results\c1_sources\extracted\UCEC_SEED\aging-15-204726-s001.xlsx,corResult,78,KEAP1 | AC011461.1 | 0.23393733665863 | 2.52868630050418e-08 | postive |  |  |  |  | 
results\c1_sources\extracted\UCEC_SEED\aging-15-204726-s001.xlsx,corResult,79,KEAP1 | AC011978.2 | -0.207797789869027 | 8.06086212934589e-07 | negative |  |  |  |  | 
results\c1_sources\extracted\UCEC_SEED\aging-15-204726-s001.xlsx,corResult,83,KEAP1 | AC025175.1 | -0.25089909796966 | 2.12215276341045e-09 | negative |  |  |  |  | 
results\c1_sources\extracted\UCEC_SEED\aging-15-204726-s001.xlsx,corResult,87,KEAP1 | AC006042.1 | -0.211340134537959 | 5.16901138566957e-07 | negative |  |  |  |  | 
results\c1_sources\extracted\UCEC_SEED\aging-15-204726-s001.xlsx,corResult,90,KEAP1 | LINC02649 | -0.212448498461425 | 4.49098832240413e-07 | negative |  |  |  |  | 
results\c1_sources\extracted\UCEC_SEED\aging-15-204726-s001.xlsx,corResult,92,KEAP1 | AL596442.1 | 0.245949376679939 | 4.45813129682892e-09 | postive |  |  |  |  | 
results\c1_sources\extracted\UCEC_SEED\aging-15-204726-s001.xlsx,corResult,94,KEAP1 | URB1-AS1 | 0.231158700421487 | 3.72858997939419e-08 | postive |  |  |  |  | 
results\c1_sources\extracted\UCEC_SEED\aging-15-204726-s001.xlsx,corResult,98,KEAP1 | AP001318.2 | -0.227968110090355 | 5.78867784979253e-08 | negative |  |  |  |  | 
results\c1_sources\extracted\UCEC_SEED\aging-15-204726-s001.xlsx,corResult,108,KEAP1 | AC007240.3 | 0.25625560167263 | 9.33378279007596e-10 | postive |  |  |  |  | 
results\c1_sources\extracted\UCEC_SEED\aging-15-204726-s001.xlsx,corResult,112,KEAP1 | SRP14-AS1 | -0.200838674908061 | 1.88721670693651e-06 | negative |  |  |  |  | 
results\c1_sources\extracted\UCEC_SEED\aging-15-204726-s001.xlsx,corResult,119,KEAP1 | LINC00526 | 0.288353658555002 | 4.54158021634632e-12 | postive |  |  |  |  | 
results\c1_sources\extracted\UCEC_SEED\aging-15-204726-s001.xlsx,corResult,122,KEAP1 | LINC00471 | 0.38994472530105 | 1.46122607914122e-21 | postive |  |  |  |  | 
results\c1_sources\extracted\UCEC_SEED\aging-15-204726-s001.xlsx,corResult,133,KEAP1 | AC008280.2 | -0.22304244178142 | 1.12729274058853e-07 | negative |  |  |  |  | 
results\c1_sources\extracted\UCEC_SEED\aging-15-204726-s001.xlsx,corResult,134,KEAP1 | LINC02600 | 0.204095593557429 | 1.27206685257531e-06 | postive |  |  |  |  | 
results\c1_sources\extracted\UCEC_SEED\aging-15-204726-s001.xlsx,corResult,136,KEAP1 | HCG15 | 0.268626120422561 | 1.30210261060686e-10 | postive |  |  |  |  | 
results\c1_sources\extracted\UCEC_SEED\aging-15-204726-s001.xlsx,corResult,140,KEAP1 | Z98745.2 | 0.214792872402356 | 3.32733884319529e-07 | postive |  |  |  |  | 
results\c1_sources\extracted\UCEC_SEED\aging-15-204726-s001.xlsx,corResult,147,KEAP1 | AC006230.1 | -0.255533157756634 | 1.04387334308082e-09 | negative |  |  |  |  | 
results\c1_sources\extracted\UCEC_SEED\aging-15-204726-s001.xlsx,corResult,152,KEAP1 | AL139289.1 | 0.220415181482729 | 1.59856857869228e-07 | postive |  |  |  |  | 
results\c1_sources\extracted\UCEC_SEED\aging-15-204726-s001.xlsx,corResult,153,KEAP1 | LLPH-DT | 0.263979732790014 | 2.76152963818801e-10 | postive |  |  |  |  | 
results\c1_sources\extracted\UCEC_SEED\aging-15-204726-s001.xlsx,corResult,154,KEAP1 | AL118506.1 | 0.202289638612276 | 1.58433260572057e-06 | postive |  |  |  |  | 
results\c1_sources\extracted\UCEC_SEED\aging-15-204726-s001.xlsx,corResult,164,KEAP1 | LINC02656 | -0.228879316085272 | 5.10865091235245e-08 | negative |  |  |  |  | 
results\c1_sources\extracted\UCEC_SEED\aging-15-204726-s001.xlsx,corResult,165,KEAP1 | AL589765.4 | 0.224019342610543 | 9.88904327537211e-08 | postive |  |  |  |  | 
results\c1_sources\extracted\UCEC_SEED\aging-15-204726-s001.xlsx,corResult,166,KEAP1 | AC116447.1 | 0.270923255289693 | 8.93075753969047e-11 | postive |  |  |  |  | 
results\c1_sources\extracted\UCEC_SEED\aging-15-204726-s001.xlsx,corResult,167,KEAP1 | AC107068.1 | -0.209605001217751 | 6.43202734828582e-07 | negative |  |  |  |  | 
results\c1_sources\extracted\UCEC_SEED\aging-15-204726-s001.xlsx,corResult,170,KEAP1 | AL359091.3 | 0.342087632548475 | 1.18253242716983e-16 | postive |  |  |  |  | 
results\c1_sources\extracted\UCEC_SEED\aging-15-204726-s001.xlsx,corResult,179,KEAP1 | TSPEAR-AS1 | 0.23000320175684 | 4.37574558444012e-08 | postive |  |  |  |  | 
results\c1_sources\extracted\UCEC_SEED\aging-15-204726-s001.xlsx,corResult,180,KEAP1 | AC093627.5 | 0.229466648690746 | 4.7119754480626e-08 | postive |  |  |  |  | 
results\c1_sources\extracted\UCEC_SEED\aging-15-204726-s001.xlsx,corResult,182,KEAP1 | LINC01842 | 0.20052527889639 | 1.95956328742026e-06 | postive |  |  |  |  | 
results\c1_sources\extracted\UCEC_SEED\aging-15-204726-s001.xlsx,corResult,184,KEAP1 | AP002026.1 | -0.202905783011544 | 1.47033574551788e-06 | negative |  |  |  |  | 
results\c1_sources\extracted\UCEC_SEED\aging-15-204726-s001.xlsx,corResult,186,KEAP1 | AC107294.2 | 0.362910593636275 | 1.09206888484091e-18 | postive |  |  |  |  | 
results\c1_sources\extracted\UCEC_SEED\aging-15-204726-s001.xlsx,corResult,187,KEAP1 | AL512625.3 | 0.274531663264328 | 4.90358174199084e-11 | postive |  |  |  |  | 
results\c1_sources\extracted\UCEC_SEED\aging-15-204726-s001.xlsx,corResult,188,KEAP1 | DNAH10OS | 0.257338532022944 | 7.88753746220911e-10 | postive |  |  |  |  | 
results\c1_sources\extracted\UCEC_SEED\aging-15-204726-s001.xlsx,corResult,191,KEAP1 | AC120114.1 | 0.253900164223801 | 1.34254485823673e-09 | postive |  |  |  |  | 
results\c1_sources\extracted\UCEC_SEED\aging-15-204726-s001.xlsx,corResult,196,KEAP1 | AC018638.7 | -0.208335825143534 | 7.53851734106624e-07 | negative |  |  |  |  | 
results\c1_sources\extracted\UCEC_SEED\aging-15-204726-s001.xlsx,corResult,200,KEAP1 | LINC02761 | 0.274751806552358 | 4.72610838225004e-11 | postive |  |  |  |  | 
results\c1_sources\extracted\UCEC_SEED\aging-15-204726-s001.xlsx,corResult,203,KEAP1 | FIGNL2-DT | 0.229180743438597 | 4.90120175250743e-08 | postive |  |  |  |  | 
results\c1_sources\extracted\UCEC_SEED\aging-15-204726-s001.xlsx,corResult,208,KEAP1 | BOLA3-AS1 | 0.223049552461909 | 1.12622097122084e-07 | postive |  |  |  |  | 
results\c1_sources\extracted\UCEC_SEED\aging-15-204726-s001.xlsx,corResult,211,KEAP1 | AC008764.6 | 0.264110986787816 | 2.70403833552797e-10 | postive |  |  |  |  | 
results\c1_sources\extracted\UCEC_SEED\aging-15-204726-s001.xlsx,corResult,214,KEAP1 | AC104964.3 | -0.203354788733914 | 1.39226169646335e-06 | negative |  |  |  |  | 
results\c1_sources\extracted\UCEC_SEED\aging-15-204726-s001.xlsx,corResult,216,KEAP1 | AC007786.1 | 0.228161686622404 | 5.63726709705951e-08 | postive |  |  |  |  | 
results\c1_sources\extracted\UCEC_SEED\aging-15-204726-s001.xlsx,corResult,219,KEAP1 | LINC01506 | 0.200938407610491 | 1.8647355315164e-06 | postive |  |  |  |  | 
results\c1_sources\extracted\UCEC_SEED\aging-15-204726-s001.xlsx,corResult,226,KEAP1 | AC012181.1 | -0.264407823996016 | 2.57828487452631e-10 | negative |  |  |  |  | 
results\c1_sources\extracted\UCEC_SEED\aging-15-204726-s001.xlsx,corResult,231,KEAP1 | AC002310.1 | 0.208648481477713 | 7.25008375757893e-07 | postive |  |  |  |  | 
results\c1_sources\extracted\UCEC_SEED\aging-15-204726-s001.xlsx,corResult,234,KEAP1 | AC007773.1 | 0.203660187086207 | 1.34144722581741e-06 | postive |  |  |  |  | 
results\c1_sources\extracted\UCEC_SEED\aging-15-204726-s001.xlsx,corResult,244,KEAP1 | SH3BP5-AS1 | -0.226877102232657 | 6.71835667553477e-08 | negative |  |  |  |  | 
results\c1_sources\extracted\UCEC_SEED\aging-15-204726-s001.xlsx,corResult,247,KEAP1 | AC099661.1 | 0.253232501538978 | 1.48726937565866e-09 | postive |  |  |  |  | 
results\c1_sources\extracted\UCEC_SEED\aging-15-204726-s001.xlsx,corResult,251,KEAP1 | MIR1915HG | 0.220381100548043 | 1.60578273729626e-07 | postive |  |  |  |  | 
results\c1_sources\extracted\UCEC_SEED\aging-15-204726-s001.xlsx,corResult,253,KEAP1 | MEIS1-AS3 | 0.223851531549465 | 1.01144886498364e-07 | postive |  |  |  |  | 
results\c1_sources\extracted\UCEC_SEED\aging-15-204726-s001.xlsx,corResult,257,KEAP1 | AC108488.3 | 0.207282461693845 | 8.59364040418838e-07 | postive |  |  |  |  | 
results\c1_sources\extracted\UCEC_SEED\aging-15-204726-s001.xlsx,corResult,260,KEAP1 | LNCTAM34A | -0.22952264304967 | 4.67575186439104e-08 | negative |  |  |  |  | 
results\c1_sources\extracted\UCEC_SEED\aging-15-204726-s001.xlsx,corResult,261,KEAP1 | ILF3-DT | 0.489081893710056 | 1.1733283138069e-34 | postive |  |  |  |  | 
results\c1_sources\extracted\UCEC_SEED\aging-15-204726-s001.xlsx,corResult,263,KEAP1 | RAD51-AS1 | -0.201016789392244 | 1.8472474756547e-06 | negative |  |  |  |  | 
results\c1_sources\extracted\UCEC_SEED\aging-15-204726-s001.xlsx,corResult,268,KEAP1 | AL928654.1 | 0.268500974903729 | 1.32899088396539e-10 | postive |  |  |  |  | 
results\c1_sources\extracted\UCEC_SEED\aging-15-204726-s001.xlsx,corResult,273,KEAP1 | AC022306.2 | -0.263382990233291 | 3.03827471013704e-10 | negative |  |  |  |  | 
results\c1_sources\extracted\UCEC_SEED\aging-15-204726-s001.xlsx,corResult,274,KEAP1 | AC092117.1 | 0.265154930535455 | 2.28645775629274e-10 | postive |  |  |  |  | 
results\c1_sources\extracted\UCEC_SEED\aging-15-204726-s001.xlsx,corResult,275,KEAP1 | LY6E-DT | 0.316274020127483 | 2.46013058623983e-14 | postive |  |  |  |  | 
results\c1_sources\extracted\UCEC_SEED\aging-15-204726-s001.xlsx,corResult,277,KEAP1 | AC005393.1 | 0.226916917434752 | 6.68202678465617e-08 | postive |  |  |  |  | 
results\c1_sources\extracted\UCEC_SEED\aging-15-204726-s001.xlsx,corResult,281,KEAP1 | AC135048.3 | 0.21418132639102 | 3.59926683623946e-07 | postive |  |  |  |  | 
results\c1_sources\extracted\UCEC_SEED\aging-15-204726-s001.xlsx,corResult,284,KEAP1 | AC007342.5 | -0.221718434299948 | 1.3449832344685e-07 | negative |  |  |  |  | 
results\c1_sources\extracted\UCEC_SEED\aging-15-204726-s001.xlsx,corResult,286,KEAP1 | GARS1-DT | -0.214874562724824 | 3.29254784474324e-07 | negative |  |  |  |  | 
results\c1_sources\extracted\UCEC_SEED\aging-15-204726-s001.xlsx,corResult,287,KEAP1 | AC011330.2 | -0.202109648457883 | 1.61920204128865e-06 | negative |  |  |  |  | 
results\c1_sources\extracted\UCEC_SEED\aging-15-204726-s001.xlsx,corResult,293,KEAP1 | ARHGAP27P1-BPTFP1-KPNA2P3 | -0.209715076535795 | 6.34378915667007e-07 | negative |  |  |  |  | 
results\c1_sources\extracted\UCEC_SEED\aging-15-204726-s001.xlsx,corResult,297,KEAP1 | AC092794.1 | -0.211718070426192 | 4.92744556171453e-07 | negative |  |  |  |  | 
results\c1_sources\extracted\UCEC_SEED\aging-15-204726-s001.xlsx,corResult,301,KEAP1 | AL117332.1 | 0.242320654338751 | 7.60503803796244e-09 | postive |  |  |  |  | 
results\c1_sources\extracted\UCEC_SEED\aging-15-204726-s001.xlsx,corResult,304,KEAP1 | EXTL3-AS1 | -0.260260853442016 | 4.98827883973578e-10 | negative |  |  |  |  | 
results\c1_sources\extracted\UCEC_SEED\aging-15-204726-s001.xlsx,corResult,305,KEAP1 | NOP14-AS1 | 0.243463775810087 | 6.43327286328329e-09 | postive |  |  |  |  | 
results\c1_sources\extracted\UCEC_SEED\aging-15-204726-s001.xlsx,corResult,309,KEAP1 | AC135803.1 | -0.208485273023925 | 7.3992987198764e-07 | negative |  |  |  |  | 
results\c1_sources\extracted\UCEC_SEED\aging-15-204726-s001.xlsx,corResult,311,KEAP1 | AC021078.1 | -0.21205332493757 | 4.72227950024495e-07 | negative |  |  |  |  | 
results\c1_sources\extracted\UCEC_SEED\aging-15-204726-s001.xlsx,corResult,316,KEAP1 | AC022211.2 | 0.3165617319215 | 2.32446982663286e-14 | postive |  |  |  |  | 
results\c1_sources\extracted\UCEC_SEED\aging-15-204726-s001.xlsx,corResult,318,KEAP1 | SNRK-AS1 | -0.212727723914373 | 4.33417302483605e-07 | negative |  |  |  |  | 
results\c1_sources\extracted\UCEC_SEED\aging-15-204726-s001.xlsx,corResult,323,KEAP1 | LINC01184 | -0.228478007308478 | 5.39805062742129e-08 | negative |  |  |  |  | 
results\c1_sources\extracted\UCEC_SEED\aging-15-204726-s001.xlsx,corResult,326,KEAP1 | AC036214.2 | -0.253430878538741 | 1.44275522456846e-09 | negative |  |  |  |  | 
results\c1_sources\extracted\UCEC_SEED\aging-15-204726-s001.xlsx,corResult,330,KEAP1 | AC022098.4 | 0.228592550997959 | 5.31387111612613e-08 | postive |  |  |  |  | 
results\c1_sources\extracted\UCEC_SEED\aging-15-204726-s001.xlsx,corResult,336,KEAP1 | AP001160.4 | -0.22951092731751 | 4.68330860438148e-08 | negative |  |  |  |  | 
results\c1_sources\extracted\UCEC_SEED\aging-15-204726-s001.xlsx,corResult,337,KEAP1 | AL596442.2 | 0.236671829609859 | 1.71728337221184e-08 | postive |  |  |  |  | 
results\c1_sources\extracted\UCEC_SEED\aging-15-204726-s001.xlsx,corResult,340,KEAP1 | AC004982.1 | -0.247937612331218 | 3.31506386039169e-09 | negative |  |  |  |  | 
results\c1_sources\extracted\UCEC_SEED\aging-15-204726-s001.xlsx,corResult,343,KEAP1 | AL031775.1 | -0.263438036872871 | 3.0116554699343e-10 | negative |  |  |  |  | 
results\c1_sources\extracted\UCEC_SEED\aging-15-204726-s001.xlsx,corResult,348,KEAP1 | AL359220.1 | -0.205725366574853 | 1.04168516842801e-06 | negative |  |  |  |  | 
results\c1_sources\extracted\UCEC_SEED\aging-15-204726-s001.xlsx,corResult,354,KEAP1 | AC093382.1 | -0.204510158005207 | 1.20921594563797e-06 | negative |  |  |  |  | 
results\c1_sources\extracted\UCEC_SEED\aging-15-204726-s001.xlsx,corResult,361,KEAP1 | AL391834.2 | -0.255115152249097 | 1.11350890452618e-09 | negative |  |  |  |  | 
results\c1_sources\extracted\UCEC_SEED\aging-15-204726-s001.xlsx,corResult,363,KEAP1 | AC008736.1 | 0.201861174597637 | 1.66854957438237e-06 | postive |  |  |  |  | 
results\c1_sources\extracted\UCEC_SEED\aging-15-204726-s001.xlsx,corResult,365,KEAP1 | AC078883.1 | -0.248469396893216 | 3.06118910750091e-09 | negative |  |  |  |  | 
results\c1_sources\extracted\UCEC_SEED\aging-15-204726-s001.xlsx,corResult,366,KEAP1 | AC121493.1 | -0.261199336526416 | 4.30054373215606e-10 | negative |  |  |  |  | 
results\c1_sources\extracted\UCEC_SEED\aging-15-204726-s001.xlsx,corResult,372,KEAP1 | TAPT1-AS1 | -0.222081243935065 | 1.28159838680616e-07 | negative |  |  |  |  | 
results\c1_sources\extracted\UCEC_SEED\aging-15-204726-s001.xlsx,corResult,374,KEAP1 | PSPC1-AS2 | -0.201075004720852 | 1.8343606559835e-06 | negative |  |  |  |  | 
results\c1_sources\extracted\UCEC_SEED\aging-15-204726-s001.xlsx,corResult,378,KEAP1 | SNHG21 | 0.329234037998479 | 1.79740215290486e-15 | postive |  |  |  |  | 
results\c1_sources\extracted\UCEC_SEED\aging-15-204726-s001.xlsx,corResult,379,KEAP1 | AL034550.3 | 0.215990314344966 | 2.85104254317117e-07 | postive |  |  |  |  | 
results\c1_sources\extracted\UCEC_SEED\aging-15-204726-s001.xlsx,corResult,380,KEAP1 | LINC02575 | 0.209817534210058 | 6.26270374908527e-07 | postive |  |  |  |  | 
results\c1_sources\extracted\UCEC_SEED\aging-15-204726-s001.xlsx,corResult,386,KEAP1 | AC132938.3 | 0.209226884960813 | 6.74420589973606e-07 | postive |  |  |  |  | 
results\c1_sources\extracted\UCEC_SEED\aging-15-204726-s001.xlsx,corResult,390,KEAP1 | AC087392.3 | -0.20799364386526 | 7.86681794459428e-07 | negative |  |  |  |  | 
results\c1_sources\extracted\UCEC_SEED\aging-15-204726-s001.xlsx,corResult,394,KEAP1 | CEBPA-DT | 0.228266835710151 | 5.5566336521115e-08 | postive |  |  |  |  | 
results\c1_sources\extracted\UCEC_SEED\aging-15-204726-s001.xlsx,corResult,395,KEAP1 | AC245060.2 | 0.312450714857698 | 5.19747796625334e-14 | postive |  |  |  |  | 
results\c1_sources\extracted\UCEC_SEED\aging-15-204726-s001.xlsx,corResult,396,KEAP1 | SNHG32 | 0.256778535986265 | 8.60583001609553e-10 | postive |  |  |  |  | 
results\c1_sources\extracted\UCEC_SEED\aging-15-204726-s001.xlsx,corResult,397,KEAP1 | AP000254.2 | -0.226987162588864 | 6.6183929970193e-08 | negative |  |  |  |  | 
results\c1_sources\extracted\UCEC_SEED\aging-15-204726-s001.xlsx,corResult,398,KEAP1 | Z69706.1 | 0.248751274728956 | 2.93438229371714e-09 | postive |  |  |  |  | 
results\c1_sources\extracted\UCEC_SEED\aging-15-204726-s001.xlsx,corResult,400,KEAP1 | AC012442.2 | 0.230925963092779 | 3.85100545546516e-08 | postive |  |  |  |  | 
results\c1_sources\extracted\UCEC_SEED\aging-15-204726-s001.xlsx,corResult,404,KEAP1 | AC234917.3 | 0.326987996579184 | 2.85436496103333e-15 | postive |  |  |  |  | 
results\c1_sources\extracted\UCEC_SEED\aging-15-204726-s001.xlsx,corResult,415,KEAP1 | AL353807.5 | 0.213408512527022 | 3.97360527079469e-07 | postive |  |  |  |  | 
results\c1_sources\extracted\UCEC_SEED\aging-15-204726-s001.xlsx,corResult,416,KEAP1 | AC006252.1 | 0.251081393341295 | 2.06429184018278e-09 | postive |  |  |  |  | 
results\c1_sources\extracted\UCEC_SEED\aging-15-204726-s001.xlsx,corResult,418,KEAP1 | AC022306.3 | -0.245309713357101 | 4.90127509591073e-09 | negative |  |  |  |  | 
results\c1_sources\extracted\UCEC_SEED\aging-15-204726-s001.xlsx,corResult,424,KEAP1 | LINC01918 | 0.204578611660862 | 1.19912877224259e-06 | postive |  |  |  |  | 
results\c1_sources\extracted\UCEC_SEED\aging-15-204726-s001.xlsx,corResult,425,KEAP1 | AP4B1-AS1 | -0.226561420023956 | 7.0132376263189e-08 | negative |  |  |  |  | 
results\c1_sources\extracted\UCEC_SEED\aging-15-204726-s001.xlsx,corResult,427,KEAP1 | AL133367.1 | 0.218128940321376 | 2.15882411467852e-07 | postive |  |  |  |  | 
results\c1_sources\extracted\UCEC_SEED\aging-15-204726-s001.xlsx,corResult,429,KEAP1 | AL590369.1 | 0.239147729545528 | 1.20473436762493e-08 | postive |  |  |  |  | 
results\c1_sources\extracted\UCEC_SEED\aging-15-204726-s001.xlsx,corResult,433,KEAP1 | SNHG11 | 0.275389613108438 | 4.24657248401246e-11 | postive |  |  |  |  | 
results\c1_sources\extracted\UCEC_SEED\aging-15-204726-s001.xlsx,corResult,435,KEAP1 | CERNA1 | -0.232430383457387 | 3.12337253825871e-08 | negative |  |  |  |  | 
results\c1_sources\extracted\UCEC_SEED\aging-15-204726-s001.xlsx,corResult,442,KEAP1 | AC060766.7 | -0.222018944818379 | 1.29227349499686e-07 | negative |  |  |  |  | 
results\c1_sources\extracted\UCEC_SEED\aging-15-204726-s001.xlsx,corResult,444,KEAP1 | AP000662.1 | 0.296952383798554 | 9.66380307837732e-13 | postive |  |  |  |  | 
results\c1_sources\extracted\UCEC_SEED\aging-15-204726-s001.xlsx,corResult,447,KEAP1 | THAP9-AS1 | -0.210172581552327 | 5.98935485607434e-07 | negative |  |  |  |  | 
results\c1_sources\extracted\UCEC_SEED\aging-15-204726-s001.xlsx,corResult,448,KEAP1 | DNM1P35 | 0.232445268715008 | 3.11688500217464e-08 | postive |  |  |  |  | 
results\c1_sources\extracted\UCEC_SEED\aging-15-204726-s001.xlsx,corResult,454,KEAP1 | BAIAP2-DT | 0.246200649035311 | 4.29491262404336e-09 | postive |  |  |  |  | 
results\c1_sources\extracted\UCEC_SEED\aging-15-204726-s001.xlsx,corResult,455,KEAP1 | LINC00618 | 0.289321392284562 | 3.82561480144096e-12 | postive |  |  |  |  | 
results\c1_sources\extracted\UCEC_SEED\aging-15-204726-s001.xlsx,corResult,456,KEAP1 | VIM-AS1 | -0.227717019003231 | 5.99093904622722e-08 | negative |  |  |  |  | 
results\c1_sources\extracted\UCEC_SEED\aging-15-204726-s001.xlsx,corResult,458,KEAP1 | AC090907.2 | 0.227998672829359 | 5.76451389580629e-08 | postive |  |  |  |  | 
results\c1_sources\extracted\UCEC_SEED\aging-15-204726-s001.xlsx,corResult,459,KEAP1 | AC018645.3 | -0.245914799531607 | 4.48105744833743e-09 | negative |  |  |  |  | 
results\c1_sources\extracted\UCEC_SEED\aging-15-204726-s001.xlsx,corResult,465,KEAP1 | TNFRSF10A-AS1 | -0.216450539541944 | 2.68605359185952e-07 | negative |  |  |  |  | 
results\c1_sources\extracted\UCEC_SEED\aging-15-204726-s001.xlsx,corResult,466,KEAP1 | AC104472.4 | 0.249463803421037 | 2.63616151388602e-09 | postive |  |  |  |  | 
results\c1_sources\extracted\UCEC_SEED\aging-15-204726-s001.xlsx,corResult,467,KEAP1 | LINC00638 | 0.290944328474812 | 2.86490628912634e-12 | postive |  |  |  |  | 
results\c1_sources\extracted\UCEC_SEED\aging-15-204726-s001.xlsx,corResult,473,KEAP1 | AP000759.1 | 0.228768746090444 | 5.18685500360619e-08 | postive |  |  |  |  | 
results\c1_sources\extracted\UCEC_SEED\aging-15-204726-s001.xlsx,corResult,486,KEAP1 | AP000873.2 | 0.244471789777878 | 5.54685943544569e-09 | postive |  |  |  |  | 
results\c1_sources\extracted\UCEC_SEED\aging-15-204726-s001.xlsx,corResult,488,KEAP1 | AC093627.4 | 0.213006598191842 | 4.1828201793448e-07 | postive |  |  |  |  | 
results\c1_sources\extracted\UCEC_SEED\aging-15-204726-s001.xlsx,corResult,489,KEAP1 | AC092295.2 | 0.337866546020696 | 2.93117582422684e-16 | postive |  |  |  |  | 
results\c1_sources\extracted\UCEC_SEED\aging-15-204726-s001.xlsx,corResult,491,KEAP1 | OSER1-DT | 0.204588903890426 | 1.1976191324749e-06 | postive |  |  |  |  | 
results\c1_sources\extracted\UCEC_SEED\aging-15-204726-s001.xlsx,corResult,492,KEAP1 | AL035458.2 | 0.243896464586187 | 6.03712040023922e-09 | postive |  |  |  |  | 
results\c1_sources\extracted\UCEC_SEED\aging-15-204726-s001.xlsx,corResult,494,KEAP1 | AC002553.2 | -0.226769131345388 | 6.81783907791454e-08 | negative |  |  |  |  | 
results\c1_sources\extracted\UCEC_SEED\aging-15-204726-s001.xlsx,corResult,497,KEAP1 | MMP25-AS1 | 0.262871115285912 | 3.2970314826026e-10 | postive |  |  |  |  | 
results\c1_sources\extracted\UCEC_SEED\aging-15-204726-s001.xlsx,corResult,502,KEAP1 | AL358472.4 | 0.208061678923501 | 7.80046776221958e-07 | postive |  |  |  |  | 
results\c1_sources\extracted\UCEC_SEED\aging-15-204726-s001.xlsx,corResult,505,KEAP1 | AC020907.1 | 0.276770169497887 | 3.36549616049951e-11 | postive |  |  |  |  | 
results\c1_sources\extracted\UCEC_SEED\aging-15-204726-s001.xlsx,corResult,507,KEAP1 | AC107294.3 | 0.304905165498344 | 2.20404951502932e-13 | postive |  |  |  |  | 
results\c1_sources\extracted\UCEC_SEED\aging-15-204726-s001.xlsx,corResult,508,KEAP1 | AL121839.2 | -0.209157713048147 | 6.80286914445459e-07 | negative |  |  |  |  | 
results\c1_sources\extracted\UCEC_SEED\aging-15-204726-s001.xlsx,corResult,513,KEAP1 | AL049840.5 | -0.216932447383961 | 2.5231609513707e-07 | negative |  |  |  |  | 
results\c1_sources\extracted\UCEC_SEED\aging-15-204726-s001.xlsx,corResult,517,KEAP1 | LINC02298 | 0.210018544212368 | 6.10650853781514e-07 | postive |  |  |  |  | 
results\c1_sources\extracted\UCEC_SEED\aging-15-204726-s001.xlsx,corResult,519,KEAP1 | AC112722.1 | -0.202494997748781 | 1.54542764098922e-06 | negative |  |  |  |  | 
results\c1_sources\extracted\UCEC_SEED\aging-15-204726-s001.xlsx,corResult,520,KEAP1 | MRPL20-AS1 | 0.309781841788311 | 8.70517773229925e-14 | postive |  |  |  |  | 
results\c1_sources\extracted\UCEC_SEED\aging-15-204726-s001.xlsx,corResult,524,KEAP1 | AC245060.5 | -0.200236880008865 | 2.02848106846345e-06 | negative |  |  |  |  | 
results\c1_sources\extracted\UCEC_SEED\aging-15-204726-s001.xlsx,corResult,528,KEAP1 | AC018845.3 | -0.201817036006602 | 1.67746506998329e-06 | negative |  |  |  |  | 
results\c1_sources\extracted\UCEC_SEED\aging-15-204726-s001.xlsx,corResult,529,KEAP1 | AL662791.1 | 0.237942143868359 | 1.43240951021044e-08 | postive |  |  |  |  | 
results\c1_sources\extracted\UCEC_SEED\aging-15-204726-s001.xlsx,corResult,535,KEAP1 | AC019131.2 | -0.210160872881397 | 5.99818351326134e-07 | negative |  |  |  |  | 
results\c1_sources\extracted\UCEC_SEED\aging-15-204726-s001.xlsx,corResult,541,KEAP1 | RNASEH1-AS1 | 0.277266095716687 | 3.0948031217663e-11 | postive |  |  |  |  | 
results\c1_sources\extracted\UCEC_SEED\aging-15-204726-s001.xlsx,corResult,545,KEAP1 | AP001330.4 | -0.219348832539015 | 1.8397892332711e-07 | negative |  |  |  |  | 
results\c1_sources\extracted\UCEC_SEED\aging-15-204726-s001.xlsx,corResult,547,KEAP1 | CCDC183-AS1 | 0.211223297738657 | 5.245967019304e-07 | postive |  |  |  |  | 
results\c1_sources\extracted\UCEC_SEED\aging-15-204726-s001.xlsx,corResult,549,KEAP1 | AC012306.2 | 0.241730082317961 | 8.28898195364108e-09 | postive |  |  |  |  | 
results\c1_sources\extracted\UCEC_SEED\aging-15-204726-s001.xlsx,corResult,557,KEAP1 | AL118511.1 | 0.210931255263188 | 5.44317249634318e-07 | postive |  |  |  |  | 
results\c1_sources\extracted\UCEC_SEED\aging-15-204726-s001.xlsx,corResult,559,KEAP1 | AC100803.3 | 0.210809828633888 | 5.52724853826848e-07 | postive |  |  |  |  | 
results\c1_sources\extracted\UCEC_SEED\aging-15-204726-s001.xlsx,corResult,562,KEAP1 | AC107057.1 | 0.371086873499872 | 1.57570510936775e-19 | postive |  |  |  |  | 
results\c1_sources\extracted\UCEC_SEED\aging-15-204726-s001.xlsx,corResult,563,KEAP1 | CTBP1-DT | 0.287129007421019 | 5.63747213992077e-12 | postive |  |  |  |  | 
results\c1_sources\extracted\UCEC_SEED\aging-15-204726-s001.xlsx,corResult,564,KEAP1 | AL158206.1 | -0.218882029219248 | 1.95609910508334e-07 | negative |  |  |  |  | 
results\c1_sources\extracted\UCEC_SEED\aging-15-204726-s001.xlsx,corResult,565,KEAP1 | ZBED5-AS1 | -0.207910488169529 | 7.94865073949002e-07 | negative |  |  |  |  | 
results\c1_sources\extracted\UCEC_SEED\aging-15-204726-s001.xlsx,corResult,574,KEAP1 | AC025171.4 | -0.212258468013983 | 4.60081714548493e-07 | negative |  |  |  |  | 
results\c1_sources\extracted\UCEC_SEED\aging-15-204726-s001.xlsx,corResult,578,KEAP1 | AL390728.6 | -0.251777849762583 | 1.85702203380261e-09 | negative |  |  |  |  | 
results\c1_sources\extracted\UCEC_SEED\aging-15-204726-s001.xlsx,corResult,580,KEAP1 | AC107071.1 | -0.224447227920237 | 9.33593726116511e-08 | negative |  |  |  |  | 
results\c1_sources\extracted\UCEC_SEED\aging-15-204726-s001.xlsx,corResult,583,KEAP1 | AC000068.1 | 0.215255662878238 | 3.13481712056519e-07 | postive |  |  |  |  | 
results\c1_sources\extracted\UCEC_SEED\aging-15-204726-s001.xlsx,corResult,586,KEAP1 | AC011509.1 | 0.23759952071536 | 1.50438195559929e-08 | postive |  |  |  |  | 
results\c1_sources\extracted\UCEC_SEED\aging-15-204726-s001.xlsx,corResult,592,KEAP1 | AC002553.1 | -0.235304818119736 | 2.08503258759364e-08 | negative |  |  |  |  | 
results\c1_sources\extracted\UCEC_SEED\aging-15-204726-s001.xlsx,corResult,594,KEAP1 | AC105219.1 | 0.223751665598657 | 1.02509995408312e-07 | postive |  |  |  |  | 
results\c1_sources\extracted\UCEC_SEED\aging-15-204726-s001.xlsx,corResult,599,KEAP1 | AC245884.9 | 0.200124962984176 | 2.05584593913679e-06 | postive |  |  |  |  | 
results\c1_sources\extracted\UCEC_SEED\aging-15-204726-s001.xlsx,corResult,604,KEAP1 | AL157392.4 | -0.230042858970241 | 4.35183695566857e-08 | negative |  |  |  |  | 
results\c1_sources\extracted\UCEC_SEED\aging-15-204726-s001.xlsx,corResult,614,KEAP1 | LINC01160 | 0.212914521553903 | 4.23222143443828e-07 | postive |  |  |  |  | 
results\c1_sources\extracted\UCEC_SEED\aging-15-204726-s001.xlsx,corResult,615,KEAP1 | AL513218.1 | -0.228903506615994 | 5.09169398927982e-08 | negative |  |  |  |  | 
results\c1_sources\extracted\UCEC_SEED\aging-15-204726-s001.xlsx,corResult,618,KEAP1 | AC116036.2 | 0.206229628451818 | 9.7891769740977e-07 | postive |  |  |  |  | 
results\c1_sources\extracted\UCEC_SEED\aging-15-204726-s001.xlsx,corResult,621,KEAP1 | ZNF22-AS1 | 0.389599012826431 | 1.59655574820522e-21 | postive |  |  |  |  | 
results\c1_sources\extracted\UCEC_SEED\aging-15-204726-s001.xlsx,corResult,625,KEAP1 | ZDHHC20-IT1 | 0.223066023500789 | 1.12374212183022e-07 | postive |  |  |  |  | 
results\c1_sources\extracted\UCEC_SEED\aging-15-204726-s001.xlsx,corResult,638,KEAP1 | AC025034.1 | -0.210329443200601 | 5.87227495501276e-07 | negative |  |  |  |  | 
results\c1_sources\extracted\UCEC_SEED\aging-15-204726-s001.xlsx,corResult,639,KEAP1 | SCGB1B2P | 0.219026416550969 | 1.91938642086647e-07 | postive |  |  |  |  | 
results\c1_sources\extracted\UCEC_SEED\aging-15-204726-s001.xlsx,corResult,644,KEAP1 | AC021683.1 | 0.217414030768524 | 2.36990621857288e-07 | postive |  |  |  |  | 
results\c1_sources\extracted\UCEC_SEED\aging-15-204726-s001.xlsx,corResult,645,KEAP1 | AC109322.2 | 0.205541517273752 | 1.06551651787804e-06 | postive |  |  |  |  | 
results\c1_sources\extracted\UCEC_SEED\aging-15-204726-s001.xlsx,corResult,647,KEAP1 | AL133153.2 | 0.200702806224588 | 1.918261673585e-06 | postive |  |  |  |  | 
results\c1_sources\extracted\UCEC_SEED\aging-15-204726-s001.xlsx,corResult,648,KEAP1 | AC083799.1 | -0.275659473985159 | 4.05828389723275e-11 | negative |  |  |  |  | 
results\c1_sources\extracted\UCEC_SEED\aging-15-204726-s001.xlsx,corResult,653,KEAP1 | AL132712.2 | 0.219232947100962 | 1.86802528409603e-07 | postive |  |  |  |  | 
results\c1_sources\extracted\UCEC_SEED\aging-15-204726-s001.xlsx,corResult,655,KEAP1 | LINC01977 | 0.259320256566481 | 5.78452670753151e-10 | postive |  |  |  |  | 
results\c1_sources\extracted\UCEC_SEED\aging-15-204726-s001.xlsx,corResult,658,KEAP1 | AC013731.1 | -0.201001693555202 | 1.85060329923022e-06 | negative |  |  |  |  | 
results\c1_sources\extracted\UCEC_SEED\aging-15-204726-s001.xlsx,corResult,662,KEAP1 | WT1-AS | 0.208011684185695 | 7.8491717624119e-07 | postive |  |  |  |  | 
results\c1_sources\extracted\UCEC_SEED\aging-15-204726-s001.xlsx,corResult,664,KEAP1 | AC026979.3 | -0.211354166591642 | 5.15984239821243e-07 | negative |  |  |  |  | 
results\c1_sources\extracted\UCEC_SEED\aging-15-204726-s001.xlsx,corResult,673,KEAP1 | CRNDE | -0.208921648902063 | 7.00678496619707e-07 | negative |  |  |  |  | 
results\c1_sources\extracted\UCEC_SEED\aging-15-204726-s001.xlsx,corResult,677,KEAP1 | LINC00605 | 0.28638216935441 | 6.42851755308682e-12 | postive |  |  |  |  | 
results\c1_sources\extracted\UCEC_SEED\aging-15-204726-s001.xlsx,corResult,679,KEAP1 | KCTD21-AS1 | 0.333376382629052 | 7.58252143652444e-16 | postive |  |  |  |  | 
results\c1_sources\extracted\UCEC_SEED\aging-15-204726-s001.xlsx,corResult,681,KEAP1 | CACNA1C-AS2 | 0.271198866990197 | 8.5336798735852e-11 | postive |  |  |  |  | 
results\c1_sources\extracted\UCEC_SEED\aging-15-204726-s001.xlsx,corResult,684,KEAP1 | ADIRF-AS1 | 0.219828134957048 | 1.72731384656105e-07 | postive |  |  |  |  | 
results\c1_sources\extracted\UCEC_SEED\aging-15-204726-s001.xlsx,corResult,691,KEAP1 | LINC01224 | 0.218185199287704 | 2.14300520715763e-07 | postive |  |  |  |  | 
results\c1_sources\extracted\UCEC_SEED\aging-15-204726-s001.xlsx,corResult,696,KEAP1 | AC092171.3 | 0.285005135724989 | 8.18114558588427e-12 | postive |  |  |  |  | 
results\c1_sources\extracted\UCEC_SEED\aging-15-204726-s001.xlsx,corResult,698,KEAP1 | AL354733.3 | -0.208824484902803 | 7.09241189442726e-07 | negative |  |  |  |  | 
results\c1_sources\extracted\UCEC_SEED\aging-15-204726-s001.xlsx,corResult,699,KEAP1 | AL359513.1 | 0.219888513008602 | 1.71362448748089e-07 | postive |  |  |  |  | 
results\c1_sources\extracted\UCEC_SEED\aging-15-204726-s001.xlsx,corResult,711,KEAP1 | AL031768.1 | -0.218841397166817 | 1.9665518694595e-07 | negative |  |  |  |  | 
results\c1_sources\extracted\UCEC_SEED\aging-15-204726-s001.xlsx,corResult,719,KEAP1 | AL078587.2 | 0.334273664236657 | 6.27867728995789e-16 | postive |  |  |  |  | 
results\c1_sources\extracted\UCEC_SEED\aging-15-204726-s001.xlsx,corResult,721,KEAP1 | AC004908.3 | -0.234022941319349 | 2.49841942344068e-08 | negative |  |  |  |  | 
results\c1_sources\extracted\UCEC_SEED\aging-15-204726-s001.xlsx,corResult,723,KEAP1 | PSMA3-AS1 | -0.257293000419754 | 7.94369167312616e-10 | negative |  |  |  |  | 
results\c1_sources\extracted\UCEC_SEED\aging-15-204726-s001.xlsx,corResult,724,KEAP1 | AC002467.1 | 0.216886033419013 | 2.53842576218927e-07 | postive |  |  |  |  | 
results\c1_sources\extracted\UCEC_SEED\aging-15-204726-s001.xlsx,corResult,725,KEAP1 | ARHGAP31-AS1 | 0.288034258927617 | 4.80546010905101e-12 | postive |  |  |  |  | 
results\c1_sources\extracted\MA_SEED\_inner\Table S1.xlsx,ferroptosis_driver,37,"36 | Ferroptosis | KEAP1 | HGNC:23177 | ENSG00000079999 | Knockdown of Keap1 reversed loss of p62-increased degradation of NRF2 in ferroptosis. Keap1 knockdown led to resistance to erastin-induced and sorafenib-induced growth inhibition with decreased ferroptotic events in the absence or presence of p62 knockdown. | Human, mice | KEAP1 :-: NFE2L2, NFE2L2 :-: Ferroptosis | Validated | 0 | _NA_ | Q14145 | 26403645 | _NA_ | 44196 | FerrDb team | gene with protein product"
results\c1_sources\extracted\MA_SEED\_inner\Table S1.xlsx,ferroptosis_driver,82,"81 | Ferroptosis | KEAP1 | HGNC:23177 | ENSG00000079999 | Keap 1 silencing decreased ferroptosis. | Mice | KEAP1 :-: NFE2L2, NFE2L2 :-: Ferroptosis | Validated | 0 | _NA_ | Q14145 | 28012440 | _NA_ | 44196 | FerrDb team | gene with protein product"
results\c1_sources\extracted\MA_SEED\_inner\Table S1.xlsx,ferroptosis_driver,90,"89 | Ferroptosis | KEAP1 | HGNC:23177 | ENSG00000079999 | Keap1 inhibition promotes resistance to ferroptosis. | Human, rat | KEAP1 :+: Ferroptosis | Validated | 0 | _NA_ | Q14145 | 28805788 | _NA_ | 44196 | FerrDb team | gene with protein product"
results\c1_sources\extracted\MA_SEED\_inner\Table S1.xlsx,ferroptosis_driver,151,"150 | Ferroptosis | LONP1 | HGNC:9479 | ENSG00000196365 | Inhibition of LONP1 negatively regulates erastin-induced cell death. | Human | LONP1 :-: Nrf2/Keap1 pathway, Nrf2/Keap1 pathway :-: Ferroptosis, LONP1 :-: GPX4, GPX4 :-: Ferroptosis | Validated | 0 | _NA_ | P36776 | 31822343 | _NA_ | 44297 | FerrDb team | gene with protein product"
results\c1_sources\extracted\MA_SEED\_inner\Table S1.xlsx,ferroptosis_driver,164,"163 | Ferroptosis | TBK1 | HGNC:11584 | ENSG00000183735 | hTBK1-c.978T>A mutation significantly inhibited the proliferation of NSC-34 cells via inducing cell ferroptosis, while the effect of TBK1 mutation was notably reversed by Ferrostatin-1 or p62 siRNA. | Mice | TBK1-c.978T>A :+: KEAP1, KEAP1 :+: Ferroptosis | Validated | 0 | TBK1-c.978T>A mutation. | _NA_ | 33312375 | _NA_ | 44417 | FerrDb team | gene with protein product"
results\c1_sources\extracted\MA_SEED\_inner\Table S1.xlsx,ferroptosis_driver,181,180 | Ferroptosis | KEAP1 | HGNC:23177 | ENSG00000079999 | _NA_ | Human | KEAP1 :+: Ferroptosis | Screened | 0 | _NA_ | _NA_ | 32939090 | Top gene in genome-wide CRISPR screens | 44465 | FerrDb team | gene with protein product
results\c1_sources\extracted\MA_SEED\_inner\Table S1.xlsx,ferroptosis_driver,225,"224 | Ferroptosis | SLC25A28 | HGNC:23472 | ENSG00000155287 | As expected, shRNA-mediated knockdown of SLC25A28 completely abolished the mitochondrial iron accumulation, and, in turn, impaired BRD7 knockin-enhanced ferroptotic cell death (Fig. 4G) and classical ferroptotic events. | Human, mice | SLC25A28 :+: mitochondrial iron accumulation, mitochondrial iron accumulation :+: Ferroptosis | Validated | 0 | _NA_ | Q96A46 | 32863216 | _NA_ | 44518 | FerrDb team | gene with protein product"
results\c1_sources\extracted\MA_SEED\_inner\Table S1.xlsx,ferroptosis_driver,284,"283 | Ferroptosis | ATF3 | HGNC:785 | ENSG00000162772 | However, ATF3 elevated ferroptosis in SGC7901/DDP and BGC823/DDP cells. | Human | ATF3 :+: Lipid ROS, Lipid ROS :+: Ferroptosis, ATF3 :+: MDA, MDA :+: Ferroptosis, ATF3 :-: GSH, GSH :-: Ferroptosis, ATF3 :-: Nrf2/Keap1 pathway, Nrf2/Keap1 pathway :-: Ferroptosis | Validated | 0 | _NA_ | P18847 | 34098867 | _NA_ | 44616 | FerrDb team | gene with protein product"
results\c1_sources\extracted\MA_SEED\_inner\Table S1.xlsx,ferroptosis_driver,291,"290 | Ferroptosis | NOX4 | HGNC:7891 | ENSG00000086991 | NOX4 promotes ferroptosis by oxidative stress-induced lipid peroxidation in human astrocytes. | Mice | NOX4 :-: Mitochondrial respiration ATP production, Mitochondrial respiration ATP production :-: Impaired mitochondrial metabolism, Impaired mitochondrial metabolism :+: Oxidative stress-induced lipid peroxidation, Oxidative stress-induced lipid peroxidation :+: Ferroptosis | Validated | 0 | _NA_ | Q9NPH5 | 33774476 | _NA_ | 44629 | FerrDb team | gene with protein product"
results\c1_sources\extracted\MA_SEED\_inner\Table S1.xlsx,ferroptosis_driver,314,"361 | Ferroptosis | TRIM21 | HGNC:11312 | ENSG00000132109 | Loss of TRIM21 alleviates cardiotoxicity by suppressing ferroptosis induced by the chemotherapeutic agent doxorubicin. | Mice | TRIM21 :-: (p62/Keap1), (p62/Keap1) :-: Ferroptosis | Validated | 0 | _NA_ | P19474 | 34233258 | _NA_ | 44650 | FerrDb team | gene with protein product"
results\c1_sources\extracted\MA_SEED\_inner\Table S1.xlsx,ferroptosis_suppressor,16,"15 | Ferroptosis | SQSTM1 | HGNC:11280 | ENSG00000161011 | The interaction between p62 and Keap1 increased following erastin and sorafenib treatment. Knockdown of p62 suppressed NRF2 expression and promoted growth inhibition with increased ferroptotic events including GSH depletion, lipid ROS production, and an increase of iron levels. | Human, mice | SQSTM1 :-: KEAP1, KEAP1 :-: NFE2L2, NFE2L2 :-: Ferroptosis | Validated | 0 | _NA_ | Q13501 | 26403645 | p62 in article. | 44196 | FerrDb team | gene with protein product"
results\c1_sources\extracted\MA_SEED\_inner\Table S1.xlsx,ferroptosis_suppressor,99,"98 | Ferroptosis | ZFP36 | HGNC:12862 | ENSG00000128016 | ZFP36 plasmid impaired FBXW7 plasmid-induced HSC ferroptosis. Overexpression of Zfp36 impaired erastin- or sorafenib-induced ferroptosis. | Human, mice | ZFP36 :-: ATG16L1, ATG16L1 :+: Ferroptosis | Validated | 0 | _NA_ | P26651 | 31679460 | _NA_ | 44196 | FerrDb team | gene with protein product"
results\c1_sources\extracted\MA_SEED\_inner\Table S1.xlsx,ferroptosis_suppressor,119,118 | Ferroptosis | SCD | HGNC:10571 | ENSG00000099194 | Genetic and Pharmacological Inhibition of SCD1 Prevents the Growth of STK11/KEAP1 Co-mutant Cells and Sensitizes Those Cells to Ferroptosis Induction. | Human | SCD :-: Ferroptosis | Validated | 0 | _NA_ | O00767 | 33264619 | SCD1 in article | 44403 | FerrDb team | gene with protein product
results\c1_sources\extracted\MA_SEED\_inner\Table S1.xlsx,ferroptosis_suppressor,153,"152 | Ferroptosis | SQSTM1 | HGNC:11280 | ENSG00000161011 | Taken together, our results indicated that high p62 expression protects SH-SY5Y cells against 6-OHDA-induced ferroptosis. | Human | (SQSTM1/Keap1) :+: Nrf2, Nrf2 :-: Ferroptosis, (SQSTM1/Keap1) :+: HO-1, HO-1 :-: Ferroptosis | Validated | 0 | _NA_ | Q13501 | 32770451 | _NA_ | 44484 | FerrDb team | gene with protein product"
results\c1_sources\extracted\MA_SEED\_inner\Table S1.xlsx,Oxeiptosis,2,KEAP1
results\c1_sources\extracted\MA_SEED\_inner\Table S1.xlsx,Oxeiptosis,5,AIRE
results\c1_sources\extracted\MA_SEED\_inner\Table S2.xlsx,DEGs (high risk vs low risk ),2206,AIRE | 0.934016608472185 | -2.71949383881895 | 5.442974434735 | 7.72110427451876e-08 | 6.75190250111206e-07 | 7.68186156576971 | NOT
results\c1_sources\extracted\MA_SEED\_inner\Table S2.xlsx,DEGs (high risk vs low risk ),7419,KEAP1 | 0.106488386069631 | 6.70426944143616 | 2.98494264685976 | 0.00295494029165647 | 0.00827233916526914 | -2.7221659152732 | NOT
results\c1_sources\extracted\MA_SEED\_inner\Table S2.xlsx,GO,77,"MF | GO:0016712 | oxidoreductase activity, acting on paired donors, with incorporation or reduction of molecular oxygen, reduced flavin or flavoprotein as one donor, and incorporation of one atom of oxygen | 4/137 | 40/18432 | 0.000216887415124189 | 0.00476023125592419 | 0.00324656122936935 | CYP2W1/CYP2C18/CYP2C9/CYP2C19 | 4"
results\c1_sources\extracted\MA_SEED\_inner\Table S2.xlsx,GO,103,"MF | GO:0016705 | oxidoreductase activity, acting on paired donors, with incorporation or reduction of molecular oxygen | 6/137 | 179/18432 | 0.00222023239278032 | 0.0226747137986075 | 0.0154645526126468 | FADS6/CYP2W1/CYP2C18/CYP2C9/CYP2C19/NOS2 | 6"
results\c1_sources\extracted\MA_SEED\_inner\Table S2.xlsx,GO,111,"MF | GO:0016709 | oxidoreductase activity, acting on paired donors, with incorporation or reduction of molecular oxygen, NAD(P)H as one donor, and incorporation of one atom of oxygen | 3/137 | 40/18432 | 0.0032460473541836 | 0.0283291405456023 | 0.0193209708545665 | CYP2C9/CYP2C19/NOS2 | 3"
results\c1_sources\extracted\DU_5G\_inner\Supplemental table\Supplemental tables.xlsx,Table S3,3,Ferroptosis | RPL8 | IREB2 | ATP5MC3 | CS | EMC2 | ACSF2 | NOX1 | CYBB | NOX3 | NOX4 | NOX5 | DUOX1 | DUOX2 | G6PD | PGD | VDAC2 | TP53 | ACSL4 | LPCAT3 | NRAS | KRAS | HRAS | CARS1 | KEAP1 | HMOX1 | ATG5 | ATG7 | NCOA4 | TF | ALOX5 | ALOX12 | ALOX12B | ALOX15 | ALOX15B | ALOXE3 | PHKG2 | SAT1 | EGFR | MAPK3 | MAPK1 | ZEB1 | DPP4 | CDKN2A | PEBP1 | SOCS1 | CDO1 | MYB | SLC1A5 | CHAC1 | LINC00472 | GOT1 | BECN1 | PRKAA2 | PRKAA1 | ELAVL1 | BAP1 | ABCC1 | MIR6852 | ACVR1B | TGFBR1 | IFNG | ANO6 | HMGB1 | TNFAIP3 | ATF3 | ATM | YY1AP1 | EGLN2 | MIOX | TAFAZZIN | MTDH | IDH1 | FBXW7 | PANX1 | DNAJB6 | LONP1 | CD82 | IL1B | POR | CYB5R1 | ELOVL5 | FADS1 | PTEN | IL6 | miR-182-5p | miR-378a-3p | CTSB | ATF4 | LINC00618 | MT1DP | PEX10 | AGPAT3 | PEX12 | CHP1 | GPAT4 | BRPF1 | OSBPL9 | INTS2 | MMD | CYP4F8 | MLLT1 | TTPA | GRIA3 | EPT1 | POM121L12 | LIG3 | AEBP2 | AGPS | CDCA3 | PEX2 | PEX6 | TIMM9 | DCAF7 | LCE2C | FAR1 | PHF21A | SMAD7 | LYRM1 | AMN | PEX3 | MTCH1 | SIRT1 | ACADSB | PVT1 | hsa_circ_0008367 | GSK3B | MAPK8 | BRD7 | SLC25A28 | SLC11A2 | ZFAS1 | SLC38A1 | TSC1 | TGFB1 | SNCA | SIRT3 | TFRC | CGAS | STING1 | HDDC3 | MIR761 | MDM2 | MDM4 | MIR214 | DLD | WWTR1 | PRKCA | SMPD1 | MYCN | IFNA1 | IFNA2 | IFNA4 | IFNA5 | IFNA6 | IFNA7 | IFNA8 | IFNA10 | IFNA13 | IFNA14 | IFNA16 | IFNA17 | IFNA21 | SMG9 | TLR4 | PAQR3 | MICU1 | TOR2A | MIR375 | CircKDM4C | MIR324 | QSOX1 | CLTRN | KLF2 | MIR5096 | H19 | YTHDC2 | DDR2 | SLC39A7 | TRIM46 | ACSL1 | KDM5A | CYGB | GSTZ1 | ACO1 | GJA1 | SLC7A11 | CIRBP | circPSEN1 | YAP1 | TRIM26 | NDRG1 | MIR302A | ASMTL-AS1 | FADS2 | PIEZO1 | LIFR | PTPN6 | ADAM23 | ARHGEF26-AS1 | CPEB1 | MIR15A | KDM6B | METTL14 | MIB1 | KDM5C | CCDC6 | MIR539 | GPX4 | AKR1C1 | AKR1C2 | AKR1C3 | RB1 | HSPB1 | HSF1 | NFE2L2 | SQSTM1 | NQO1 | FTH1 | MUC1 | MT1G | SLC40A1 | CISD1 | HSPA5 | HELLS | SCD | SRC | STAT3 | PML | NFS1 | TP63 | CDKN1A | MIR137 | FH | CISD2 | MIR9-1 | MIR9-2 | MIR9-3 | CBS | ISCU | ACSL3 | OTUB1 | CD44 | LINC00336 | BRD4 | PRDX6 | MIR17 | SESN2 | NF2 | ARNTL | HIF1A | JUN | CA9 | TMBIM4 | PLIN2 | AIFM2 | LAMP2 | ZFP36 | PROM2 | CHMP5 | CHMP6 | CAV1 | GCH1 | PIR | GCLC | HCAR1 | SLC16A1 | RRM2 | NR4A1 | PIK3CA | RPTOR | SREBF1 | SREBF2 | FZD7 | P4HB | BCAT2 | PLA2G6 | MIR424 | PARK7 | FXN | SUV39H1 | ATF2 | STK11 | FNDC5 | CircIL4R | CDH1 | NEDD4L | FTMT | BRD2 | BRD3 | BRDT | DECR1 | GLRX5 | NCOA3 | NR5A2 | MTOR | PANX2 | RHEBP1 | TFAP2A | CP | ARF6 | GDF15 | ABHD12 | TFAM | KDM3B | RNF113A  | AHCY | circ-TTBK2 | MIR522 | IDH2 | PPARA | SIAH2 | NEDD4 | PRDX1 | AR | MTF1 | COPZ1 | NUPR1 | USP35 | NEAT1 | PARP1 | PARP2 | PARP3 | PARP4 | PARP6 | PARP8 | PARP9 | PARP10 | PARP11 | PARP12 | PARP14 | PARP15 | PARP16 | PDSS2 | OIP5-AS1 | MIR190A | CREB1 | CREB3 | CREB5 | MIR130B | BEX1 | FABP4 | AKT1S1 | MLST8 | TYRO3 | SIRT6 | TMSB4X | TMSB4Y | KIF20A | ECH1 | circRHOT1 | ETV4 | MEG8 | VCP | circ_0007142 | RBMS1 | KDM4A | MGST1 | circKIF4A | miR-7-5p | circ_0067934 | MPC1 | CAMKK2 | SOX2 | SRSF9 | MIR4443 | MIR27A | MIR670 | MEF2C | EZH2 | PEDS1 | CDC25A | LCN2 | TRIB2 | DHODH | MIR545 | PDK4 | CircPVT1 | circDTL | PTPN18 | FTL | ABCC5 | CISD3 | FURIN | circRHBG | GALNT14 | KLHDC3 | LINC01833 | circGFRA1 | GSTM1 | circ0097009 | TMEM161B-DT | circEPSTI1 | MIR18A | RARRES2 | USP11 | PTGS2 | DUSP1 | NOS2 | NCF2 | MT3 | UBC | ALB | TXNRD1 | SRXN1 | GPX2 | BNIP3 | OXSR1 | SELENOS | ANGPTL7 | DDIT4 | LOC284561 | ASNS | TSC22D3 | DDIT3 | JDP2 | SLC1A4 | PCK2 | TXNIP | VLDLR | GPT2 | PSAT1 | LURAP1L | SLC7A5 | HERPUD1 | XBP1 | SLC3A2 | ZNF419 | KLHL24 | TRIB3 | ZFP69B | ATP6V1G2 | VEGFA | TUBE1 | ARRDC3 | CEBPG | SNORA16A | RGS4 | BLOC1S5-TXNDC5 | LOC390705 | EIF2S1 | HSD17B11 | SETD1B | MAFG | DRD5 | DRD4 | MAP3K5 | MAPK14 | SLC2A1 | SLC2A3 | SLC2A6 | SLC2A8 | SLC2A12 | GLUT13 | SLC2A14 | EIF2AK4 | HBA1 | NNMT | PLIN4 | HIC1 | STMN1 | CAPG | HNF4A | NGB | YWHAE | GABPB1 | AURKA | MIR4715 | RIPK1 | MIR30B | MMP13 | CBR1 | MFN2 | LGMN | PPARG | MIR335 | SNX5 | MAP3K14 | MIB2 | HOTAIR | FOXO4 | TRIM21 | DPEP1 | IDO1 | PGRMC1 | MIR135B | EGR1 | COX4I2 | lncRNA AABR07017145.1 | TIMP1 | MEG3 | CFL1 | KMT2D |  |  |  |  |  |  |  |  |  |  |  |  |  |  |  |  |  |  |  |  |  |  |  |  |  |  |  |  |  |  |  |  |  |  |  |  |  |  |  |  |  |  |  |  |  |  |  |  |  |  |  |  |  |  |  |  |  |  |  |  |  |  |  |  |  |  |  |  |  |  |  |  |  |  |  |  |  |  |  |  |  |  |  |  |  |  |  |  |  |  |  |  |  |  |  |  |  |  |  |  |  |  |  |  |  |  |  |  |  |  |  |  |  |  |  |  |  |  |  |  |  |  |  |  |  |  |  |  |  |  |  |  |  |  |  |  |  |  |  |  |  |  |  |  |  |  |  |  |  |  |  |  |  |  |  |  |  |  |  |  |  |  |  |  |  |  |  |  |  |  |  |  |  |  |  |  |  |  |  |  |  |  |  |  |  |  |  |  |  |  |  |  |  |  |  |  |  |  |  |  |  |  |  |  |  |  |  |  |  |  |  |  |  |  |  |  |  |  |  |  |  |  |  |  |  |  |  |  |  |  |  |  |  |  |  |  |  |  |  |  |  |  |  |  |  |  |  |  |  |  |  |  |  |  |  |  |  |  |  |  |  |  |  |  |  |  |  |  |  |  |  |  |  |  |  |  |  |  |  |  |  |  |  |  |  |  |  |  |  |  |  |  |  |  |  |  |  |  |  |  |  |  |  |  |  |  |  |  |  |  |  |  |  |  |  |  |  |  |  |  |  |  |  |  |  |  |  |  |  |  |  |  |  |  |  |  |  |  |  |  |  |  |  |  |  |  |  |  |  |  |  |  |  |  |  |  |  |  |  |  |  |  |  |  |  |  |  |  |  |  |  |  |  |  |  |  |  |  |  |  |  |  |  |  |  |  |  |  |  |  |  |  |  |  |  |  |  |  |  |  |  |  |  |  |  |  |  |  |  |  |  |  |  |  |  |  |  |  |  |  |  |  |  |  |  |  |  |  |  |  |  |  |  |  |  |  |  |  |  |  |  |  |  |  |  |  |  |  |  |  |  |  |  |  |  |  |  |  |  |  |  |  |  |  |  |  |  |  |  |  |  |  |  |  |  |  |  |  |  |  |  |  |  |  |  |  |  |  |  |  |  |  |  |  |  |  |  |  |  |  |  |  |  |  |  |  |  |  |  |  |  |  |  |  |  |  |  |  |  |  |  |  |  |  |  |  |  |  |  |  |  |  |  |  |  |  |  |  |  |  |  |  |  |  |  |  |  |  |  |  |  |  |  |  |  |  |  |  |  |  |  |  |  |  |  |  |  |  |  |  |  |  |  |  |  |  |  |  |  |  |  |  |  |  |  |  |  |  |  |  |  |  |  |  |  |  |  |  |  |  |  |  |  |  |  |  |  |  |  |  |  |  |  |  |  |  |  |  |  |  |  |  |  |  |  |  |  |  |  |  |  |  |  |  |  |  |  |  |  |  |  |  |  |  |  |  |  |  |  |  |  |  |  |  |  |  |  |  |  |  |  |  |  |  |  |  |  |  |  |  |  |  |  |  |  |  |  |  |  |  |  |  |  |  |  |  |  |  |  |  |  |  |  |  |  |  |  |  |  |  |  |  |  |  |  |  |  |  |  |  |  |  |  |  |  |  |  |  |  |  |  |  |  |  |  |  |  |  |  |  |  |  |  |  |  |  |  |  |  |  |  |  |  |  |  |  |  |  |  |  |  |  |  |  |  |  |  |  |  |  |  |  |  |  |  |  |  |  |  |  |  |  |  |  |  |  |  |  |  |  |  |  |  |  |  |  |  |  |  |  |  |  |  |  |  |  |  |  |  |  |  |  |  |  |  |  |  |  |  |  |  |  |  |  |  |  |  |  |  |  |  |  |  |  |  |  |  |  |  |  |  |  |  |  |  |  |  |  |  |  |  |  |  |  |  |  |  |  |  |  |  |  |  |  |  |  |  |  |  |  |  |  |  |  |  |  |  |  |  |  |  |  |  |  |  |  |  |  |  |  |  |  |  |  |  |  |  |  |  |  |  |  |  |  |  |  |  |  |  |  |  |  |  |  |  |  |  |  |  |  |  |  |  |  |  |  |  |  |  |  |  |  |  |  |  |  |  |  |  |  |  |  |  |  |  |  |  |  |  |  |  |  |  |  |  |  |  |  |  |  |  |  |  |  |  |  |  |  |  |  |  |  |  |  |  |  |  |  |  |  |  |  |  |  |  |  |  |  |  |  |  |  |  |  |  |  |  |  |  |  |  |  |  |  |  |  |  |  |  |  |  |  |  |  |  |  |  |  |  |  |  |  |  |  |  |  |  |  |  |  |  |  |  |  |  |  |  |  |  |  |  |  |  |  |  |  |  |  |  |  |  |  |  |  |  |  |  |  |  |  |  |  |  |  |  |  |  |  |  |  |  |  |  |  |  |  |  |  |  |  |  |  |  |  |  |  |  |  |  |  |  |  |  |  |  |  |  |  |  |  |  |  |  |  |  |  |  |  |  |  |  |  |  |  |  |  |  |  |  |  |  |  |  |  |  |  |  |  |  |  |  |  |  |  |  |  |  |  |  |  |  |  |  |  |  |  |  |  |  |  |  |  |  |  |  |  |  |  |  |  |  |  |  |  |  |  |  |  |  |  |  |  |  |  |  |  |  |  |  |  |  |  |  |  |  |  |  |  |  |  |  |  |  |  |  |  |  |  |  |  |  |  |  |  |  |  |  |  |  |  |  |  |  |  |  |  |  |  |  |  |  |  |  |  |  |  |  |  |  |  |  |  |  |  |  |  |  |  |  |  |  |  |  |  |  |  |  |  |  |  |  |  |  |  |  |  |  |  |  |  |  |  |  |  |  |  |  |  |  |  |  |  |  |  |  |  |  |  |  |  |  |  |  |  |  |  |  |  |  |  |  |  |  |  |  |  |  |  |  |  |  |  |  |  |  |  |  |  |  |  |  |  |  |  |  |  |  |  |  |  |  |  |  |  |  |  |  |  |  |  |  |  |  |  |  |  |  |  |  |  |  |  |  |  |  |  |  |  |  |  |  |  |  |  |  |  |  |  |  |  |  |  |  |  |  |  |  |  |  |  |  |  |  |  |  |  |  |  |  |  |  |  |  |  |  |  |  |  |  |  |  |  |  |  |  |  |  |  |  |  |  |  |  |  |  |  |  |  |  |  |  |  |  |  |  |  |  |  |  |  |  |  |  |  |  |  |  |  |  |  |  |  |  |  |  |  |  |  |  |  |  |  |  |  |  |  |  |  |  |  |  |  |  |  |  |  |  |  |  |  |  |  |  |  |  |  |  |  |  |  |  |  |  |  |  |  |  |  |  |  |  |  |  |  |  |  |  |  |  |  |  |  |  |  |  |  |  |  |  |  |  |  |  |  |  |  |  |  |  |  |  |  |  |  |  |  |  |  |  |  |  |  |  |  |  |  |  |  |  |  |  |  |  |  |  |  |  |  |  |  |  |  |  |  |  |  |  |  |  |  |  |  |  |  |  |  |  |  |  |  |  |  |  |  |  |  |  |  |  |  |  |  |  |  |  |  |  |  |  |  |  |  |  |  |  |  |  |  |  |  |  |  |  |  |  |  |  |  |  |  |  |  |  |  |  |  |  |  |  |  |  |  |  |  |  |  |  |  |  |  |  |  |  |  |  |  |  |  |  |  |  |  |  |  |  |  |  |  |  |  |  |  |  |  |  |  |  |  |  |  |  |  |  |  |  |  |  |  |  |  |  |  |  |  |  |  |  |  |  |  |  |  |  |  |  |  |  |  |  |  |  |  |  |  |  |  |  |  |  |  |  |  |  |  |  |  |  |  |  |  |  |  |  |  |  |  |  |  |  |  |  |  |  |  |  |  |  |  |  |  |  |  |  |  |  |  |  |  |  |  |  |  |  |  |  |  |  |  |  |  |  |  |  |  |  |  |  |  |  |  |  |  |  |  |  |  |  |  |  |  |  |  |  |  |  |  |  |  |  |  |  |  |  |  |  |  |  |  |  |  |  |  |  |  |  |  |  |  |  |  |  |  |  |  |  |  |  |  |  |  |  |  |  |  |  |  |  |  |  |  |  |  |  |  |  |  |  |  |  |  |  |  |  |  |  |  |  |  |  |  |  |  |  |  |  |  |  |  |  |  |  |  |  |  |  |  |  |  |  |  |  |  |  |  |  |  |  |  |  |  |  |  |  |  |  |  |  |  |  |  |  |  |  |  |  |  |  |  |  |  |  |  |  |  |  |  |  |  |  |  |  |  |  |  |  |  |  |  |  |  |  |  |  |  |  |  |  |  |  |  |  |  |  |  |  |  |  |  |  |  |  |  |  |  |  |  |  |  |  |  |  |  |  |  |  |  |  |  |  |  |  |  |  |  |  |  |  |  |  |  |  |  |  |  |  |  |  |  |  |  |  |  |  |  |  |  |  |  |  |  |  |  |  |  |  |  |  |  |  |  |  |  |  |  |  |  |  |  |  |  |  |  |  |  |  |  |  |  |  |  |  |  |  |  |  |  |  |  |  |  |  |  |  |  |  |  |  |  |  |  |  |  |  |  |  |  |  |  |  |  |  |  |  |  |  |  |  |  |  |  |  |  |  |  |  |  |  |  |  |  |  |  |  |  |  |  |  |  |  |  |  |  |  |  |  |  |  |  |  |  |  |  |  |  |  |  |  |  |  |  |  |  |  |  |  |  |  |  |  |  |  |  |  |  |  |  |  |  |  |  |  |  |  |  |  |  |  |  |  |  |  |  |  |  |  |  |  |  |  |  |  |  |  |  |  |  |  |  |  |  |  |  |  |  |  |  |  |  |  |  |  |  |  |  |  |  |  |  |  |  |  |  |  |  |  |  |  |  |  |  |  |  |  |  |  |  |  |  |  |  |  |  |  |  |  |  |  |  |  |  |  |  |  |  |  |  |  |  |  |  |  |  |  |  |  |  |  |  |  |  |  |  |  |  |  |  |  |  |  |  |  |  |  |  |  |  |  |  |  |  |  |  |  |  |  |  |  |  |  |  |  |  |  |  |  |  |  |  |  |  |  |  |  |  |  |  |  |  |  |  |  |  |  |  |  |  |  |  |  |  |  |  |  |  |  |  |  |  |  |  |  |  |  |  |  |  |  |  |  |  |  |  |  |  |  |  |  |  |  |  |  |  |  |  |  |  |  |  |  |  |  |  |  |  |  |  |  |  |  |  |  |  |  |  |  |  |  |  |  |  |  |  |  |  |  |  |  |  |  |  |  |  |  |  |  |  |  |  |  |  |  |  |  |  |  |  |  |  |  |  |  |  |  |  |  |  |  |  |  |  |  |  |  |  |  |  |  |  |  |  |  |  |  |  |  |  |  |  |  |  |  |  |  |  |  |  |  |  |  |  |  |  |  |  |  |  |  |  |  |  |  |  |  |  |  |  |  |  |  |  |  |  |  |  |  |  |  |  |  |  |  |  |  |  |  |  |  |  |  |  |  |  |  |  |  |  |  |  |  |  |  |  |  |  |  |  |  |  |  |  |  |  |  |  |  |  |  |  |  |  |  |  |  |  |  |  |  |  |  |  |  |  |  |  |  |  |  |  |  |  |  |  |  |  |  |  |  |  |  |  |  |  |  |  |  |  |  |  |  |  |  |  |  |  |  |  |  |  |  |  |  |  |  |  |  |  |  |  |  |  |  |  |  |  |  |  |  |  |  |  |  |  |  |  |  |  |  |  |  |  |  |  |  |  |  |  |  |  |  |  |  |  |  |  |  |  |  |  |  |  |  |  |  |  |  |  |  |  |  |  |  |  |  |  |  |  |  |  |  |  |  |  |  |  |  |  |  |  |  |  |  |  |  |  |  |  |  |  |  |  |  |  |  |  |  |  |  |  |  |  |  |  |  |  |  |  |  |  |  |  |  |  |  |  |  |  |  |  |  |  |  |  |  |  |  |  |  |  |  |  |  |  |  |  |  |  |  |  |  |  |  |  |  |  |  |  |  |  |  |  |  |  |  |  |  |  |  |  |  |  |  |  |  |  |  |  |  |  |  |  |  |  |  |  |  |  |  |  |  |  |  |  |  |  |  |  |  |  |  |  |  |  |  |  |  |  |  |  |  |  |  |  |  |  |  |  |  |  |  |  |  |  |  |  |  |  |  |  |  |  |  |  |  |  |  |  |  |  |  |  |  |  |  |  |  |  |  |  |  |  |  |  |  |  |  |  |  |  |  |  |  |  |  |  |  |  |  |  |  |  |  |  |  |  |  |  |  |  |  |  |  |  |  |  |  |  |  |  |  |  |  |  |  |  |  |  |  |  |  |  |  |  |  |  |  |  |  |  |  |  |  |  |  |  |  |  |  |  |  |  |  |  |  |  |  |  |  |  |  |  |  |  |  |  |  |  |  |  |  |  |  |  |  |  |  |  |  |  |  |  |  |  |  |  |  |  |  |  |  |  |  |  |  |  |  |  |  |  |  |  |  |  |  |  |  |  |  |  |  |  |  |  |  |  |  |  |  |  |  |  |  |  |  |  |  |  |  |  |  |  |  |  |  |  |  |  |  |  |  |  |  |  |  |  |  |  |  |  |  |  |  |  |  |  |  |  |  |  |  |  |  |  |  |  |  |  |  |  |  |  |  |  |  |  |  |  |  |  |  |  |  |  |  |  |  |  |  |  |  |  |  |  |  |  |  |  |  |  |  |  |  |  |  |  |  |  |  |  |  |  |  |  |  |  |  |  |  |  |  |  |  |  |  |  |  |  |  |  |  |  |  |  |  |  |  |  |  |  |  |  |  |  |  |  | 
results\c1_sources\extracted\DU_5G\_inner\Supplemental table\Supplemental tables.xlsx,Table S3,8,Oxeiptosis | AIRE | PGAM5 | KEAP1 | AIFM1 | NRF2 |  |  |  |  |  |  |  |  |  |  |  |  |  |  |  |  |  |  |  |  |  |  |  |  |  |  |  |  |  |  |  |  |  |  |  |  |  |  |  |  |  |  |  |  |  |  |  |  |  |  |  |  |  |  |  |  |  |  |  |  |  |  |  |  |  |  |  |  |  |  |  |  |  |  |  |  |  |  |  |  |  |  |  |  |  |  |  |  |  |  |  |  |  |  |  |  |  |  |  |  |  |  |  |  |  |  |  |  |  |  |  |  |  |  |  |  |  |  |  |  |  |  |  |  |  |  |  |  |  |  |  |  |  |  |  |  |  |  |  |  |  |  |  |  |  |  |  |  |  |  |  |  |  |  |  |  |  |  |  |  |  |  |  |  |  |  |  |  |  |  |  |  |  |  |  |  |  |  |  |  |  |  |  |  |  |  |  |  |  |  |  |  |  |  |  |  |  |  |  |  |  |  |  |  |  |  |  |  |  |  |  |  |  |  |  |  |  |  |  |  |  |  |  |  |  |  |  |  |  |  |  |  |  |  |  |  |  |  |  |  |  |  |  |  |  |  |  |  |  |  |  |  |  |  |  |  |  |  |  |  |  |  |  |  |  |  |  |  |  |  |  |  |  |  |  |  |  |  |  |  |  |  |  |  |  |  |  |  |  |  |  |  |  |  |  |  |  |  |  |  |  |  |  |  |  |  |  |  |  |  |  |  |  |  |  |  |  |  |  |  |  |  |  |  |  |  |  |  |  |  |  |  |  |  |  |  |  |  |  |  |  |  |  |  |  |  |  |  |  |  |  |  |  |  |  |  |  |  |  |  |  |  |  |  |  |  |  |  |  |  |  |  |  |  |  |  |  |  |  |  |  |  |  |  |  |  |  |  |  |  |  |  |  |  |  |  |  |  |  |  |  |  |  |  |  |  |  |  |  |  |  |  |  |  |  |  |  |  |  |  |  |  |  |  |  |  |  |  |  |  |  |  |  |  |  |  |  |  |  |  |  |  |  |  |  |  |  |  |  |  |  |  |  |  |  |  |  |  |  |  |  |  |  |  |  |  |  |  |  |  |  |  |  |  |  |  |  |  |  |  |  |  |  |  |  |  |  |  |  |  |  |  |  |  |  |  |  |  |  |  |  |  |  |  |  |  |  |  |  |  |  |  |  |  |  |  |  |  |  |  |  |  |  |  |  |  |  |  |  |  |  |  |  |  |  |  |  |  |  |  |  |  |  |  |  |  |  |  |  |  |  |  |  |  |  |  |  |  |  |  |  |  |  |  |  |  |  |  |  |  |  |  |  |  |  |  |  |  |  |  |  |  |  |  |  |  |  |  |  |  |  |  |  |  |  |  |  |  |  |  |  |  |  |  |  |  |  |  |  |  |  |  |  |  |  |  |  |  |  |  |  |  |  |  |  |  |  |  |  |  |  |  |  |  |  |  |  |  |  |  |  |  |  |  |  |  |  |  |  |  |  |  |  |  |  |  |  |  |  |  |  |  |  |  |  |  |  |  |  |  |  |  |  |  |  |  |  |  |  |  |  |  |  |  |  |  |  |  |  |  |  |  |  |  |  |  |  |  |  |  |  |  |  |  |  |  |  |  |  |  |  |  |  |  |  |  |  |  |  |  |  |  |  |  |  |  |  |  |  |  |  |  |  |  |  |  |  |  |  |  |  |  |  |  |  |  |  |  |  |  |  |  |  |  |  |  |  |  |  |  |  |  |  |  |  |  |  |  |  |  |  |  |  |  |  |  |  |  |  |  |  |  |  |  |  |  |  |  |  |  |  |  |  |  |  |  |  |  |  |  |  |  |  |  |  |  |  |  |  |  |  |  |  |  |  |  |  |  |  |  |  |  |  |  |  |  |  |  |  |  |  |  |  |  |  |  |  |  |  |  |  |  |  |  |  |  |  |  |  |  |  |  |  |  |  |  |  |  |  |  |  |  |  |  |  |  |  |  |  |  |  |  |  |  |  |  |  |  |  |  |  |  |  |  |  |  |  |  |  |  |  |  |  |  |  |  |  |  |  |  |  |  |  |  |  |  |  |  |  |  |  |  |  |  |  |  |  |  |  |  |  |  |  |  |  |  |  |  |  |  |  |  |  |  |  |  |  |  |  |  |  |  |  |  |  |  |  |  |  |  |  |  |  |  |  |  |  |  |  |  |  |  |  |  |  |  |  |  |  |  |  |  |  |  |  |  |  |  |  |  |  |  |  |  |  |  |  |  |  |  |  |  |  |  |  |  |  |  |  |  |  |  |  |  |  |  |  |  |  |  |  |  |  |  |  |  |  |  |  |  |  |  |  |  |  |  |  |  |  |  |  |  |  |  |  |  |  |  |  |  |  |  |  |  |  |  |  |  |  |  |  |  |  |  |  |  |  |  |  |  |  |  |  |  |  |  |  |  |  |  |  |  |  |  |  |  |  |  |  |  |  |  |  |  |  |  |  |  |  |  |  |  |  |  |  |  |  |  |  |  |  |  |  |  |  |  |  |  |  |  |  |  |  |  |  |  |  |  |  |  |  |  |  |  |  |  |  |  |  |  |  |  |  |  |  |  |  |  |  |  |  |  |  |  |  |  |  |  |  |  |  |  |  |  |  |  |  |  |  |  |  |  |  |  |  |  |  |  |  |  |  |  |  |  |  |  |  |  |  |  |  |  |  |  |  |  |  |  |  |  |  |  |  |  |  |  |  |  |  |  |  |  |  |  |  |  |  |  |  |  |  |  |  |  |  |  |  |  |  |  |  |  |  |  |  |  |  |  |  |  |  |  |  |  |  |  |  |  |  |  |  |  |  |  |  |  |  |  |  |  |  |  |  |  |  |  |  |  |  |  |  |  |  |  |  |  |  |  |  |  |  |  |  |  |  |  |  |  |  |  |  |  |  |  |  |  |  |  |  |  |  |  |  |  |  |  |  |  |  |  |  |  |  |  |  |  |  |  |  |  |  |  |  |  |  |  |  |  |  |  |  |  |  |  |  |  |  |  |  |  |  |  |  |  |  |  |  |  |  |  |  |  |  |  |  |  |  |  |  |  |  |  |  |  |  |  |  |  |  |  |  |  |  |  |  |  |  |  |  |  |  |  |  |  |  |  |  |  |  |  |  |  |  |  |  |  |  |  |  |  |  |  |  |  |  |  |  |  |  |  |  |  |  |  |  |  |  |  |  |  |  |  |  |  |  |  |  |  |  |  |  |  |  |  |  |  |  |  |  |  |  |  |  |  |  |  |  |  |  |  |  |  |  |  |  |  |  |  |  |  |  |  |  |  |  |  |  |  |  |  |  |  |  |  |  |  |  |  |  |  |  |  |  |  |  |  |  |  |  |  |  |  |  |  |  |  |  |  |  |  |  |  |  |  |  |  |  |  |  |  |  |  |  |  |  |  |  |  |  |  |  |  |  |  |  |  |  |  |  |  |  |  |  |  |  |  |  |  |  |  |  |  |  |  |  |  |  |  |  |  |  |  |  |  |  |  |  |  |  |  |  |  |  |  |  |  |  |  |  |  |  |  |  |  |  |  |  |  |  |  |  |  |  |  |  |  |  |  |  |  |  |  |  |  |  |  |  |  |  |  |  |  |  |  |  |  |  |  |  |  |  |  |  |  |  |  |  |  |  |  |  |  |  |  |  |  |  |  |  |  |  |  |  |  |  |  |  |  |  |  |  |  |  |  |  |  |  |  |  |  |  |  |  |  |  |  |  |  |  |  |  |  |  |  |  |  |  |  |  |  |  |  |  |  |  |  |  |  |  |  |  |  |  |  |  |  |  |  |  |  |  |  |  |  |  |  |  |  |  |  |  |  |  |  |  |  |  |  |  |  |  |  |  |  |  |  |  |  |  |  |  |  |  |  |  |  |  |  |  |  |  |  |  |  |  |  |  |  |  |  |  |  |  |  |  |  |  |  |  |  |  |  |  |  |  |  |  |  |  |  |  |  |  |  |  |  |  |  |  |  |  |  |  |  |  |  |  |  |  |  |  |  |  |  |  |  |  |  |  |  |  |  |  |  |  |  |  |  |  |  |  |  |  |  |  |  |  |  |  |  |  |  |  |  |  |  |  |  |  |  |  |  |  |  |  |  |  |  |  |  |  |  |  |  |  |  |  |  |  |  |  |  |  |  |  |  |  |  |  |  |  |  |  |  |  |  |  |  |  |  |  |  |  |  |  |  |  |  |  |  |  |  |  |  |  |  |  |  |  |  |  |  |  |  |  |  |  |  |  |  |  |  |  |  |  |  |  |  |  |  |  |  |  |  |  |  |  |  |  |  |  |  |  |  |  |  |  |  |  |  |  |  |  |  |  |  |  |  |  |  |  |  |  |  |  |  |  |  |  |  |  |  |  |  |  |  |  |  |  |  |  |  |  |  |  |  |  |  |  |  |  |  |  |  |  |  |  |  |  |  |  |  |  |  |  |  |  |  |  |  |  |  |  |  |  |  |  |  |  |  |  |  |  |  |  |  |  |  |  |  |  |  |  |  |  |  |  |  |  |  |  |  |  |  |  |  |  |  |  |  |  |  |  |  |  |  |  |  |  |  |  |  |  |  |  |  |  |  |  |  |  |  |  |  |  |  |  |  |  |  |  |  |  |  |  |  |  |  |  |  |  |  |  |  |  |  |  |  |  |  |  |  |  |  |  |  |  |  |  |  |  |  |  |  |  |  |  |  |  |  |  |  |  |  |  |  |  |  |  |  |  |  |  |  |  |  |  |  |  |  |  |  |  |  |  |  |  |  |  |  |  |  |  |  |  |  |  |  |  |  |  |  |  |  |  |  |  |  |  |  |  |  |  |  |  |  |  |  |  |  |  |  |  |  |  |  |  |  |  |  |  |  |  |  |  |  |  |  |  |  |  |  |  |  |  |  |  |  |  |  |  |  |  |  |  |  |  |  |  |  |  |  |  |  |  |  |  |  |  |  |  |  |  |  |  |  |  |  |  |  |  |  |  |  |  |  |  |  |  |  |  |  |  |  |  |  |  |  |  |  |  |  |  |  |  |  |  |  |  |  |  |  |  |  |  |  |  |  |  |  |  |  |  |  |  |  |  |  |  |  |  |  |  |  |  |  |  |  |  |  |  |  |  |  |  |  |  |  |  |  |  |  |  |  |  |  |  |  |  |  |  |  |  |  |  |  |  |  |  |  |  |  |  |  |  |  |  |  |  |  |  |  |  |  |  |  |  |  |  |  |  |  |  |  |  |  |  |  |  |  |  |  |  |  |  |  |  |  |  |  |  |  |  |  |  |  |  |  |  |  |  |  |  |  |  |  |  |  |  |  |  |  |  |  |  |  |  |  |  |  |  |  |  |  |  |  |  |  |  |  |  |  |  |  |  |  |  |  |  |  |  |  |  |  |  |  |  |  |  |  |  |  |  |  |  |  |  |  |  |  |  |  |  |  |  |  |  |  |  |  |  |  |  |  |  |  |  |  |  |  |  |  |  |  |  |  |  |  |  |  |  |  |  |  |  |  |  |  |  |  |  |  |  |  |  |  |  |  |  |  |  |  |  |  |  |  |  |  |  |  |  |  |  |  |  |  |  |  |  |  |  |  |  |  |  |  |  |  |  |  |  |  |  |  |  |  |  |  |  |  |  |  |  |  |  |  |  |  |  |  |  |  |  |  |  |  |  |  |  |  |  |  |  |  |  |  |  |  |  |  |  |  |  |  |  |  |  |  |  |  |  |  |  |  |  |  |  |  |  |  |  |  |  |  |  |  |  |  |  |  |  |  |  |  |  |  |  |  |  |  |  |  |  |  |  |  |  |  |  |  |  |  |  |  |  |  |  |  |  |  |  |  |  |  |  |  |  |  |  |  |  |  |  |  |  |  |  |  |  |  |  |  |  |  |  |  |  |  |  |  |  |  |  |  |  |  |  |  |  |  |  |  |  |  |  |  |  |  |  |  |  |  |  |  |  |  |  |  |  |  |  |  |  |  |  |  |  |  |  |  |  |  |  |  |  |  |  |  |  |  |  |  |  |  |  |  |  |  |  |  |  |  |  |  |  |  |  |  |  |  |  |  |  |  |  |  |  |  |  |  |  |  |  |  |  |  |  |  |  |  |  |  |  |  |  |  |  |  |  |  |  |  |  |  |  |  |  |  |  |  |  |  |  |  |  |  |  |  |  |  |  |  |  |  |  |  |  |  |  |  |  |  |  |  |  |  |  |  |  |  |  |  |  |  |  |  |  |  |  |  |  |  |  |  |  |  |  |  |  |  |  |  |  |  |  |  |  |  |  |  |  |  |  |  |  |  |  |  |  |  |  |  |  |  |  |  |  |  |  |  |  |  |  |  |  |  |  |  |  |  |  |  |  |  |  |  |  |  |  |  |  |  |  |  |  |  |  |  |  |  |  |  |  |  |  |  |  |  |  |  |  |  |  |  |  |  |  |  |  |  |  |  |  |  |  |  |  |  |  |  |  |  |  |  |  |  |  |  |  |  |  |  |  |  |  |  |  |  |  |  |  |  |  |  |  |  |  |  |  |  |  |  |  |  |  |  |  |  |  |  |  |  |  |  |  |  |  |  |  |  |  |  |  |  |  |  |  |  |  |  |  |  |  |  |  |  |  |  |  |  |  |  |  |  |  |  |  |  |  |  |  |  |  |  |  |  |  |  |  |  |  |  |  |  |  |  |  |  |  |  |  |  |  |  |  |  |  |  |  |  |  |  |  |  |  |  |  |  |  |  |  |  |  |  |  |  |  |  |  |  |  |  |  |  |  |  |  |  |  |  |  |  |  |  |  |  |  |  |  |  |  |  |  |  |  |  |  |  |  |  |  |  |  |  |  |  |  |  |  |  |  |  |  |  |  |  |  |  |  |  |  |  |  |  |  |  |  |  |  |  |  |  |  |  |  |  |  |  |  |  |  |  |  |  |  |  |  |  |  |  |  |  |  |  |  |  |  |  |  |  |  |  |  |  |  |  |  |  |  |  |  |  |  |  |  |  |  |  |  |  |  |  |  |  |  |  |  |  |  |  |  |  |  |  |  |  |  |  |  |  |  |  |  |  |  |  |  |  |  |  |  |  |  |  |  |  |  |  |  |  |  |  |  |  |  |  |  |  |  |  |  |  |  |  |  |  |  |  |  |  |  |  |  |  |  |  |  |  |  |  |  |  |  |  |  |  |  |  |  |  |  |  |  |  |  |  |  |  |  |  |  |  |  |  |  |  |  |  |  |  |  |  |  |  |  |  |  |  |  |  |  |  |  |  |  |  |  |  |  |  |  |  |  |  |  |  |  |  |  |  |  |  |  |  |  |  |  |  |  |  |  |  |  |  |  |  |  |  |  |  |  |  |  |  |  |  |  |  |  |  |  |  |  |  |  |  |  |  |  |  |  |  |  |  |  |  |  |  |  |  |  |  |  |  |  |  |  |  |  |  |  |  |  |  |  |  |  |  |  |  |  |  |  |  |  |  |  |  |  |  |  |  |  |  |  |  |  |  |  |  |  |  |  |  |  |  |  |  |  |  |  |  |  |  |  |  |  |  |  |  |  |  |  |  |  |  |  |  |  |  |  |  |  |  |  |  |  |  |  |  |  |  |  |  |  |  |  |  |  |  |  |  |  |  |  |  |  |  |  |  |  |  |  |  |  |  |  |  |  |  |  |  |  |  |  |  |  |  |  |  |  |  |  |  |  |  |  |  |  |  |  |  |  |  |  |  |  |  |  |  |  |  |  |  |  |  |  |  |  |  |  |  |  |  |  |  |  |  |  |  |  |  |  |  |  |  |  |  |  |  |  |  |  |  |  |  |  |  |  |  |  |  |  |  |  |  |  |  |  |  |  |  |  |  |  |  |  |  |  |  |  |  |  |  |  |  |  |  |  |  |  | 
results\c1_sources\extracted\DU_5G\_inner\Supplemental table\Supplemental tables.xlsx,Table S3,11,Necroptosis | SPATA2L | CYBB | CAMK2A | CAMK2D | CAMK2B | CAMK2G | SLC25A4 | SLC25A31 | PPID | VDAC1 | VDAC3 | GLUD2 | GLUD1 | GLUL | PYGL | PYGB | MAPK10 | MAPK9 | FTH1 | FTL | PLA2G4E | PLA2G4A | JMJD7-PLA2G4B | PLA2G4B | PLA2G4C | PLA2G4D | PLA2G4F | ALOX15 | CAPN1 | CAPN2 | SMPD1 | IL1B | CHMP2A | CHMP2B | CHMP3 | RNF103-CHMP3 | CHMP4A | CHMP4C | CHMP6 | VPS4B | VPS4A | CHMP1B | CHMP5 | CHMP7 | IL33 | FAF1 | IFNA1 | IFNA2 | IFNA4 | IFNA5 | IFNA6 | IFNA7 | IFNA8 | IFNA10 | IFNA13 | IFNA14 | IFNA16 | IFNA17 | IFNA21 | IFNAR1 | IFNAR2 | IFNGR1 | IFNGR2 | JAK2 | JAK3 | TYK2 | STAT1 | STAT2 | STAT4 | STAT5A | STAT5B | STAT6 | IRF9 | EIF2AK2 | TICAM2 | USP21 | H2AX | H2AC20 | H2AC1 | H2AW | H2AB3 | H2AC8 | H2AC4 | MACROH2A2 | MACROH2A1 | H2AC19 | H2AJ | H2AB1 | H2AC17 | H2AC18 | H2AC11 | H2AC21 | H2AZ2 | H2AC7 | H2AZ1 | H2AC15 | H2AC6 | H2AC13 | H2AC14 | H2AC16 | CRTAM | DCD | ERH | GLTP | GOLGA3 | GTF3C3 | HEMGN | LIMCH1 | H2AB2 | PPIA | FADD | FAS | FASLG | MLKL | RIPK1 | RIPK3 | TLR3 | TNF | TNFRSF1A | TRADD | TRAF2 | TRAF5 | BIRC2 | BIRC3 | XIAP | RBCK1 | RNF31 | SHARPIN | SPATA2 | CYLD | CASP8 | CFLAR | SLC25A5 | SLC25A6 | VDAC2 | PYGM | MAPK8 | PGAM5 | DNM1L | NLRP3 | PYCARD | CASP1 | CHMP4B | CHMP1A | TRPM7 | IL1A | HMGB1 | TNFSF10 | TNFRSF10A | TNFRSF10B | IFNB1 | IFNG | JAK1 | STAT3 | TLR4 | TICAM1 | ZBP1 | SQSTM1 | HSP90AA1 | HSP90AB1 | TNFAIP3 | PARP1 | BID | BAX | AIFM1 | H2AC12 | BCL2 | MAP3K7 | ITPK1 | IPMK | CASP6 | PELI1 | PGLYRP1 | SIRT3 | STING1 | TNIP1 | MEFV | AIM2 | TP53 | UCHL1 | SERTAD1 | NFKB1 | KLHDC10 | SFTPA1 | CTSB | MAPK14 | GSK3B | ADAR | MYC | TNIP3 | GJB1 | PTGES3 | UVRAG | MYD88 | BRD4 | JUN | RB1 | PPP6C | SIRT2 | IKBKB | DAPK1 | FKBP1A | CD274 | EZH2 | NFE2L2 | TRAF6 | CXCL5 | AREL1 | MGA | MLF2 | NUDT21 | OTUD4 | PNN | RPS27L | SEC16A | SRP14 | AXL | MERTK | TYRO3 | SIRT6 | SLC39A7 | NAT2 | USP22 | CGAS | PANX1 | NAT1 | PDCD6IP | FLOT2 | FLOT1 | IL37 | FASN | HNRNPA1 | CDK9 | SIRPA | TIMM50 | SLC25A37 | PPP1R3G | DIABLO | NFKBIA | AURKC | NGFR | FMR1 | GNLY | HTRA2 | HSPA5 | PRKAA2 | PRKAA1 | PITPNA | ANGPT2 | METTL3 | FNDC4 | FNDC5 | PRKN | RALBP1 | TXN | TP53I3 | GSDMD | STUB1 | CDC37 | ZFP91 | RELA | ADAM17 | TRPC6 | CASP10 | SIRT5 | MTX2 | MTX1 | IAH1 | AURKA | PLK1 | MYH9 | SOAT1 | OTULIN | HGF | SRC | KL | MIF | ANXA1 | BCL2L1 | FPR1 | CASP2 | TNFRSF21 | OPA1 | BMI1 | UBE2H | BBC3 | AVEN | ZNF7 | TRIM72 | KIAA1191 | PAK1 | CYP3A4 | SGK1 | CDC7 | IDO1 | CERK | SMN1 | SMN2 | PTEN | ESR2 | GSK3A | C5 | ATG5 | EGR1 | SP1 | C9 | CD74 | C6 | C7 | NOX4 | RCN1 | AIFM2 | MKRN1 | TNFSF12 | UHRF1 | CD40LG | SRSF10 | TANC2 | TRAFD1 | VBP1 | ZNF146 | AKNA | CHTOP | FAM83D | OGT | ID1 | CTSD | CLEC7A | TRIM28 | TP63 | PADI4 | HPRT1 | FAP | TRIM24 | CHL1 | TGFBR1 | CDKN2A | SNCA | CDK1 | RIGI | ACVR1B | TARDBP | CCL2 | DPEP1 | XRCC1 | UBR2 | HIF1A | TBK1 | GPX4 | LAMP2 | MPRIP | MTOR | BRAF | AFP | ACHE | CXCL1 | NFAT5 | VIL1 | MAPK1 | CBL | GSN | CTSL | RARG | CTSH | CTSS | DSTYK | TNFRSF25 | BRAP | BNIP3 | SYVN1 | CHUK | BUB1B | BDNF | HSPA8 | IRAK1 | MAPK3 | EIF2AK3 | IKBKG | NQO1 | TAB2 | CALM1 | BECN1 | CALM2 | FLNC | IKBKE | XBP1 | CALM3 | HSPA4 | TAB1 | UBC | SOX17 | EIF2A | AGFG1 | H1-5 | TAB3 | TNIP2 | MIB2 | AHRR | DIRAS3 | C20orf204 | EGFR | FLT3 | IDH1 | IDH2 | HMOX1 | NPM1 | VIM | EPAS1 | G6PD | GJA1 | KRT18 | MMP13 | RARA | VCP | ACTB | APC | CAD | CASP3 | CASP7 | DRD2 | KEAP1 | KIF11 | PIKFYVE | PKM | HRNR | HSPBAP1 | KCTD5 | LRRC59 | SERBP1 | TLE6 | UBL4A | ZKSCAN4 | PRDX1 | PTPN6 | STXBP1 | TNFRSF1B | TSC2 | YWHAE | ATP2A1 | CUL3 | DDX3X | EEF2 | HSPD1 | LEF1 | NOD2 | RPL11 | RPL5 | RPS19 | TPM1 | TUBB4A | YWHAG | AHR | BAP1 | HSPA9 | MAPKAPK2 | PARK7 | PRPS1 | SLC16A1 | TNNT2 | TUBA4A | ARHGEF2 | CASP4 | CASP9 | CLTC | EIF4EBP1 | HSPA1A | IL4 | KRT1 | KRT14 | KRT8 | LRP1 | PINK1 | PPP1CB | RANBP2 | RIPK2 | SLC25A13 | TPM2 | TPM3 | TRAF3 | AFG3L2 | ASIC1 | ATF4 | CCT5 | DDX5 | EMD | HNRNPA2B1 | HPSE | KRT5 | LGALS3 | LTBP1 | MYH14 | NFS1 | NUP214 | PABPN1 | PFKL | PRSS1 | PSMA3 | S100A4 | SLC25A1 | TET2 | TUBB4B | TUFM | UBE2D3 | UBE2L3 | UGDH | ULK1 | XRCC6 | ACTC1 | AHSG | CADM1 | COPB2 | ELP1 | FLII | FUS | IRF3 | KLF6 | KRT19 | KRT6A | MAP1B | MYO5A | MYO6 | NCL | NRIP1 | PKP2 | RAD23B | RPL15 | RPL35 | RPS10 | S100A10 | SKP2 | TUBA1B | XRCC5 | ZSCAN20 | AKAP8L | PPP1R12C | UTP11 | APOOL | CEP44 | OTUD1 | PALMD | AGO2 | AP2B1 | AP2S1 | CALU | CNBP | COPA | CUL4A | EEF1A1 | GBE1 | HNRNPU | KRT10 | KRT16 | LGALS1 | LITAF | NDUFA4 | NSUN2 | OPTN | PLEC | PPM1B | RBMX | RPL13 | RPL26 | RPL27 | RPS17 | RPS20 | RPS24 | RPS26 | RPS27 | RPS3 | RPS6 | SFPQ | SLC25A10 | SLC30A9 | STK38 | SVIL | TANK | TCP1 | TNFRSF8 | TUBB6 | XRN2 | BANF1 | BNIP3L | IVNS1ABP | KRT9 | MYO1C | PABPC1 | PDLIM7 | PNKD | PRPF8 | RPL3 | RPS12 | RPS14 | RPS29 | CAPZA1 | CCNT1 | CCT3 | CPSF3 | DYNLL1 | EIF4B | HNRNPH1 | IGF2BP3 | IL24 | IQSEC1 | KRT2 | KRT7 | NME8 | PAWR | PCBP1 | PCM1 | PDIA4 | RNGTT | RPL10A | RPL12 | RPL22 | RPL4 | RPL7 | RPL7A | RPS13 | RPS16 | RPS23 | S100A6 | SNRPE | SRSF1 | SRSF9 | SSBP1 | TCOF1 | TUBA1C | ADAMTSL4 | ATAD3A | BAG2 | BCLAF1 | CAPN7 | CCT6A | CCT8 | DDX17 | DNAJA1 | ELAVL1 | FIP1L1 | HNRNPF | HNRNPL | PGAM4 | RPL39 | SP6 | TMEM44 | UBAP2 | CTAG2 | H1-10 | H2BC12 | HNRNPM | IGF2BP1 | KHDRBS1 | MAP1LC3A | MVP | MYL6 | PSMC4 | RBM14 | RIOK1 | RPL13A | RPL23 | RPL23A | RPL34 | RPLP2 | SF1 | SRSF3 | SRSF6 | SRSF7 | TPM4 | TRA2B | WDR77 | YBX1 | ADRM1 | ALYREF | ANO10 | ATP5F1C | ATXN2L | CEP170 | CLINT1 | DNAJA2 | H1-2 | HNRNPH3 | HOOK1 | HSPA1B | KRT86 | LARP1 | LRRFIP2 | MPP1 | MYL12A | MYL6B | MYO1B | PDIA6 | PLEKHA5 | RCC2 | RFWD3 | RPL28 | RPL29 | RPL6 | RPL9 | RPLP1 | SCYL2 | SYNCRIP | TMEM165 | TNRC6B | TRA2A | TRIP6 | TWF1 | TXNIP | COPS2 | CPSF6 | GCC2 | GSDME | MRPS12 | MYCBP | MYO1D | PKP3 | PREB | RPL17 | RPS18 | RPS4X | RPS8 | SRSF4 | ZFP36 | AMBRA1 | CARD6 | CDC42BPG | CPSF2 | ESYT2 | FAF2 | G3BP2 | GOSR1 | HELQ | LACTB | POF1B | PRPF40A | RAI14 | RBM25 | RPL38 | RPS25 | SNRPF | SRRM2 | THRAP3 | TMOD3 | WRNIP1 | YTHDC1 | ZC3HAV1 | ZNF217 | ZNF24 | CALML5 | CHCHD4 | LZTS3 | MAIP1 | OBI1 | TMEM263 | ZAN | ZNF391 | RHOXF2 | RBM14-RBM4 |  |  |  |  |  |  |  |  |  |  |  |  |  |  |  |  |  |  |  |  |  |  |  |  |  |  |  |  |  |  |  |  |  |  |  |  |  |  |  |  |  |  |  |  |  |  |  |  |  |  |  |  |  |  |  |  |  |  |  |  |  |  |  |  |  |  |  |  |  |  |  |  |  |  |  |  |  |  |  |  |  |  |  |  |  |  |  |  |  |  |  |  |  |  |  |  |  |  |  |  |  |  |  |  |  |  |  |  |  |  |  |  |  |  |  |  |  |  |  |  |  |  |  |  |  |  |  |  |  |  |  |  |  |  |  |  |  |  |  |  |  |  |  |  |  |  |  |  |  |  |  |  |  |  |  |  |  |  |  |  |  |  |  |  |  |  |  |  |  |  |  |  |  |  |  |  |  |  |  |  |  |  |  |  |  |  |  |  |  |  |  |  |  |  |  |  |  |  |  |  |  |  |  |  |  |  |  |  |  |  |  |  |  |  |  |  |  |  |  |  |  |  |  |  |  |  |  |  |  |  |  |  |  |  |  |  |  |  |  |  |  |  |  |  |  |  |  |  |  |  |  |  |  |  |  |  |  |  |  |  |  |  |  |  |  |  |  |  |  |  |  |  |  |  |  |  |  |  |  |  |  |  |  |  |  |  |  |  |  |  |  |  |  |  |  |  |  |  |  |  |  |  |  |  |  |  |  |  |  |  |  |  |  |  |  |  |  |  |  |  |  |  |  |  |  |  |  |  |  |  |  |  |  |  |  |  |  |  |  |  |  |  |  |  |  |  |  |  |  |  |  |  |  |  |  |  |  |  |  |  |  |  |  |  |  |  |  |  |  |  |  |  |  |  |  |  |  |  |  |  |  |  |  |  |  |  |  |  |  |  |  |  |  |  |  |  |  |  |  |  |  |  |  |  |  |  |  |  |  |  |  |  |  |  |  |  |  |  |  |  |  |  |  |  |  |  |  |  |  |  |  |  |  |  |  |  |  |  |  |  |  |  |  |  |  |  |  |  |  |  |  |  |  |  |  |  |  |  |  |  |  |  |  |  |  |  |  |  |  |  |  |  |  |  |  |  |  |  |  |  |  |  |  |  |  |  |  |  |  |  |  |  |  |  |  |  |  |  |  |  |  |  |  |  |  |  |  |  |  |  |  |  |  |  |  |  |  |  |  |  |  |  |  |  |  |  |  |  |  |  |  |  |  |  |  |  |  |  |  |  |  |  |  |  |  |  |  |  |  |  |  |  |  |  |  |  |  |  |  |  |  |  |  |  |  |  |  |  |  |  |  |  |  |  |  |  |  |  |  |  |  |  |  |  |  |  |  |  |  |  |  |  |  |  |  |  |  |  |  |  |  |  |  |  |  |  |  |  |  |  |  |  |  |  |  |  |  |  |  |  |  |  |  |  |  |  |  |  |  |  |  |  |  |  |  |  |  |  |  |  |  |  |  |  |  |  |  |  |  |  |  |  |  |  |  |  |  |  |  |  |  |  |  |  |  |  |  |  |  |  |  |  |  |  |  |  |  |  |  |  |  |  |  |  |  |  |  |  |  |  |  |  |  |  |  |  |  |  |  |  |  |  |  |  |  |  |  |  |  |  |  |  |  |  |  |  |  |  |  |  |  |  |  |  |  |  |  |  |  |  |  |  |  |  |  |  |  |  |  |  |  |  |  |  |  |  |  |  |  |  |  |  |  |  |  |  |  |  |  |  |  |  |  |  |  |  |  |  |  |  |  |  |  |  |  |  |  |  |  |  |  |  |  |  |  |  |  |  |  |  |  |  |  |  |  |  |  |  |  |  |  |  |  |  |  |  |  |  |  |  |  |  |  |  |  |  |  |  |  |  |  |  |  |  |  |  |  |  |  |  |  |  |  |  |  |  |  |  |  |  |  |  |  |  |  |  |  |  |  |  |  |  |  |  |  |  |  |  |  |  |  |  |  |  |  |  |  |  |  |  |  |  |  |  |  |  |  |  |  |  |  |  |  |  |  |  |  |  |  |  |  |  |  |  |  |  |  |  |  |  |  |  |  |  |  |  |  |  |  |  |  |  |  |  |  |  |  |  |  |  |  |  |  |  |  |  |  |  |  |  |  |  |  |  |  |  |  |  |  |  |  |  |  |  |  |  |  |  |  |  |  |  |  |  |  |  |  |  |  |  |  |  |  |  |  |  |  |  |  |  |  |  |  |  |  |  |  |  |  |  |  |  |  |  |  |  |  |  |  |  |  |  |  |  |  |  |  |  |  |  |  |  |  |  |  |  |  |  |  |  |  |  |  |  |  |  |  |  |  |  |  |  |  |  |  |  |  |  |  |  |  |  |  |  |  |  |  |  |  |  |  |  |  |  |  |  |  |  |  |  |  |  |  |  |  |  |  |  |  |  |  |  |  |  |  |  |  |  |  |  |  |  |  |  |  |  |  |  |  |  |  |  |  |  |  |  |  |  |  |  |  |  |  |  |  |  |  |  |  |  |  |  |  |  |  |  |  |  |  |  |  |  |  |  |  |  |  |  |  |  |  |  |  |  |  |  |  |  |  |  |  |  |  |  |  |  |  |  |  |  |  |  |  |  |  |  |  |  |  |  |  |  |  |  |  |  |  |  |  |  |  |  |  |  |  |  |  |  |  |  |  |  |  |  |  |  |  |  |  |  |  |  |  |  |  |  |  |  |  |  |  |  |  |  |  |  |  |  |  |  |  |  |  |  |  |  |  |  |  |  |  |  |  |  |  |  |  |  |  |  |  |  |  |  |  |  |  |  |  |  |  |  |  |  |  |  |  |  |  |  |  |  |  |  |  |  |  |  |  |  |  |  |  |  |  |  |  |  |  |  |  |  |  |  |  |  |  |  |  |  |  |  |  |  |  |  |  |  |  |  |  |  |  |  |  |  |  |  |  |  |  |  |  |  |  |  |  |  |  |  |  |  |  |  |  |  |  |  |  |  |  |  |  |  |  |  |  |  |  |  |  |  |  |  |  |  |  |  |  |  |  |  |  |  |  |  |  |  |  |  |  |  |  |  |  |  |  |  |  |  |  |  |  |  |  |  |  |  |  |  |  |  |  |  |  |  |  |  |  |  |  |  |  |  |  |  |  |  |  |  |  |  |  |  |  |  |  |  |  |  |  |  |  |  |  |  |  |  |  |  |  |  |  |  |  |  |  |  |  |  |  |  |  |  |  |  |  |  |  |  |  |  |  |  |  |  |  |  |  |  |  |  |  |  |  |  |  |  |  |  |  |  |  |  |  |  |  |  |  |  |  |  |  |  |  |  |  |  |  |  |  |  |  |  |  |  |  |  |  |  |  |  |  |  |  |  |  |  |  |  |  |  |  |  |  |  |  |  |  |  |  |  |  |  |  |  |  |  |  |  |  |  |  |  |  |  |  |  |  |  |  |  |  |  |  |  |  |  |  |  |  |  |  |  |  |  |  |  |  |  |  |  |  |  |  |  |  |  |  |  |  |  |  |  |  |  |  |  |  |  |  |  |  |  |  |  |  |  |  |  |  |  |  |  |  |  |  |  |  |  |  |  |  |  |  |  |  |  |  |  |  |  |  |  |  |  |  |  |  |  |  |  |  |  |  |  |  |  |  |  |  |  |  |  |  |  |  |  |  |  |  |  |  |  |  |  |  |  |  |  |  |  |  |  |  |  |  |  |  |  |  |  |  |  |  |  |  |  |  |  |  |  |  |  |  |  |  |  |  |  |  |  |  |  |  |  |  |  |  |  |  |  |  |  |  |  |  |  |  |  |  |  |  |  |  |  |  |  |  |  |  |  |  |  |  |  |  |  |  |  |  |  |  |  |  |  |  |  |  |  |  |  |  |  |  |  |  |  |  |  |  |  |  |  |  |  |  |  |  |  |  |  |  |  |  |  |  |  |  |  |  |  |  |  |  |  |  |  |  |  |  |  |  |  |  |  |  |  |  |  |  |  |  |  |  |  |  |  |  |  |  |  |  |  |  |  |  |  |  |  |  |  |  |  |  |  |  |  |  |  |  |  |  |  |  |  |  |  |  |  |  |  |  |  |  |  |  |  |  |  |  |  |  |  |  |  |  |  |  |  |  |  |  |  |  |  |  |  |  |  |  |  |  |  |  |  |  |  |  |  |  |  |  |  |  |  |  |  |  |  |  |  |  |  |  |  |  |  |  |  |  |  |  |  |  |  |  |  |  |  |  |  |  |  |  |  |  |  |  |  |  |  |  |  |  |  |  |  |  |  |  |  |  |  |  |  |  |  |  |  |  |  |  |  |  |  |  |  |  |  |  |  |  |  |  |  |  |  |  |  |  |  |  |  |  |  |  |  |  |  |  |  |  |  |  |  |  |  |  |  |  |  |  |  |  |  |  |  |  |  |  |  |  |  |  |  |  |  |  |  |  |  |  |  |  |  |  |  |  |  |  |  |  |  |  |  |  |  |  |  |  |  |  |  |  |  |  |  |  |  |  |  |  |  |  |  |  |  |  |  |  |  |  |  |  |  |  |  |  |  |  |  |  |  |  |  |  |  |  |  |  |  |  |  |  |  |  |  |  |  |  |  |  |  |  |  |  |  |  |  |  |  |  |  |  |  |  |  |  |  |  |  |  |  |  |  |  |  |  |  |  |  |  |  |  |  |  |  |  |  |  |  |  |  |  |  |  |  |  |  |  |  |  |  |  |  |  |  |  |  |  |  |  |  |  |  |  |  |  |  |  |  |  |  |  |  |  |  |  |  |  |  |  |  |  |  |  |  |  |  |  |  |  |  |  |  |  |  |  |  |  |  |  |  |  |  |  |  |  |  |  |  |  |  |  |  |  |  |  |  |  |  |  |  |  |  |  |  |  |  |  |  |  |  |  |  |  |  |  |  |  |  |  |  |  |  |  |  |  |  |  |  |  |  |  |  |  |  |  |  |  |  |  |  |  |  |  |  |  |  |  |  |  |  |  |  |  |  |  |  |  |  |  |  |  |  |  |  |  |  |  |  |  |  |  |  |  |  |  |  |  |  |  |  |  |  |  |  |  |  |  |  |  |  |  |  |  |  |  |  |  |  |  |  |  |  |  |  |  |  |  |  |  |  |  |  |  |  |  |  |  |  |  |  |  |  |  |  |  |  |  |  |  |  |  |  |  |  |  |  |  |  |  |  |  |  |  |  |  |  |  |  |  |  |  |  |  |  |  |  |  |  |  |  |  |  |  |  |  |  |  |  |  |  |  |  |  |  |  |  |  |  |  |  |  |  |  |  |  |  |  |  |  |  |  |  |  |  |  |  |  |  |  |  |  |  |  |  |  |  |  |  |  |  |  |  |  |  |  |  |  |  |  |  |  |  |  |  |  |  |  |  |  |  |  |  |  |  |  |  |  |  |  |  |  |  |  |  |  |  |  |  |  |  |  |  |  |  |  |  |  |  |  |  |  |  |  |  |  |  |  |  |  |  |  |  |  |  |  |  |  |  |  |  |  |  |  |  |  |  |  |  |  |  |  |  |  |  |  |  |  |  |  |  |  |  |  |  |  |  |  |  |  |  |  |  |  |  |  |  |  |  |  |  |  |  |  |  |  |  |  |  |  |  |  |  |  |  |  |  |  |  |  |  |  |  |  |  |  |  |  |  |  |  |  |  |  |  |  |  |  |  |  |  |  |  |  |  |  |  |  |  |  |  |  |  |  |  |  |  |  |  |  |  |  |  |  |  |  |  |  |  |  |  |  |  |  |  |  |  |  |  |  |  |  |  |  |  |  |  |  |  |  |  |  |  |  |  |  |  |  |  |  |  |  |  |  |  |  |  |  |  |  |  |  |  |  |  |  |  |  |  |  |  |  |  |  |  |  |  |  |  |  |  |  |  |  |  |  |  |  |  |  |  |  |  |  |  |  |  |  |  |  |  |  |  |  |  |  |  |  |  |  |  |  |  |  |  |  |  |  |  |  |  |  |  |  |  |  |  |  |  |  |  |  |  |  |  |  |  |  |  |  |  |  |  |  |  |  |  |  |  |  |  |  |  |  |  |  |  |  |  |  |  |  |  |  |  |  |  |  |  |  |  |  |  |  |  |  |  |  |  |  |  |  |  |  |  |  |  |  |  |  |  |  |  |  |  |  |  |  |  |  |  |  |  |  |  |  |  |  |  |  |  |  |  |  |  |  |  |  |  |  |  |  |  |  |  |  |  | 
results\c1_sources\extracted\DU_5G\_inner\Supplemental table\Supplemental tables.xlsx,Table S5,10,Oxeiptosis | 2610 | 3110 | 0.032
results\c1_sources\extracted\DU_5G\_inner\Supplemental table\Supplemental tables.xlsx,Table S6,16,MCD | MCD | Oxeiptosis |  |  | Necroptosis
results\c1_sources\extracted\DU_5G\_inner\Supplemental table\Supplemental tables.xlsx,Table S6,19,NECSO | NECSO | Pyroptosis |  |  | Oxeiptosis
results\c1_sources\extracted\DU_5G\_inner\Supplemental table\Supplemental tables.xlsx,Table S6,21, | Oxeiptosis |  |  |  | Parthanatos
results\c1_sources\extracted\DU_5G\_inner\Supplemental table\Supplemental tables.xlsx,Table S11,111,CD36 | Oxeiptosis | -0.435893261428261 | -0.384151282089935 | -0.329878246281499 | 2.44268212412868e-36 | 1.08738752622502e-35
results\c1_sources\extracted\DU_5G\_inner\Supplemental table\Supplemental tables.xlsx,Table S11,112,CLU | Oxeiptosis | -0.344006031176733 | -0.288014939135461 | -0.229982859809962 | 1.84825642525688e-20 | 5.66798637078776e-20
results\c1_sources\extracted\DU_5G\_inner\Supplemental table\Supplemental tables.xlsx,Table S11,113,FLNA | Oxeiptosis | -0.264591087180957 | -0.205826988399613 | -0.145540002033893 | 5.57640257995165e-11 | 1.1839131631282e-10
results\c1_sources\extracted\DU_5G\_inner\Supplemental table\Supplemental tables.xlsx,Table S11,114,NOTCH | Oxeiptosis | -0.225261736880233 | -0.165428980520525 | -0.104353138814455 | 1.53869637195925e-07 | 2.68784935861236e-07
results\c1_sources\extracted\DU_5G\_inner\Supplemental table\Supplemental tables.xlsx,Table S11,115,TAGLN | Oxeiptosis | -0.365449066462799 | -0.31034905631177 | -0.253081727891284 | 1.17385091777523e-23 | 4.15362632443544e-23
results\c1_sources\extracted\DU_5G\_inner\Supplemental table\Supplemental tables.xlsx,Table S11,116,TIMP1 | Oxeiptosis | -0.200246560840928 | -0.139838138743824 | -0.078370521123392 | 9.54525383697842e-06 | 1.53168026686398e-05
