cohort,design,set_id,members,stratum_distance,fine_dist_mean,fine_dist_max,logHR_M0,abs_logHR_M0,logHR_M1,abs_logHR_M1,p_M0,p_M1,fail_reason,audit_score
GSE17538,M1_msd,0,MAX;VPS13A;DCAF12;KLHL21,0.0,0.1931940771711215,0.4434091504012311,0.1477827449986131,0.1477827449986131,0.3495453111184887,0.3495453111184887,0.1704616983408535,0.0030370051949201,,b0
GSE17538,M1_msd,1,FTO;FAM133B;RAB9A;IGF2BP2,0.0,0.0751299376502721,0.0991857667832855,0.3339006676761663,0.3339006676761663,0.3151946073766463,0.3151946073766463,0.0031469992365807,0.0048406358985136,,b1
GSE17538,M1_msd,2,GPKOW;KDSR;SMIM20;RIN2,0.0,0.195095514125444,0.4218544655997759,0.1383265155705121,0.1383265155705121,0.168823204780378,0.168823204780378,0.2009555081582495,0.1706368464579124,,b2
GSE17538,M1_msd,3,RPL36;ACTL10;HIF1A;PTCD2,0.0,0.4159001300803643,1.1895166930460028,0.1499694474187095,0.1499694474187095,0.0915801589054383,0.0915801589054383,0.1625848976520639,0.3684432502072817,,b3
GSE17538,M1_msd,4,MCOLN1;KIZ;ASH2L;BLOC1S3,0.0,0.2399344509965806,0.4127360713294191,0.0014744688042397,0.0014744688042397,0.1130384172416883,0.1130384172416883,0.9886562725783238,0.2869226321911674,,b4
GSE17538,M1_msd,5,C1orf123;FBXL4;AKR7A3;RAPH1,0.0,0.1326168825606837,0.1972449530220349,0.114673472770932,0.114673472770932,0.1914438563063993,0.1914438563063993,0.2751583979014546,0.1092659052438732,,b5
GSE17538,M1_msd,6,FAM91A1;ZNF326;GTF2B;ZC3H8,0.0,0.1986717144424356,0.5433440466406818,0.1498322910795051,0.1498322910795051,0.2539302285089915,0.2539302285089915,0.1749440992893238,0.0338866900553869,,b6
GSE17538,M1_msd,7,C16orf91;C11orf52;NDUFA4;NAT14,0.0,0.490759579341456,1.4095260967668224,0.0460151764025341,0.0460151764025341,0.0721058299954102,0.0721058299954102,0.6644692462629325,0.5404571203996682,,b7
GSE17538,M1_msd,8,NUDT9;TSGA10IP;PTRHD1;CSNK1A1,0.0,0.170279148332492,0.2874204181840811,0.1254974791271052,0.1254974791271052,0.2536672869719916,0.2536672869719916,0.2349860061422954,0.036452020930759,,b8
GSE17538,M1_msd,9,MUTYH;GXYLT1;ASNSD1;ZNF14,0.0,0.1291636207732584,0.223670666288754,0.1180824394923904,0.1180824394923904,0.1563280797755291,0.1563280797755291,0.2794459963330146,0.1754353836859735,,b9
GSE17538,M1_msd,10,MYH14;B3GNTL1;LOC102724884;RANBP9,0.0,0.2434529208773905,0.4895574346690233,0.0515461553247168,0.0515461553247168,0.1869362057744282,0.1869362057744282,0.620986477951575,0.091379227899859,,b10
GSE17538,M1_msd,11,ADCY6;BOD1L2;HDAC1;RTN4IP1,0.0,0.4553873760294409,1.0386159160254105,0.0440276049114171,0.0440276049114171,0.1095598118095513,0.1095598118095513,0.6663840500921747,0.3571027891715874,,b11
GSE17538,M1_msd,12,ARL2;CCDC140;SPTSSA;BARX2,0.0,0.1483136752260169,0.2325266938144382,0.042252693144103,0.042252693144103,0.1497050437995442,0.1497050437995442,0.692152767065073,0.1701473325366299,,b12
GSE17538,M1_msd,13,AGAP7P;KRBOX1;UBAC2;ZCCHC6,0.0,0.1703120659214104,0.3217555680536475,0.1371003213707241,0.1371003213707241,0.2737168998067276,0.2737168998067276,0.2083413062237152,0.0210572192283529,,b13
GSE17538,M1_msd,14,HSPA9;CAPS;TRMT10C;FOXJ3,0.0,0.2267399974207302,0.3348564293036961,0.035750380848364,0.035750380848364,0.0701765391110679,0.0701765391110679,0.7377311694223201,0.5136211661530689,,b14
GSE17538,M1_msd,15,FMO4;DLL1;TM9SF2;PRR5,0.0,0.5369860203785797,1.4262403062425864,0.0043487084178794,0.0043487084178794,0.0478105776461732,0.0478105776461732,0.9687997443255691,0.6693090591766708,,b15
GSE17538,M1_msd,16,LOC440434;ATP12A;YTHDF1;MORF4L2,0.0,0.2314484006527779,0.5012682893617977,-0.1308648442738336,0.1308648442738336,-0.0779892790640065,0.0779892790640065,0.2090424992205292,0.4782725031910039,,b16
GSE17538,M1_msd,17,ZNF581;TISP43;PLIN3;BRCA1,0.0,0.1312986698621553,0.2065800939829267,0.0527166694384065,0.0527166694384065,0.1461194015038086,0.1461194015038086,0.6113063810915347,0.1726714690344933,,b17
GSE17538,M1_msd,18,DPH2;TSGA10IP;ACADVL;EMC3-AS1,0.0,0.2128460084239389,0.4392643855155066,-0.0170186852418362,0.0170186852418362,0.0768144273017043,0.0768144273017043,0.8659752565599694,0.4625899051599915,,b18
GSE17538,M1_msd,19,AGAP5;CD7;EIF3E;HOXA11,0.0,0.1797031361224331,0.3795028698834658,0.0277256361081126,0.0277256361081126,0.1760373911801387,0.1760373911801387,0.78432196114378,0.1185093553356489,,b19
GSE17538,M1_msd,20,FMO4;PRR7;UTP14C;PIK3CB,0.0,0.238701270649339,0.4482911713703074,0.0258232397028002,0.0258232397028002,-0.0830017256535172,0.0830017256535172,0.8155915097613471,0.424304206032871,,b20
GSE17538,M1_msd,21,NUDT9;CD300A;IPO7;CHDH,0.0,0.2383999119988496,0.5100710372846416,0.0822108437374711,0.0822108437374711,0.071135686811823,0.071135686811823,0.4293731949328149,0.5529914561736947,,b21
GSE17538,M1_msd,22,TMEM184B;FST;ANXA2P2;FKBPL,0.0,0.3780265050046274,1.1055673816149827,0.215480685297446,0.215480685297446,0.3733369971128542,0.3733369971128542,0.0418428787648515,0.001108107088842,,b22
GSE17538,M1_msd,23,COMMD9;CD300A;HIGD1A;LINC01111,0.0,0.1567862191649834,0.4244991092606985,0.0676443410717496,0.0676443410717496,0.1344850839434033,0.1344850839434033,0.5216601502542915,0.2133030063938041,,b23
GSE17538,M1_msd,24,DECR2;LOC400043;PLOD3;DCAF16,0.0,0.1033872207882922,0.2027342176215734,0.0938175282737439,0.0938175282737439,-0.0717248501087113,0.0717248501087113,0.3691776681926541,0.4557877859959278,,b24
GSE17538,M1_msd,25,TIMM23;ZBTB49;NET1;PIGB,0.0,0.2938160490084682,0.8248606756800246,0.2116664898903104,0.2116664898903104,0.2735240622781473,0.2735240622781473,0.056711352721656,0.0198782178588333,,b25
GSE17538,M1_msd,26,MIR7113;C22orf31;GOLGA7;FOXJ3,0.0,0.2299495153068492,0.3366935924440811,0.1008647766110783,0.1008647766110783,0.1936036369363667,0.1936036369363667,0.3540296700283808,0.0807305361356601,,b26
GSE17538,M1_msd,27,AP3B1;ZMYM1;MFSD1;EMC3-AS1,0.0,0.2672482919355384,0.4899485756106761,0.1254766373344861,0.1254766373344861,0.260715262776694,0.260715262776694,0.246456567743571,0.0261019627203697,,b27
GSE17538,M1_msd,28,HECTD3;CD7;ANKRD49;ZNF703,0.0,0.1460088420096125,0.1655666950867333,-0.2064311330497186,0.2064311330497186,-0.0852393515373383,0.0852393515373383,0.0366664565801463,0.3514303349792096,,b28
GSE17538,M1_msd,29,PMVK;TISP43;VPS51;EBF4,0.0,0.2610607792589623,0.533053180061023,-0.0686147215309182,0.0686147215309182,0.0107723254355621,0.0107723254355621,0.4934498399572709,0.9112590434643626,,b29
GSE17538,M1_msd,30,DESI1;ZC2HC1C;C20orf24;WHAMM,0.0,0.5360841642272932,1.5117189085009268,0.0017130848421259,0.0017130848421259,0.0589564905482221,0.0589564905482221,0.9868066253221957,0.5970788050569376,,b30
GSE17538,M1_msd,31,AXIN1;LOC729218;RPIA;LOC101930583,0.0,0.2811663594225161,0.4520180508787832,-0.0448401757732647,0.0448401757732647,-0.1316030560682062,0.1316030560682062,0.6751790852184136,0.2459879808505074,,b31
GSE17538,M1_msd,32,PDXK;LOC554174;FKBP1A;APTX,0.0,0.1933023006530995,0.4578800556140587,0.0073409088012606,0.0073409088012606,0.1945527332191273,0.1945527332191273,0.944295672292938,0.0926167537856936,,b32
GSE17538,M1_msd,33,SNX12;GXYLT1;GNL2;RHOV,0.0,0.1967306245281165,0.286417164555948,0.042679761771292,0.042679761771292,0.1343187642991505,0.1343187642991505,0.6906162070409587,0.2291236760572883,,b33
GSE17538,M1_msd,34,PDXK;LINC01061;EIF6;ZC3H8,0.0,0.3952130297163566,0.8386268108755821,-0.0051289941837083,0.0051289941837083,0.003475323397119,0.003475323397119,0.9606333750211884,0.974306663995435,,b34
GSE17538,M1_msd,35,DAG1;LINC00265;MRPL40;KRIT1,0.0,0.1677469416391098,0.2161184417195029,0.0876531991946418,0.0876531991946418,0.1074723245442838,0.1074723245442838,0.3991154231398036,0.3148702107566598,,b35
GSE17538,M1_msd,36,ABT1;LOC400043;LOC101929368;LRRC36,0.0,0.0911495952263001,0.1854617134775988,0.1938122230727981,0.1938122230727981,0.1296335298655036,0.1296335298655036,0.0410430986122976,0.1072053778895364,,b36
GSE17538,M1_msd,37,LOC101928747;LOC101928419;ZNF146;CAAP1,0.0,0.1872831200003805,0.368495875636288,0.0165384371170472,0.0165384371170472,0.0001185103736819,0.0001185103736819,0.8768765739533986,0.9991449692526578,,b37
GSE17538,M1_msd,38,SMG8;EED;SRPK1;EEF1E1,0.0,0.187921805543758,0.3991559527005373,0.1927240698753333,0.1927240698753333,0.2414733217160538,0.2414733217160538,0.0739437897591937,0.0249102114363795,,b38
GSE17538,M1_msd,39,ANKHD1-EIF4EBP3;KRBOX1;BLCAP;EPB41L4A-AS1,0.0,0.3061730343347291,0.6315341803790382,0.1690210520379046,0.1690210520379046,0.1256504661956533,0.1256504661956533,0.132520135437233,0.26490358275809,,b39
GSE17538,M1_msd,40,KLHDC3;GAL3ST1;BORCS7;PUSL1,0.0,0.1613559168952947,0.2573151453209459,0.0127986745680553,0.0127986745680553,0.0995973426974256,0.0995973426974256,0.9027565081571504,0.3725932023913363,,b40
GSE17538,M1_msd,41,KIFC1;GAL3ST1;PIGP;ASGR2,0.0,0.2277985933665601,0.4079688887011187,0.0028914166474502,0.0028914166474502,0.0274527582726635,0.0274527582726635,0.977816242824799,0.7829756369321442,,b41
GSE17538,M1_msd,42,PPAN;FBXL2;LOC101928830;FRAT1,0.0,0.3578328725793591,0.7209244015121242,0.0166312440023168,0.0166312440023168,0.1139348587660689,0.1139348587660689,0.8730235914626613,0.2528607063935681,,b42
GSE17538,M1_msd,43,HARS2;PGBD3;ADAP1;PTP4A3,0.0,0.272195183704208,0.4782426686725593,-0.002843066259255,0.002843066259255,-0.073164793060681,0.073164793060681,0.9788482592702578,0.453515974776674,,b43
GSE17538,M1_msd,44,ANAPC5;LINC00906;NAGK;ZCCHC6,0.0,0.2023654771015136,0.4989717029505847,0.0955114785235457,0.0955114785235457,0.2868532596095557,0.2868532596095557,0.371099883735184,0.0171443250551029,,b44
GSE17538,M1_msd,45,MCOLN1;ITPKA;VEGFA;BARX2,0.0,0.2089431384015114,0.4127360713294191,0.1477629023547702,0.1477629023547702,0.2166634768791106,0.2166634768791106,0.1763196981203812,0.0542031156924939,,b45
GSE17538,M1_msd,46,PRPF40A;MAP3K2;LSM6;APTX,0.0,0.0803847567598802,0.1450136909500471,0.0353387935229996,0.0353387935229996,0.1420720594822346,0.1420720594822346,0.7356068309692139,0.2074209462505132,,b46
GSE17538,M1_msd,47,SIDT2;CHST11;SUSD6;MMEL1,0.0,0.1625595320458074,0.2189573212181166,0.1152553056053517,0.1152553056053517,0.2160720246930822,0.2160720246930822,0.2707680953492871,0.0486622947706036,,b47
GSE17538,M1_msd,48,ABT1;PDPN;SMIM15;RTP5,0.0,0.2712920796338213,0.7163996545218122,0.1520713857249453,0.1520713857249453,0.2920092255890391,0.2920092255890391,0.164856802847273,0.0120413989123191,,b48
GSE17538,M1_msd,49,HTRA2;LOC101929177;NDUFB11;CEP170,0.0,0.3707395614473683,0.8012768033576122,0.2688358077618643,0.2688358077618643,0.3542818215477733,0.3542818215477733,0.0162769700166325,0.0016164741735995,,b49
GSE17538,M1_msd,50,RELA;LINC00265;SPTSSA;TRIQK,0.0,0.1685092394962039,0.2325266938144382,0.0762741730300053,0.0762741730300053,0.0312596861656953,0.0312596861656953,0.4882458871718198,0.7660807504651223,,b50
GSE17538,M1_msd,51,CCDC117;MMP28;ANAPC16;STAU2-AS1,0.0,0.1902100204975796,0.3662365051916995,0.1766900302423193,0.1766900302423193,0.2750971993103371,0.2750971993103371,0.121562328981794,0.0122703330623005,,b51
GSE17538,M1_msd,52,PYCR2;LOC100507006;MRPL15;GOLGA8B,0.0,0.275916473997942,0.5348111280416427,0.1401843410246495,0.1401843410246495,0.2139501066486848,0.2139501066486848,0.2108829876344135,0.0692906521577461,,b52
GSE17538,M1_msd,53,HDAC3;XCL2;HDAC1;C1orf52,0.0,0.3615586718305328,1.0386159160254105,0.1377199109914913,0.1377199109914913,0.2501627585468599,0.2501627585468599,0.2077296001373663,0.0292343827646438,,b53
GSE17538,M1_msd,54,SEC61B;LINC00540;BCAP31;NAT14,0.0,0.3881396408590121,1.0807167038415102,0.1110749138927541,0.1110749138927541,0.1428981104962631,0.1428981104962631,0.3100448590228623,0.2173865895411829,,b54
GSE17538,M1_msd,55,FGD5-AS1;PRR7;MIR664B;XRCC2,0.0,0.2269802690800434,0.4567598516521262,-0.0780516821442165,0.0780516821442165,0.0177054877942922,0.0177054877942922,0.4368234452363376,0.869238754005912,,b55
GSE17538,M1_msd,56,HSPBP1;AEBP2;ARMC10;BTBD7,0.0,0.2156344122717316,0.4676785832659341,0.0630475050311273,0.0630475050311273,0.1102101664163151,0.1102101664163151,0.560499050923492,0.3503196742091018,,b56
GSE17538,M1_msd,57,ZC3HC1;TTTY8;IDH3B;NUP133,0.0,0.2282832940248465,0.5263936526275091,0.1099900247688198,0.1099900247688198,0.1477419281314661,0.1477419281314661,0.313110453141433,0.1735858874931293,,b57
GSE17538,M1_msd,58,GPKOW;CD300A;ANXA4;DNAJC25,0.0,0.4974449986855124,1.354936791251295,0.1800602311715075,0.1800602311715075,0.2574617190649609,0.2574617190649609,0.1117402431409174,0.0369637619121195,,b58
GSE17538,M1_msd,59,PYCR2;OR2H2;ACTR10;ARHGAP21,0.0,0.2514247028494079,0.4963433954867873,0.1557040602874883,0.1557040602874883,0.194837944990305,0.194837944990305,0.1681495004057502,0.0804887065391651,,b59
GSE17538,M1_msd,60,PTPA;HLA-DQB2;DHRS4;FOXA2,0.0,0.162785075590551,0.307128587965049,0.0440201009783943,0.0440201009783943,0.1759679051547659,0.1759679051547659,0.6745848689992411,0.1072503814072383,,b60
GSE17538,M1_msd,61,MARC1;PRR7;SUSD6;NEPRO,0.0,0.1308630462757158,0.1958354174159026,0.1363837142204012,0.1363837142204012,0.2221910997598953,0.2221910997598953,0.2128124531379687,0.0510842635796442,,b61
GSE17538,M1_msd,62,PEX19;MCM8;SNORD44;MIR7111,0.0,0.3098688604877601,0.5239539750090385,0.086799335922105,0.086799335922105,0.1605010635209468,0.1605010635209468,0.4133489157583897,0.1427996556856104,,b62
GSE17538,M1_msd,63,ATG4A;LPAR6;IER2;SLC5A3,0.0,0.4753346374434585,1.184421467706463,0.2970046636408242,0.2970046636408242,0.3275851812270133,0.3275851812270133,0.0062419869337817,0.0034356358534124,,b63
GSE17538,M1_msd,64,CNNM3;TAF9B;RRS1;ITFG1,0.0,0.2219172136182254,0.4254398405400245,0.1433120745395412,0.1433120745395412,0.1679856630506236,0.1679856630506236,0.1829495944842754,0.1628797099869099,,b64
GSE17538,M1_msd,65,MYCBP2;RBM48;SUMF1;SPTY2D1,0.0,0.1271673369360312,0.2356130093660112,0.1710793621103853,0.1710793621103853,0.3201535337431425,0.3201535337431425,0.1311708243624732,0.0140444448198915,,b65
GSE17538,M1_msd,66,PCDHGB5;LYPD6B;MRPL13;HBG1,0.0,0.217476444265443,0.3690150798810596,0.0751797361881597,0.0751797361881597,0.1779912258672205,0.1779912258672205,0.4591845607588163,0.0937121930648971,,b66
GSE17538,M1_msd,67,MAPK1;SSUH2;NBPF20;ADPRM,0.0,0.2367160154789098,0.4556408404256207,0.1669442573486641,0.1669442573486641,0.2515648768053533,0.2515648768053533,0.1384827341121248,0.0338197445587912,,b67
GSE17538,M1_msd,68,TOMM40;CA5BP1;DNAJA1;EMC3-AS1,0.0,0.2962654395610303,0.7227248547703216,0.0073861550404147,0.0073861550404147,0.151514392165541,0.151514392165541,0.9417000468887424,0.1551954958910237,,b68
GSE17538,M1_msd,69,UGP2;TRMT13;USP11;DNAJC25-GNG10,0.0,0.1647059867590463,0.1963726854079035,0.2289405839991108,0.2289405839991108,0.2326932351133016,0.2326932351133016,0.0353995801152036,0.0398679246811741,,b69
GSE17538,M1_msd,70,RBM10;FBXL2;SNORD77;RAB36,0.0,0.2997543910709814,0.5239539750090385,0.0866432072144716,0.0866432072144716,0.1229573580438315,0.1229573580438315,0.4403261323213039,0.2307125064830366,,b70
GSE17538,M1_msd,71,LOC101060581;LOC101926916;ADAP1;CEP68,0.0,0.1694419604898838,0.3467816084974432,0.0170466400698995,0.0170466400698995,-0.0021781511628989,0.0021781511628989,0.8746715046969318,0.9837909492576948,,b71
GSE17538,M1_msd,72,TEX2;LOC101926963;BIRC2;ASPSCR1,0.0,0.2090773428991332,0.4323976847153734,0.0393574043344687,0.0393574043344687,0.0384218898183924,0.0384218898183924,0.7024847463596515,0.6847587550762655,,b72
GSE17538,M1_msd,73,TMEM126B;LOC105376796;CEBPB;FCHO1,0.0,0.4560081384686769,1.2768214441640693,0.1153923812359772,0.1153923812359772,0.2492853412575707,0.2492853412575707,0.2879382076075898,0.0405128801872789,,b73
GSE17538,M1_msd,74,COMMD9;OSM;RAP1B;RNF157,0.0,0.3765050487967275,1.0513722680906978,0.0791923752926266,0.0791923752926266,0.1253105026628143,0.1253105026628143,0.4454461086942363,0.2331493599536562,,b74
GSE17538,M1_msd,75,BCL7B;KCNK1;OPHN1;CBX5,0.0,0.1747556311454643,0.4488051393462189,-0.165396221349014,0.165396221349014,-0.05386875853747,0.05386875853747,0.127774050458521,0.6463116186310276,,b75
GSE17538,M1_msd,76,RNF220;LINC00906;MRPL37;STAM2,0.0,0.133808379266355,0.2149840840760797,0.0335838550877743,0.0335838550877743,0.1394559192774152,0.1394559192774152,0.7480032506984106,0.2062620303677755,,b76
GSE17538,M1_msd,77,MIR6778;TTC39B;GHITM;SLC27A3,0.0,0.3311636096976243,0.8315799418207173,0.0492018865228571,0.0492018865228571,0.1745870011597584,0.1745870011597584,0.6215506444603562,0.1130815270795678,,b77
GSE17538,M1_msd,78,TINF2;LOC101926963;NDUFB5;RHOT1,0.0,0.2757871712208392,0.9541618242947446,0.1516419385640846,0.1516419385640846,0.2269882808225094,0.2269882808225094,0.1698550169676138,0.0464283862644165,,b78
GSE17538,M1_msd,79,DDX23;FAM76A;AZIN1;SIRPA,0.0,0.1577295325635753,0.2371330024359661,0.0718690122146192,0.0718690122146192,0.134889233284719,0.134889233284719,0.5040059676395844,0.2374752583482038,,b79
GSE17538,M1_msd,80,ZC3HC1;PGBD5;ATP5G1;ALMS1,0.0,0.3460782304787728,0.5735035240065565,0.1475833286714384,0.1475833286714384,0.081963900827807,0.081963900827807,0.1734428077067672,0.4038815388295658,,b80
GSE17538,M1_msd,81,FAM168B;LINC00540;RNF149;CENPV,0.0,0.2836798360909814,0.4132838383744321,0.0457654314519604,0.0457654314519604,0.1339073613009668,0.1339073613009668,0.6646404706547029,0.252879927016018,,b81
GSE17538,M1_msd,82,NUCB1;ABCA11P;MTX2;POLR3D,0.0,0.165329522541889,0.2270059962045307,0.1048453498818216,0.1048453498818216,0.2557266078248407,0.2557266078248407,0.3297121098230139,0.0230776769645577,,b82
GSE17538,M1_msd,83,CRB3;FAM133DP;CNIH1;PPP1R13B,0.0,0.1814401027668805,0.3532461870449176,0.2330703668413648,0.2330703668413648,0.3296000124546024,0.3296000124546024,0.0368772287747863,0.0039607902813025,,b83
GSE17538,M1_msd,84,DDX23;LOC101926963;SH3D19;TMEM170A,0.0,0.1872215456144046,0.2371330024359661,-0.0225872937731042,0.0225872937731042,0.0256834408421891,0.0256834408421891,0.826096952174093,0.8126527767392175,,b84
GSE17538,M1_msd,85,SIDT2;LOC101929177;MGST2;LYSMD1,0.0,0.2634367702192262,0.6968077880497011,0.0482807709815557,0.0482807709815557,0.0935721140025195,0.0935721140025195,0.646579928399044,0.3273603826675628,,b85
GSE17538,M1_msd,86,PCGF1;FGF17;PSMA4;ALDH6A1,0.0,0.3376769270691589,0.96390772038859,0.1484754691713118,0.1484754691713118,0.2450864693018928,0.2450864693018928,0.1718092346974585,0.0359734779498911,,b86
GSE17538,M1_msd,87,MCRIP1;CD7;WDFY1;TAF1L,0.0,0.1978607654350193,0.4403372217846573,0.0105769885125075,0.0105769885125075,0.1481106246808322,0.1481106246808322,0.9180761855339152,0.1576673880907734,,b87
GSE17538,M1_msd,88,OTUB1;GAL3ST1;AKR7A2;SSX2IP,0.0,0.1685978146822177,0.2214973260302862,0.1227609948921501,0.1227609948921501,0.1405662363132831,0.1405662363132831,0.2533747749686699,0.2039866721632237,,b88
GSE17538,M1_msd,89,DAG1;AEBP2;MGST2;HBG2,0.0,0.2423173231744353,0.6968077880497011,0.0598805839988198,0.0598805839988198,0.148502765502305,0.148502765502305,0.5640484952806442,0.2065347566993861,,b89
GSE17538,M1_msd,90,LSM4;FAM133DP;DHRS4L2;ZNF14,0.0,0.1168006400738488,0.158907440141723,0.1147220440735877,0.1147220440735877,0.2315391622631332,0.2315391622631332,0.2997593060398336,0.0386400764127095,,b90
GSE17538,M1_msd,91,ATXN7L3B;DCP2;DCTD;MECR,0.0,0.1594481265995008,0.2890410563272342,0.1029335736446434,0.1029335736446434,0.164786626377384,0.164786626377384,0.3441516174918536,0.1478649058360141,,b91
GSE17538,M1_msd,92,GNPTG;LPAR6;STOML2;PEX3,0.0,0.218012722603196,0.3593569667097535,0.208977769380342,0.208977769380342,0.310062610934562,0.310062610934562,0.0623339489119047,0.0149432150563135,,b92
GSE17538,M1_msd,93,BUD31;ANAPC10;THOC7;XXYLT1,0.0,0.2718553073492755,0.4601183964521019,0.0801272870651224,0.0801272870651224,0.1412355967903705,0.1412355967903705,0.4595797972564539,0.2312332749264072,,b93
GSE17538,M1_msd,94,MPHOSPH10;ZNF268;STT3B;FBXO45,0.0,0.4058125794710077,1.1053753120923795,0.1411231449533762,0.1411231449533762,0.181261343190102,0.181261343190102,0.2049461041297544,0.1314143925234183,,b94
GSE17538,M1_msd,95,SNORD61;VSTM2L;ACTR10;WSB1,0.0,0.2522706980433246,0.4963433954867873,0.1308152455984204,0.1308152455984204,0.1197039413860579,0.1197039413860579,0.2278715416139196,0.2810922289155301,,b95
GSE17538,M1_msd,96,MTPN;DDX60L;PYURF;PPAT,0.0,0.2038372016554061,0.3080223501149264,0.0418113688919942,0.0418113688919942,0.1673766748011385,0.1673766748011385,0.6915222418220848,0.1457905539663281,,b96
GSE17538,M1_msd,97,RNF220;MAPK8IP1;BCAP31;RAPH1,0.0,0.369720942230469,1.0807167038415102,0.0768470240954296,0.0768470240954296,0.101693774803247,0.101693774803247,0.4795700929438049,0.3549938487856838,,b97
GSE17538,M1_msd,98,RELA;EED;TSN;BTBD7,0.0,0.1010562248158801,0.1627295308903331,0.1824700678591405,0.1824700678591405,0.3067470860438859,0.3067470860438859,0.1060544310656736,0.0098962379544777,,b98
GSE17538,M1_msd,99,KAT7;DLL1;CIB1;NR2F2,0.0,0.1859605200690997,0.2715312597901435,0.2681404465492634,0.2681404465492634,0.508121625808796,0.508121625808796,0.019366565563328,0.0001033406357846,,b99
GSE17538,M1_msd,100,RBM27;CD7;SNORD80;TMEM170A,0.0,0.2580155696678187,0.5239539750090385,0.162803948051613,0.162803948051613,0.3415387372687313,0.3415387372687313,0.1423508667393861,0.0063233179401218,,b100
GSE17538,M1_msd,101,SF3B3;LOC101927379;MRPL36;RTP5,0.0,0.2821275634807345,0.5224356918754643,0.0335914901655271,0.0335914901655271,0.1139791350696557,0.1139791350696557,0.7444076102429162,0.2954587136943168,,b101
GSE17538,M1_msd,102,KAT5;MTURN;TRMT10C;MMEL1,0.0,0.1534376350141078,0.1988316383848475,-0.0554945348706859,0.0554945348706859,-0.0328427266059488,0.0328427266059488,0.5848201251140843,0.7415465224307733,,b102
GSE17538,M1_msd,103,DAG1;CCNT2;ARMC1;ARL5C,0.0,0.1037724462154482,0.209222028599555,0.153355213256374,0.153355213256374,0.3177183704931803,0.3177183704931803,0.1644440290245038,0.0102849205697361,,b103
GSE17538,M1_msd,104,TNPO1;LINC00265;NBPF25P;OTUD3,0.0,0.3078313752937618,0.4355609248996857,0.1122308009485217,0.1122308009485217,0.2674320359352486,0.2674320359352486,0.2770270875925723,0.0080658748809623,,b104
GSE17538,M1_msd,105,CHKB;PIGK;DNMT1;KIAA0232,0.0,0.1498821269388698,0.2401333779568779,0.2105840727640262,0.2105840727640262,0.2180888471449584,0.2180888471449584,0.0550939109201957,0.0526821955489062,,b105
GSE17538,M1_msd,106,ANAPC5;ANAPC10;LSM1;MTFR1,0.0,0.3496001065613354,0.5014418481826374,0.0822916126983185,0.0822916126983185,0.1627239318935013,0.1627239318935013,0.4321893012875838,0.1427861728000271,,b106
GSE17538,M1_msd,107,CLDN4;TTTY8B;NDUFA9;XRCC2,0.0,0.2752417643201186,0.6647420673174086,-0.0279400405168444,0.0279400405168444,0.0405909021111786,0.0405909021111786,0.7839130619019412,0.706952073793107,,b107
GSE17538,M1_msd,108,DNASE2;LOC105376796;UXT;ITFG1,0.0,0.4467605226477893,0.9719049150775784,0.0719233072572056,0.0719233072572056,0.1370547601472455,0.1370547601472455,0.4972725884998357,0.228615408276103,,b108
GSE17538,M1_msd,109,XPO1;PARPBP;ATP6V1A;FNDC3A,0.0,0.2198786264518892,0.4059396587478077,0.1245458998155132,0.1245458998155132,0.2346568445730356,0.2346568445730356,0.2668229237086265,0.0565148163913827,,b109
GSE17538,M1_msd,110,PMVK;XRN1;PPT1;TMCO3,0.0,0.4067736250099222,0.8486262031130439,0.0904752505972491,0.0904752505972491,0.2328539775778696,0.2328539775778696,0.3880020130614752,0.0435075621198597,,b110
GSE17538,M1_msd,111,ARL2;PLBD1-AS1;GPR89A;TMCO3,0.0,0.1224221227903525,0.206818693510928,0.048232141813228,0.048232141813228,0.0940042375615677,0.0940042375615677,0.6517791236521666,0.3886460756892448,,b111
GSE17538,M1_msd,112,CREB3;BICC1;NBPF14;PPAT,0.0,0.2115647772943474,0.3217777204522248,0.1697876493787551,0.1697876493787551,0.3302437131176118,0.3302437131176118,0.1157304739403152,0.00524805491619,,b112
GSE17538,M1_msd,113,MCAM;LOC646743;AP2M1;IGLON5,0.0,0.2675553375247173,0.544602163980027,0.1628023846777134,0.1628023846777134,0.304573519602702,0.304573519602702,0.1373659977944219,0.0088037085622057,,b113
GSE17538,M1_msd,114,BUB3;ACTL7B;SNORA56;MFSD14B,0.0,0.2881630647873346,0.4567598516521262,0.0900894918832193,0.0900894918832193,0.2572246824518691,0.2572246824518691,0.4012205228722327,0.0309302566683632,,b114
GSE17538,M1_msd,115,SIGIRR;HLA-DQB2;CNIH1;SMARCA2,0.0,0.2142525412871224,0.4286078539838117,0.1924552309324495,0.1924552309324495,0.3002162495498912,0.3002162495498912,0.0815881840572679,0.0095794741399001,,b115
GSE17538,M1_msd,116,ATG4A;ERCC6-PGBD3;PABPC4;RAB21,0.0,0.2744471090068118,0.3793993831527608,0.3087355002507647,0.3087355002507647,0.3680079116073098,0.3680079116073098,0.0082691846887028,0.0024930236261157,,b116
GSE17538,M1_msd,117,DECR2;ZNF611;BTBD1;LYSMD1,0.0,0.1908027494645062,0.5335957707439406,-0.0233293994518422,0.0233293994518422,0.0128969278272729,0.0128969278272729,0.8200961199285051,0.9039860087252978,,b117
GSE17538,M1_msd,118,SNORA68;ITPKA;IFT172;CAAP1,0.0,0.2111955071125636,0.4074338861207945,-0.0209746132609158,0.0209746132609158,-0.0637511704618288,0.0637511704618288,0.8347147323354109,0.5120377109288887,,b118
GSE17538,M1_msd,119,CHPF;WNK4;STOML2;SLC9A8,0.0,0.1909350147180961,0.3593569667097535,-0.0312932301890104,0.0312932301890104,0.0034173629189168,0.0034173629189168,0.7598756936470723,0.9727539225031916,,b119
GSE17538,M1_msd,120,NUCB1;ADA;TM9SF2;USP30,0.0,0.496155019230311,1.4262403062425864,-0.0019121147678591,0.0019121147678591,0.0805910123540935,0.0805910123540935,0.9850797766906348,0.4706120034137806,,b120
GSE17538,M1_msd,121,TNPO3;GAREM1;FAM136A;PPP1R21,0.0,0.2375384129720626,0.3163045843750253,0.2112540113161372,0.2112540113161372,0.3072547141499516,0.3072547141499516,0.0635559630814794,0.0092731213550686,,b121
GSE17538,M1_msd,122,C5orf15;NPIPB11;MTX2;LYSMD1,0.0,0.2046256841715888,0.3702902541455413,0.1107780930032178,0.1107780930032178,0.200209397107905,0.200209397107905,0.3134270050942649,0.0744988742023692,,b122
GSE17538,M1_msd,123,HDAC3;S1PR1;TOP2B;SNX19,0.0,0.0974069813443406,0.2304325452828376,0.1904336628953448,0.1904336628953448,0.2624403667565073,0.2624403667565073,0.0926183498144168,0.0297954093303858,,b123
GSE17538,M1_msd,124,SNORA68;GDF15;NDUFA4;LOC100133089,0.0,0.5108556102909344,1.4095260967668224,-0.0382667866865408,0.0382667866865408,-0.1074782345829082,0.1074782345829082,0.7109119238069574,0.2823379794327751,,b124
GSE17538,M1_msd,125,MYCBP2;PAQR7;SEMA4B;TRMT1,0.0,0.1240842708812681,0.2012306151414214,0.1542813033418792,0.1542813033418792,0.3389544942081438,0.3389544942081438,0.1712938419558829,0.0076392227784021,,b125
GSE17538,M1_msd,126,SNORA70;GNRH2;LBR;EEF1E1,0.0,0.305795749512966,0.9828934856761938,0.1239048109871254,0.1239048109871254,0.2175790303989681,0.2175790303989681,0.2655411489158893,0.0726654944746618,,b126
GSE17538,M1_msd,127,COMMD9;PPP2R3B;BOLA2B;ARTN,0.0,0.2112355248414838,0.4680326111330449,0.0450986356371119,0.0450986356371119,0.103732602183798,0.103732602183798,0.658366439189096,0.3212442703812643,,b127
GSE17538,M1_msd,128,HOOK2;ACTL10;LTA4H;TRANK1,0.0,0.3891859029469929,0.7209244015121242,0.0652134906073521,0.0652134906073521,0.0490825774791216,0.0490825774791216,0.5329391218473285,0.6394146936701167,,b128
GSE17538,M1_msd,129,XPNPEP1;DENND4A;SNORD80;PIGB,0.0,0.2235564004674394,0.5239539750090385,0.2724146663116898,0.2724146663116898,0.4585281950880526,0.4585281950880526,0.0117125874010801,0.0001065731076532,,b129
GSE17538,M1_msd,130,PDXK;INTS6L;C14orf2;LOC100133089,0.0,0.398107297420732,0.884674064007856,0.1024260710300228,0.1024260710300228,0.1624832381109282,0.1624832381109282,0.3452244405125912,0.13519823058432,,b130
GSE17538,M1_msd,131,ZNF106;GAREM1;IFT172;EBF4,0.0,0.1696519276232412,0.421376560831032,0.0496636088685458,0.0496636088685458,0.1405680012438301,0.1405680012438301,0.6260982498998268,0.1977634455449521,,b131
GSE17538,M1_msd,132,SEPT8;MKRN7P;SNORD44;C19orf68,0.0,0.2885853730185579,0.5239539750090385,0.103069044142669,0.103069044142669,0.2494714695776742,0.2494714695776742,0.3522897729077198,0.0295026866688547,,b132
GSE17538,M1_msd,133,C16orf91;FMO1;DHRS4;APTX,0.0,0.1398846640311486,0.2760114789144201,0.0226178421099403,0.0226178421099403,0.1778233526585683,0.1778233526585683,0.8250076178355541,0.1325639978787148,,b133
GSE17538,M1_msd,134,SIDT2;ACTL7B;NBPF25P;NPEPL1,0.0,0.2190831987221541,0.4131682404987287,0.0384414268456154,0.0384414268456154,0.2124773150024622,0.2124773150024622,0.7112157826956548,0.065799465905048,,b134
GSE17538,M1_msd,135,XPO1;ZNF326;PRMT5;SGK3,0.0,0.2164590438695729,0.4059396587478077,0.1247164657740605,0.1247164657740605,0.2216555836290392,0.2216555836290392,0.2568912101835461,0.0618833560447126,,b135
GSE17538,M1_msd,136,EGFR;ZNF420;PFKM;RHOT1,0.0,0.1604619242468624,0.5061255282492549,0.2137683782939474,0.2137683782939474,0.0862633424848927,0.0862633424848927,0.0519165321964445,0.4031464148510704,,b136
GSE17538,M1_msd,137,EBP;ANGPT4;DDRGK1;CEP68,0.0,0.1850083450810235,0.4098910730799386,-0.0061902179879042,0.0061902179879042,0.0103800207760523,0.0103800207760523,0.951763215823246,0.9199394612558998,,b137
GSE17538,M1_msd,138,YIPF1;GXYLT1;LOC101929368;LRRC37B,0.0,0.2164225371166472,0.5155809066759867,0.2555190000186673,0.2555190000186673,0.3429140934031099,0.3429140934031099,0.0233867210974166,0.0036404899445274,,b138
GSE17538,M1_msd,139,HSPBP1;AMZ2P1;BET1;DMXL2,0.0,0.2153834919774756,0.4676785832659341,0.0444936127314655,0.0444936127314655,0.0550158216019802,0.0550158216019802,0.6717045938457186,0.6283657663533039,,b139
GSE17538,M1_msd,140,XPO5;SLC2A6;CREG1;NR2F2,0.0,0.4445120246638479,1.033641333605903,0.102846256918378,0.102846256918378,0.248759900024194,0.248759900024194,0.341985284410363,0.0399428289008912,,b140
GSE17538,M1_msd,141,KIFC1;AMN1;ARMC1;USP34,0.0,0.1667310362142988,0.4079688887011187,0.1104281820128977,0.1104281820128977,0.2548023207737923,0.2548023207737923,0.3083317081316208,0.0260439416930413,,b141
GSE17538,M1_msd,142,NDUFS8;AFF4;SLIRP;ARL5C,0.0,0.3633552893967173,0.8062790038802423,0.1746402172989446,0.1746402172989446,0.2482418370413607,0.2482418370413607,0.1204193693341261,0.0266935967048474,,b142
GSE17538,M1_msd,143,NPEPPS;TFAP2A;GTF2I;MORF4L2,0.0,0.2106449745950737,0.3104896966288357,0.2308875969008117,0.2308875969008117,0.3397221786876796,0.3397221786876796,0.0310875224217807,0.0025368818870244,,b143
GSE17538,M1_msd,144,SIGIRR;ZNF277;FASTKD1;COQ7,0.0,0.1801555190637719,0.4286078539838117,0.0397721335628405,0.0397721335628405,0.0913292073711039,0.0913292073711039,0.7030953176542021,0.4089112603497079,,b144
GSE17538,M1_msd,145,HEIH;FCRLB;UBP1;SLC27A3,0.0,0.2193476152201628,0.3073040079309861,-0.0507081636355097,0.0507081636355097,0.053412534274394,0.053412534274394,0.6303909940211765,0.6216481338908953,,b145
GSE17538,M1_msd,146,TXN2;ZHX2;ANXA4;LOC100506790,0.0,0.4718778785540773,1.354936791251295,0.0789823213493527,0.0789823213493527,0.1932556436733006,0.1932556436733006,0.4642870023230804,0.1113429197611568,,b146
GSE17538,M1_msd,147,ILKAP;SORCS2;RRS1;ALDH6A1,0.0,0.2262582704607351,0.4847792126883219,0.1815641916854479,0.1815641916854479,0.2563409839395202,0.2563409839395202,0.0988220219762156,0.0310690851852794,,b147
GSE17538,M1_msd,148,EID2;HSPB2-C11orf52;NAGK;MECR,0.0,0.2197381088305764,0.4833914342290252,0.1875090814812255,0.1875090814812255,0.2245821662213651,0.2245821662213651,0.0903109448638394,0.0434203979383368,,b148
GSE17538,M1_msd,149,SNX12;PRR7;DSP;PIP5K1B,0.0,0.4136649003762411,1.1537943595859672,-0.0670691076857343,0.0670691076857343,-0.0612047765030037,0.0612047765030037,0.5080029266127204,0.5623616487990153,,b149
GSE17538,M1_msd,150,AKIP1;FAM76A;MGAT4B;PREX1,0.0,0.2051093037024688,0.362224351435267,-0.1184149054093556,0.1184149054093556,-0.0837995601768033,0.0837995601768033,0.2443972557802368,0.4209990529373102,,b150
GSE17538,M1_msd,151,MIR4691;ABCC6P1;SMIM22;SNX19,0.0,0.1780090889822193,0.3366935924440811,-0.0524812325873131,0.0524812325873131,-0.0996042121850885,0.0996042121850885,0.616266100031522,0.3388355292789713,,b151
GSE17538,M1_msd,152,ANKHD1-EIF4EBP3;LOC101929177;PPIL1;LOC100506548,0.0,0.1928487091312075,0.3680301328298189,0.1367549424380602,0.1367549424380602,0.2268457378535838,0.2268457378535838,0.2133397049832601,0.0532182922162424,,b152
GSE17538,M1_msd,153,LARP1;SAMD15;TUBA4A;EMC3-AS1,0.0,0.2942939886645062,0.6748428869805324,0.0825118763627683,0.0825118763627683,0.1267402148497051,0.1267402148497051,0.4355792064063097,0.2612978029797859,,b153
GSE17538,M1_msd,154,ANKZF1;LPAR6;SMCO4;BRCA1,0.0,0.2295963637451506,0.516978397434155,0.0383517611825044,0.0383517611825044,0.1376729750522156,0.1376729750522156,0.7129840390381408,0.1887215249334153,,b154
GSE17538,M1_msd,155,CCDC117;ZNF326;RALY;BRCA1,0.0,0.1741210756850337,0.3662365051916995,-0.008381895688798,0.008381895688798,0.0774287398289613,0.0774287398289613,0.9349523371253168,0.4366501032547636,,b155
GSE17538,M1_msd,156,MTPN;METTL4;ARMC1;TOMM40L,0.0,0.1563431949392325,0.3080223501149264,0.2257468441822954,0.2257468441822954,0.2989485944004077,0.2989485944004077,0.0461163882823788,0.0124799536486445,,b156
GSE17538,M1_msd,157,LSG1;CRNN;GSTO1;NBEAL2,0.0,0.3514004159159886,0.8355133901338053,0.0374841308997297,0.0374841308997297,0.2336881570599594,0.2336881570599594,0.7240714594615343,0.0523215906109276,,b157
GSE17538,M1_msd,158,PRMT1;PDPN;SNX6;TMEM209,0.0,0.3004098537307446,0.500913157072952,0.0683439271482014,0.0683439271482014,0.200143365171118,0.200143365171118,0.5209942280129086,0.0711240780739251,,b158
GSE17538,M1_msd,159,PMVK;CCDC140;SMIM22;ZCCHC10,0.0,0.2553968881563351,0.533053180061023,-0.0592354055692098,0.0592354055692098,-0.0422456197653512,0.0422456197653512,0.556621427401542,0.6874034460416989,,b159
GSE17538,M1_msd,160,MIR6741;LOC101928419;MRPL37;MECP2,0.0,0.1401950849493189,0.2293050251167368,-0.0640293386808661,0.0640293386808661,-0.0723555686076884,0.0723555686076884,0.5232247130253634,0.4523522795201971,,b160
GSE17538,M1_msd,161,PSMD11;PGBD3;MFSD1;BRCA1,0.0,0.2196414096429839,0.4899485756106761,0.1453168573837535,0.1453168573837535,0.2629196872123809,0.2629196872123809,0.1915961727340777,0.0241721053588296,,b161
GSE17538,M1_msd,162,MIF4GD;S1PR1;TMEM14B;XXYLT1,0.0,0.3885009515386444,0.9087754710903222,0.0923129357809661,0.0923129357809661,0.1712154328830727,0.1712154328830727,0.3817918636126381,0.1033618073080056,,b162
GSE17538,M1_msd,163,ABT1;UACA;MRPS33;TGM2,0.0,0.2665648556782662,0.6693920670685606,0.0933854993348229,0.0933854993348229,0.0648482787412534,0.0648482787412534,0.3895267831731245,0.5855601391544898,,b163
GSE17538,M1_msd,164,CST3;TSGA10IP;NBPF25P;PPM1D,0.0,0.2205806832068444,0.4131682404987287,0.1018003805416869,0.1018003805416869,0.1915776767838339,0.1915776767838339,0.3472489071717276,0.0917098075715408,,b164
GSE17538,M1_msd,165,AGAP12P;ALPP;FKBP1A;RNF157,0.0,0.1668918103096395,0.3467816084974432,0.0636561213106439,0.0636561213106439,0.2227908362903229,0.2227908362903229,0.5527130293714174,0.0383575179774332,,b165
GSE17538,M1_msd,166,KIAA0391;GDF15;COPZ1;S100PBP,0.0,0.2837343654755723,0.7707147667318982,0.1502696993717797,0.1502696993717797,0.2068619832145497,0.2068619832145497,0.1812055604134389,0.0905332261313531,,b166
GSE17538,M1_msd,167,YARS2;RGS4;WSB2;ASPSCR1,0.0,0.2981319357133673,0.699730743912675,0.199568725419052,0.199568725419052,0.1827569800112476,0.1827569800112476,0.0602313819773298,0.0873856664032474,,b167
GSE17538,M1_msd,168,RBM27;GXYLT1;HIGD1A;NPEPL1,0.0,0.2234736422558926,0.4244991092606985,0.1066973152228902,0.1066973152228902,0.1895881102235431,0.1895881102235431,0.3224207211543145,0.1287546149673933,,b168
GSE17538,M1_msd,169,TMEM8A;ABCC6P1;GLOD4;PEX3,0.0,0.1545519770981185,0.1982310779095001,0.1081257300076187,0.1081257300076187,0.0073985780175488,0.0073985780175488,0.3167705116893805,0.9482671435479384,,b169
GSE17538,M1_msd,170,FGD5-AS1;ANAPC10;VAT1;ARHGAP5-AS1,0.0,0.2572997765116525,0.4004530009075626,0.1413626403034857,0.1413626403034857,0.227484657920904,0.227484657920904,0.1952486964461094,0.0507612560088633,,b170
GSE17538,M1_msd,171,RALBP1;LOC100130285;SSR1;ACCS,0.0,0.1953900828386582,0.3336983858758705,0.1285113083190123,0.1285113083190123,0.3373491266656342,0.3373491266656342,0.2311862137618409,0.0047362471860976,,b171
GSE17538,M1_msd,172,MIR4691;BICC1;DECR1;CBX5,0.0,0.2935797040073142,0.6867475043108301,0.1446932751697814,0.1446932751697814,0.0988238992155569,0.0988238992155569,0.1891433915277974,0.3651545793538289,,b172
GSE17538,M1_msd,173,NUDT9;CHST11;DHRS4L2;IGF1R,0.0,0.1405586391503709,0.2189573212181166,0.1294332703520296,0.1294332703520296,0.2434221470692558,0.2434221470692558,0.2105449576047204,0.0341345736505147,,b173
GSE17538,M1_msd,174,DUSP3;FAM133B;ARHGDIB;CC2D2B,0.0,0.2217202770601486,0.4728697040986913,0.1024630263266776,0.1024630263266776,0.1001840167106535,0.1001840167106535,0.3207384421522957,0.300204626869246,,b174
GSE17538,M1_msd,175,PRPF40A;LPAR6;SSR1;SSX2IP,0.0,0.2031483602231467,0.3336983858758705,0.1766507099809967,0.1766507099809967,0.2652769414935063,0.2652769414935063,0.1108315260037864,0.0192344597631818,,b175
GSE17538,M1_msd,176,SHQ1;ZMYM6;PLOD3;NAT14,0.0,0.1912628104078036,0.4186001663949164,0.0838327618880231,0.0838327618880231,0.1781539427063767,0.1781539427063767,0.4380980963374138,0.1239326516223888,,b176
GSE17538,M1_msd,177,UBL4A;NUDT16P1;TMCO1;RNF157,0.0,0.2225709654364504,0.3260379238901199,0.0068861783447219,0.0068861783447219,-0.0282519036108931,0.0282519036108931,0.9475159121869886,0.7825347644889554,,b177
GSE17538,M1_msd,178,EGFR;KIAA0430;UBE2NL;COQ7,0.0,0.3207476040243452,0.5685312208615627,0.0565706556577763,0.0565706556577763,0.110241009991784,0.110241009991784,0.6008576732324524,0.3031896299218006,,b178
GSE17538,M1_msd,179,TXN2;LRRC57;RPF2;C8orf44-SGK3,0.0,0.1270935460027166,0.2069770916338973,0.0988242042867035,0.0988242042867035,0.0689291388876199,0.0689291388876199,0.3539659963166678,0.5517517578248498,,b179
GSE17538,M1_msd,180,MIR6778;ATP12A;SMIM15;WSB1,0.0,0.2543994206991311,0.7163996545218122,-0.001958976456349,0.001958976456349,0.0701667763494928,0.0701667763494928,0.9843733273484192,0.519520167380807,,b180
GSE17538,M1_msd,181,UBQLN4;C3orf38;DAP;DCTN4,0.0,0.3022641614433849,0.5074411209909535,0.119436239493755,0.119436239493755,0.2012135422838621,0.2012135422838621,0.268302574771128,0.0776378567370697,,b181
GSE17538,M1_msd,182,SRA1;XCL2;SLC25A3;RAB21,0.0,0.2482534746996797,0.4570422103281426,0.226321744763971,0.226321744763971,0.3860151498363914,0.3860151498363914,0.0465079132642608,0.0029220506702635,,b182
GSE17538,M1_msd,183,PYCR2;LOC105376796;BLCAP;KIAA0232,0.0,0.2691937391555178,0.6315341803790382,0.0582004770647389,0.0582004770647389,0.0752043960636787,0.0752043960636787,0.5898728755897691,0.5070483684880746,,b183
GSE17538,M1_msd,184,CIAO1;ZNF420;MPLKIP;METTL7A,0.0,0.2374681876988054,0.4884410418437764,0.1211780887903722,0.1211780887903722,0.0264573623900363,0.0264573623900363,0.2507410736437307,0.8055220673259111,,b184
GSE17538,M1_msd,185,SHQ1;TRMT13;SLC38A2;COX17,0.0,0.4203421079066475,0.9521475142043266,0.2404060600778253,0.2404060600778253,0.3205166854169899,0.3205166854169899,0.0385023138273735,0.0063150084918984,,b185
GSE17538,M1_msd,186,TRIP10;SNURF;ASNSD1;CLEC1A,0.0,0.1569475428617714,0.3861972446053768,0.2234485724967911,0.2234485724967911,0.2807639846374344,0.2807639846374344,0.0310366891935955,0.01036102280393,,b186
GSE17538,M1_msd,187,PMVK;OFD1;MRPL27;PPAT,0.0,0.3603337610074903,0.533053180061023,-0.0016897389542913,0.0016897389542913,0.1227910791557238,0.1227910791557238,0.9866171000980144,0.2671222260435268,,b187
GSE17538,M1_msd,188,PDXK;PRR7;C1orf131;BTBD7,0.0,0.2028431711716588,0.4578800556140587,0.0742852577535411,0.0742852577535411,0.1558994951497374,0.1558994951497374,0.4966331453245779,0.1719532436197017,,b188
GSE17538,M1_msd,189,RBM10;ZNF45;ACSS2;ARHGAP21,0.0,0.2578164974277648,0.4274024763854689,0.1346318109960595,0.1346318109960595,0.1369524051793788,0.1369524051793788,0.1947005543784921,0.1754553449831567,,b189
GSE17538,M1_msd,190,MCOLN1;ATF2;NDUFB11;NR2F2,0.0,0.3687250850735283,0.8012768033576122,0.1756817104009977,0.1756817104009977,0.2832576946308544,0.2832576946308544,0.1157057830459951,0.0148621505747389,,b190
GSE17538,M1_msd,191,ANO7;ITPKA;LOC100996696;LINC01111,0.0,0.2297164042741946,0.3793993831527608,0.0111843529916234,0.0111843529916234,0.0745785460987405,0.0745785460987405,0.9160727786062476,0.4692453924005794,,b191
GSE17538,M1_msd,192,DHPS;TMEM74B;PHB;EBF4,0.0,0.1954486922547017,0.3820051012355954,-0.0298765489756266,0.0298765489756266,0.0519586166057287,0.0519586166057287,0.7653394998931722,0.6180945204464412,,b192
GSE17538,M1_msd,193,NPEPPS;ZNF23;SSR1;RTN4IP1,0.0,0.2154588359400418,0.3336983858758705,0.2742299893847963,0.2742299893847963,0.2855979231867915,0.2855979231867915,0.0158450187451104,0.0155182381153981,,b193
GSE17538,M1_msd,194,C9orf16;ZBTB49;GOLGA7;TRABD2A,0.0,0.22914730248042,0.4606564863455837,-0.063901459449838,0.063901459449838,0.0047705971745829,0.0047705971745829,0.5237990459035838,0.9616054754285214,,b194
GSE17538,M1_msd,195,ATXN1L;NPIPB3;PPP4R1;LINC00028,0.0,0.1890105840445827,0.3491682518997402,0.1218141661042352,0.1218141661042352,0.354034686953622,0.354034686953622,0.2683795351416321,0.0037497118485726,,b195
GSE17538,M1_msd,196,RBMX;SNURF;MRPL16;DDX20,0.0,0.1890365797967106,0.368495875636288,0.117825440556542,0.117825440556542,0.1477257827842173,0.1477257827842173,0.2654197025978052,0.1887085540101183,,b196
GSE17538,M1_msd,197,PINK1;GDF15;SNORD79;USP34,0.0,0.237301847484991,0.5239539750090385,0.2663746328073733,0.2663746328073733,0.3799242179678176,0.3799242179678176,0.0149866161231056,0.0010947940322283,,b197
GSE17538,M1_msd,198,SYS1;WNK4;C1orf43;GSTA4,0.0,0.2255662574147412,0.5289668780643249,-0.0191359258455397,0.0191359258455397,0.0027371535251828,0.0027371535251828,0.8558372724816604,0.9802551081603889,,b198
GSE17538,M1_msd,199,CNNM3;FRMD3;PEPD;ZNF703,0.0,0.218293372806887,0.4254398405400245,-0.1063926823203788,0.1063926823203788,-0.0997433697226273,0.0997433697226273,0.2928357038026206,0.3045350086212648,,b199
GSE17538,M1_msd,200,COLGALT1;ZNRF2;GINM1;TRABD2A,0.0,0.2031926808840331,0.4315440180915506,-0.0399066324586785,0.0399066324586785,0.0270656508989468,0.0270656508989468,0.7077020545491735,0.80367262374898,,b200
GSE17538,M1_msd,201,AGAP7P;TISP43;PEPD;ZNF703,0.0,0.1709371598770347,0.3217555680536475,-0.0760470622116734,0.0760470622116734,-0.0078734669183715,0.0078734669183715,0.4535089110298285,0.939222923254162,,b201
GSE17538,M1_msd,202,SF3B3;LOC101929177;C2CD5;ARRDC2,0.0,0.2129207991118419,0.4723183464452766,0.0793297138099607,0.0793297138099607,0.1939461278839002,0.1939461278839002,0.4590321613850662,0.0815068822314034,,b202
GSE17538,M1_msd,203,TMEM8A;SORCS2;LOC100996696;WDR5B,0.0,0.252739933934315,0.3793993831527608,0.0527438550461535,0.0527438550461535,0.1128381076712248,0.1128381076712248,0.6251330065583456,0.3141741566537117,,b203
GSE17538,M1_msd,204,C16orf91;OSM;NT5C3A;GOLGA8B,0.0,0.2487758859883379,0.430840065153759,0.0934470260068382,0.0934470260068382,0.2174416152169127,0.2174416152169127,0.3756966125127798,0.0600055952742544,,b204
GSE17538,M1_msd,205,HSPBP1;VSTM2L;LETMD1;ATL3,0.0,0.2472142935676175,0.4676785832659341,0.0494164026350856,0.0494164026350856,0.0279873963055075,0.0279873963055075,0.656856416865093,0.7843280663934642,,b205
GSE17538,M1_msd,206,TMEM126B;DLL1;NBPF20;FOXN2,0.0,0.1781797088985929,0.2504930291884307,0.1957549438806922,0.1957549438806922,0.3461532579118233,0.3461532579118233,0.0914984472565903,0.0038953533052446,,b206
GSE17538,M1_msd,207,DDX46;AMN1;PSMA6;EBF4,0.0,0.2739374305974766,0.7055515378895547,0.1075586369808468,0.1075586369808468,0.2026207037901361,0.2026207037901361,0.3285209760299395,0.0829590150670639,,b207
GSE17538,M1_msd,208,SMDT1;FMO1;ADAP1;SLC30A1,0.0,0.222931005546282,0.5078410882293312,0.0085218926023424,0.0085218926023424,0.0077746568615151,0.0077746568615151,0.9333445960097172,0.9393855713098586,,b208
GSE17538,M1_msd,209,AGAP5;EED;DHRS4L2;MFSD14B,0.0,0.1805988917729643,0.3795028698834658,0.1691274570263483,0.1691274570263483,0.3560651395150799,0.3560651395150799,0.1125961962360847,0.0013909796294357,,b209
GSE17538,M1_msd,210,OTUB1;LIN28A;PSMD12;LINC01111,0.0,0.1424490780070093,0.2091321639475641,0.0563682115250057,0.0563682115250057,0.1206540673884966,0.1206540673884966,0.6062445635281619,0.2504467997923597,,b210
GSE17538,M1_msd,211,ALKBH5;HSPB8;NBL1;ZC3H18,0.0,0.3541319143981714,0.6755626480848534,0.0966800509811256,0.0966800509811256,0.3396588631807641,0.3396588631807641,0.3674333499285221,0.0060956692982172,,b211
GSE17538,M1_msd,212,SHQ1;NPIPB3;SEPHS2;COX17,0.0,0.3237689985282549,0.516959398758714,0.0719761192960132,0.0719761192960132,0.1141574221869929,0.1141574221869929,0.497407755301313,0.3006335993919173,,b212
GSE17538,M1_msd,213,TCF7L2;AFF4;SEMA4B;ESCO1,0.0,0.1620478219619545,0.2012306151414214,0.2304072336366372,0.2304072336366372,0.4270866287177746,0.4270866287177746,0.029497709666942,0.0001939580250457,,b213
GSE17538,M1_msd,214,YIPF1;OR2H2;LARS;NKAP,0.0,0.2099661700841465,0.5155809066759867,0.0916578790701538,0.0916578790701538,0.0884474400772725,0.0884474400772725,0.4064768170058955,0.4216563142425327,,b214
GSE17538,M1_msd,215,PEX19;ZNF420;PFDN5;NBEAL2,0.0,0.4909469857466985,1.2350863439830748,0.1288950932745661,0.1288950932745661,0.0998776635973639,0.0998776635973639,0.2236242661121756,0.3618570642748838,,b215
GSE17538,M1_msd,216,HSPA9;MIR34A;HNRNPA3P1;C3orf52,0.0,0.1603294123714435,0.3348564293036961,0.1456589635036626,0.1456589635036626,0.2100753462377054,0.2100753462377054,0.1871135995447616,0.0574618491338733,,b216
GSE17538,M1_msd,217,TRIP10;TISP43;HNRNPA1;XRCC2,0.0,0.2504789775192834,0.4061235088329327,0.1161641984143185,0.1161641984143185,0.2888270916510775,0.2888270916510775,0.2990682499501426,0.013347468793061,,b217
GSE17538,M1_msd,218,C9orf16;WNK4;EMG1;COMMD10,0.0,0.2649617809187221,0.4606564863455837,-0.0694708930497977,0.0694708930497977,-0.0606848023411999,0.0606848023411999,0.4781269460959952,0.5140666089512296,,b218
GSE17538,M1_msd,219,UBQLN4;TAF9B;DCAF12;IGF1R,0.0,0.2121789373086181,0.5074411209909535,0.1061190855547496,0.1061190855547496,0.2149834422863016,0.2149834422863016,0.3332335825156407,0.0645960479875419,,b219
GSE17538,M1_msd,220,TNPO1;FMO1;PNRC1;MCFD2,0.0,0.3365144224007511,0.6234917158923184,0.1758243688655715,0.1758243688655715,0.3076268582789044,0.3076268582789044,0.1117004900675719,0.0084152940377383,,b220
GSE17538,M1_msd,221,GNPTG;LOC101927379;TSN;TTI2,0.0,0.1201721790010346,0.2409206341430336,0.0502863739135496,0.0502863739135496,0.199778268672137,0.199778268672137,0.6311182656371486,0.0936108632864862,,b221
GSE17538,M1_msd,222,LOC440434;AFF4;RPIA;CCAR1,0.0,0.2500148123179549,0.4520180508787832,0.0892089329831811,0.0892089329831811,0.1700598064289549,0.1700598064289549,0.4049313211767598,0.1367108939199075,,b222
GSE17538,M1_msd,223,MTPN;FST;ANAPC16;PPP1R21,0.0,0.2040030486095242,0.3080223501149264,0.3301020462169317,0.3301020462169317,0.443834178263392,0.443834178263392,0.0040493759266708,0.0004060260687465,,b223
GSE17538,M1_msd,224,ANKHD1-EIF4EBP3;AFF4;ANP32A;LOC101928274,0.0,0.2090653872118962,0.3680301328298189,0.1268585061341593,0.1268585061341593,0.0575670602313952,0.0575670602313952,0.2480482581024063,0.6149466191404789,,b224
GSE17538,M1_msd,225,EPHB4;STAG3L4;SPTSSA;RHOT1,0.0,0.2146397920714188,0.5252918313784601,0.2640890034636105,0.2640890034636105,0.1829086230877684,0.1829086230877684,0.0206638067834818,0.0933163055893293,,b225
GSE17538,M1_msd,226,DNPH1;NPIPB3;PARP4;POP1,0.0,0.3320996706235688,0.7139248436781191,-0.0478190575861708,0.0478190575861708,-0.0077063864522382,0.0077063864522382,0.6502537749268119,0.9397340392860646,,b226
GSE17538,M1_msd,227,SMG8;CBFA2T3;KPNA3;FOXA2,0.0,0.2133847242127113,0.3991559527005373,0.0377526214646152,0.0377526214646152,0.0144134245037441,0.0144134245037441,0.7199844764674845,0.8964831561123,,b227
GSE17538,M1_msd,228,FAM109B;ATP12A;FBL;SMPD3,0.0,0.4944402593832576,1.2207742289173684,-0.0808145981286221,0.0808145981286221,-0.0188986863042018,0.0188986863042018,0.4400241422024229,0.8659135958250894,,b228
GSE17538,M1_msd,229,MEN1;LOC105376796;TMEM126A;RTP5,0.0,0.218985731341639,0.3311498888051437,0.0355478932570671,0.0355478932570671,0.1161686113904302,0.1161686113904302,0.7312515608153936,0.2567493512456029,,b229
GSE17538,M1_msd,230,TDRD7;DLL1;MRPL54;IGSF22,0.0,0.2184767798947666,0.4742586968004439,0.0874295682019927,0.0874295682019927,0.2283448101183602,0.2283448101183602,0.414308609002303,0.0432988257078955,,b230
GSE17538,M1_msd,231,GNPTG;LRRC8E;MRPL54;DMXL2,0.0,0.149340005114141,0.2409206341430336,0.1803609936994412,0.1803609936994412,0.3185351419637788,0.3185351419637788,0.1025440362328053,0.0055476019266222,,b231
GSE17538,M1_msd,232,ARL2;ABCC6P1;SUMF2;NBR1,0.0,0.1635709366242543,0.1982310779095001,-0.0931496678090631,0.0931496678090631,-0.0886505091237597,0.0886505091237597,0.3687962832776296,0.376810004379523,,b232
GSE17538,M1_msd,233,GNPTG;VPS13A;GTF2I;PIP5K1B,0.0,0.1720990590885847,0.2758777865741982,0.0321219535372798,0.0321219535372798,0.139802263690228,0.139802263690228,0.7530734564515915,0.2384507022997054,,b233
GSE17538,M1_msd,234,NPLOC4;AFF4;SMIM22;WDR26,0.0,0.1119927737037621,0.1322058238697419,0.0531258861328227,0.0531258861328227,0.1332060669657833,0.1332060669657833,0.6218308500892551,0.2156338290808296,,b234
GSE17538,M1_msd,235,YIPF1;TRIM13;CSE1L;BTBD7,0.0,0.1755539510695378,0.5155809066759867,0.1153425752516469,0.1153425752516469,0.1892743487664238,0.1892743487664238,0.2944816363567069,0.1059778649252354,,b235
GSE17538,M1_msd,236,SSNA1;ZBTB49;AZIN1;TGIF1,0.0,0.218255931108613,0.4317535241477708,0.0523979772747768,0.0523979772747768,0.1878241426335509,0.1878241426335509,0.6224289476168342,0.1094546414987349,,b236
GSE17538,M1_msd,237,SIAH2;SEPT6;DDX27;CEP170,0.0,0.1734249567328906,0.2618054765797663,0.2692625839736311,0.2692625839736311,0.3366638609322253,0.3366638609322253,0.0132124896891668,0.0052600329022175,,b237
GSE17538,M1_msd,238,NPEPPS;KIZ;PFKM;SASH3,0.0,0.1807348503336347,0.3104896966288357,0.030702280008853,0.030702280008853,0.0285209598859019,0.0285209598859019,0.7679958541421189,0.800386546762771,,b238
GSE17538,M1_msd,239,FAM168B;RBM48;CREG1;GAS2L1,0.0,0.3931477012657058,1.033641333605903,0.0450755531928337,0.0450755531928337,0.1520595116846799,0.1520595116846799,0.6740194089598888,0.191549487617335,,b239
GSE17538,M1_msd,240,DPH2;H1FOO;MRPL27;FNBP1,0.0,0.2953121781389495,0.4721385141481611,0.0476363679012553,0.0476363679012553,0.1382133014401428,0.1382133014401428,0.6372345507356278,0.2072455297166586,,b240
GSE17538,M1_msd,241,CLDN4;ZNF85;CIB1;PPA2,0.0,0.1714795539906126,0.2847587965931336,0.0700529826880907,0.0700529826880907,0.1253661679978554,0.1253661679978554,0.5135759759116205,0.2697783976341583,,b241
GSE17538,M1_msd,242,NR2C2AP;EPHA5-AS1;DNAJA1;PTCD2,0.0,0.3185421235964767,0.7227248547703216,0.0265364402776801,0.0265364402776801,0.0975217310575813,0.0975217310575813,0.7999123260421265,0.3529991485229616,,b242
GSE17538,M1_msd,243,RBM27;SEPT6;BET1;RHOT1,0.0,0.1184673979320728,0.2084095794278744,0.2628094964113734,0.2628094964113734,0.2789468021591382,0.2789468021591382,0.0244824217407564,0.0225093534739179,,b243
GSE17538,M1_msd,244,RBM10;LOC729218;SSR1;PINX1,0.0,0.2927252782802096,0.4274024763854689,0.0280153305045092,0.0280153305045092,0.1343447453247908,0.1343447453247908,0.7881558226585365,0.1779088135989243,,b244
GSE17538,M1_msd,245,HSPA9;LINC00324;PDHA1;FNBP1,0.0,0.2149187388947178,0.3348564293036961,0.094725813085851,0.094725813085851,0.1218978989170952,0.1218978989170952,0.3713164349288917,0.255642823778142,,b245
GSE17538,M1_msd,246,IRF2BP1;NDUFB7;HNRNPA1;SLCO4A1,0.0,0.1861666116683602,0.4061235088329327,-0.0591729093617068,0.0591729093617068,0.0718360177501115,0.0718360177501115,0.5578833610234587,0.4827835497250704,,b246
GSE17538,M1_msd,247,GNPTG;PPP2R3B;TRMT10C;RTP5,0.0,0.1638982813709825,0.2409206341430336,0.0536035100607992,0.0536035100607992,0.1609075989903973,0.1609075989903973,0.6058752493812931,0.1665679060564622,,b247
GSE17538,M1_msd,248,TRIP10;ZNF326;NDUFAF2;COX17,0.0,0.2240059530792369,0.3861972446053768,0.1664629508309763,0.1664629508309763,0.2502613172088364,0.2502613172088364,0.1327493254835333,0.0225185852474019,,b248
GSE17538,M1_msd,249,PYCR2;ARHGAP44;CBFB;MTF2,0.0,0.1269921414879408,0.2439503431462416,0.0459292050663623,0.0459292050663623,0.1231880647418079,0.1231880647418079,0.6684746737905103,0.306890422223168,,b249
GSE17538,M1_msd,250,MIR6741;OR2H2;LOC100996696;TSPAN11,0.0,0.1737415348984948,0.3793993831527608,0.0006802597725176,0.0006802597725176,0.1566785884750676,0.1566785884750676,0.9948550763720946,0.1548736105472795,,b250
GSE17538,M1_msd,251,TSR2;BOD1L2;PNPT1;LOC100133089,0.0,0.1726503480372673,0.3303646332877322,-0.0071088135624763,0.0071088135624763,0.0694793670942675,0.0694793670942675,0.9458322358892636,0.5135010390615227,,b251
GSE17538,M1_msd,252,AXIN1;HSPB8;HNRNPA3;C1orf52,0.0,0.2630879296880463,0.3817956172538089,0.1512576428797852,0.1512576428797852,0.2272849777093436,0.2272849777093436,0.1589188636529458,0.0507309648258904,,b252
GSE17538,M1_msd,253,TMEM245;AEBP2;EIF3E;MAN1C1,0.0,0.1892099453132628,0.2950236045820553,0.1458084320818289,0.1458084320818289,0.1420531006689816,0.1420531006689816,0.1635844561310006,0.250675830469257,,b253
GSE17538,M1_msd,254,HSPA9;BICC1;SMIM22;MECR,0.0,0.1896955085015347,0.3348564293036961,0.1119520117621038,0.1119520117621038,0.118641326018159,0.118641326018159,0.3108107345247131,0.2667088075627958,,b254
GSE17538,M1_msd,255,RBM10;SIRPG;GSS;LOC100133089,0.0,0.211043426980409,0.4274024763854689,-0.1046443212272243,0.1046443212272243,-0.0281640042974414,0.0281640042974414,0.2960227826427815,0.7718967079652842,,b255
GSE17538,M1_msd,256,MFSD5;MMP28;SNORA56;LOC101930583,0.0,0.261029803053545,0.4567598516521262,0.1736596913156932,0.1736596913156932,0.3822926746239687,0.3822926746239687,0.1157176715568879,0.0015825664739347,,b256
GSE17538,M1_msd,257,COMMD9;TMEM74B;ATP5G1;WHAMM,0.0,0.2536047103011971,0.5735035240065565,0.0118263793507769,0.0118263793507769,0.1008387295155662,0.1008387295155662,0.907528563736726,0.3635604187632264,,b257
GSE17538,M1_msd,258,EGFR;MPHOSPH9;KLHDC2;NR2F2,0.0,0.2798754900715979,0.5061255282492549,0.1847323727684848,0.1847323727684848,0.2063262658219792,0.2063262658219792,0.1045510033572752,0.090992268180964,,b258
GSE17538,M1_msd,259,TNPO3;C7orf25;TTC19;LOC101928274,0.0,0.1919976187243088,0.3329904856925814,0.0949891273822704,0.0949891273822704,0.0050453213174949,0.0050453213174949,0.3752819609976777,0.965871142336966,,b259
GSE17538,M1_msd,260,PRPF40A;CLEC11A;STAU1;LRRC37B,0.0,0.2887889039908033,0.870200874752673,0.1751908749905131,0.1751908749905131,0.1857661827623413,0.1857661827623413,0.1023467445556959,0.1128768354240472,,b260
GSE17538,M1_msd,261,RELA;CD300A;MFSD14A;COX11,0.0,0.1200010925724746,0.1615173034720699,0.0671656501310176,0.0671656501310176,0.1784556140878744,0.1784556140878744,0.530518902292751,0.1251432961095539,,b261
GSE17538,M1_msd,262,HARS2;CSGALNACT1;P2RX4;CEP78,0.0,0.2160924013350992,0.4782426686725593,0.1723871375962378,0.1723871375962378,0.2338039518882726,0.2338039518882726,0.1146312043670517,0.0380894695437703,,b262
GSE17538,M1_msd,263,RNF220;CD300C;ARF4;TAF1L,0.0,0.3986553428629809,1.210953439115716,0.0692502398987097,0.0692502398987097,0.1857639812913048,0.1857639812913048,0.5218993605801407,0.0933995545023217,,b263
GSE17538,M1_msd,264,MAPK1;ZNF420;IFT172;IER5L,0.0,0.1760166478857118,0.4556408404256207,0.2029360520660496,0.2029360520660496,0.2175677293769974,0.2175677293769974,0.0565169111498334,0.051884331832699,,b264
GSE17538,M1_msd,265,MLKL;CBFA2T3;RAB10;TMEM170A,0.0,0.4482921308069674,1.0422618757929816,0.1156114062708856,0.1156114062708856,0.2486497711634445,0.2486497711634445,0.2801742028004297,0.030259667661941,,b265
GSE17538,M1_msd,266,GPKOW;S1PR1;RPL18A;LINC00028,0.0,0.2145267399318312,0.4218544655997759,0.0673640818243843,0.0673640818243843,0.073838781944644,0.073838781944644,0.5220135692514094,0.4433310703373916,,b266
GSE17538,M1_msd,267,ALG3;FST;KLHDC2;MORF4L2,0.0,0.1834403590200603,0.350164459914776,0.158607723388242,0.158607723388242,0.2463353869011461,0.2463353869011461,0.1365477086043117,0.0337664120907331,,b267
GSE17538,M1_msd,268,AP1M1;NAGS;MXI1;CD180,0.0,0.2931935820453707,0.4680506882237802,0.1747480820910357,0.1747480820910357,0.2115775343813246,0.2115775343813246,0.105082673789894,0.0548971035978712,,b268
GSE17538,M1_msd,269,SNORA68;GDF15;EPS8;SLC15A4,0.0,0.3581162054886349,0.8234275406879987,0.126576886576585,0.126576886576585,0.1020605140810603,0.1020605140810603,0.2433175015907865,0.3486569223710677,,b269
GSE17538,M1_msd,270,DUSP3;JMY;MPLKIP;PRIMPOL,0.0,0.2713428520550252,0.4728697040986913,0.1730668634852238,0.1730668634852238,0.1641971713520922,0.1641971713520922,0.1130093537491119,0.1429443213393547,,b270
GSE17538,M1_msd,271,ZNF622;FAM133B;STAU1;EPB41L4A-AS1,0.0,0.2811325391326181,0.870200874752673,0.1367082050010117,0.1367082050010117,0.1707484885309366,0.1707484885309366,0.2024215791724561,0.1406910749556315,,b271
GSE17538,M1_msd,272,TMEM126B;OR2H2;RAP1B;MMEL1,0.0,0.3567814627163417,1.0513722680906978,0.0162567039464501,0.0162567039464501,0.1051858502679155,0.1051858502679155,0.876038548141045,0.3202217599028959,,b272
GSE17538,M1_msd,273,IRF3;C20orf196;SUSD6;PPP1R21,0.0,0.2142437668248755,0.3143028462933425,0.1753092154678776,0.1753092154678776,0.3047249866859405,0.3047249866859405,0.1080744789422461,0.0066111468745434,,b273
GSE17538,M1_msd,274,MTPN;ZNF611;COPS5;ACCS,0.0,0.2745618254013086,0.5760355319027581,0.1294644554206377,0.1294644554206377,0.2199010239245095,0.2199010239245095,0.2475012270028815,0.0707780541535911,,b274
GSE17538,M1_msd,275,TNPO3;TRAPPC2;LSM6;BTF3L4,0.0,0.1570556864211791,0.2337599510363175,0.1053499383552626,0.1053499383552626,0.1235458455440996,0.1235458455440996,0.337289925993981,0.2735735926075772,,b275
GSE17538,M1_msd,276,ZNF581;MIR34A;GPR89A;LINC00511,0.0,0.1688040542314873,0.206818693510928,0.0341134186306536,0.0341134186306536,0.0661687997987602,0.0661687997987602,0.7372295851185742,0.5414028933026442,,b276
GSE17538,M1_msd,277,RBM27;KIAA0430;KLF6;NAT14,0.0,0.1202567428057412,0.2084095794278744,0.226265859093142,0.226265859093142,0.361072723118823,0.361072723118823,0.0428493674166809,0.0052938495881511,,b277
GSE17538,M1_msd,278,AP3B1;NPIPB11;NT5C3A;SLC9A8,0.0,0.2695584432580945,0.430840065153759,0.0531082701761295,0.0531082701761295,0.1555557112320512,0.1555557112320512,0.6199241480185471,0.1798404715406353,,b278
GSE17538,M1_msd,279,C16orf91;FAM76A;KRT18;MTFR1,0.0,0.6605261511993226,2.107784538704588,0.0402941012915004,0.0402941012915004,0.1008385659490751,0.1008385659490751,0.7014133163122184,0.3961332457932118,,b279
GSE17538,M1_msd,280,SNORA21;CD300C;PPT1;TMEM19,0.0,0.3808534717202073,0.8486262031130439,0.0906822535697482,0.0906822535697482,0.22996380957956,0.22996380957956,0.3929455480507025,0.0444179205674056,,b280
GSE17538,M1_msd,281,TMEM126B;FCRLB;SUCO;CGRRF1,0.0,0.154819486697556,0.1949507187336686,0.1905291739425898,0.1905291739425898,0.2419996651754754,0.2419996651754754,0.0866034505774818,0.0290063114361601,,b281
GSE17538,M1_msd,282,CDK16;ZNF134;ARL6IP1;HOXA11,0.0,0.4654339965738442,1.3112440716683231,-0.0207508202952017,0.0207508202952017,0.030112133453146,0.030112133453146,0.8422488348367352,0.7787958861224906,,b282
GSE17538,M1_msd,283,UBXN2A;GAREM1;THAP12;THBS3,0.0,0.2302110158509119,0.4937647370419394,0.1363975064005384,0.1363975064005384,0.2175595093990573,0.2175595093990573,0.1934586032211627,0.0420051872534422,,b283
GSE17538,M1_msd,284,ZDHHC12;SMCHD1;PSMA4;PRKG2,0.0,0.3528500520237451,0.96390772038859,0.0946845375249699,0.0946845375249699,0.3172544856942255,0.3172544856942255,0.375282167171481,0.007702206154335,,b284
GSE17538,M1_msd,285,LARP1;ITPKA;ABLIM1;FNDC3A,0.0,0.1814852817708227,0.3034432124951429,0.1455285801334326,0.1455285801334326,0.1714979281547667,0.1714979281547667,0.1762573778439452,0.126049315150252,,b285
GSE17538,M1_msd,286,PDXK;PDGFD;SMCO4;MLXIPL,0.0,0.1772005927096675,0.4578800556140587,-0.0801899773233706,0.0801899773233706,-0.1219356418170972,0.1219356418170972,0.4578195489395643,0.2658618188423507,,b286
GSE17538,M1_msd,287,TMEM106C;AMN1;KLF6;TEFM,0.0,0.2097150214247519,0.5389011184662038,0.1176743842220176,0.1176743842220176,0.1916788259738233,0.1916788259738233,0.2784199469600399,0.0985736131406327,,b287
GSE17538,M1_msd,288,MIF4GD;MTURN;ADIPOR2;PPA2,0.0,0.227452948662769,0.474669084004963,-0.0195459360549851,0.0195459360549851,-0.0082220825051105,0.0082220825051105,0.8468655522978944,0.9388405285950912,,b288
GSE17538,M1_msd,289,ZNF580;HLA-DQB2;AKR7A2;ATL3,0.0,0.2396663610927614,0.382593690487695,0.1619939630367155,0.1619939630367155,0.264860373329281,0.264860373329281,0.1313771221441418,0.0172487824280341,,b289
GSE17538,M1_msd,290,METTL17;LINC00540;NDUFB11;CSNK1A1,0.0,0.3674802370688336,0.8012768033576122,0.1566988395755156,0.1566988395755156,0.2024714965351473,0.2024714965351473,0.1453431742779952,0.0622195731066584,,b290
GSE17538,M1_msd,291,HN1L;LOC105374366;HDAC1;BMS1P20,0.0,0.3543794917366015,1.0386159160254105,-0.0121610235029416,0.0121610235029416,0.0156185973005769,0.0156185973005769,0.9027294267661382,0.8819882662059977,,b291
GSE17538,M1_msd,292,TCF7L2;KMT5C;B4GALT5;PINX1,0.0,0.1881149309940704,0.2925543768121093,0.0017398427584665,0.0017398427584665,0.2183622848285106,0.2183622848285106,0.9864168385696652,0.059264302882904,,b292
GSE17538,M1_msd,293,YARS2;ZMYM1;UNC50;TRIQK,0.0,0.2190897539291492,0.3638861280525448,0.2451182897074381,0.2451182897074381,0.2921532936678184,0.2921532936678184,0.0324125524948537,0.0119982380504693,,b293
GSE17538,M1_msd,294,COLGALT1;LOC101929177;FDPS;HBG2,0.0,0.265444009791054,0.4611745317636841,0.0283605116839483,0.0283605116839483,0.2235958805943739,0.2235958805943739,0.779917552773189,0.0326923083939644,,b294
GSE17538,M1_msd,295,SAAL1;OSTM1;MRPL16;TPR,0.0,0.2226651072270366,0.282015454448254,0.2888134434099054,0.2888134434099054,0.3310140589248647,0.3310140589248647,0.0107663311137906,0.0071654657920299,,b295
GSE17538,M1_msd,296,ABT1;H1FOO;TGIF2-C20orf24;NT5DC1,0.0,0.486516885159189,1.5117189085009268,0.0879362537322734,0.0879362537322734,0.099918152882324,0.099918152882324,0.4050919762631906,0.3785784634152151,,b296
GSE17538,M1_msd,297,TNPO3;LOC100507006;RALY;DDX20,0.0,0.1841480814581592,0.2337599510363175,0.0329862496492299,0.0329862496492299,0.0695349298662325,0.0695349298662325,0.7469213017388072,0.5150891956619368,,b297
GSE17538,M1_msd,298,COPS7A;ZNF23;GLOD4;SLC30A1,0.0,0.1190401852290863,0.1915048557360342,0.3055268150291955,0.3055268150291955,0.4019241841769787,0.4019241841769787,0.0094408706728737,0.0013930617210591,,b298
GSE17538,M1_msd,299,TMEM138;TFAP2A;MLEC;ALDH6A1,0.0,0.4115518317611272,0.9899847869416828,0.0923692776308435,0.0923692776308435,0.1415001453931643,0.1415001453931643,0.3569553441842927,0.1794273067098303,,b299
GSE17538,M1_msd,300,IFNA13;CREM;UTP14C;NIPAL2,0.0,0.2233951502243343,0.4510763156296146,-0.0275031772698783,0.0275031772698783,-0.046972325320182,0.046972325320182,0.7978244292517258,0.6602843285811347,,b300
GSE17538,M1_msd,301,ANKHD1-EIF4EBP3;CAPS;ALG11;COX11,0.0,0.2136931848083361,0.3680301328298189,0.0502410798387121,0.0502410798387121,-0.0027119201017681,0.0027119201017681,0.6407893007722485,0.9800420259095696,,b301
GSE17538,M1_msd,302,ANKHD1-EIF4EBP3;TTTY8;MRPL54;NUP133,0.0,0.1974727078054851,0.3680301328298189,0.1515481052610082,0.1515481052610082,0.191717214541865,0.191717214541865,0.1806188471546362,0.1088920507796842,,b302
GSE17538,M1_msd,303,MCOLN1;SSUH2;TMEM60;WHAMM,0.0,0.216706405794854,0.4127360713294191,0.0029732802035527,0.0029732802035527,0.0384658887449342,0.0384658887449342,0.9776440480557308,0.723255736149066,,b303
GSE17538,M1_msd,304,HEIH;SLC2A6;ZNF706;OPA1,0.0,0.1394812580427557,0.280506319211079,0.1139006207010345,0.1139006207010345,0.1622856362475062,0.1622856362475062,0.2954046932767387,0.1718923891635989,,b304
GSE17538,M1_msd,305,ZNF106;NDUFB7;LARS;IGSF8,0.0,0.2193450211118398,0.421376560831032,0.0460599368809514,0.0460599368809514,0.1207955256630432,0.1207955256630432,0.6656812486746784,0.2712369846143833,,b305
GSE17538,M1_msd,306,SIDT2;MAPK8IP1;HSD17B10;C1orf52,0.0,0.2888827980404853,0.6948758043863419,0.0492068805487067,0.0492068805487067,0.1702485115135908,0.1702485115135908,0.6386491300587861,0.1202107731332211,,b306
GSE17538,M1_msd,307,HN1L;OSTM1;GPR89A;RHOV,0.0,0.1731611988939819,0.206818693510928,0.0969636389966024,0.0969636389966024,0.2163068681222708,0.2163068681222708,0.3686298530670875,0.0701737138511804,,b307
GSE17538,M1_msd,308,MCOLN1;C3orf38;MRPS35;PPM1D,0.0,0.3620157280285895,0.8185932396439318,0.1668454880856753,0.1668454880856753,0.2391905920011864,0.2391905920011864,0.1416778980068705,0.0504846933933808,,b308
GSE17538,M1_msd,309,DHPS;ATF2;PCBD1;TTI2,0.0,0.1136338471330952,0.2592774998317065,0.1465757926633008,0.1465757926633008,0.2623861525572457,0.2623861525572457,0.1733798907049278,0.0249992105485953,,b309
GSE17538,M1_msd,310,PTPA;PRKAA1;LSR;CAAP1,0.0,0.2625059883825199,0.4435821894850127,0.1668883587810099,0.1668883587810099,0.2308533557007885,0.2308533557007885,0.1261552119306152,0.0418887633073449,,b310
GSE17538,M1_msd,311,DNPH1;SLC4A11;MIEN1;CLEC1A,0.0,0.1770049001733565,0.3673956322739234,-0.0417776931818899,0.0417776931818899,0.0182239113383522,0.0182239113383522,0.6947361875931037,0.8573351653958151,,b311
GSE17538,M1_msd,312,ZNF580;OR2H2;CDC16;NR2F2,0.0,0.2137997681641325,0.382593690487695,0.1124563073338469,0.1124563073338469,0.1652665953200539,0.1652665953200539,0.3071859791385551,0.1471269389111439,,b312
GSE17538,M1_msd,313,PCDHGB5;ZNF268;SMIM22;COQ7,0.0,0.196080841476355,0.3581696704761911,0.1464872528304245,0.1464872528304245,0.2274440406100254,0.2274440406100254,0.1849914310090258,0.0603711655751348,,b313
GSE17538,M1_msd,314,XPNPEP1;LIN28A;TM9SF2;LOC100506790,0.0,0.5362369663541424,1.4262403062425864,0.0787787722601853,0.0787787722601853,0.2281317066756592,0.2281317066756592,0.4735486440598756,0.0601703407191792,,b314
GSE17538,M1_msd,315,MYH14;C11orf52;C14orf2;WHAMM,0.0,0.4462258614675506,0.884674064007856,0.0803285697046772,0.0803285697046772,0.1714692307690332,0.1714692307690332,0.4484277160913394,0.147710054913383,,b315
GSE17538,M1_msd,316,LSM4;LPAR6;ABLIM1;C10orf2,0.0,0.1501722485400068,0.1999604103425907,0.1124567587300421,0.1124567587300421,0.2345067240902991,0.2345067240902991,0.3103039561217872,0.0425231559031365,,b316
GSE17538,M1_msd,317,MFSD5;CD7;COPS5;SLC9A8,0.0,0.2856541287681378,0.5760355319027581,0.0467778691082202,0.0467778691082202,0.1865460794678293,0.1865460794678293,0.6580968494762727,0.1107829592784175,,b317
GSE17538,M1_msd,318,DDX46;MCC;DAP;RNF157,0.0,0.2438039508696512,0.3657124833123958,0.1485072740420978,0.1485072740420978,0.1549213389373409,0.1549213389373409,0.1668992338638301,0.1542612491074768,,b318
GSE17538,M1_msd,319,MCRIP1;NDUFB7;VAT1;SPSB1,0.0,0.2757524317405861,0.4403372217846573,0.1184959778178714,0.1184959778178714,0.2294895720594292,0.2294895720594292,0.2536326036615497,0.0317305331892048,,b319
GSE17538,M1_msd,320,LSG1;TSGA10IP;RRS1;EBF4,0.0,0.1762244048563756,0.3819940231813863,0.0593103311774263,0.0593103311774263,0.2100168239357752,0.2100168239357752,0.573974603546319,0.07051209859868,,b320
GSE17538,M1_msd,321,ATXN7L3B;AFF4;DDX39A;REM1,0.0,0.1968836245975646,0.3344523299217773,0.0527676533727482,0.0527676533727482,0.1398667428045482,0.1398667428045482,0.6163594253374549,0.1922950226519354,,b321
GSE17538,M1_msd,322,TEX2;PRKAA1;C2CD5;GALNT2,0.0,0.1142089002311675,0.1911268155953251,0.1560422228306457,0.1560422228306457,0.1728354221930857,0.1728354221930857,0.15207342029264,0.1205558432145612,,b322
GSE17538,M1_msd,323,DUSP3;AEBP2;ADD3;TGM2,0.0,0.4163963232912154,0.9725440018157118,0.0828231824136464,0.0828231824136464,-0.0063430965278175,0.0063430965278175,0.4327847910532031,0.9568387531209848,,b323
GSE17538,M1_msd,324,ZDHHC12;OR2H2;TMBIM1;TAF1L,0.0,0.2667595399573692,0.5570258547866361,0.029256198450405,0.029256198450405,0.1090816133321969,0.1090816133321969,0.7805117279746235,0.2855002457497345,,b324
GSE17538,M1_msd,325,COMMD9;ATF2;GTF2B;WDR26,0.0,0.1086046773524861,0.1252145985549789,0.1933692415236463,0.1933692415236463,0.2827070111422527,0.2827070111422527,0.0800986687204587,0.0176672859248929,,b325
GSE17538,M1_msd,326,EIF2AK2;AMN1;WSB2;SMARCA2,0.0,0.3444805423220374,0.699730743912675,0.1925312153725969,0.1925312153725969,0.2583960279227997,0.2583960279227997,0.08738684832694,0.0280351693635404,,b326
GSE17538,M1_msd,327,PTPA;LOC400043;SPIN1;WHAMM,0.0,0.1973095021298583,0.307128587965049,0.2747125709680341,0.2747125709680341,0.3256349373908061,0.3256349373908061,0.0088253110664939,0.000930045078739,,b327
GSE17538,M1_msd,328,NDUFC1;AFF4;NT5C3A;KNTC1,0.0,0.2201795407227118,0.430840065153759,0.1179933574411786,0.1179933574411786,0.1953921480087868,0.1953921480087868,0.2761094286234604,0.0858030878868171,,b328
GSE17538,M1_msd,329,MLKL;KCNJ8;ATP6V0D1;BICD2,0.0,0.2852422557776922,0.6214953676582238,0.244521119794092,0.244521119794092,0.4282956027182227,0.4282956027182227,0.0335176917510404,0.0008790788255879,,b329
GSE17538,M1_msd,330,RSAD1;SNORA65;UBE2A;SLC27A5,0.0,0.2122785251779355,0.4516207225101463,0.0545407517701412,0.0545407517701412,0.1631371380768714,0.1631371380768714,0.6084739235409696,0.1441040867105694,,b330
GSE17538,M1_msd,331,PEX19;FJX1;TM2D3;PPM1D,0.0,0.1813705464509614,0.4674946315084948,0.2836837042805444,0.2836837042805444,0.2770951095763013,0.2770951095763013,0.0125681944137089,0.019679575009796,,b331
GSE17538,M1_msd,332,ZDHHC12;SMCHD1;HACD3;CEP68,0.0,0.2932011304858223,0.6770634226144706,0.1280787103437569,0.1280787103437569,0.2710185548247767,0.2710185548247767,0.2344324232501856,0.0223487633688635,,b332
GSE17538,M1_msd,333,ALKBH5;LOC400043;PPIL1;OPA1,0.0,0.2029470788764059,0.463391193635916,0.2915396437808573,0.2915396437808573,0.2661173397832128,0.2661173397832128,0.0086492466110168,0.0031618606490192,,b333
GSE17538,M1_msd,334,HECTD3;ZNF268;IER2;XRCC2,0.0,0.3982760077636774,1.184421467706463,0.1178928778923504,0.1178928778923504,0.1488747604248854,0.1488747604248854,0.267307015920905,0.1419558879780921,,b334
GSE17538,M1_msd,335,ZC3HC1;C11orf52;HIF1A;XRCC2,0.0,0.4991978190371385,1.1895166930460028,0.1983269773072867,0.1983269773072867,0.2652242229307429,0.2652242229307429,0.0753059437550638,0.0171161490738681,,b335
GSE17538,M1_msd,336,RUVBL2;ATP12A;NPTN;RANBP9,0.0,0.4425782820123768,1.168768453083174,0.105801371220982,0.105801371220982,0.3019072798570217,0.3019072798570217,0.2887339192499806,0.0063522445629816,,b336
GSE17538,M1_msd,337,ALG3;GOLGA6L6;PLOD3;SLC15A4,0.0,0.1538308231665839,0.2027342176215734,0.0369834550201684,0.0369834550201684,0.0847341119851249,0.0847341119851249,0.7256732272108811,0.4328711850079069,,b337
GSE17538,M1_msd,338,FAM175B;LINC00265;ZNF121;TMEM170A,0.0,0.2517677635883496,0.3981145491215622,0.2197355913854322,0.2197355913854322,0.2094068025902611,0.2094068025902611,0.0490931061115816,0.0503047780434971,,b338
GSE17538,M1_msd,339,YEATS2;KCNJ8;PEPD;EMC3-AS1,0.0,0.1878555534571649,0.4250179828426788,0.1231401912676737,0.1231401912676737,0.2035018499343904,0.2035018499343904,0.2534209794718555,0.0751533072385608,,b339
GSE17538,M1_msd,340,LOC732360;LOC101928317;TOP1;MECR,0.0,0.1957692713353908,0.2870867101592089,0.1141062109510747,0.1141062109510747,0.2859599797209192,0.2859599797209192,0.2980494368175922,0.019913278472561,,b340
GSE17538,M1_msd,341,IPO8;LOC102723692;LTA4H;LINC01111,0.0,0.2986436934836323,0.7209244015121242,0.0862987911494535,0.0862987911494535,0.1782522827580576,0.1782522827580576,0.4136238825450171,0.1071290653522376,,b341
GSE17538,M1_msd,342,SPINT1;LOC400043;ABLIM1;XXYLT1,0.0,0.1441461413255472,0.2977287682071043,0.1531457680764288,0.1531457680764288,0.1379839553761771,0.1379839553761771,0.1445177244267703,0.1690671127098975,,b342
GSE17538,M1_msd,343,MAX;SNURF;ARF4;RNF157,0.0,0.4727985656402077,1.210953439115716,0.1254089338943664,0.1254089338943664,0.2455687714868632,0.2455687714868632,0.2386586058833566,0.0199911356637738,,b343
GSE17538,M1_msd,344,NUCB1;ADH1A;C1orf131;PEX3,0.0,0.1748982513568965,0.2112822986962861,0.1348631806508132,0.1348631806508132,0.1762586139463327,0.1762586139463327,0.2140579648522723,0.0993585798004577,,b344
GSE17538,M1_msd,345,ZDHHC12;FCRLB;DEK;BICD2,0.0,0.4604159652502153,1.388310067702046,0.0326853205551597,0.0326853205551597,0.1629376100574123,0.1629376100574123,0.7551726485009058,0.1415297961526087,,b345
GSE17538,M1_msd,346,SIVA1;LOC100507006;STT3B;RHOV,0.0,0.4956533456886604,1.1053753120923795,0.0784592213333529,0.0784592213333529,0.266059183152349,0.266059183152349,0.4553810442732183,0.0247890341480175,,b346
GSE17538,M1_msd,347,FMO4;C22orf31;IRF2BPL;CGRRF1,0.0,0.2988557208020459,0.4934574994955399,0.2400624671171548,0.2400624671171548,0.2427809321067546,0.2427809321067546,0.0333571741084272,0.0282446064649966,,b347
GSE17538,M1_msd,348,HECTD3;NPIPB11;EFR3A;CUTC,0.0,0.2118733783418301,0.4502558330984665,0.1491690795732956,0.1491690795732956,0.2531700427597491,0.2531700427597491,0.1746903508821857,0.026098907045536,,b348
GSE17538,M1_msd,349,SNORA21;C11orf95;TMEM126A;NBR1,0.0,0.2358666913202374,0.4013355186584264,0.1080321160725,0.1080321160725,0.1921150331711591,0.1921150331711591,0.3155339860246666,0.0869160509481111,,b349
GSE17538,M1_msd,350,COPS7A;SORCS2;MRPL32;SSX2IP,0.0,0.2594313499981157,0.5610851007657188,0.2263699641101491,0.2263699641101491,0.3012068490288559,0.3012068490288559,0.0481123279469081,0.0104759969971869,,b350
GSE17538,M1_msd,351,SHQ1;TTTY8;PNRC1;GOLGA8B,0.0,0.3135927319432258,0.6234917158923184,0.1158022433702744,0.1158022433702744,0.226289038016837,0.226289038016837,0.2985468832580444,0.0517568692618784,,b351
GSE17538,M1_msd,352,SNORA68;SLMAP;YWHAZ;PTCD2,0.0,0.4187244367637672,1.1367266833373462,0.1230743218166813,0.1230743218166813,0.1315203969930908,0.1315203969930908,0.2686544333166104,0.2024425164297493,,b352
GSE17538,M1_msd,353,UBAC1;ATP12A;ZNF146;OPA1,0.0,0.1042017427334511,0.1520246115251362,0.0322473851855817,0.0322473851855817,0.0673762936784773,0.0673762936784773,0.7541094325679656,0.5529679779667893,,b353
GSE17538,M1_msd,354,CCDC117;PRKAA1;GNL2;CUTC,0.0,0.2098180838248072,0.3662365051916995,0.199456317643032,0.199456317643032,0.2717554034440168,0.2717554034440168,0.0767547542663672,0.0180484235083266,,b354
GSE17538,M1_msd,355,CLINT1;ZNF420;ABLIM1;MCFD2,0.0,0.2472424625554756,0.5242374109117417,0.2426700373710636,0.2426700373710636,0.2799215449506044,0.2799215449506044,0.0182394577806552,0.0095731549430581,,b355
GSE17538,M1_msd,356,LARP1;LOC101928317;RPF2;APTX,0.0,0.1949559013131784,0.3034432124951429,0.1403514569723382,0.1403514569723382,0.1772585356165292,0.1772585356165292,0.2033000482195996,0.1454445970679415,,b356
GSE17538,M1_msd,357,MIR7113;MPHOSPH9;LETMD1;POMGNT2,0.0,0.1918180773214043,0.3366935924440811,0.1594294058529065,0.1594294058529065,0.2067359601223613,0.2067359601223613,0.1541987227942977,0.0886723107998963,,b357
GSE17538,M1_msd,358,CLINT1;ADH1A;TAF7;MTFR1,0.0,0.3894282605997777,0.6160010191912741,0.1278110234948517,0.1278110234948517,0.177293332218871,0.177293332218871,0.2505889344681705,0.1287758576887784,,b358
GSE17538,M1_msd,359,C9orf16;ZMYM2;HNRNPA3P1;LINC00028,0.0,0.2203454294288529,0.4606564863455837,0.0093769633928247,0.0093769633928247,0.1341813282878394,0.1341813282878394,0.929394717166424,0.218854558409274,,b359
GSE17538,M1_msd,360,TRIM21;LOC101929177;PEPD;POP1,0.0,0.145140934205119,0.2795159983805143,0.0277943781198047,0.0277943781198047,0.0733978556757523,0.0733978556757523,0.7892653936699459,0.4722516745764651,,b360
GSE17538,M1_msd,361,TSPYL2;LINC00906;DUT;TOMM40L,0.0,0.2153467653318008,0.3571632477330321,0.109341118141967,0.109341118141967,0.2281756560732967,0.2281756560732967,0.3010802495856458,0.0413719854513372,,b361
GSE17538,M1_msd,362,EBP;STK17B;NAP1L1;ALMS1,0.0,0.2605062137711439,0.4098910730799386,0.1220853783499357,0.1220853783499357,0.2520528883400234,0.2520528883400234,0.261030905558545,0.0364448034084758,,b362
GSE17538,M1_msd,363,YEATS2;ATP12A;NET1;SLCO4A1,0.0,0.3634390991076896,0.8248606756800246,-0.0450818356898099,0.0450818356898099,-0.0792015960661833,0.0792015960661833,0.6582895515722039,0.4398281748537023,,b363
GSE17538,M1_msd,364,TRIM21;ZNF326;SNRPF;SLC5A3,0.0,0.2996258335431549,0.6566005841008599,0.0715557635419924,0.0715557635419924,0.2369861104006773,0.2369861104006773,0.4847209057013306,0.0365739668305817,,b364
GSE17538,M1_msd,365,ZNF581;CA5BP1;TUBA4A;ZFP57,0.0,0.2790354136381803,0.6748428869805324,0.0407733634399437,0.0407733634399437,0.1461386797706792,0.1461386797706792,0.6887007438762631,0.165732773320809,,b365
GSE17538,M1_msd,366,PYCR2;LPAR6;PPP4R1;TGIF1,0.0,0.149956042969261,0.1999604103425907,0.1166207856846117,0.1166207856846117,0.3316659682684491,0.3316659682684491,0.289305076633906,0.0052082690745169,,b366
GSE17538,M1_msd,367,DEXI;WNK4;TM2D3;SLC30A1,0.0,0.2142105502785613,0.3822597255340115,0.0169519088822002,0.0169519088822002,0.0364669315847435,0.0364669315847435,0.8700787514210255,0.7516750571674368,,b367
GSE17538,M1_msd,368,POLR2L;KCNK1;RPA2;PINX1,0.0,0.2183310479440323,0.4132486071309814,0.0767512877012342,0.0767512877012342,0.3224109498553207,0.3224109498553207,0.4577650632844903,0.0070272582705167,,b368
GSE17538,M1_msd,369,HECTD3;CXCL2;DECR1;ACAD8,0.0,0.3250555975506489,0.6867475043108301,-0.0213109162545796,0.0213109162545796,0.0042599135127299,0.0042599135127299,0.8397569861898111,0.9679773089062282,,b369
GSE17538,M1_msd,370,LARP1;C7orf25;PSMA4;GOLGA8B,0.0,0.3739287087174361,0.96390772038859,0.2415459180013744,0.2415459180013744,0.2746618734606286,0.2746618734606286,0.0344723265012132,0.0257579024717508,,b370
GSE17538,M1_msd,371,MIR6741;PRR7;NAGK;THBS3,0.0,0.073584549915238,0.1686999818339689,0.0742604938243547,0.0742604938243547,0.1098859200901041,0.1098859200901041,0.4938052606985095,0.2869468013976464,,b371
GSE17538,M1_msd,372,MTPN;TTC39B;NBPF19;SIRPA,0.0,0.2317296863271117,0.3080223501149264,0.155106688423151,0.155106688423151,0.3149954916623725,0.3149954916623725,0.1656504970033318,0.0146242341765553,,b372
GSE17538,M1_msd,373,MPHOSPH10;SLC2A6;ERMP1;ARTN,0.0,0.1651967977950254,0.2715897808495803,0.1193445153952859,0.1193445153952859,0.2469703796715621,0.2469703796715621,0.2690722165221848,0.0347556446315826,,b373
GSE17538,M1_msd,374,NBPF8;SCYL3;PIGP;ARRDC2,0.0,0.2169269679222633,0.342809261462852,0.1186459242890457,0.1186459242890457,0.2350900383286375,0.2350900383286375,0.2753727566887706,0.0395034618688645,,b374
GSE17538,M1_msd,375,TMEM184B;LOC101929177;IGBP1;PREX1,0.0,0.1541463452598173,0.310448526192365,0.0425670187875211,0.0425670187875211,0.139984822768337,0.139984822768337,0.6814077873632146,0.1740343775374575,,b375
GSE17538,M1_msd,376,IP6K2;TRIM13;UXT;NPEPL1,0.0,0.3415663124050745,0.9719049150775784,-0.0216838091935027,0.0216838091935027,0.0099629000123698,0.0099629000123698,0.8341930330514431,0.9275604957459682,,b376
GSE17538,M1_msd,377,TCTA;AFF4;WTH3DI;NBR1,0.0,0.205121664821576,0.3798372150716443,0.0857746064789306,0.0857746064789306,0.1307549055798557,0.1307549055798557,0.4244531253974083,0.2400270609815449,,b377
GSE17538,M1_msd,378,ZC3HC1;S1PR1;TTC19;XRCC2,0.0,0.2686253368666715,0.5263936526275091,0.0977328902576407,0.0977328902576407,0.2325592454073442,0.2325592454073442,0.3730016196692693,0.0402106096658805,,b378
GSE17538,M1_msd,379,ZNF106;TAF9B;PIGP;RHOV,0.0,0.2634896612536747,0.421376560831032,0.0611431711123613,0.0611431711123613,0.2095647433452824,0.2095647433452824,0.566647036742536,0.0788001511111432,,b379
GSE17538,M1_msd,380,BUB3;LOC101928317;LBR;CD79A,0.0,0.4344830959825386,0.9828934856761938,0.0477592168995899,0.0477592168995899,0.1563404062854115,0.1563404062854115,0.6493794241892962,0.1673167725328074,,b380
GSE17538,M1_msd,381,MIF4GD;CD300C;GOLGA7;C1orf52,0.0,0.2542347260734369,0.474669084004963,0.1241613332253675,0.1241613332253675,0.2406388099359701,0.2406388099359701,0.2486979268801656,0.0345377501406875,,b381
GSE17538,M1_msd,382,TINF2;BCRP3;PRDX4;ALMS1,0.0,0.3660257860170208,1.216294701486742,0.1323749859314269,0.1323749859314269,0.2244425636261863,0.2244425636261863,0.2261476270550619,0.0404533585140586,,b382
GSE17538,M1_msd,383,MIR7113;ZNF23;COPS3;PIP5K1B,0.0,0.1694995292603884,0.3366935924440811,0.1568618490750871,0.1568618490750871,0.2391124741286473,0.2391124741286473,0.1500457279090798,0.041481325123403,,b383
GSE17538,M1_msd,384,UBXN2A;ZNF45;AKR7A3;IGSF22,0.0,0.1702802562579647,0.3092440209892233,0.0847644141668597,0.0847644141668597,0.1668464898548959,0.1668464898548959,0.4150213327245761,0.1401266767331438,,b384
GSE17538,M1_msd,385,SNORA21;CREM;ASNSD1;SLC15A4,0.0,0.181236594801205,0.4013355186584264,0.1235110876161809,0.1235110876161809,0.2728511301834889,0.2728511301834889,0.2420206287104997,0.024645477005678,,b385
GSE17538,M1_msd,386,TRIM21;LINC00540;UTP14C;METTL7A,0.0,0.1878944540332349,0.2795159983805143,-0.0025874839497791,0.0025874839497791,-0.0276731718755084,0.0276731718755084,0.9800192336006948,0.7897194277328126,,b386
GSE17538,M1_msd,387,LOC732360;GDF15;PLOD3;XRCC2,0.0,0.1443613874355187,0.2027342176215734,0.1529123351161949,0.1529123351161949,0.1585875294982933,0.1585875294982933,0.1572057665977202,0.1408326190501658,,b387
GSE17538,M1_msd,388,MAPK1;GAREM1;TRMT10C;PPP1R13B,0.0,0.1958896553565572,0.4556408404256207,0.1416683759808102,0.1416683759808102,0.2382885469343845,0.2382885469343845,0.1876451856934025,0.0388710207841617,,b388
GSE17538,M1_msd,389,IFNA13;PPP2R3B;SNORD79;GALNT2,0.0,0.2860549349768502,0.5239539750090385,0.0360224713435492,0.0360224713435492,0.137722468347425,0.137722468347425,0.7424096343773327,0.189044850740389,,b389
GSE17538,M1_msd,390,GNPTG;PIGK;GOLGA7;C8orf44-SGK3,0.0,0.19246601047057,0.2449320226306338,0.145559633897486,0.145559633897486,0.2196572415756064,0.2196572415756064,0.1693949369173382,0.0680677616975957,,b390
GSE17538,M1_msd,391,ABCC3;C3orf38;GTF2B;LRRC37B,0.0,0.2238259472198457,0.4629391420153132,0.1444957548806463,0.1444957548806463,0.1918826032686469,0.1918826032686469,0.1824780856259255,0.0873613186744649,,b391
GSE17538,M1_msd,392,CRB3;FGF17;PSMC3;SH3RF3,0.0,0.1886651681696846,0.3532461870449176,0.1122229051121314,0.1122229051121314,0.1973144261710618,0.1973144261710618,0.3093152262807694,0.0678387092194365,,b392
GSE17538,M1_msd,393,FAM91A1;FAM76A;CCDC6;RHOT1,0.0,0.1615908097898338,0.5433440466406818,0.2383848890155279,0.2383848890155279,0.3150224391531674,0.3150224391531674,0.0405054876462204,0.0089166904442284,,b393
GSE17538,M1_msd,394,KIR2DL5A;CREM;ATP6V0D1;B3GNT5,0.0,0.3492431619281702,0.6214953676582238,0.0200889329270587,0.0200889329270587,0.0316852342720882,0.0316852342720882,0.8531489856847181,0.7649796575277434,,b394
GSE17538,M1_msd,395,CLINT1;CSGALNACT1;ABLIM1;HOXA11,0.0,0.1843987950961458,0.5242374109117417,0.0095639405678744,0.0095639405678744,0.1254985332640328,0.1254985332640328,0.9258286927885158,0.2404794688952243,,b395
GSE17538,M1_msd,396,DAG1;B3GNTL1;GTF2I;GLMN,0.0,0.2005035695802941,0.2758777865741982,0.0815766970702564,0.0815766970702564,0.2565824371201163,0.2565824371201163,0.4406554642259707,0.0332009527819781,,b396
GSE17538,M1_msd,397,MLKL;LOC102725426;LOC100996696;MLXIPL,0.0,0.2123388350725624,0.3793993831527608,-0.0200210237816507,0.0200210237816507,0.1562087526935308,0.1562087526935308,0.8472051269574707,0.1581344341168103,,b397
GSE17538,M1_msd,398,SNX12;C20orf196;MGST2;PIGB,0.0,0.2784042214601882,0.6968077880497011,0.0246451953945983,0.0246451953945983,0.0527816972962651,0.0527816972962651,0.8177873042231918,0.6266720554495115,,b398
GSE17538,M1_msd,399,FAM175B;C20orf196;FAM206A;THBS3,0.0,0.162642209033146,0.3981145491215622,0.0683203839874702,0.0683203839874702,0.1458048909291674,0.1458048909291674,0.5193812474756434,0.1606665825128939,,b399
GSE17538,M1_msd,400,YEATS2;HOMER3;TGIF2-C20orf24;STAM2,0.0,0.5380919840981443,1.5117189085009268,0.1407584535663124,0.1407584535663124,0.2017828642160672,0.2017828642160672,0.1967106817811956,0.0707422591915503,,b400
GSE17538,M1_msd,401,XPO5;CDC25A;BET1;NR0B2,0.0,0.2516436797747548,0.4718530766648238,-0.0126013506878164,0.0126013506878164,0.0035731216306688,0.0035731216306688,0.9036988332636096,0.9736448800401256,,b401
GSE17538,M1_msd,402,PNPLA6;PRKAA1;MFSD1;PIGB,0.0,0.2985863370351751,0.5361533632160783,0.2141639222879884,0.2141639222879884,0.3121610503588397,0.3121610503588397,0.054908229230099,0.0087918175889939,,b402
GSE17538,M1_msd,403,DNPH1;DLL1;MPLKIP;RANBP9,0.0,0.2110427480490714,0.3673956322739234,0.1105182545056601,0.1105182545056601,0.1990046046155265,0.1990046046155265,0.3184103295894209,0.0702497032948571,,b403
GSE17538,M1_msd,404,ILKAP;HSPB2-C11orf52;ACOT9;CEP78,0.0,0.2550139074936278,0.4847792126883219,0.1802872176548793,0.1802872176548793,0.3046498573128442,0.3046498573128442,0.0934538482899075,0.0100211970431032,,b404
GSE17538,M1_msd,405,OTUB1;ZNF277;PNPT1;LINC00028,0.0,0.130305211927032,0.1990583513561562,0.1211285157783755,0.1211285157783755,0.1645826442143293,0.1645826442143293,0.2809458974940851,0.1409993679115504,,b405
GSE17538,M1_msd,406,MCAM;HOMER3;MOB4;TSFM,0.0,0.187826280299344,0.342112437504451,0.2646913384550448,0.2646913384550448,0.4023425363735158,0.4023425363735158,0.0190230082266383,0.0011127901810938,,b406
GSE17538,M1_msd,407,SLC41A3;PDPN;ARL6IP4;MTFR1,0.0,0.1878057524783491,0.3879675641546923,0.1612457672815368,0.1612457672815368,0.2753872221646593,0.2753872221646593,0.1533434635696375,0.0254019525381972,,b407
GSE17538,M1_msd,408,CHPF;CCDC140;SMNDC1;SLC15A4,0.0,0.103246590811396,0.125761433131935,0.155769411242549,0.155769411242549,0.3581862868120904,0.3581862868120904,0.1652154439986929,0.0042890664127516,,b408
GSE17538,M1_msd,409,PDXK;BOD1L2;UXT;ADPRM,0.0,0.4332571030493344,0.9719049150775784,0.0872177651431844,0.0872177651431844,0.1774686458116479,0.1774686458116479,0.4198338967362144,0.120754852427142,,b409
GSE17538,M1_msd,410,PTPA;ZMYM1;ASNSD1;ITFG1,0.0,0.1529814802221067,0.307128587965049,0.1901849864048475,0.1901849864048475,0.2785180067530464,0.2785180067530464,0.0916053492411339,0.0183784324985712,,b410
GSE17538,M1_msd,411,NBPF8;ABCC6P1;UBAC2;SPTY2D1,0.0,0.2390706490707816,0.3034876723827572,0.1066941343711602,0.1066941343711602,0.1204626038002833,0.1204626038002833,0.3258534244158878,0.2894907709796737,,b411
GSE17538,M1_msd,412,SNORA21;TTTY8B;PCMT1;EPB41L4A-AS1,0.0,0.1989408803102543,0.4013355186584264,0.1919782363800187,0.1919782363800187,0.2693288388480532,0.2693288388480532,0.083225578830269,0.0214545195516268,,b412
GSE17538,M1_msd,413,NAGA;KIZ;GPX4;RAB36,0.0,0.3609955772851854,0.7700935184507601,-0.0275135678679389,0.0275135678679389,-0.0343884630615822,0.0343884630615822,0.7927347127166207,0.7266662633150416,,b413
GSE17538,M1_msd,414,HTRA2;BCRP3;UTP14C;C3orf52,0.0,0.1779207571248481,0.3738674329963488,0.1070529205942257,0.1070529205942257,0.1482188473983863,0.1482188473983863,0.3305408173881724,0.1674686870834588,,b414
GSE17538,M1_msd,415,CST3;LOC646743;FAM58A;FOXJ3,0.0,0.2146732582954282,0.3019320224485921,0.0310668801058425,0.0310668801058425,0.0943011037571916,0.0943011037571916,0.7675305056676087,0.3887184238833757,,b415
GSE17538,M1_msd,416,MCOLN1;PDPN;KLHDC2;NUP133,0.0,0.269052351659542,0.4127360713294191,0.167899945526295,0.167899945526295,0.2640629913875637,0.2640629913875637,0.131227501826739,0.0275021719719089,,b416
GSE17538,M1_msd,417,TSACC;C20orf196;VEGFA;SASH3,0.0,0.1875483142011757,0.3503329635158985,-0.1026770039536647,0.1026770039536647,-0.0497162127965251,0.0497162127965251,0.3209214080967655,0.6116674173739173,,b417
GSE17538,M1_msd,418,HTRA2;C11orf95;IFT172;COX11,0.0,0.1630477549574508,0.3738674329963488,0.113351124148737,0.113351124148737,0.1000515367369954,0.1000515367369954,0.2841960523457042,0.3518712606067068,,b418
GSE17538,M1_msd,419,TCF7L2;LOC101928419;LCLAT1;GALNT2,0.0,0.1119442044975822,0.1460675946772957,0.2088899097890899,0.2088899097890899,0.3481640856923941,0.3481640856923941,0.0548525950802557,0.0036751432183662,,b419
GSE17538,M1_msd,420,TCF7L2;FGF17;LBR;PLIN1,0.0,0.3120388067987368,0.9828934856761938,0.1447675767058056,0.1447675767058056,0.1797224136422242,0.1797224136422242,0.1915526523378958,0.1124804869808551,,b420
GSE17538,M1_msd,421,AXIN1;SASS6;TMCO1;FAM83F,0.0,0.1876257305830352,0.3260379238901199,-0.0477850475965613,0.0477850475965613,-0.026162835709127,0.026162835709127,0.6362789086303665,0.8037476230697351,,b421
GSE17538,M1_msd,422,EIF2AK2;INTS6L;SNORD81;LOC100132731,0.0,0.33105676679396,0.5239539750090385,0.2112898567444582,0.2112898567444582,0.2896737590155614,0.2896737590155614,0.0669661261709162,0.0077310655985883,,b422
GSE17538,M1_msd,423,METTL17;IFNA6;GTF2B;ZC3H8,0.0,0.1557888641586695,0.3667861075024343,0.2507313202217248,0.2507313202217248,0.298687284519753,0.298687284519753,0.0308873249973718,0.0091660668800889,,b423
GSE17538,M1_msd,424,PCDHGB5;TMEM74B;PRDX4;SLCO4A1,0.0,0.4395229943869373,1.216294701486742,0.0382310612687345,0.0382310612687345,0.144486524158339,0.144486524158339,0.7034163908577348,0.1840823995349444,,b424
GSE17538,M1_msd,425,C1orf123;C22orf31;WDFY1;CDKN2C,0.0,0.0816107421489709,0.0926086654455165,0.0332868676148566,0.0332868676148566,0.1621390622358673,0.1621390622358673,0.7520288244085432,0.1374349727977837,,b425
GSE17538,M1_msd,426,COMMD9;ZNF292;SNORD80;ZCCHC6,0.0,0.1944389964794529,0.5239539750090385,0.2333848550442473,0.2333848550442473,0.3869932416456549,0.3869932416456549,0.0426078717355187,0.0019082708087125,,b426
GSE17538,M1_msd,427,CHKB;ZC2HC1C;HNRNPF;GOLGA8B,0.0,0.1624058452449813,0.2401333779568779,0.084244339406779,0.084244339406779,0.1841538988423366,0.1841538988423366,0.4259289285688041,0.0982464271366619,,b427
GSE17538,M1_msd,428,ATXN1L;ZC2HC1C;SNORD79;RTP5,0.0,0.2610941919751555,0.5239539750090385,0.1093033775313992,0.1093033775313992,0.1844463508370412,0.1844463508370412,0.3275658874018845,0.0993412913791957,,b428
GSE17538,M1_msd,429,ILKAP;TISP43;BCAP31;LOC100506548,0.0,0.4496060702496612,1.0807167038415102,0.1154025112109492,0.1154025112109492,0.1605170499247326,0.1605170499247326,0.2753366249170793,0.162418456758901,,b429
GSE17538,M1_msd,430,HEIH;ABCC6P1;ERMP1;SMPD3,0.0,0.1985875065696885,0.280506319211079,-0.0122328585385925,0.0122328585385925,-0.1432862317672935,0.1432862317672935,0.9062423564558256,0.2218055931116681,,b430
GSE17538,M1_msd,431,FTO;FOXCUT;GTF2I;PINX1,0.0,0.1501510112634309,0.2758777865741982,0.0919688992421551,0.0919688992421551,0.1563094187659917,0.1563094187659917,0.3874802135529925,0.1867460568058243,,b431
GSE17538,M1_msd,432,MCOLN1;PPP2R3B;CCDC6;COL7A1,0.0,0.196009737620081,0.4127360713294191,0.1905407592178117,0.1905407592178117,0.3855601615222241,0.3855601615222241,0.0806144197287894,0.0006603431773817,,b432
GSE17538,M1_msd,433,TDRD7;ANGPT4;SLC25A39;IGSF8,0.0,0.2539332592032629,0.4742586968004439,-0.0314983508828261,0.0314983508828261,0.0613705506732102,0.0613705506732102,0.7507482744663767,0.5565276412582041,,b433
GSE17538,M1_msd,434,METTL17;KCNJ8;HACD2;XXYLT1,0.0,0.1904734461498608,0.3667861075024343,0.3348517114271356,0.3348517114271356,0.5041428265876332,0.5041428265876332,0.0043929025234369,0.0001038828644997,,b434
GSE17538,M1_msd,435,BUB3;PDPN;ACTR10;APTX,0.0,0.2684135814166101,0.4963433954867873,0.2471161337743341,0.2471161337743341,0.4043769738034001,0.4043769738034001,0.0341292505120728,0.0012041619126499,,b435
GSE17538,M1_msd,436,RBM27;DDX60L;PLOD3;MCFD2,0.0,0.2176831656541785,0.2367329856227157,0.2135489561194992,0.2135489561194992,0.273026651226022,0.273026651226022,0.0579631587263876,0.0244527051902179,,b436
GSE17538,M1_msd,437,TMEM245;LINC01061;MAGED1;ASXL1,0.0,0.3503153238790433,0.6761091634731808,0.0456745264421246,0.0456745264421246,0.0022529562614684,0.0022529562614684,0.6692849344451105,0.9843947937997116,,b437
GSE17538,M1_msd,438,C9orf16;FOXCUT;OSBPL9;KAT6A,0.0,0.2725258077635967,0.4606564863455837,0.0945395431897041,0.0945395431897041,0.1863010896317409,0.1863010896317409,0.356303145669352,0.0739052023923404,,b438
GSE17538,M1_msd,439,MFSD5;FOXCUT;SUMF2;IGSF22,0.0,0.1652218369389894,0.3084078021268487,-0.0617928942212898,0.0617928942212898,0.0548706679320706,0.0548706679320706,0.5501801139773386,0.6036075150773822,,b439
GSE17538,M1_msd,440,MIR4691;GPR26;SMIM22;PREX1,0.0,0.1646138334826306,0.3366935924440811,0.0130286198140939,0.0130286198140939,0.100853171497721,0.100853171497721,0.900194951236728,0.3362803144373933,,b440
GSE17538,M1_msd,441,ATP5F1;CCNT2;PTP4A1;LOC100132731,0.0,0.1001471293568396,0.1851846956145231,0.0752929310957293,0.0752929310957293,0.162142372035558,0.162142372035558,0.4862735373280209,0.1569763452754313,,b441
GSE17538,M1_msd,442,RBM17;JMY;RALY;C8orf44-SGK3,0.0,0.2479200497315113,0.4635734886684858,0.0871281715663927,0.0871281715663927,0.0983929934171138,0.0983929934171138,0.4146629150420388,0.3806478586249722,,b442
GSE17538,M1_msd,443,MIR7113;PPP2R3B;P2RX4;GSTA4,0.0,0.1706291825050773,0.3366935924440811,0.1205989395856444,0.1205989395856444,0.1574168897341472,0.1574168897341472,0.2847820995514141,0.1333483548963186,,b443
GSE17538,M1_msd,444,MUTYH;LOC100130285;ACVR1;IGLON5,0.0,0.1373489831729371,0.223670666288754,0.0990784717864773,0.0990784717864773,0.1967327674326936,0.1967327674326936,0.3540032384527264,0.0868124590740457,,b444
GSE17538,M1_msd,445,TXN2;CSGALNACT1;HNRNPA3P1;CLEC1A,0.0,0.1279694469204448,0.1934123557642614,0.0153020355325788,0.0153020355325788,0.1148453683309107,0.1148453683309107,0.8843275940003659,0.2830117064312626,,b445
GSE17538,M1_msd,446,SMG8;SLMAP;SMIM20;ARHGAP21,0.0,0.2159666797226369,0.3991559527005373,0.164722080182281,0.164722080182281,0.1741712464149323,0.1741712464149323,0.1304201287863002,0.1265734348459151,,b446
GSE17538,M1_msd,447,MAX;ZMYM2;NBPF19;RAPH1,0.0,0.2363560194112503,0.4434091504012311,0.111915353005963,0.111915353005963,0.269431053476105,0.269431053476105,0.304643736481449,0.0157963925730467,,b447
GSE17538,M1_msd,448,SMG8;SLC2A6;C14orf119;WDR26,0.0,0.2742489402152453,0.4844161449636336,0.1421419669543017,0.1421419669543017,0.2556487418123325,0.2556487418123325,0.1915811702340479,0.0274922253430034,,b448
GSE17538,M1_msd,449,UBAC1;H1FOO;EMG1;TOMM40L,0.0,0.1405213080506981,0.2797066477532398,0.0298317115197651,0.0298317115197651,0.0559007960748715,0.0559007960748715,0.7700363677945931,0.5849083221531993,,b449
GSE17538,M1_msd,450,MCOLN1;NAGS;ARMC10;NIPAL2,0.0,0.1915454394738233,0.4127360713294191,-0.0072615057886134,0.0072615057886134,0.0185216280365735,0.0185216280365735,0.9451531344170888,0.8627157883212585,,b450
GSE17538,M1_msd,451,MCRIP1;AMN1;CHCHD1;ATG4C,0.0,0.2483500802814849,0.4403372217846573,0.1858411222612392,0.1858411222612392,0.2868419117313235,0.2868419117313235,0.0872665863717813,0.0160893343577369,,b451
GSE17538,M1_msd,452,MUTYH;SORCS2;PFKM;CC2D2B,0.0,0.1364866955731063,0.223670666288754,-0.0594951733060647,0.0594951733060647,-0.0321235046605209,0.0321235046605209,0.5556825038493567,0.7522002245116384,,b452
GSE17538,M1_msd,453,ARL2;ZNF85;PDIA3;IFFO2,0.0,0.1040176555638976,0.1384998976747032,0.0998172025349597,0.0998172025349597,0.2217599256178926,0.2217599256178926,0.3446536746179449,0.04462354717178,,b453
GSE17538,M1_msd,454,SNORA70;CLEC11A;WDR77;IMPAD1,0.0,0.1070238366677628,0.1661327103277346,0.1273013355474953,0.1273013355474953,0.248721649804881,0.248721649804881,0.2449600355315186,0.0390345154776535,,b454
GSE17538,M1_msd,455,TMEM126B;FMO1;C20orf24;TTI2,0.0,0.434845230015208,1.5117189085009268,0.0487033950079948,0.0487033950079948,0.1397279905570413,0.1397279905570413,0.6502064532350883,0.2115016658819485,,b455
GSE17538,M1_msd,456,IP6K2;H1FOO;MRPL13;SMIM11A,0.0,0.1787805082208194,0.3690150798810596,0.0021817901393559,0.0021817901393559,0.0515391818787976,0.0515391818787976,0.9831364015314408,0.6491808763511879,,b456
GSE17538,M1_msd,457,XPNPEP1;OSTM1;PPP3CA;ATG4C,0.0,0.201441297660512,0.2741261231775232,0.2910306007761356,0.2910306007761356,0.4686335083288701,0.4686335083288701,0.00929243789508,0.0003362686234401,,b457
GSE17538,M1_msd,458,PREB;NAGS;THAP12;PIK3CB,0.0,0.2500162262491243,0.4937647370419394,0.131469710638199,0.131469710638199,0.0991393825632158,0.0991393825632158,0.2220430908167172,0.3397189847340256,,b458
GSE17538,M1_msd,459,TCTA;FJX1;GPX4;PINX1,0.0,0.3479676178949424,0.7700935184507601,0.0828045118242929,0.0828045118242929,0.0960012216901789,0.0960012216901789,0.424181646888963,0.334101585002749,,b459
GSE17538,M1_msd,460,ABCC3;ITPKA;ACTN4;PIP5K1B,0.0,0.3822051528751536,0.7317266463106492,-0.0901561940740586,0.0901561940740586,-0.0667514335599662,0.0667514335599662,0.3539211696769023,0.4868352751542653,,b460
GSE17538,M1_msd,461,PTPA;LOC105374366;GINM1;TGM2,0.0,0.175658200694799,0.307128587965049,0.1070818306446013,0.1070818306446013,0.173060640321183,0.173060640321183,0.3222400696240289,0.1295838360150127,,b461
GSE17538,M1_msd,462,TMEM126B;EED;KPNA3;C1orf52,0.0,0.1238036174595803,0.1772727217090477,0.2366346123757005,0.2366346123757005,0.3360182082873919,0.3360182082873919,0.0403340870040283,0.0050704280577686,,b462
GSE17538,M1_msd,463,LOC101060581;ACTL10;ATRAID;BTF3L4,0.0,0.3620773305304298,0.8917052138870327,0.0652929091336625,0.0652929091336625,0.125494484821145,0.125494484821145,0.5294143944390042,0.2711981083335071,,b463
GSE17538,M1_msd,464,UGP2;PIGK;OPHN1;SSX2IP,0.0,0.2465664467513662,0.4488051393462189,0.15246000706779,0.15246000706779,0.1953537767452371,0.1953537767452371,0.1738814004678304,0.0875160648165274,,b464
GSE17538,M1_msd,465,SF3B3;SLC2A6;ANXA2P2;GSTA4,0.0,0.4336269231606358,1.1055673816149827,0.1652922190990013,0.1652922190990013,0.3503907303950183,0.3503907303950183,0.1265759346508538,0.0029784875856198,,b465
GSE17538,M1_msd,466,MGRN1;LIN28A;PRMT5;MTF2,0.0,0.2772286475464445,0.4459711280913281,0.122522090175923,0.122522090175923,0.2377366875500627,0.2377366875500627,0.2567854360707901,0.0432518580831924,,b466
GSE17538,M1_msd,467,TEX2;H1FOO;RAB11A;SNX19,0.0,0.1426939445408083,0.2381530819802014,0.1042217040075294,0.1042217040075294,0.1749805528118296,0.1749805528118296,0.326118110031547,0.1032413847841168,,b467
GSE17538,M1_msd,468,DUSP3;FAM133DP;PSMC3;B3GNT5,0.0,0.2055741232735992,0.4728697040986913,0.1746673050455675,0.1746673050455675,0.236674881035457,0.236674881035457,0.1127256005826335,0.0308344191721201,,b468
GSE17538,M1_msd,469,LARP1;FBXL2;IER2;SPTY2D1,0.0,0.4749045207795613,1.184421467706463,0.2962859444198279,0.2962859444198279,0.2953994507116959,0.2953994507116959,0.0128372208922595,0.0156319203161033,,b469
GSE17538,M1_msd,470,SEPT8;TTTY8;ADD3;REM1,0.0,0.3848856722879391,0.9725440018157118,0.0837463566008671,0.0837463566008671,0.1410960846982714,0.1410960846982714,0.4345992992033037,0.2124944714342975,,b470
GSE17538,M1_msd,471,CHKB;CSGALNACT1;DECR1;TMEM19,0.0,0.2881440057233933,0.6867475043108301,0.090737473613616,0.090737473613616,0.1234924544962053,0.1234924544962053,0.3795909185163008,0.2655323373998401,,b471
GSE17538,M1_msd,472,NPEPPS;INTS6L;LAMP1;POP1,0.0,0.2795882145674099,0.6243045168600468,0.206009317432365,0.206009317432365,0.1219301204494748,0.1219301204494748,0.0582636249989816,0.2596767947344724,,b472
GSE17538,M1_msd,473,MIF4GD;PRKAA1;GSS;TEFM,0.0,0.206804574812299,0.474669084004963,0.1002619937906758,0.1002619937906758,0.1074529899295814,0.1074529899295814,0.3437254924922898,0.3065507361560183,,b473
GSE17538,M1_msd,474,PRPF40A;XCL2;P2RX4;ITFG1,0.0,0.1534538310487891,0.2186210533155374,0.1145744981656728,0.1145744981656728,0.1935551115344049,0.1935551115344049,0.2763562817104195,0.0801301580709497,,b474
GSE17538,M1_msd,475,CHKB;ZNF326;SNRPF;STAM2,0.0,0.2920973983522161,0.6566005841008599,0.113145071495591,0.113145071495591,0.2746836185032419,0.2746836185032419,0.2809004625372863,0.0190797996361891,,b475
GSE17538,M1_msd,476,EGFR;PRKAA1;DNAJA1;CAAP1,0.0,0.3820408897748986,0.7227248547703216,0.1533707082652394,0.1533707082652394,0.1453019017542121,0.1453019017542121,0.1687519967264449,0.1694909436074411,,b476
GSE17538,M1_msd,477,DAG1;WNK4;ANKRD49;ALDH6A1,0.0,0.1306936974090955,0.1655666950867333,0.0066518248028034,0.0066518248028034,-0.0029692504697209,0.0029692504697209,0.9477429197529766,0.974829847576214,,b477
GSE17538,M1_msd,478,ZNF106;LOC729218;MCM3;CTSZ,0.0,0.234787659171525,0.421376560831032,0.0660142320886894,0.0660142320886894,0.0284526911741012,0.0284526911741012,0.5214941032799709,0.781363450555773,,b478
GSE17538,M1_msd,479,DEXI;LOC729218;TMCO1;C8orf44-SGK3,0.0,0.2746955807091087,0.3822597255340115,0.0616191927488732,0.0616191927488732,0.0420953329587011,0.0420953329587011,0.5720538231978596,0.7080146694003173,,b479
GSE17538,M1_msd,480,PRMT1;BOD1L2;PFKM;SLC5A3,0.0,0.2116937536945798,0.500913157072952,0.056197904942893,0.056197904942893,0.1923291635627697,0.1923291635627697,0.5891500675129817,0.0769761882858559,,b480
GSE17538,M1_msd,481,SNORD61;HLA-DQB2;PNPT1;MLXIPL,0.0,0.1582918909603803,0.368495875636288,-0.0606684093112595,0.0606684093112595,-0.0088893245250814,0.0088893245250814,0.5518208849225412,0.9340813739641318,,b481
GSE17538,M1_msd,482,ALG3;STAG3L4;MGAT4B;C8orf44-SGK3,0.0,0.1767153334998067,0.317559331750892,-0.0343974192623076,0.0343974192623076,-0.1371614517717061,0.1371614517717061,0.7474928004595649,0.1854270030531701,,b482
GSE17538,M1_msd,483,GPKOW;DDX60L;MIR664B;PPP1R13B,0.0,0.2883644209003372,0.4567598516521262,0.0752748579866193,0.0752748579866193,0.1083665985845957,0.1083665985845957,0.4758224171910955,0.3154699334876008,,b483
GSE17538,M1_msd,484,C16orf91;ABCA11P;TTC19;EEF1E1,0.0,0.1732366329302342,0.3329904856925814,0.0876290635512834,0.0876290635512834,0.2259262397802257,0.2259262397802257,0.3971116724445761,0.0661709649596058,,b484
GSE17538,M1_msd,485,DNPH1;EXOG;ACTR10;NAA25,0.0,0.2563729375401212,0.4963433954867873,0.1984584423885111,0.1984584423885111,0.3049608781453075,0.3049608781453075,0.0778519014175789,0.0148763643998441,,b485
GSE17538,M1_msd,486,NR2C2AP;DDX60L;PCMT1;XRCC2,0.0,0.2509887952323248,0.4511755284986823,0.1088437862849844,0.1088437862849844,0.2412927144111426,0.2412927144111426,0.3112628794982635,0.0407742441968008,,b486
GSE17538,M1_msd,487,RNF220;ERCC6-PGBD3;MOB4;OPA1,0.0,0.1613729219383756,0.2170557932477477,0.1474139527929709,0.1474139527929709,0.2115368030515586,0.2115368030515586,0.1938876498540691,0.0660329989205069,,b487
GSE17538,M1_msd,488,TMEM245;ZNF268;RPIA;CSNK1A1,0.0,0.2705933943605919,0.4520180508787832,0.1518957401325534,0.1518957401325534,0.1978166053683205,0.1978166053683205,0.1721844274129795,0.1194482643743898,,b488
GSE17538,M1_msd,489,DTD1;HLA-DQB2;PTS;PRKG2,0.0,0.2921027975990481,0.5299442114754722,0.1193740165626626,0.1193740165626626,0.2124999102285614,0.2124999102285614,0.2655518934858234,0.0563592212955622,,b489
GSE17538,M1_msd,490,SYS1;ANGPT4;GPD1L;TMEM19,0.0,0.2222771684226328,0.5289668780643249,-0.0260473040383397,0.0260473040383397,-0.0011359403443611,0.0011359403443611,0.8001294479793507,0.991545367412243,,b490
GSE17538,M1_msd,491,MPHOSPH10;XRN1;PSMC3;KCTD18,0.0,0.2054638205428413,0.2715897808495803,0.1413465452238903,0.1413465452238903,0.2099346202497858,0.2099346202497858,0.2024913351951968,0.0725098413859387,,b491
GSE17538,M1_msd,492,DDX23;DENND4A;RFWD2;HBG1,0.0,0.1329689455334577,0.2371330024359661,0.1405481978365705,0.1405481978365705,0.2379927766327033,0.2379927766327033,0.1804228566697205,0.0572603302771995,,b492
GSE17538,M1_msd,493,XPO1;TTTY8B;NDUFB11;KCTD18,0.0,0.3634354784598501,0.8012768033576122,0.0864451576827223,0.0864451576827223,0.1609423498080472,0.1609423498080472,0.4273724948256553,0.1521968536778031,,b493
GSE17538,M1_msd,494,NBPF8;TTTY8B;BORCS7;FCHO1,0.0,0.2134139303743758,0.3034876723827572,0.1405530002446526,0.1405530002446526,0.345948990290569,0.345948990290569,0.1881720833393154,0.0041079257485483,,b494
GSE17538,M1_msd,495,ZNF622;LOC101929959;C1orf43;FOXJ3,0.0,0.1389211292360575,0.2566128533484457,0.0553527322859592,0.0553527322859592,0.1337739648617982,0.1337739648617982,0.587488665035672,0.2273724877873795,,b495
GSE17538,M1_msd,496,TMEM184B;PIGK;MRPL40;PINX1,0.0,0.1421058231684215,0.1837363263347517,0.05003382951922,0.05003382951922,0.1426780774840167,0.1426780774840167,0.6344678266463497,0.1518566594662824,,b496
GSE17538,M1_msd,497,SF3B3;C11orf52;MRPL36;COX19,0.0,0.3192069059171799,0.5224356918754643,0.0723580489213285,0.0723580489213285,0.0931174057238713,0.0931174057238713,0.4904934358858537,0.3890923463688909,,b497
GSE17538,M1_msd,498,C5orf15;LRRC57;MRPS35;COX19,0.0,0.3393114513560979,0.8185932396439318,0.1666701174855731,0.1666701174855731,0.2459468474201611,0.2459468474201611,0.1450458018878395,0.0441325532100557,,b498
GSE17538,M1_msd,499,ANKZF1;GAL3ST1;PFKM;ALMS1,0.0,0.1749080862975131,0.516978397434155,0.0347302938032475,0.0347302938032475,0.0920588820882498,0.0920588820882498,0.7438298257170906,0.4148471003500449,,b499
GSE17538,M1_msd,500,PSMD11;HLA-DQB2;TSN;MECP2,0.0,0.1641329438152932,0.2293050251167368,0.0957265116573283,0.0957265116573283,0.202186795922465,0.202186795922465,0.3795573460564595,0.084346651801585,,b500
GSE17538,M1_msd,501,ZNF581;GXYLT1;PDHA1;TRMT1,0.0,0.1595894249688608,0.23648161333512,0.0168858101139674,0.0168858101139674,0.0467446436706137,0.0467446436706137,0.8690634174275351,0.6534232103633717,,b501
GSE17538,M1_msd,502,MAD2L1BP;FAM133DP;FAM206A;ARHGAP21,0.0,0.1299226123702545,0.2478783587491772,0.1360439259648204,0.1360439259648204,0.2116244685175934,0.2116244685175934,0.2137297163253719,0.0631295276274801,,b502
GSE17538,M1_msd,503,EID2;DDX60L;MARCKSL1;PTP4A3,0.0,0.5780007606246115,1.354379470459823,-0.0491588398357016,0.0491588398357016,0.0053196230680695,0.0053196230680695,0.6234731922071552,0.9592524169014672,,b503
GSE17538,M1_msd,504,TMEM138;LEF1;LAMTOR4;SMARCA2,0.0,0.1933957364951563,0.4411347629552734,0.1154778215541171,0.1154778215541171,0.2029115208888328,0.2029115208888328,0.3028909404488136,0.0902815938212288,,b504
GSE17538,M1_msd,505,PTPA;CBFA2T3;CHCHD1;EMC3-AS1,0.0,0.211787589740632,0.307128587965049,0.0870907770359031,0.0870907770359031,0.2697238912706451,0.2697238912706451,0.4083829445879795,0.018040734232501,,b505
GSE17538,M1_msd,506,COLGALT1;DDX60L;HDAC1;RIN2,0.0,0.455041007023483,1.0386159160254105,0.0852892765663932,0.0852892765663932,0.2482645154707261,0.2482645154707261,0.4305789792175427,0.0342333104315712,,b506
GSE17538,M1_msd,507,EID2;BCRP3;YWHAB;PTCD2,0.0,0.4841453011098017,1.3143258213116242,0.0664084988901453,0.0664084988901453,0.1136243435587931,0.1136243435587931,0.5312313707316524,0.2977181087680962,,b507
GSE17538,M1_msd,508,BUD31;FGF17;RCC2;MLXIPL,0.0,0.2988246354145765,0.58567247831586,-0.0763435271956637,0.0763435271956637,0.0490006857805303,0.0490006857805303,0.4527168027998763,0.6319158421812265,,b508
GSE17538,M1_msd,509,IRF2BP1;TTTY8B;BOLA2B;ITGB1,0.0,0.1891771575109958,0.4680326111330449,0.0756364344357566,0.0756364344357566,0.2008806295094013,0.2008806295094013,0.4772434463993789,0.0702302978271727,,b509
GSE17538,M1_msd,510,ABCC3;ACTL10;AP2M1;TFPT,0.0,0.3052432920336614,0.544602163980027,0.0015113873779723,0.0015113873779723,0.0217615341296728,0.0217615341296728,0.9885555904252118,0.8230344937377038,,b510
GSE17538,M1_msd,511,ATXN1L;VSTM2L;TMCO1;TEFM,0.0,0.2084019339244811,0.3491682518997402,0.0998720297647739,0.0998720297647739,0.0841389594160504,0.0841389594160504,0.3496021395530828,0.4162124655900708,,b511
GSE17538,M1_msd,512,C5orf15;AMZ2P1;MAGED1;BTF3L4,0.0,0.3229431652933237,0.6761091634731808,0.1655343886017556,0.1655343886017556,0.1539986899166473,0.1539986899166473,0.1302887548947994,0.1648265398198484,,b512
GSE17538,M1_msd,513,HDAC3;ANXA2P1;PEPD;SLC15A4,0.0,0.0910571637374292,0.125761433131935,0.2427748878674652,0.2427748878674652,0.3379347347446413,0.3379347347446413,0.0384599012332935,0.0085704792484474,,b513
GSE17538,M1_msd,514,BYSL;SLC4A11;SNORD1A;FRAT1,0.0,0.3085240400744589,0.6501854311129363,0.0148881588990403,0.0148881588990403,0.1404770037438662,0.1404770037438662,0.8840966559247273,0.2064123213852537,,b514
GSE17538,M1_msd,515,SYS1;NUDT16P1;CHCHD1;TRABD2A,0.0,0.2231141286205754,0.5289668780643249,-0.03940738680201,0.03940738680201,-0.0328592872433773,0.0328592872433773,0.6993837912154472,0.7424932148617003,,b515
GSE17538,M1_msd,516,UGP2;PAQR7;NBPF25P;BRCA1,0.0,0.1975257024682661,0.4131682404987287,0.1573748158459353,0.1573748158459353,0.3203894283109514,0.3203894283109514,0.155520348335937,0.0063789402441771,,b516
GSE17538,M1_msd,517,MEN1;SNURF;SMNDC1;TSFM,0.0,0.1444283481710724,0.3107395506490437,0.19769138656173,0.19769138656173,0.2164470326925678,0.2164470326925678,0.0738374738681448,0.048485290340846,,b517
GSE17538,M1_msd,518,UBQLN4;UACA;VAT1;LYSMD1,0.0,0.2741321626363496,0.5074411209909535,0.1198964275482101,0.1198964275482101,0.1821337682127937,0.1821337682127937,0.2726989627892264,0.0786462226038425,,b518
GSE17538,M1_msd,519,IRF3;FAM133B;RNF149;ACTR5,0.0,0.2356334469156781,0.3467808256852412,0.10636354961463,0.10636354961463,0.2430263921691513,0.2430263921691513,0.3115811615539174,0.0269118565609586,,b519
GSE17538,M1_msd,520,C16orf91;STAG3L4;DNAJA2;IMPAD1,0.0,0.1404114824614077,0.2760114789144201,0.1266563223959063,0.1266563223959063,0.2013459936599052,0.2013459936599052,0.2470498667842758,0.1032966180458604,,b520
GSE17538,M1_msd,521,BUB3;POLR1E;AP2M1;KCTD11,0.0,0.273721546023191,0.544602163980027,0.2344512298370597,0.2344512298370597,0.424452635657569,0.424452635657569,0.0406675501192351,0.0004675860288494,,b521
GSE17538,M1_msd,522,TRIP10;CHST11;SRPK1;BLOC1S3,0.0,0.2454983708056677,0.3861972446053768,0.0833741421810968,0.0833741421810968,0.2298527067684863,0.2298527067684863,0.4356044796157405,0.0426328609109435,,b522
GSE17538,M1_msd,523,RSAD1;SSUH2;USP11;SRPK2,0.0,0.143068311329696,0.2627393861568008,0.0370042388831313,0.0370042388831313,0.0315015411980631,0.0315015411980631,0.7228644902177822,0.7769348205656436,,b523
GSE17538,M1_msd,524,SNORA70;ANGPT4;ZNF121;PTCD2,0.0,0.1332081431231025,0.2386082788347864,0.0979381462390593,0.0979381462390593,0.1659565800201755,0.1659565800201755,0.3784566274338853,0.1330986880979247,,b524
GSE17538,M1_msd,525,KIAA0391;ZMYM2;SERINC3;DDIAS,0.0,0.2426665900389327,0.6686643753066845,0.0987677945261713,0.0987677945261713,0.1599851110883286,0.1599851110883286,0.3690928652498625,0.1631024481611251,,b525
GSE17538,M1_msd,526,DECR2;SAMD15;RAN;ZNF766,0.0,0.2786401701025685,0.9841149812852984,0.0340492022764181,0.0340492022764181,0.0250234091643986,0.0250234091643986,0.7440887964504239,0.8140874520176906,,b526
GSE17538,M1_msd,527,SLC41A3;TREML2;HSD17B10;TSFM,0.0,0.3550439861523201,0.6948758043863419,-0.0250589949176967,0.0250589949176967,0.0119272448835651,0.0119272448835651,0.8034077635716553,0.9102617000626718,,b527
GSE17538,M1_msd,528,MIR6741;CA5BP1;TM9SF2;ACCS,0.0,0.4453354534440197,1.4262403062425864,0.0679900759121961,0.0679900759121961,0.1405585642014132,0.1405585642014132,0.5287792059069112,0.2012737804707906,,b528
GSE17538,M1_msd,529,FTO;CCNT2;LOC101928830;FOXA2,0.0,0.2350921250560449,0.7209244015121242,0.2300437795540807,0.2300437795540807,0.2734074642987469,0.2734074642987469,0.0374270336055505,0.0258308675078249,,b529
GSE17538,M1_msd,530,SNORD61;FJX1;ACSS2;TAF1L,0.0,0.1986078705956243,0.368495875636288,0.091972557062263,0.091972557062263,0.0632675188306287,0.0632675188306287,0.3855217713178451,0.5658452331469368,,b530
GSE17538,M1_msd,531,ZDHHC12;SLC4A11;EPRS;C3orf52,0.0,0.1161655651515586,0.2702719302540505,0.0364830050050994,0.0364830050050994,0.1495793170500843,0.1495793170500843,0.7302249335062878,0.185895662471184,,b531
GSE17538,M1_msd,532,MPHOSPH10;AEBP2;EIF3J;LINC00511,0.0,0.1773847345170905,0.2715897808495803,0.1642685119167811,0.1642685119167811,0.1338372342025648,0.1338372342025648,0.1425834654700202,0.2615824555515901,,b532
GSE17538,M1_msd,533,GPKOW;SSUH2;ARMC1;TRIQK,0.0,0.1818810047503323,0.4218544655997759,0.1039713727059167,0.1039713727059167,0.0611855369239376,0.0611855369239376,0.3295263774847246,0.591000317672579,,b533
GSE17538,M1_msd,534,MGRN1;CD300C;PSMD10;RAP1GAP,0.0,0.2675485740352899,0.4459711280913281,0.0658571146955561,0.0658571146955561,0.1178086814957832,0.1178086814957832,0.5277980257748502,0.3241309617555802,,b534
GSE17538,M1_msd,535,IRF2BP1;LOC102723692;LSM6;MORF4L2,0.0,0.1056498955386002,0.1453737195264526,-0.1280555985519379,0.1280555985519379,-0.0077315031645891,0.0077315031645891,0.20815161985868,0.940052832286987,,b535
GSE17538,M1_msd,536,DEXI;SSUH2;LSM1;SRPK2,0.0,0.2512021564292319,0.5014418481826374,-0.0307667652794857,0.0307667652794857,-0.0187287914455681,0.0187287914455681,0.7656726915567532,0.8672017666428862,,b536
GSE17538,M1_msd,537,XPO5;GDF15;STOML2;LRRC36,0.0,0.2340733984764967,0.4718530766648238,0.0320701666429019,0.0320701666429019,-0.0355025195138403,0.0355025195138403,0.7555209922998395,0.7250963415756804,,b537
GSE17538,M1_msd,538,XPNPEP1;OSTM1;RCC2;MIR7111,0.0,0.308627784578987,0.58567247831586,0.1679293449482143,0.1679293449482143,0.3697760757569555,0.3697760757569555,0.12529609912499,0.0039629922528612,,b538
GSE17538,M1_msd,539,EIF2AK2;SLC4A11;SNHG16;GLMN,0.0,0.36047135604012,0.6501854311129363,0.0650837982179819,0.0650837982179819,0.2548371064811508,0.2548371064811508,0.5423893551327125,0.0199583483634108,,b539
GSE17538,M1_msd,540,MAD2L1BP;LOC101926916;CHURC1;REM1,0.0,0.0851298063328632,0.20765908512247,0.0826995371091175,0.0826995371091175,0.1616599001199669,0.1616599001199669,0.4364306041168669,0.158524332349014,,b540
GSE17538,M1_msd,541,COMMD9;SLC4A11;PRDX4;ZFP57,0.0,0.3796323768751055,1.216294701486742,0.0475800702701384,0.0475800702701384,0.1679771426958045,0.1679771426958045,0.6429017511915219,0.1131004008646746,,b541
GSE17538,M1_msd,542,GPKOW;MAPK8IP1;ABLIM1;ARL5C,0.0,0.2207869435424991,0.4218544655997759,0.0597593644869658,0.0597593644869658,0.1531528520722769,0.1531528520722769,0.5696302922769161,0.1695989415742149,,b542
GSE17538,M1_msd,543,TMEM126B;GNRH2;KRT18;BTBD7,0.0,0.5901657181746027,2.107784538704588,0.134101529999582,0.134101529999582,0.2258299525605332,0.2258299525605332,0.2323369233417281,0.0521350452579593,,b543
GSE17538,M1_msd,544,ERBB3;EED;PSMD12;FOXA2,0.0,0.1731734856737412,0.389630096236949,0.0732065713625075,0.0732065713625075,0.1129554782892916,0.1129554782892916,0.4882353686350098,0.3360886617468177,,b544
GSE17538,M1_msd,545,MIF4GD;MTURN;VEGFA;MYO5B,0.0,0.201742360363478,0.474669084004963,0.032848932677067,0.032848932677067,0.0645692877711383,0.0645692877711383,0.7531990133119322,0.5477205608933831,,b545
GSE17538,M1_msd,546,ST14;MAPK8IP1;TMEM60;ZNF703,0.0,0.2046898785099899,0.4091927200590391,-0.2599317917038674,0.2599317917038674,-0.1917698093451487,0.1917698093451487,0.0063077586539232,0.0464350861607601,,b546
GSE17538,M1_msd,547,SMDT1;CAPS;CREG1;MFSD14B,0.0,0.4705689065880609,1.033641333605903,-0.0103545191004421,0.0103545191004421,0.0794870821871035,0.0794870821871035,0.9195407159647744,0.4705544542045041,,b547
GSE17538,M1_msd,548,UBQLN4;C7orf25;SNORD44;DDAH1,0.0,0.3012085346175401,0.5239539750090385,0.1196956352854852,0.1196956352854852,0.1892637908943339,0.1892637908943339,0.2836854675419613,0.0830207655613363,,b548
GSE17538,M1_msd,549,MIR4691;HSPB8;DSP;CELSR3,0.0,0.446573646665054,1.1537943595859672,0.2055904341251817,0.2055904341251817,0.1806630176396164,0.1806630176396164,0.0570907403925484,0.0741589155988774,,b549
GSE17538,M1_msd,550,CNNM3;ZNF23;NDUFV2;PRKG2,0.0,0.2686265386104125,0.4828558679980459,0.1435496559867603,0.1435496559867603,0.3295043909084123,0.3295043909084123,0.1912075063040417,0.0111953957900195,,b550
GSE17538,M1_msd,551,RBM10;OSM;DDRGK1;PMF1,0.0,0.1549960277370312,0.4274024763854689,0.0657013831126072,0.0657013831126072,0.1694108869639852,0.1694108869639852,0.5343092914252798,0.1075754391564961,,b551
GSE17538,M1_msd,552,MARC1;TRAPPC2;ACOT9;PINX1,0.0,0.1735640338729062,0.2018441252124761,0.1016650226360494,0.1016650226360494,0.2627002143069911,0.2627002143069911,0.3325688855469121,0.0193011761636409,,b552
GSE17538,M1_msd,553,SNX12;ZNF85;NSUN2;PPA2,0.0,0.1622277442471055,0.286417164555948,0.0605313882617351,0.0605313882617351,0.0994809862883132,0.0994809862883132,0.5702965701024711,0.3474312942202626,,b553
GSE17538,M1_msd,554,GPKOW;ADH1A;PAIP1;BICD2,0.0,0.2116433921731682,0.4218544655997759,0.1448423208332444,0.1448423208332444,0.2005733743008117,0.2005733743008117,0.1901117949762312,0.0788637933720138,,b554
GSE17538,M1_msd,555,NBPF8;CAPS;EBPL;POMGNT2,0.0,0.3842410021251694,0.9712429948038772,0.0465131135085428,0.0465131135085428,0.1557519612766672,0.1557519612766672,0.6685980752590077,0.1924476918201328,,b555
GSE17538,M1_msd,556,PRMT1;SLC2A6;EPS8;PPA2,0.0,0.3736184760881054,0.8234275406879987,0.0634439119056992,0.0634439119056992,0.2069951180735366,0.2069951180735366,0.549249754746731,0.0639836921911037,,b556
GSE17538,M1_msd,557,KIFC1;SSUH2;GARS;LINC00511,0.0,0.3809190562978495,0.8701283343015312,-0.0282185041170664,0.0282185041170664,-0.1178234154068553,0.1178234154068553,0.780543284440167,0.2610009590677893,,b557
GSE17538,M1_msd,558,PMVK;GXYLT1;ALG11;RNF157,0.0,0.2599279636899623,0.533053180061023,0.0005442540636168,0.0005442540636168,-0.0295928897031229,0.0295928897031229,0.9958755092605472,0.7901589148726018,,b558
GSE17538,M1_msd,559,SNX12;SMCHD1;MGAT4B;PIGB,0.0,0.1693694156314278,0.317559331750892,0.0364082342502851,0.0364082342502851,0.1154674974998051,0.1154674974998051,0.7384021671124011,0.2956488036581037,,b559
GSE17538,M1_msd,560,COMMD9;NPIPB11;IRF2BPL;C10orf2,0.0,0.2186675011907154,0.4934574994955399,0.2117315151314751,0.2117315151314751,0.3405076489542177,0.3405076489542177,0.0651890735234266,0.0056603911897774,,b560
GSE17538,M1_msd,561,MTG1;CHST11;BIRC2;SPTY2D1,0.0,0.3433902581263515,0.4865930172059046,0.2275018711987879,0.2275018711987879,0.3922262214384718,0.3922262214384718,0.0336928783473362,0.0011909183560219,,b561
GSE17538,M1_msd,562,ERBB3;PPP2R3B;C1orf43;CBFA2T2,0.0,0.2104762398142128,0.389630096236949,-0.0627262752601338,0.0627262752601338,-0.0357936237189719,0.0357936237189719,0.5329264795916422,0.7404029591357246,,b562
GSE17538,M1_msd,563,SRA1;OSM;UBE2E3;PPP1R13B,0.0,0.2628788359501396,0.7284392882518672,0.1964231863204236,0.1964231863204236,0.2821861767545138,0.2821861767545138,0.0627773935317096,0.0104956876713567,,b563
GSE17538,M1_msd,564,MAX;LINC00324;IDH3B;IFFO2,0.0,0.206842391487604,0.4434091504012311,0.0093098497124651,0.0093098497124651,0.210252231125809,0.210252231125809,0.928976397947953,0.0486980306298906,,b564
GSE17538,M1_msd,565,SLC29A3;LOC646743;LAMTOR4;ZFP57,0.0,0.2122512875083022,0.3936459162005,-0.0414865813671148,0.0414865813671148,0.0421919657084279,0.0421919657084279,0.6827130220717237,0.6773506425044684,,b565
GSE17538,M1_msd,566,AP3B1;SEPT6;FDPS;HBG1,0.0,0.2440266029276617,0.4611745317636841,0.1221351753644983,0.1221351753644983,0.3121740561819658,0.3121740561819658,0.2373541276350252,0.0064384738197851,,b566
GSE17538,M1_msd,567,MIF4GD;ZC2HC1C;PSMA6;LRRC36,0.0,0.3233180145186891,0.7055515378895547,-0.0072573868966594,0.0072573868966594,0.0163955525391052,0.0163955525391052,0.9434874676566792,0.8667017442427263,,b567
GSE17538,M1_msd,568,NBPF8;FOXCUT;MIR6513;SMIM11A,0.0,0.2498410567596478,0.5570258547866361,0.2621786627388337,0.2621786627388337,0.3809421953098756,0.3809421953098756,0.0133129855623039,0.0002543584013597,,b568
GSE17538,M1_msd,569,SNORD61;MAP3K2;EFR3A;KCTD11,0.0,0.2409336983082786,0.4502558330984665,0.1333032114838481,0.1333032114838481,0.3037173470013674,0.3037173470013674,0.223779640745149,0.0137698744798668,,b569
GSE17538,M1_msd,570,LOC101927673;FBXL2;PABPC4;S100PBP,0.0,0.2488561959709412,0.3793993831527608,0.1585827930662328,0.1585827930662328,0.2263776923131885,0.2263776923131885,0.1621586325462437,0.047603324407089,,b570
GSE17538,M1_msd,571,AXIN1;MIR34A;TOMM5;RANBP9,0.0,0.3754167819905458,0.9235013315514056,0.0952836189966805,0.0952836189966805,0.1904414648314706,0.1904414648314706,0.3708572502062948,0.0920693539451462,,b571
GSE17538,M1_msd,572,C5orf15;LOC102725426;MRPL54;RAB36,0.0,0.1693795212215907,0.3702902541455413,0.1249982096031254,0.1249982096031254,0.2334834392892587,0.2334834392892587,0.248618538604553,0.0339498914900084,,b572
GSE17538,M1_msd,573,HSPA9;C3orf38;PNP;WDR26,0.0,0.1837792630366565,0.3348564293036961,0.2554695964727332,0.2554695964727332,0.3264086847164166,0.3264086847164166,0.0279803185980837,0.0093932737696629,,b573
GSE17538,M1_msd,574,EPHB4;SORCS2;NBPF14;LOC100133089,0.0,0.2640782838517057,0.5252918313784601,0.0624083838310343,0.0624083838310343,0.1367178034231413,0.1367178034231413,0.5654332604558674,0.1915976888242772,,b574
GSE17538,M1_msd,575,CHKB;FCRLB;PDHA1;SLC5A3,0.0,0.1897341547463928,0.2401333779568779,0.0267752955217773,0.0267752955217773,0.0790044195599712,0.0790044195599712,0.8003233312091924,0.4593955394344923,,b575
GSE17538,M1_msd,576,ST14;HOXA6;SNORD77;S100PBP,0.0,0.3104711198584244,0.5239539750090385,0.0683501232850006,0.0683501232850006,0.1879353429383168,0.1879353429383168,0.5299628209586986,0.0927892955372983,,b576
GSE17538,M1_msd,577,MCOLN1;BICC1;MFSD14A;ESCO1,0.0,0.2186226280161514,0.4127360713294191,0.2179687807636496,0.2179687807636496,0.4595859175755046,0.4595859175755046,0.0453743636998241,0.0002687755241516,,b577
GSE17538,M1_msd,578,SNX12;MAPK8IP1;ARMC10;EBF4,0.0,0.176472665358288,0.286417164555948,-0.0240989382046995,0.0240989382046995,0.0669587031807576,0.0669587031807576,0.8179058220867746,0.5311754294832012,,b578
GSE17538,M1_msd,579,RNF220;WFDC3;ANKRD27;PINX1,0.0,0.1058292154484466,0.1837363263347517,0.0732073633316941,0.0732073633316941,0.1593438515146771,0.1593438515146771,0.4881153284377058,0.1512172296271103,,b579
GSE17538,M1_msd,580,TMEM184B;AMZ2P1;THAP12;LOC100506790,0.0,0.2397033258848264,0.4937647370419394,0.0181312949192294,0.0181312949192294,0.0529629321472561,0.0529629321472561,0.8603410756747883,0.6056248832630904,,b580
GSE17538,M1_msd,581,CLINT1;C11orf52;CD59;CHAF1B,0.0,0.2347986110222153,0.5242374109117417,0.1966350541701075,0.1966350541701075,0.2797377293626831,0.2797377293626831,0.0683782056922145,0.0168415720579385,,b581
GSE17538,M1_msd,582,MIR4691;VPS13A;RAB9A;LINC00511,0.0,0.1536297757254331,0.3366935924440811,0.1135831133411147,0.1135831133411147,0.1327659650754926,0.1327659650754926,0.2700564547889416,0.2134329947327521,,b582
GSE17538,M1_msd,583,YARS2;SLC2A6;LCLAT1;LOC101930583,0.0,0.197535306303792,0.3638861280525448,0.2422671050182741,0.2422671050182741,0.4402537484233471,0.4402537484233471,0.0292924586646152,0.0004458419551613,,b583
GSE17538,M1_msd,584,NAGA;GOLGA6L6;NAP1L1;CBX5,0.0,0.2521271372078971,0.407748180161041,-0.0110293666919492,0.0110293666919492,0.0852598853896437,0.0852598853896437,0.915651559269129,0.4203863167250027,,b584
GSE17538,M1_msd,585,BRE;SEPT6;BTBD1;TMEM209,0.0,0.2434901477209704,0.5335957707439406,0.0805186243170318,0.0805186243170318,0.1215315961599899,0.1215315961599899,0.4525116732730909,0.3143434788332211,,b585
GSE17538,M1_msd,586,SIGIRR;FAM76A;TMEM126A;TAF1L,0.0,0.2386248023333285,0.4286078539838117,0.0177557102277453,0.0177557102277453,0.0815618304861209,0.0815618304861209,0.8662633980395843,0.4062228440188489,,b586
GSE17538,M1_msd,587,HARS2;CA5BP1;MLEC;POLR3D,0.0,0.4351079756629023,0.9899847869416828,0.0889590641898024,0.0889590641898024,0.1167442341126738,0.1167442341126738,0.3979341054359003,0.2826413126274453,,b587
GSE17538,M1_msd,588,ERBB3;OFD1;PSMA6;TRABD2A,0.0,0.3493924491937505,0.7055515378895547,-0.1026549557882517,0.1026549557882517,-0.1058091763563271,0.1058091763563271,0.3017752586898433,0.2980829182329078,,b588
GSE17538,M1_msd,589,POLD4;ZNF45;TSN;MYO5B,0.0,0.1497251440821714,0.1702428273497901,0.1478683513313893,0.1478683513313893,0.2341593921919368,0.2341593921919368,0.1711259538505666,0.0420060158620764,,b589
GSE17538,M1_msd,590,EIF2AK2;CA5BP1;MRPS35;SGK3,0.0,0.39691864496169,0.8185932396439318,0.0747197742901351,0.0747197742901351,0.1360927873844195,0.1360927873844195,0.4864192339873957,0.2335087337660016,,b590
GSE17538,M1_msd,591,SNORA70;STAG3L4;SMIM20;HSPB6,0.0,0.1579722466762721,0.2711055400039029,0.098974912367964,0.098974912367964,0.0644174321796373,0.0644174321796373,0.3596465998545644,0.5376731607847651,,b591
GSE17538,M1_msd,592,MEN1;LPAR6;RRS1;MTFR1,0.0,0.2213442570863335,0.3107395506490437,0.1082426397131911,0.1082426397131911,0.1362814647633811,0.1362814647633811,0.3191903713360671,0.2105370430041859,,b592
GSE17538,M1_msd,593,HARS2;CD300C;ALDH18A1;SLC8A3,0.0,0.2811622564139896,0.4782426686725593,0.1136190424434878,0.1136190424434878,0.2139867033053849,0.2139867033053849,0.3023460450722375,0.0657118706778581,,b593
GSE17538,M1_msd,594,TDRD7;SSUH2;LTA4H;RAB36,0.0,0.3395951864011629,0.7209244015121242,-0.0095239482527135,0.0095239482527135,-0.0643601303896599,0.0643601303896599,0.9251447347955338,0.5453357096035276,,b594
GSE17538,M1_msd,595,DCP1A;ZMYM2;NAXD;RTP5,0.0,0.1734782279332211,0.341941221199054,0.1523687288757794,0.1523687288757794,0.2008654672896624,0.2008654672896624,0.1764125166980359,0.107056817831864,,b595
GSE17538,M1_msd,596,NUCB1;BCRP3;ARHGDIB;MLXIPL,0.0,0.1500858570423678,0.2112822986962861,-0.1371905442866924,0.1371905442866924,-0.0232015966094417,0.0232015966094417,0.1510013587038388,0.7918945174637106,,b596
GSE17538,M1_msd,597,FAM175B;ZNF85;NCK2;PRIMPOL,0.0,0.2108106048509121,0.3981145491215622,0.1395008773147837,0.1395008773147837,0.1180386074691275,0.1180386074691275,0.1828649157467922,0.2693295112043159,,b597
GSE17538,M1_msd,598,CHRAC1;SMCHD1;CCDC6;GSTA4,0.0,0.1597113719891519,0.5085801338696023,0.2782215620798373,0.2782215620798373,0.4268946694456933,0.4268946694456933,0.008737546368393,5.131727119802182e-05,,b598
GSE17538,M1_msd,599,ZNF622;ITPKA;TOMM70;PIGH,0.0,0.1681792541012228,0.2549671968067276,0.1457479097219449,0.1457479097219449,0.2016454890232926,0.2016454890232926,0.1772614043238987,0.0819220787599312,,b599
GSE17538,M1_msd,600,FAM168B;FBXL2;ADIPOR2;KCTD18,0.0,0.2675454572666501,0.4132838383744321,0.0497042110884409,0.0497042110884409,0.0503558193187178,0.0503558193187178,0.6445532085770909,0.6545811559101847,,b600
GSE17538,M1_msd,601,KIAA0391;HSPB8;NT5C3A;NR2F2,0.0,0.2146171065241711,0.430840065153759,0.2951755389250008,0.2951755389250008,0.4142689664396444,0.4142689664396444,0.0102930808089589,0.0007031999357858,,b601
GSE17538,M1_msd,602,ATG4A;IFNA6;KLHDC2;KCTD11,0.0,0.2218522717038529,0.350164459914776,0.1863495056773317,0.1863495056773317,0.2299643045783236,0.2299643045783236,0.0875317149871671,0.0405088621892083,,b602
GSE17538,M1_msd,603,COMMD9;NUDT16P1;MRPL27;KLHL21,0.0,0.2250758654269771,0.4721385141481611,0.1197959241929762,0.1197959241929762,0.1376206455091507,0.1376206455091507,0.263936823641279,0.193678747044913,,b603
GSE17538,M1_msd,604,MYH14;TRIM13;ADNP;TFPT,0.0,0.1814702517182366,0.4895574346690233,-0.0525254615466759,0.0525254615466759,-0.0309196772739933,0.0309196772739933,0.6143667923785221,0.7770903234521729,,b604
GSE17538,M1_msd,605,HDAC3;GPR26;MIEN1;CHAF1B,0.0,0.0894558216997872,0.1333344272266586,0.0501301348552901,0.0501301348552901,0.1243485987796235,0.1243485987796235,0.6251952319555887,0.2567955467103725,,b605
GSE17538,M1_msd,606,MCRIP1;CSGALNACT1;USP14;TGM2,0.0,0.2013216877831752,0.4403372217846573,0.0483859571866449,0.0483859571866449,0.2154448010723926,0.2154448010723926,0.6349210857983281,0.0520289727490677,,b606
GSE17538,M1_msd,607,RBMX;BOD1L2;MRPL22;MECP2,0.0,0.2397786344429036,0.368495875636288,0.1067228754431179,0.1067228754431179,0.1526336537476471,0.1526336537476471,0.3379601740851877,0.1916682663764415,,b607
GSE17538,M1_msd,608,PMVK;BOD1L2;SNORD47;CHDH,0.0,0.3723523753514364,0.533053180061023,0.0043617624868296,0.0043617624868296,0.05511237477296,0.05511237477296,0.9664109975827916,0.6095521363197328,,b608
GSE17538,M1_msd,609,MIR6741;EED;USP14;DNAJC25,0.0,0.1389098535484589,0.1716412590402646,0.252856637771816,0.252856637771816,0.4411978500605093,0.4411978500605093,0.0269488249919423,0.0003438997204785,,b609
GSE17538,M1_msd,610,FTO;NAGS;PDIA3;PPAT,0.0,0.1069262241670609,0.2080000379992673,0.1415786231081062,0.1415786231081062,0.2696055409454149,0.2696055409454149,0.1968049524035311,0.0300243605218536,,b610
GSE17538,M1_msd,611,AGAP7P;KDSR;NDUFA9;LYRM5,0.0,0.329360746149439,0.6647420673174086,0.2624779166534738,0.2624779166534738,0.2670815697016886,0.2670815697016886,0.0153795137091249,0.0145726908012855,,b611
GSE17538,M1_msd,612,BRE;GXYLT1;BLCAP;ATL3,0.0,0.2732028923588808,0.6315341803790382,0.2418431137132276,0.2418431137132276,0.229134344012475,0.229134344012475,0.0350880993636702,0.0589137850921101,,b612
GSE17538,M1_msd,613,PRMT1;HOMER3;TOP1;CSNK1A1,0.0,0.2518026931272742,0.500913157072952,0.1876450449432768,0.1876450449432768,0.3022711707024817,0.3022711707024817,0.0992217162773477,0.0108160984696871,,b613
GSE17538,M1_msd,614,MGRN1;OSM;CEBPB;ASPSCR1,0.0,0.4804940244810242,1.2768214441640693,0.0797205198256715,0.0797205198256715,0.0216999174316274,0.0216999174316274,0.4364546048323886,0.8343254287626496,,b614
GSE17538,M1_msd,615,PNPLA6;CBFA2T3;LARS;USP34,0.0,0.244888781967926,0.5361533632160783,0.0979768204019725,0.0979768204019725,0.1857585125555311,0.1857585125555311,0.3779651401189271,0.0917943004670012,,b615
GSE17538,M1_msd,616,SLC41A3;FBXL4;MTX2;KAT6A,0.0,0.2631309823000778,0.3879675641546923,0.1773276145832389,0.1773276145832389,0.1820692169589536,0.1820692169589536,0.107411260359893,0.1193649398336132,,b616
GSE17538,M1_msd,617,RALBP1;STAG3L4;PPP1R8;MECP2,0.0,0.1804732138070904,0.3292868735697662,0.2013646260064264,0.2013646260064264,0.359592701725812,0.359592701725812,0.0759586962553373,0.0029362938590732,,b617
GSE17538,M1_msd,618,TBC1D23;ZMYM6;PTRH2;SLC27A3,0.0,0.1787597823415198,0.3743874274399135,0.0503084106798384,0.0503084106798384,0.1308848727475807,0.1308848727475807,0.624804952453176,0.2229507411978656,,b618
GSE17538,M1_msd,619,DHPS;CXCL2;MRPL32;FCHO1,0.0,0.3179342927067059,0.5610851007657188,-0.0034345971360255,0.0034345971360255,0.1125367263498757,0.1125367263498757,0.9731750559205364,0.3044502746528995,,b619
GSE17538,M1_msd,620,TEX2;PLBD1-AS1;SMIM15;LYSMD1,0.0,0.2825362964032276,0.7163996545218122,0.0187802225464899,0.0187802225464899,0.0866518642536664,0.0866518642536664,0.8569435077934263,0.3788584161098431,,b620
GSE17538,M1_msd,621,RPL36;OSM;VEGFA;BICD2,0.0,0.1637146120844754,0.3652601287530772,0.2193222820654463,0.2193222820654463,0.2764938124916297,0.2764938124916297,0.0318969348573285,0.0165166821534268,,b621
GSE17538,M1_msd,622,MIF4GD;CREM;DNAJA2;MTFR1,0.0,0.2290252117302457,0.474669084004963,0.1057997216831254,0.1057997216831254,0.1471035495039632,0.1471035495039632,0.3228999655474823,0.2114137990441311,,b622
GSE17538,M1_msd,623,CLDN4;CD7;ANKRD27;RHOT1,0.0,0.1231450302103571,0.2847587965931336,0.1033405924442273,0.1033405924442273,0.1545543048161586,0.1545543048161586,0.3444580611283074,0.1735235571833799,,b623
GSE17538,M1_msd,624,ZDHHC12;MTURN;GNL2;ASPSCR1,0.0,0.1676424649832132,0.2702719302540505,-0.0784470504563502,0.0784470504563502,-0.0856526954165529,0.0856526954165529,0.427445221082126,0.38420223160135,,b624
GSE17538,M1_msd,625,TMEM184B;TAF9B;MRPL15;DDIAS,0.0,0.2288079073328767,0.5348111280416427,0.1093792529707812,0.1093792529707812,0.1884259426560742,0.1884259426560742,0.3061821312865981,0.094354529176466,,b625
GSE17538,M1_msd,626,TNPO3;TTTY8;SNORD1C;ZNF703,0.0,0.2698437633296417,0.6501854311129363,-0.1092186055599542,0.1092186055599542,-0.0772066089718341,0.0772066089718341,0.2568612781410139,0.4458950277786775,,b626
GSE17538,M1_msd,627,DNASE2;LPAR6;SUCO;ZNF766,0.0,0.2256474751949889,0.4794862672684306,0.187204675729804,0.187204675729804,0.2310165834283621,0.2310165834283621,0.0830523023881796,0.0401280346391464,,b627
GSE17538,M1_msd,628,ZNF106;ZMYM1;HSPE1;GOLGA8B,0.0,0.4466915963530297,1.1021648340093155,0.1727541053680911,0.1727541053680911,0.2620795290989167,0.2620795290989167,0.1144933797161966,0.0293865027375794,,b628
GSE17538,M1_msd,629,PTPA;DDX60L;ATP1B1;PDE2A,0.0,0.5413756762222589,1.5215660304083305,0.1557631923804836,0.1557631923804836,0.3930973046201318,0.3930973046201318,0.1482760894113778,0.001132792966874,,b629
GSE17538,M1_msd,630,KIR2DL5A;PIGK;MAGED1;TMEM19,0.0,0.3542850231518661,0.6761091634731808,0.0479376498282071,0.0479376498282071,0.0337508841047316,0.0337508841047316,0.6456872816093522,0.7306399925813944,,b630
GSE17538,M1_msd,631,LSG1;TTC39B;SNORD74;PREX1,0.0,0.288701699453887,0.5239539750090385,0.1464565004837452,0.1464565004837452,0.3867398602548179,0.3867398602548179,0.1883125829105697,0.0022465962214732,,b631
GSE17538,M1_msd,632,PTPA;C20orf196;FAM136A;TAF1L,0.0,0.2175367521571055,0.3163045843750253,0.0132863940656323,0.0132863940656323,0.1275946345508238,0.1275946345508238,0.8993069814746819,0.2244916126783844,,b632
GSE17538,M1_msd,633,HECTD3;RAB30;RFK;TMEM170A,0.0,0.1814523726956818,0.225022575619195,0.07177565017632,0.07177565017632,0.126144897019227,0.126144897019227,0.4878696390909981,0.2391243337949289,,b633
GSE17538,M1_msd,634,PREB;FGF17;LTA4H;RIIAD1,0.0,0.3234252307229938,0.7209244015121242,0.017881923328396,0.017881923328396,0.1120915028171688,0.1120915028171688,0.8598742188680211,0.3094907546216134,,b634
GSE17538,M1_msd,635,CNNM3;FAM133DP;IDH3B;MLXIPL,0.0,0.1729060154742826,0.4254398405400245,-0.0567722541179722,0.0567722541179722,-0.0440273364950906,0.0440273364950906,0.5910906035349031,0.6771703564236805,,b635
GSE17538,M1_msd,636,MCRIP1;CLEC11A;NET1;C19orf68,0.0,0.3518231321915324,0.8248606756800246,0.1570065886205817,0.1570065886205817,0.2460462636990028,0.2460462636990028,0.1204750790066552,0.0264501042765326,,b636
GSE17538,M1_msd,637,DCP1A;NPIPB3;ADNP;TMEM19,0.0,0.1750774403866115,0.341941221199054,0.0490017944530101,0.0490017944530101,0.0746908081741294,0.0746908081741294,0.6343057655384838,0.5151986725884972,,b637
GSE17538,M1_msd,638,C1orf123;KIAA0430;CHCHD1;USP30,0.0,0.1306669270214462,0.2012516600308396,0.1813222459265724,0.1813222459265724,0.2100886772244925,0.2100886772244925,0.1022590862145225,0.0888103255717791,,b638
GSE17538,M1_msd,639,MTPN;TTC39B;GLA;APTX,0.0,0.1662609121185018,0.3080223501149264,0.1334205289485576,0.1334205289485576,0.2251901942554795,0.2251901942554795,0.2332182006944588,0.0714108178012919,,b639
GSE17538,M1_msd,640,PNPLA6;ZMYM1;KIF5B;DCTN4,0.0,0.410625675667396,0.8216997737471299,0.1136806234750802,0.1136806234750802,0.1128221249645196,0.1128221249645196,0.2921305910985639,0.2937817542148411,,b640
GSE17538,M1_msd,641,MGRN1;ALPP;CEBPB;TGIF1,0.0,0.4817197235058368,1.2768214441640693,0.0437274355923332,0.0437274355923332,0.1591605471971485,0.1591605471971485,0.6697003116073197,0.1915380848410413,,b641
GSE17538,M1_msd,642,AGAP7P;GAREM1;SRPK1;WSB1,0.0,0.18277654230395,0.3217555680536475,0.1738245381089168,0.1738245381089168,0.3009292564837197,0.3009292564837197,0.0827468674322407,0.0044071216743928,,b642
GSE17538,M1_msd,643,AGAP7P;VPS13A;MRPL40;CENPV,0.0,0.1922636573428438,0.3217555680536475,0.1391001674357931,0.1391001674357931,0.3402706012938656,0.3402706012938656,0.176922901360963,0.0043442257559187,,b643
GSE17538,M1_msd,644,SLC41A3;OR2H2;PPT1;IER5L,0.0,0.3451361022034199,0.8486262031130439,0.1609480495574229,0.1609480495574229,0.3137786134605952,0.3137786134605952,0.1396579376601907,0.0088624386272663,,b644
GSE17538,M1_msd,645,KIAA0391;LINC00265;RNF114;TMEM209,0.0,0.1940584281702549,0.3106058196451107,-0.1236149364223574,0.1236149364223574,-0.2520106386855164,0.2520106386855164,0.2140236201236365,0.0151665136441623,,b645
GSE17538,M1_msd,646,SEC24C;SAMD15;CEBPB;KIAA0232,0.0,0.410045367033982,1.2768214441640693,0.2897081590798708,0.2897081590798708,0.4003243649812487,0.4003243649812487,0.0088541557464648,0.001345150593538,,b646
GSE17538,M1_msd,647,CHRAC1;SEPT6;DECR1;PPM1D,0.0,0.3368387280851512,0.6867475043108301,0.2538734776407662,0.2538734776407662,0.2337147239363974,0.2337147239363974,0.0267598487135737,0.0504615465564164,,b647
GSE17538,M1_msd,648,C5orf15;LOC101926916;SMIM20;USP34,0.0,0.1371895724640305,0.3702902541455413,0.115256086204036,0.115256086204036,0.2063782533856464,0.2063782533856464,0.2912996714530783,0.075185249718265,,b648
GSE17538,M1_msd,649,SNORA68;MCC;DUT;SLC5A3,0.0,0.2853013257623055,0.4074338861207945,0.1891084015991384,0.1891084015991384,0.2714557069700136,0.2714557069700136,0.0765067366316702,0.0092429703486996,,b649
GSE17538,M1_msd,650,LRP6;METTL4;RPIA;EEF1E1,0.0,0.3037674505798607,0.4998306933045515,0.1823160962992182,0.1823160962992182,0.2145547668696152,0.2145547668696152,0.1114718815162459,0.0620908052759367,,b650
GSE17538,M1_msd,651,SNORA21;RBM48;PEPD;SMARCA2,0.0,0.159084528038244,0.4013355186584264,0.113571250305686,0.113571250305686,0.1919583547132819,0.1919583547132819,0.3023726074579692,0.0977420408346439,,b651
GSE17538,M1_msd,652,TNPO1;LOC101926963;SMIM20;SMIM11A,0.0,0.1869034807863365,0.4355609248996857,0.0173632816250938,0.0173632816250938,0.1136266005214321,0.1136266005214321,0.8659250508127193,0.2811219329106669,,b652
GSE17538,M1_msd,653,HARS2;C3orf38;H2AFV;SIRPA,0.0,0.2571109688404604,0.4782426686725593,0.1535385534936337,0.1535385534936337,0.1780034542541278,0.1780034542541278,0.166111383076668,0.1351059780540351,,b653
GSE17538,M1_msd,654,POLR2L;MCC;TRMT10C;ASGR2,0.0,0.2250072116045733,0.4132486071309814,0.2713806378707434,0.2713806378707434,0.2542168422852498,0.2542168422852498,0.0137056965705218,0.0124298994221189,,b654
GSE17538,M1_msd,655,COMMD9;ZMYM2;PRMT5;PLIN1,0.0,0.1142878907732892,0.209860955000644,0.1868012999497858,0.1868012999497858,0.1483640534567478,0.1483640534567478,0.0977407053159745,0.1834441068382316,,b655
GSE17538,M1_msd,656,TBC1D23;LEF1;SMCO4;DDAH1,0.0,0.1819808110415421,0.3743874274399135,0.0346595214243522,0.0346595214243522,0.1093837200538534,0.1093837200538534,0.7418140782588768,0.310261601407404,,b656
GSE17538,M1_msd,657,COMMD9;SCYL3;CYC1;CUTC,0.0,0.3053765044169139,0.9101459136517134,0.1810836433313578,0.1810836433313578,0.1844848636813012,0.1844848636813012,0.1042421093360173,0.1295839004174765,,b657
GSE17538,M1_msd,658,PINK1;AFF4;TSN;RIIAD1,0.0,0.2077039111665236,0.2838227071393943,0.0563923236394968,0.0563923236394968,0.1369042144979232,0.1369042144979232,0.5921091673848833,0.2098198684236882,,b658
GSE17538,M1_msd,659,CLK2;LINC00324;NCK2;PIGB,0.0,0.1338794813728726,0.2815874777712247,0.1522410933223359,0.1522410933223359,0.2427653106931958,0.2427653106931958,0.1458516079708833,0.0290781993468247,,b659
GSE17538,M1_msd,660,CREB3;C11orf95;RFWD2;SLC15A4,0.0,0.1611233870804041,0.3217777204522248,0.1872351360622213,0.1872351360622213,0.2904556374484625,0.2904556374484625,0.0934523567203206,0.0194841949082915,,b660
GSE17538,M1_msd,661,ST14;XCL2;GOLPH3;TRMT1,0.0,0.4072434296643493,0.91404456355286,-0.0358214001331346,0.0358214001331346,0.0867143731984841,0.0867143731984841,0.7183413011939775,0.3845145448790357,,b661
GSE17538,M1_msd,662,SAAL1;LOC400043;MPLKIP;KAT6A,0.0,0.1922859585944324,0.2604383581461608,0.2653932026986771,0.2653932026986771,0.1258322062818204,0.1258322062818204,0.009688396932913,0.1522314631148786,,b662
GSE17538,M1_msd,663,UBAC1;LOC102723692;H2AFV;SIRPA,0.0,0.1577346433852669,0.2116245303790138,0.0363658971321495,0.0363658971321495,0.1130284295614514,0.1130284295614514,0.7251456610684958,0.3475541815461733,,b663
GSE17538,M1_msd,664,SNORA68;SEPT5-GP1BB;KRT18;C1orf52,0.0,0.6976503592391656,2.107784538704588,0.074454484400586,0.074454484400586,0.1215573850652788,0.1215573850652788,0.4814931588274237,0.2252197103010738,,b664
GSE17538,M1_msd,665,PEX19;LOC100130285;PDIA3;BLOC1S3,0.0,0.1761451672458425,0.4674946315084948,0.0557788239827673,0.0557788239827673,0.1548424985230304,0.1548424985230304,0.5993491088027204,0.1612634414211732,,b665
GSE17538,M1_msd,666,ANKZF1;PGBD3;SPINT2;NKAP,0.0,0.5190186718830732,1.2601989930975903,0.0645642536215253,0.0645642536215253,0.1089126624242922,0.1089126624242922,0.5510859729804738,0.3264119436013889,,b666
GSE17538,M1_msd,667,HTRA2;KDSR;UBE2NL;IGF1R,0.0,0.3026293762397755,0.5685312208615627,0.1723046160811201,0.1723046160811201,0.3399241165662909,0.3399241165662909,0.1105502633985142,0.005561010310697,,b667
GSE17538,M1_msd,668,NPLOC4;ABCA11P;UBE2NL;C1orf52,0.0,0.2247789989673938,0.5685312208615627,0.0868260908447187,0.0868260908447187,0.1878600113508726,0.1878600113508726,0.4285451934940399,0.0874944062442382,,b668
GSE17538,M1_msd,669,LOC101060581;SNURF;STT3B;TTI2,0.0,0.3762921886324817,1.1053753120923795,0.1305497663681954,0.1305497663681954,0.2197171901876246,0.2197171901876246,0.1872722419792805,0.042516507809653,,b669
GSE17538,M1_msd,670,FAM168B;GDF15;PPP4R1;MFSD14B,0.0,0.1909543847976993,0.4132838383744321,0.1556255657484781,0.1556255657484781,0.3719578911145759,0.3719578911145759,0.1557889978483383,0.0037702185329407,,b670
GSE17538,M1_msd,671,TDRD7;CCNT2;FBL;REM1,0.0,0.4466288790748541,1.2207742289173684,0.0810949143366617,0.0810949143366617,0.1936470686045656,0.1936470686045656,0.4472012095065856,0.0950245675775449,,b671
GSE17538,M1_msd,672,SMG8;LOC102723692;RAB10;ZC3H8,0.0,0.392381209715324,1.0422618757929816,0.0851454783838544,0.0851454783838544,0.1065647274328503,0.1065647274328503,0.4124228572831852,0.3140835123634914,,b672
GSE17538,M1_msd,673,PCDHGA8;GPR26;COPZ1;GSTA4,0.0,0.3462589306217142,0.7707147667318982,0.1695752081838118,0.1695752081838118,0.3166258097426579,0.3166258097426579,0.1167806029958881,0.0049170010582129,,b673
GSE17538,M1_msd,674,LARP1;ACTL10;NDUFA9;EPB41L5,0.0,0.2711468645559513,0.6647420673174086,0.05976493796807,0.05976493796807,-0.1089073275789305,0.1089073275789305,0.5617483040359139,0.2715571777826234,,b674
GSE17538,M1_msd,675,C5orf15;LINC00906;SNORD1C;TPR,0.0,0.3567015572161893,0.6501854311129363,0.1080487311654773,0.1080487311654773,0.2502767182981177,0.2502767182981177,0.3238021659935759,0.0300041247804214,,b675
GSE17538,M1_msd,676,COMMD9;C11orf95;CDC16;SH3RF3,0.0,0.1368133316246904,0.219819479878862,0.1550557166078565,0.1550557166078565,0.1488782350711076,0.1488782350711076,0.1552776575189774,0.1902441340148893,,b676
GSE17538,M1_msd,677,SHQ1;ALPP;NET1;BICD2,0.0,0.3422770498724316,0.8248606756800246,0.1408866371560092,0.1408866371560092,0.2493305084690366,0.2493305084690366,0.1951977594713095,0.0364442970518116,,b677
GSE17538,M1_msd,678,DNPH1;OR2H2;DUT;ARRDC2,0.0,0.2441107634745218,0.3673956322739234,0.0041790395251351,0.0041790395251351,0.1663985241910779,0.1663985241910779,0.9680806472962034,0.1446353919279121,,b678
GSE17538,M1_msd,679,METTL17;AMN1;NDFIP1;SLC15A4,0.0,0.1647163609830687,0.3667861075024343,0.280766881954407,0.280766881954407,0.4195345638652135,0.4195345638652135,0.0153094610075703,0.0012842850195612,,b679
GSE17538,M1_msd,680,CST3;ARHGAP44;DCAF12;WDR26,0.0,0.1356202775896385,0.3019320224485921,0.0744776705297299,0.0744776705297299,0.1116280115788204,0.1116280115788204,0.4825551831017952,0.3057945996163111,,b680
GSE17538,M1_msd,681,UGP2;ITPKA;SLBP;USP34,0.0,0.1988246442618033,0.3452566357191151,0.1740806972840713,0.1740806972840713,0.3448559754054472,0.3448559754054472,0.1137225374244165,0.006359282894927,,b681
GSE17538,M1_msd,682,DDX23;ZNF611;MGAT4B;IGLON5,0.0,0.1894428189104771,0.317559331750892,-0.0337597943204822,0.0337597943204822,-0.0161802963417451,0.0161802963417451,0.7381591319714451,0.8663738652600819,,b682
GSE17538,M1_msd,683,AGAP7P;CDC25A;MRPS35;NPHS2,0.0,0.3637386924618156,0.8185932396439318,0.0328619524081958,0.0328619524081958,0.1516040714663572,0.1516040714663572,0.7535599312475911,0.1794656865801399,,b683
GSE17538,M1_msd,684,BUB3;BOD1L2;AZIN1;PUSL1,0.0,0.1865826424704283,0.3364349820229345,0.1108672766888746,0.1108672766888746,0.2084110015169898,0.2084110015169898,0.3084628483029189,0.0656960691682534,,b684
GSE17538,M1_msd,685,DDX23;S1PR1;PHB;DDIAS,0.0,0.2220326540503043,0.3820051012355954,0.101178328454329,0.101178328454329,0.1375798971253963,0.1375798971253963,0.3296488694165871,0.2071171620626749,,b685
GSE17538,M1_msd,686,POLR2L;ZNF45;GPD1L;EEF1E1,0.0,0.1727869618399713,0.4132486071309814,0.2109991650639697,0.2109991650639697,0.238849976086294,0.238849976086294,0.0564981248018635,0.0295847503161713,,b686
GSE17538,M1_msd,687,ANKHD1-EIF4EBP3;KIAA0430;EFR3A;TMCO3,0.0,0.2309164324702849,0.4502558330984665,0.1600135907247645,0.1600135907247645,0.1744708040519475,0.1744708040519475,0.1455681744252917,0.1363489419905644,,b687
GSE17538,M1_msd,688,HTRA2;SEPT5-GP1BB;SLC38A2;ARL5C,0.0,0.4083368165556157,0.9521475142043266,0.2036930930793148,0.2036930930793148,0.3768013085815202,0.3768013085815202,0.0640644929621365,0.0010819888822454,,b688
GSE17538,M1_msd,689,DAG1;ITPKA;ARL6IP4;ARHGAP5-AS1,0.0,0.1317420916135937,0.187294676976456,0.1228517653794194,0.1228517653794194,0.2949860882938306,0.2949860882938306,0.2607452757008384,0.0219811752846007,,b689
GSE17538,M1_msd,690,RBM27;ADA;CEBPB;ARGLU1,0.0,0.4697140120742369,1.2768214441640693,0.1386689561980703,0.1386689561980703,0.3037041975616325,0.3037041975616325,0.1865330851496665,0.0137676588269424,,b690
GSE17538,M1_msd,691,DDX23;PPP2R3B;ACTR10;IGF1R,0.0,0.2572674268992185,0.4963433954867873,0.1229216325466902,0.1229216325466902,0.1917191422339728,0.1917191422339728,0.2576183660676454,0.1006531095766619,,b691
GSE17538,M1_msd,692,COPS7A;LRRC37A2;TMEM167A;TGIF1,0.0,0.1826124990939699,0.4268804532448532,0.1540371545177791,0.1540371545177791,0.3499093565618305,0.3499093565618305,0.1570992350303833,0.0042443631874082,,b692
GSE17538,M1_msd,693,SMG8;ZNF611;ATRAID;SLC30A1,0.0,0.3997451711933318,0.8917052138870327,0.1096415743258343,0.1096415743258343,0.1537888190420017,0.1537888190420017,0.3063507679187504,0.1641530389724116,,b693
GSE17538,M1_msd,694,CRB3;RGS4;RPL26L1;IGF1R,0.0,0.2133370145294773,0.3532461870449176,0.1470251231376502,0.1470251231376502,0.2397329782170899,0.2397329782170899,0.1479539742828546,0.0280441200007212,,b694
GSE17538,M1_msd,695,PMVK;ZNF45;RCC2;ATL3,0.0,0.3697427285453012,0.58567247831586,0.1492568953050481,0.1492568953050481,0.2891925552516229,0.2891925552516229,0.154990555555634,0.0093836715944216,,b695
GSE17538,M1_msd,696,AGAP5;RBM48;PAIP1;CEP68,0.0,0.1986220922802695,0.3795028698834658,0.1119468943154081,0.1119468943154081,0.1458276536444673,0.1458276536444673,0.3043087484546658,0.1915139038085329,,b696
GSE17538,M1_msd,697,AGAP5;PGBD5;MRPL54;HBG1,0.0,0.1925205140925374,0.3795028698834658,0.0787613947685385,0.0787613947685385,0.112455848911354,0.112455848911354,0.4316394272740242,0.2415957038210792,,b697
GSE17538,M1_msd,698,METTL17;EXOG;CDK4;TMEM209,0.0,0.3889710957252223,0.8372329563890863,0.0998888309292739,0.0998888309292739,0.196619703655804,0.196619703655804,0.3526752945133961,0.0881740554623724,,b698
GSE17538,M1_msd,699,BUB3;PAQR7;NT5C3A;FBXO45,0.0,0.249117718025002,0.430840065153759,0.1515097647202525,0.1515097647202525,0.2781453875171737,0.2781453875171737,0.163946053819768,0.0143604097038223,,b699
GSE17538,M1_msd,700,SNORD61;DCP2;ADNP;ASPSCR1,0.0,0.139769098338074,0.368495875636288,-0.0072023188204677,0.0072023188204677,-0.0633783929567818,0.0633783929567818,0.9453118389689396,0.5482697527927962,,b700
GSE17538,M1_msd,701,NUDT9;XCL2;TM9SF2;ASXL1,0.0,0.4903499157435635,1.4262403062425864,0.045706734439048,0.045706734439048,0.0922061892399251,0.0922061892399251,0.6557109763706145,0.4151084475977533,,b701
GSE17538,M1_msd,702,HOOK2;KMT5C;STT3B;TEFM,0.0,0.447562979717942,1.1053753120923795,0.0668511369956823,0.0668511369956823,0.1061785285128486,0.1061785285128486,0.5307382487108656,0.3348642712000202,,b702
GSE17538,M1_msd,703,EBP;CBFA2T3;SSR1;LINC00028,0.0,0.2849646894147096,0.4098910730799386,0.0440046117603196,0.0440046117603196,0.1771635100887247,0.1771635100887247,0.6734589249209171,0.1085368028840417,,b703
GSE17538,M1_msd,704,C1orf123;S1PR1;ANKRD27;PUSL1,0.0,0.0932878073540976,0.1071621990864836,0.0955071969345692,0.0955071969345692,0.199093359166934,0.199093359166934,0.3728987943661598,0.093000942753906,,b704
GSE17538,M1_msd,705,RALBP1;TFAP2A;AMD1;CCAR1,0.0,0.2341425011079315,0.3292868735697662,0.2461072918934461,0.2461072918934461,0.5484649886859598,0.5484649886859598,0.0204114295095608,2.3467534183708244e-05,,b705
GSE17538,M1_msd,706,TMEM106C;KDSR;SNORD1C;BTBD7,0.0,0.347748587860914,0.6501854311129363,0.0172052727816899,0.0172052727816899,0.1613951230417328,0.1613951230417328,0.8687549696671564,0.1628192153964688,,b706
GSE17538,M1_msd,707,UBL4A;TTTY8B;ADAP1;LOC100506548,0.0,0.1446528401813437,0.2617059444939755,-0.0064532650024213,0.0064532650024213,0.0075961685942351,0.0075961685942351,0.9500335601040446,0.9429986236779276,,b707
GSE17538,M1_msd,708,COLGALT1;RBM48;CBFB;IGLON5,0.0,0.1638654701537043,0.4315440180915506,0.0149826245361538,0.0149826245361538,0.1672683430262804,0.1672683430262804,0.8872407335923371,0.1548329358956308,,b708
GSE17538,M1_msd,709,KIAA0391;AMZ2P1;ERLIN1;GAS2L1,0.0,0.0738314461301859,0.124647034583638,0.0883366522835316,0.0883366522835316,0.212611512059815,0.212611512059815,0.4007911563526763,0.0725774941111864,,b709
GSE17538,M1_msd,710,PEX19;ZNF85;RNF149;IER5L,0.0,0.2343722094555184,0.4674946315084948,0.2218803121543481,0.2218803121543481,0.2831319770162359,0.2831319770162359,0.0395134419365384,0.0107641929177628,,b710
GSE17538,M1_msd,711,ZNF581;DDX60L;HIGD1A;NBEAL2,0.0,0.251558041990876,0.4244991092606985,-0.0092195344803829,0.0092195344803829,0.1348087854732824,0.1348087854732824,0.9292689217014344,0.2118443790380649,,b711
GSE17538,M1_msd,712,RNF220;KCNJ8;SLC25A3;SLC27A5,0.0,0.1830178265474349,0.4570422103281426,0.2185239470763661,0.2185239470763661,0.349074076205808,0.349074076205808,0.0556820779733464,0.0044781472285919,,b712
GSE17538,M1_msd,713,PYCR2;ZNF85;SEMA4B;WSB1,0.0,0.1241251688626531,0.2012306151414214,0.2461507640477995,0.2461507640477995,0.2471248518624554,0.2471248518624554,0.0240923844620019,0.018541023826627,,b713
GSE17538,M1_msd,714,MLKL;FAM133DP;C2CD5;MIR7111,0.0,0.1841539795209421,0.3353798071175523,0.1217136056711529,0.1217136056711529,0.2511309447188907,0.2511309447188907,0.2629686806647782,0.0301119823414449,,b714
GSE17538,M1_msd,715,TRIM21;GNRH2;MCM3;ZFP57,0.0,0.1677080592874979,0.2795159983805143,-0.0066900277537851,0.0066900277537851,0.0690721530504729,0.0690721530504729,0.9476279268012154,0.5201554849211453,,b715
GSE17538,M1_msd,716,CLINT1;ADA;ERMP1;ARRDC2,0.0,0.2565403581200108,0.5242374109117417,0.0628932410343347,0.0628932410343347,0.3081712394699638,0.3081712394699638,0.5402828189967034,0.0067753537866999,,b716
GSE17538,M1_msd,717,SHQ1;SEPT5-GP1BB;ALG11;ZNF703,0.0,0.2142894544290308,0.4186001663949164,-0.1204345450877408,0.1204345450877408,-0.0483670409525212,0.0483670409525212,0.2335889931225496,0.6544246707014418,,b717
GSE17538,M1_msd,718,RBM17;H1FOO;TMCO1;PUSL1,0.0,0.2483409076318105,0.4635734886684858,0.0739061248663588,0.0739061248663588,0.1652775325595454,0.1652775325595454,0.4850856981640868,0.1267657142113653,,b718
GSE17538,M1_msd,719,EGFR;C11orf95;ARHGDIB;NAA25,0.0,0.1964805817905379,0.5061255282492549,0.1722042141732673,0.1722042141732673,0.1443321914995713,0.1443321914995713,0.1100059798034173,0.1836281228932013,,b719
GSE17538,M1_msd,720,METTL17;MAPK8IP1;C1orf43;OPA1,0.0,0.1918826900022264,0.3667861075024343,0.1876600648255263,0.1876600648255263,0.3060130857454705,0.3060130857454705,0.0915166410543989,0.0107916749301039,,b720
GSE17538,M1_msd,721,AP3B1;ZC2HC1C;SEMA4B;PIGB,0.0,0.1733647200205646,0.3777770208703487,0.1510852200648303,0.1510852200648303,0.2453382240118618,0.2453382240118618,0.1576060090347609,0.0239471372738559,,b721
GSE17538,M1_msd,722,ZNF106;ZNF23;DSP;ACCS,0.0,0.4261488339542723,1.1537943595859672,0.143885606862155,0.143885606862155,0.2235476410158374,0.2235476410158374,0.1876688548767882,0.0653360758244493,,b722
GSE17538,M1_msd,723,BYSL;PRKAA1;WDFY1;C1orf52,0.0,0.2134404155024468,0.4462782619491244,0.1353205781787814,0.1353205781787814,0.2250396625856129,0.2250396625856129,0.2183923345931188,0.0527058932839943,,b723
GSE17538,M1_msd,724,MIR7113;STAG3L4;NSUN2;EPB41L5,0.0,0.1714233079289511,0.3366935924440811,0.2044502953179385,0.2044502953179385,0.1448596367245923,0.1448596367245923,0.0667320123710138,0.1645805511621119,,b724
GSE17538,M1_msd,725,UBAC1;TRAPPC2;GNAI2;FKBPL,0.0,0.1768521090695988,0.1932131095508399,0.1723013560153566,0.1723013560153566,0.3107881148962158,0.3107881148962158,0.1245719869061258,0.0169568440331443,,b725
GSE17538,M1_msd,726,RBM27;B3GNTL1;NCK2;PMF1,0.0,0.1310001749345895,0.2084095794278744,0.0975354765151319,0.0975354765151319,0.1299039792738546,0.1299039792738546,0.3606441922576334,0.2414116401250265,,b726
GSE17538,M1_msd,727,LARP1;ZNF23;ELF1;WDR5B,0.0,0.2271586156501064,0.3034432124951429,0.122284067343644,0.122284067343644,0.0621416911178455,0.0621416911178455,0.2510765701581415,0.5852336007970669,,b727
GSE17538,M1_msd,728,CRB3;GPR26;COPZ1;TEFM,0.0,0.3223324524440091,0.7707147667318982,0.1107256713297104,0.1107256713297104,0.2091766451459119,0.2091766451459119,0.2972743762862352,0.0571700355794912,,b728
GSE17538,M1_msd,729,SDHAF2;HSPB2-C11orf52;SPIN1;CEP170,0.0,0.1771146175354649,0.1995047789938907,0.370676573204647,0.370676573204647,0.4759080097649544,0.4759080097649544,0.0004953934175639,0.000115882518678,,b729
GSE17538,M1_msd,730,UBQLN4;HSPB8;SMNDC1;FOXJ3,0.0,0.2658865754791415,0.5074411209909535,0.2271468331948757,0.2271468331948757,0.3481119440740559,0.3481119440740559,0.0451096313546656,0.0027413608246825,,b730
GSE17538,M1_msd,731,CCDC117;LOC101928317;ALDH18A1;RTN4IP1,0.0,0.2714014086851597,0.4091819163821152,0.0845350876164708,0.0845350876164708,0.2101341114806199,0.2101341114806199,0.422043980511397,0.0628891711940079,,b731
GSE17538,M1_msd,732,RBM10;ZNF85;PGRMC1;ALDH6A1,0.0,0.4025917034808806,1.0251724571730845,0.0941794419806424,0.0941794419806424,0.0543583364108969,0.0543583364108969,0.3737888917449,0.6192678179893389,,b732
GSE17538,M1_msd,733,POLR2L;KMT5C;HYOU1;GLRA2,0.0,0.3489009876112455,0.8032637614952424,0.0693649353076895,0.0693649353076895,0.2054226834049239,0.2054226834049239,0.5126247210327012,0.0537734326662733,,b733
GSE17538,M1_msd,734,BUD31;DDX60L;SNORD1A;ZNF14,0.0,0.3730167869128279,0.6501854311129363,0.0589744270473492,0.0589744270473492,0.1727100752800819,0.1727100752800819,0.5800197571343382,0.1059237988306869,,b734
GSE17538,M1_msd,735,DUSP3;MCC;TMBIM1;MFSD14B,0.0,0.3573077217217869,0.5570258547866361,0.2757257785413012,0.2757257785413012,0.4633309712762196,0.4633309712762196,0.0098366042061034,0.0001446106482644,,b735
GSE17538,M1_msd,736,RNF220;WFDC3;MIF;NPHS2,0.0,0.5036014151822176,1.6809648266345123,0.147605667370025,0.147605667370025,0.1561788012237659,0.1561788012237659,0.167011110159353,0.1590129991774219,,b736
GSE17538,M1_msd,737,CNNM3;SEPT5-GP1BB;EBPL;CUTC,0.0,0.4046586979867717,0.9712429948038772,0.0969235009395167,0.0969235009395167,0.191464952366412,0.191464952366412,0.3773146824540354,0.1096139494027293,,b737
GSE17538,M1_msd,738,RSAD1;EPHA5-AS1;LOC101929368;SLCO4A1,0.0,0.1279185654830413,0.2627393861568008,-0.0684010742061832,0.0684010742061832,0.1196152939796718,0.1196152939796718,0.4995058694049661,0.2725914514465856,,b738
GSE17538,M1_msd,739,TMEM184B;MTURN;NAGK;PPP1R21,0.0,0.1374162678401715,0.2983554220503527,0.099855919753608,0.099855919753608,0.2196788753608451,0.2196788753608451,0.3511222579756909,0.0563232202485824,,b739
GSE17538,M1_msd,740,RSAD1;MAPK8IP1;PIGP;ARGLU1,0.0,0.2418318288489155,0.342809261462852,-0.0267544923052391,0.0267544923052391,0.1061616856709013,0.1061616856709013,0.7990920892181308,0.3318875586671025,,b740
GSE17538,M1_msd,741,SMDT1;EXOG;SNRPF;BICD2,0.0,0.3394871817619156,0.6566005841008599,0.115210884785159,0.115210884785159,0.2926361176369132,0.2926361176369132,0.2799505100117506,0.0189170460902766,,b741
GSE17538,M1_msd,742,PRMT1;ZC2HC1C;HNRNPA3P1;IGSF8,0.0,0.2429901782105213,0.500913157072952,-0.0052994166526101,0.0052994166526101,0.093750446810439,0.093750446810439,0.9589879743263264,0.3554257987537741,,b742
GSE17538,M1_msd,743,PNPLA6;RGS4;BLCAP;PIGB,0.0,0.3107356864905475,0.6315341803790382,0.1461419371198322,0.1461419371198322,0.202881753013857,0.202881753013857,0.1766983628965964,0.0604150087044482,,b743
GSE17538,M1_msd,744,UGP2;ZNF85;BOLA2B;CELSR3,0.0,0.2030465722332294,0.4680326111330449,0.1723382471946707,0.1723382471946707,0.1603159476993575,0.1603159476993575,0.1063433801628888,0.1334152803774817,,b744
GSE17538,M1_msd,745,PSMD11;SLC2A6;UBE2M;RIIAD1,0.0,0.169324863882817,0.2838227071393943,-0.0427884779875538,0.0427884779875538,0.1002572622090342,0.1002572622090342,0.6745147030991371,0.3419749783328907,,b745
GSE17538,M1_msd,746,TCF7L2;ANGPT4;SMCO4;ARHGAP5-AS1,0.0,0.1435518550907541,0.1702690436485095,0.0922467430711929,0.0922467430711929,0.2171097247664279,0.2171097247664279,0.3673354332640763,0.0430830916051913,,b746
GSE17538,M1_msd,747,TSACC;CDC25A;GNAI2;IGSF22,0.0,0.1997471866748822,0.3503329635158985,-0.0259992922655406,0.0259992922655406,0.0679526568772404,0.0679526568772404,0.801255177209999,0.5272686093842083,,b747
GSE17538,M1_msd,748,ARFGAP1;TTTY8B;ITM2B;FAM83F,0.0,0.4940938399909126,1.442636842001062,-0.0825643270162866,0.0825643270162866,0.0026629115521851,0.0026629115521851,0.4152086062062992,0.9798675710923042,,b748
GSE17538,M1_msd,749,DDX23;PGBD5;PNP;GALNT2,0.0,0.1439726253738182,0.2371330024359661,0.1640423771493623,0.1640423771493623,0.1052237333201031,0.1052237333201031,0.1229079040076317,0.3135791043547388,,b749
GSE17538,M1_msd,750,ATG4A;TRAPPC2;TOMM34;IGLON5,0.0,0.1959870174781961,0.3401847328758183,0.162921313141941,0.162921313141941,0.1669264587253913,0.1669264587253913,0.1240535030045801,0.1425825602798641,,b750
GSE17538,M1_msd,751,IRF3;ERCC6-PGBD3;SNORD81;BLOC1S3,0.0,0.2947662223197097,0.5239539750090385,0.1083327686305238,0.1083327686305238,0.2609018280532897,0.2609018280532897,0.3281200469311203,0.0214667091003325,,b751
GSE17538,M1_msd,752,YARS2;ABCC6P1;FH;PPP1R13B,0.0,0.1674832126835128,0.3638861280525448,0.0904690334490215,0.0904690334490215,0.0311307184757624,0.0311307184757624,0.3893671805565415,0.7759237969003823,,b752
GSE17538,M1_msd,753,RALBP1;CD79B;RPL18A;IGLON5,0.0,0.2009128945403422,0.3292868735697662,0.0253350036759606,0.0253350036759606,0.1479742388130438,0.1479742388130438,0.8055107297913026,0.1413820394756234,,b753
GSE17538,M1_msd,754,ANAPC5;ABCC6P1;SNORD79;NAT14,0.0,0.3325823135271057,0.5239539750090385,0.0642775901678474,0.0642775901678474,0.1791896645397822,0.1791896645397822,0.5439759129736244,0.1125800305640724,,b754
GSE17538,M1_msd,755,SNORA70;PLBD1-AS1;LOC101929368;CSNK1A1,0.0,0.1345666452407734,0.1896206787368075,0.1078456964952297,0.1078456964952297,0.2424931197478627,0.2424931197478627,0.3378795965190169,0.0343961562012798,,b755
GSE17538,M1_msd,756,AP3B1;CCNT2;SMCO4;COX19,0.0,0.1674242450849458,0.3777770208703487,0.0978079206755749,0.0978079206755749,0.205255357915389,0.205255357915389,0.3629158110172539,0.0574133979846054,,b756
GSE17538,M1_msd,757,UBAC1;CBFA2T3;AP2M1;SMPD3,0.0,0.2654031346805915,0.544602163980027,0.0786055546176591,0.0786055546176591,0.1722419907854616,0.1722419907854616,0.454940113609465,0.1288468990736229,,b757
GSE17538,M1_msd,758,KAT7;PRKAA1;KIAA0196;TMEM170A,0.0,0.1659879919723235,0.2091877149021561,0.1648845599845309,0.1648845599845309,0.1910593717087649,0.1910593717087649,0.1399267271851387,0.0992325866084359,,b758
GSE17538,M1_msd,759,NAGA;RGS4;DNAJA2;XXYLT1,0.0,0.1448260990760977,0.407748180161041,0.0428868712215712,0.0428868712215712,0.140207520869416,0.140207520869416,0.6827092368238888,0.2051849680713379,,b759
GSE17538,M1_msd,760,ZC3HC1;NPIPB11;NAXD;EEF1E1,0.0,0.2175426410163185,0.5263936526275091,0.2041765159186303,0.2041765159186303,0.2854917518383441,0.2854917518383441,0.078731842135769,0.0214422528616076,,b760
GSE17538,M1_msd,761,PRMT1;LOC646743;TMEM126A;ZNF354A,0.0,0.2441882052140395,0.500913157072952,0.0799036902241845,0.0799036902241845,0.164530072680439,0.164530072680439,0.4467072474802283,0.1161324488534455,,b761
GSE17538,M1_msd,762,PSMD11;GPR26;SNX6;HSPB6,0.0,0.2140952210511256,0.3689735621513043,0.0859758316750734,0.0859758316750734,0.1890608763563843,0.1890608763563843,0.4314957217166875,0.085904607533835,,b762
GSE17538,M1_msd,763,RELA;MKRN7P;DHRS4L2;DCTN4,0.0,0.1149395810559121,0.1947901142801008,0.0358425179573424,0.0358425179573424,0.1140674639257919,0.1140674639257919,0.7376146186056104,0.2893423639598017,,b763
GSE17538,M1_msd,764,RBM27;WNK4;STAU1;NPEPL1,0.0,0.3475824687276222,0.870200874752673,-0.0582592962871495,0.0582592962871495,-0.0938793874855796,0.0938793874855796,0.5687422267872555,0.3933825178364497,,b764
GSE17538,M1_msd,765,SEC24C;LOC102725426;CHCHD1;NAA25,0.0,0.1157955815622858,0.2012516600308396,0.335782094377913,0.335782094377913,0.492339047300065,0.492339047300065,0.0021374541926545,1.6666567481041128e-05,,b765
GSE17538,M1_msd,766,SNORA68;ZBTB49;PFKM;KNTC1,0.0,0.1875272951921605,0.4074338861207945,0.0538758593432173,0.0538758593432173,0.0580200674749624,0.0580200674749624,0.6028804996698229,0.5633636396811017,,b766
GSE17538,M1_msd,767,LOC440434;ZBTB49;PRMT5;DDX20,0.0,0.1585021127563427,0.209860955000644,0.0967743704543263,0.0967743704543263,0.2417622104978013,0.2417622104978013,0.3631418644876093,0.0386500487859707,,b767
GSE17538,M1_msd,768,TDRD7;PGBD5;RAB13;TRABD2A,0.0,0.4312475742730405,1.012156395710054,-0.0130701424831008,0.0130701424831008,-0.0261750958930188,0.0261750958930188,0.9001230422308195,0.795830223080461,,b768
GSE17538,M1_msd,769,POLR2L;ZC2HC1C;TOP2B;LYSMD1,0.0,0.2064300263496516,0.4132486071309814,0.0651691114163343,0.0651691114163343,0.117475761977236,0.117475761977236,0.5389654699559898,0.2670165687802897,,b769
GSE17538,M1_msd,770,HTRA2;LINC00324;BLCAP;LOC100506548,0.0,0.3140921567913035,0.6315341803790382,0.1198140509558276,0.1198140509558276,0.2437042204543889,0.2437042204543889,0.2628322766851081,0.0245564777973704,,b770
GSE17538,M1_msd,771,BRE;LOC646743;SNORD76;SPSB1,0.0,0.2320962756756029,0.5239539750090385,0.1089424490236225,0.1089424490236225,0.2016008932379403,0.2016008932379403,0.3197253940920869,0.0739383297279643,,b771
GSE17538,M1_msd,772,PREB;FAM133DP;TM9SF4;EMC3-AS1,0.0,0.1492671605461309,0.210409552586855,0.042457623540121,0.042457623540121,0.1321190774973338,0.1321190774973338,0.6843799709315908,0.2214693246189093,,b772
GSE17538,M1_msd,773,CREB3;TTTY8;SMIM22;IGF1R,0.0,0.1588647906234306,0.3217777204522248,0.0191159643360991,0.0191159643360991,0.0927970302122239,0.0927970302122239,0.8549350139893983,0.3860389186152299,,b773
GSE17538,M1_msd,774,BRE;LPAR6;BZW1;LYSMD1,0.0,0.3289867574339148,0.889689732632286,0.1184487988659596,0.1184487988659596,0.1506531515765603,0.1506531515765603,0.2791668240319644,0.1721266325301907,,b774
GSE17538,M1_msd,775,NPLOC4;INTS6L;RPL18A;TSPAN11,0.0,0.1079462185064051,0.1647806644394693,0.0237756906473601,0.0237756906473601,0.0750232464676208,0.0750232464676208,0.8257273656328715,0.444237832613751,,b775
GSE17538,M1_msd,776,FMO4;ZNF292;BTBD1;MORF4L2,0.0,0.2959484031973595,0.5335957707439406,0.1775135394339383,0.1775135394339383,0.2341285768608852,0.2341285768608852,0.123235537966231,0.053459335040469,,b776
GSE17538,M1_msd,777,LRP6;AMN1;LOC101929368;LOC100506548,0.0,0.2054407448287664,0.4998306933045515,0.1267302815523679,0.1267302815523679,0.2658373310446408,0.2658373310446408,0.2483536020943133,0.0193567151451482,,b777
GSE17538,M1_msd,778,PDXK;BCRP3;C20orf24;EMC3-AS1,0.0,0.5500359062730823,1.5117189085009268,-0.0569022065648711,0.0569022065648711,0.0532947606356212,0.0532947606356212,0.5793786216122854,0.6284373451934275,,b778
GSE17538,M1_msd,779,ADCY6;CREM;TM2D3;SPSB1,0.0,0.2295959536971452,0.4429458079417497,0.1033911061774036,0.1033911061774036,0.2442112080520052,0.2442112080520052,0.3260999086006083,0.0449820846029924,,b779
GSE17538,M1_msd,780,PCGF1;ADA;GINM1;IGSF22,0.0,0.1658126438913086,0.2159098675253795,0.1017997112020028,0.1017997112020028,0.2922470678428886,0.2922470678428886,0.3241293436086304,0.0163699238018665,,b780
GSE17538,M1_msd,781,RELA;ZNF292;CEBPB;PTP4A3,0.0,0.4283049495042092,1.2768214441640693,0.0968240633780878,0.0968240633780878,0.1127907455730374,0.1127907455730374,0.3672040122316535,0.3260163517008362,,b781
GSE17538,M1_msd,782,EID2;ZNF326;TSN;ARHGAP21,0.0,0.2449035341777048,0.4833914342290252,0.1631296603012658,0.1631296603012658,0.218198731276236,0.218198731276236,0.1449088528305513,0.0487770626810131,,b782
GSE17538,M1_msd,783,KIAA0391;SASS6;KIAA0196;ATG4C,0.0,0.1151564664567575,0.2238886298846028,0.1987024848343864,0.1987024848343864,0.2275229666721428,0.2275229666721428,0.0784050336009193,0.0447475985266576,,b783
GSE17538,M1_msd,784,MPHOSPH10;SEPT5-GP1BB;SNX6;RANBP9,0.0,0.2339265378740546,0.3689735621513043,0.1660791757287239,0.1660791757287239,0.3040861986641627,0.3040861986641627,0.135653586394802,0.0097402180765216,,b784
GSE17538,M1_msd,785,IPO8;PRR4;TMEM126A;SPSB1,0.0,0.2443100114586475,0.3792362621139488,0.1547291773818913,0.1547291773818913,0.2609129090607122,0.2609129090607122,0.1600874663056064,0.021657799431978,,b785
GSE17538,M1_msd,786,IPO8;SEPT5-GP1BB;GPD1L;CSNK1A1,0.0,0.1913394405412795,0.3792362621139488,0.0954744497388206,0.0954744497388206,0.1953018193935313,0.1953018193935313,0.3786479253150266,0.0915720322801887,,b786
GSE17538,M1_msd,787,IPO8;CAPS;CD59;ZNF766,0.0,0.165504308979004,0.3792362621139488,0.1940235217678683,0.1940235217678683,0.2099260585091755,0.2099260585091755,0.0715726768455374,0.0678255407855554,,b787
GSE17538,M1_msd,788,FTO;EXOG;LARS;LOC100506790,0.0,0.1452427834276922,0.2354492720488956,0.1551572502702756,0.1551572502702756,0.2007697988639923,0.2007697988639923,0.1665931922392322,0.0801409545615934,,b788
GSE17538,M1_msd,789,MYH14;FAM133DP;COPS3;ADPRM,0.0,0.2181601572711196,0.4895574346690233,0.1565940771983565,0.1565940771983565,0.4190408557130586,0.4190408557130586,0.1524120766447932,0.0010229421705968,,b789
GSE17538,M1_msd,790,GMEB2;GPR26;RCC2;TSPAN11,0.0,0.2779454346508117,0.58567247831586,-0.0376849627329498,0.0376849627329498,0.1528545450100863,0.1528545450100863,0.7064719046855438,0.1723135531651254,,b790
GSE17538,M1_msd,791,SEC61B;FMO1;HSD17B10;SLCO4A1,0.0,0.2764626152352472,0.6948758043863419,0.0017185181836754,0.0017185181836754,0.1079642491936049,0.1079642491936049,0.9865487703068124,0.3108346741247413,,b791
GSE17538,M1_msd,792,LSM4;TRMT13;NDUFA4;RIIAD1,0.0,0.488961437171509,1.4095260967668224,-0.0312277632176229,0.0312277632176229,-0.0281220264476158,0.0281220264476158,0.7636671678410504,0.7899997058733699,,b792
GSE17538,M1_msd,793,EID2;MMP28;MRPL13;ARTN,0.0,0.264164056308792,0.4833914342290252,0.1347854540813532,0.1347854540813532,0.2405650219320722,0.2405650219320722,0.2131178688818894,0.0357068669864715,,b793
GSE17538,M1_msd,794,NR2C2AP;SAMD15;TOMM5;PRR5,0.0,0.4081142301692959,0.9235013315514056,-0.0235574558429127,0.0235574558429127,0.0612795779816463,0.0612795779816463,0.8143334369940158,0.5614450320312636,,b794
GSE17538,M1_msd,795,NUDT9;ANXA2P1;SERINC3;PTCD2,0.0,0.2297933180180131,0.6686643753066845,0.1962179587469771,0.1962179587469771,0.2239808273509183,0.2239808273509183,0.0857612926754258,0.0632748416520265,,b795
GSE17538,M1_msd,796,SF3B3;BOD1L2;ITM2B;TMEM209,0.0,0.5762589510239488,1.442636842001062,0.0560842828638105,0.0560842828638105,0.115283981344172,0.115283981344172,0.5939667816614647,0.320231947052347,,b796
GSE17538,M1_msd,797,AGAP7P;GPR26;GID8;PIGH,0.0,0.1970762165952794,0.3217555680536475,0.1483288605858011,0.1483288605858011,0.246352650893523,0.246352650893523,0.1764254099638903,0.0319091988046275,,b797
GSE17538,M1_msd,798,TMEM8A;AMZ2P1;ITM2B;LRRC36,0.0,0.4441677516763046,1.442636842001062,0.0155070653514287,0.0155070653514287,-0.0777420170217231,0.0777420170217231,0.8818043504501137,0.5152950615837085,,b798
GSE17538,M1_msd,799,PCDHGB5;ZNF45;GTF2B;WDR26,0.0,0.1754278504250647,0.3581696704761911,0.3106792404324204,0.3106792404324204,0.4975953652360217,0.4975953652360217,0.0049371674798528,9.761376837562164e-05,,b799
GSE17538,M1_msd,800,EBP;LOC101926916;BLCAP;MECP2,0.0,0.3192502744356456,0.6315341803790382,0.0143488661256957,0.0143488661256957,0.0582250550952776,0.0582250550952776,0.8924766739918392,0.6100229906208422,,b800
GSE17538,M1_msd,801,BRE;C11orf52;AZIN1;ITFG1,0.0,0.1584953380401974,0.1890421156619824,0.1742921883984919,0.1742921883984919,0.1272036716289479,0.1272036716289479,0.1190113559060338,0.2878596331890592,,b801
GSE17538,M1_msd,802,LSG1;ITPKA;ACADVL;USP30,0.0,0.2401669596560895,0.3819940231813863,0.130317046496764,0.130317046496764,0.121397104809694,0.121397104809694,0.2216261310972472,0.2936614643071252,,b802
GSE17538,M1_msd,803,PNPLA6;LRRC37A2;MIEN1;TPR,0.0,0.2265984300731729,0.5361533632160783,0.0920388221644553,0.0920388221644553,0.1184762196559349,0.1184762196559349,0.400759345496004,0.2516756570999178,,b803
GSE17538,M1_msd,804,MGRN1;ARHGAP44;TMCO1;SLCO4A1,0.0,0.2330694158517173,0.4459711280913281,-0.0041098103237594,0.0041098103237594,-0.0325943251831809,0.0325943251831809,0.9681604870391576,0.7703344846984872,,b804
GSE17538,M1_msd,805,HARS2;KMT5C;SLC25A3;ACCS,0.0,0.2907402655726633,0.4782426686725593,0.0849014331019379,0.0849014331019379,0.1305822638774498,0.1305822638774498,0.4350900945853508,0.2292611862921417,,b805
GSE17538,M1_msd,806,TMEM138;CCDC140;SNRPF;MTFR1,0.0,0.3543085478474509,0.6566005841008599,0.0978490097915193,0.0978490097915193,0.2398629754952413,0.2398629754952413,0.3692042767297466,0.0442916072207784,,b806
GSE17538,M1_msd,807,FGD5-AS1;PLBD1-AS1;GPR89A;MTF2,0.0,0.2115448133260575,0.2710206064734339,0.0299307464860276,0.0299307464860276,0.158330489505674,0.158330489505674,0.774925867374745,0.1773536773426832,,b807
GSE17538,M1_msd,808,RUVBL2;CD300C;BOLA2B;C8orf44-SGK3,0.0,0.2658558614111215,0.4680326111330449,0.0635593594313832,0.0635593594313832,0.0915555743974915,0.0915555743974915,0.5384923438414909,0.3866363700024809,,b808
GSE17538,M1_msd,809,ANAPC5;LOC105374366;HYOU1;COX17,0.0,0.4055006705003551,0.8032637614952424,0.2065996524617637,0.2065996524617637,0.2788695615168679,0.2788695615168679,0.0646266692888089,0.0180627452532141,,b809
GSE17538,M1_msd,810,SMG8;EXOG;RAB13;LRRC37B,0.0,0.4277730695415377,1.012156395710054,0.1569416348153271,0.1569416348153271,0.2063306770235779,0.2063306770235779,0.156095510370809,0.0554843532895426,,b810
GSE17538,M1_msd,811,ARFGAP1;ALPP;PSMD10;TGIF1,0.0,0.2310630112859296,0.4037637040360121,-0.043057434545794,0.043057434545794,0.0505477722059334,0.0505477722059334,0.6750037236245933,0.6434869010501443,,b811
GSE17538,M1_msd,812,HEIH;LRRC8E;FBL;LINC00028,0.0,0.4422647964650265,1.2207742289173684,0.0483611039705358,0.0483611039705358,0.1096021030552596,0.1096021030552596,0.6460322195130572,0.2686376409496254,,b812
GSE17538,M1_msd,813,SMDT1;LOC101929959;C14orf119;DDIAS,0.0,0.3106748322319161,0.5078410882293312,0.0571850959362931,0.0571850959362931,0.1117445342068154,0.1117445342068154,0.5724529201466565,0.3110222683410346,,b813
GSE17538,M1_msd,814,NUCB1;OFD1;SUMF1;RAB21,0.0,0.1755319672342254,0.2281433118215101,0.1370867216342346,0.1370867216342346,0.3209389160234353,0.3209389160234353,0.2100653951251809,0.0070301232408054,,b814
GSE17538,M1_msd,815,TDRD7;OR2H2;NBPF20;SSX2IP,0.0,0.2597565318367147,0.4742586968004439,0.112556343445467,0.112556343445467,0.2241403827550217,0.2241403827550217,0.3018973979460922,0.0487037131064377,,b815
GSE17538,M1_msd,816,DESI1;EXOG;MOB4;CENPV,0.0,0.224799172607352,0.3064641969975643,0.044217863713986,0.044217863713986,0.1805714765507906,0.1805714765507906,0.6754700239446791,0.123437913703333,,b816
GSE17538,M1_msd,817,ANO7;METTL4;ARHGDIB;GATA6-AS1,0.0,0.1999981319149237,0.327583129175844,-0.0014441937451943,0.0014441937451943,0.0123953832466803,0.0123953832466803,0.9892475533938336,0.8912022191181205,,b817
GSE17538,M1_msd,818,LOC440434;TTTY8B;MRPL32;STAM2,0.0,0.2475202219152532,0.5610851007657188,0.0884333465092084,0.0884333465092084,0.2035061175072145,0.2035061175072145,0.4115962014201219,0.0729656738158174,,b818
GSE17538,M1_msd,819,MAD2L1BP;WFDC3;NT5C3A;ARHGAP21,0.0,0.1952648097799079,0.430840065153759,0.213117813855695,0.213117813855695,0.1910804008407418,0.1910804008407418,0.0380232723016106,0.0791094231921095,,b819
GSE17538,M1_msd,820,SAE1;MAP3K2;H2AFV;THBS3,0.0,0.1879367394105473,0.4854562749982358,0.1214827901464185,0.1214827901464185,0.2392172168633904,0.2392172168633904,0.2622345191161862,0.0455367964826872,,b820
GSE17538,M1_msd,821,ANKHD1-EIF4EBP3;RAB30;PHB;HS3ST2,0.0,0.2466061518746837,0.3820051012355954,0.1281106817411275,0.1281106817411275,0.1138966970976223,0.1138966970976223,0.2418746597286206,0.2930825418483409,,b821
GSE17538,M1_msd,822,EBP;OSM;TMEM126A;C1orf52,0.0,0.2583000360834515,0.4098910730799386,0.1256588427889598,0.1256588427889598,0.2369714440965273,0.2369714440965273,0.2348277767481112,0.0342759423013024,,b822
GSE17538,M1_msd,823,ERBB3;ATF2;SEC24B;SNX19,0.0,0.1841426595914373,0.389630096236949,0.0642468635473552,0.0642468635473552,0.1016089575956773,0.1016089575956773,0.5475118977898517,0.3546565388319096,,b823
GSE17538,M1_msd,824,AMPD2;KMT5C;ANXA2P2;ARTN,0.0,0.4015977847173196,1.1055673816149827,0.093274256120931,0.093274256120931,0.2833991959529938,0.2833991959529938,0.3811633222145967,0.0169066840329192,,b824
GSE17538,M1_msd,825,ERBB3;ZNF23;UBE2NL;ZNF14,0.0,0.2872296038756246,0.5685312208615627,0.0650708745178077,0.0650708745178077,0.093421908789466,0.093421908789466,0.5419477844471412,0.4113082303831947,,b825
GSE17538,M1_msd,826,TMEM184B;LRRC37A2;C15orf61;SSX2IP,0.0,0.1447959368755534,0.2214973260302862,0.1266994594881239,0.1266994594881239,0.201517918440877,0.201517918440877,0.2393768271349046,0.0631737864191568,,b826
GSE17538,M1_msd,827,SIDT2;HSPB2-C11orf52;NDUFA4;EEF1E1,0.0,0.4431369368996013,1.4095260967668224,0.1951228685022803,0.1951228685022803,0.1619500830647027,0.1619500830647027,0.0838988983308036,0.1511626770033478,,b827
GSE17538,M1_msd,828,RBMX;ZNF23;MRPL54;OPA1,0.0,0.1658255385135472,0.368495875636288,0.1436770265465548,0.1436770265465548,0.1996044121511435,0.1996044121511435,0.210741092719579,0.0899055854448067,,b828
GSE17538,M1_msd,829,PRMT1;PIGK;SNORD1A;PIGH,0.0,0.3640984264917783,0.6501854311129363,0.132336373414919,0.132336373414919,0.2171830215332891,0.2171830215332891,0.2317767405079491,0.0490224417853223,,b829
GSE17538,M1_msd,830,IRF2BP1;NDUFB7;ACVR1;EBF4,0.0,0.1284220432084235,0.2182606726264976,0.0709866233575972,0.0709866233575972,0.2102336005500245,0.2102336005500245,0.5024524121131471,0.0562116423738923,,b830
GSE17538,M1_msd,831,ST14;PLBD1-AS1;C14orf2;CBFA2T2,0.0,0.3867982905513801,0.884674064007856,-0.0564451465698029,0.0564451465698029,0.0048558115285015,0.0048558115285015,0.5733357869606543,0.9640538952097188,,b831
GSE17538,M1_msd,832,AGAP5;ACTL10;NDUFB11;GSTA4,0.0,0.3284882667918202,0.8012768033576122,0.0154033545919186,0.0154033545919186,0.0474831232548809,0.0474831232548809,0.8836197160759296,0.6381484492577099,,b832
GSE17538,M1_msd,833,TEX2;MPHOSPH9;BOLA2B;DNAJC25-GNG10,0.0,0.2306271421817239,0.4680326111330449,0.2127897375167508,0.2127897375167508,0.1833294997830034,0.1833294997830034,0.0426941595816382,0.0725135295358036,,b833
GSE17538,M1_msd,834,SMDT1;CCDC140;MRPL40;DDX20,0.0,0.2150759416452512,0.5078410882293312,0.0365161696042103,0.0365161696042103,0.106330505386506,0.106330505386506,0.7219911785668649,0.3108285845459823,,b834
GSE17538,M1_msd,835,MAX;DDX60L;SLC25A3;MLXIPL,0.0,0.2969192132891196,0.4570422103281426,-0.0229392175699775,0.0229392175699775,0.1547421011810816,0.1547421011810816,0.8305776963347367,0.17137290598415,,b835
GSE17538,M1_msd,836,ZNF106;C11orf95;AKR7A3;CBX5,0.0,0.1499774342808378,0.421376560831032,0.0246708384593157,0.0246708384593157,0.0393937252500538,0.0393937252500538,0.8173317195422026,0.7257765594254586,,b836
GSE17538,M1_msd,837,PCDHGB5;SEPT5-GP1BB;MRPL32;EMC3-AS1,0.0,0.2821932953747492,0.5610851007657188,0.1245643868488592,0.1245643868488592,0.2843539982885447,0.2843539982885447,0.2555072462579026,0.0139988174616899,,b837
GSE17538,M1_msd,838,UBQLN4;XRN1;RRS1;MECP2,0.0,0.275256296237735,0.5074411209909535,0.0950392333676241,0.0950392333676241,0.2108326406755147,0.2108326406755147,0.3834983046209634,0.0740254703932927,,b838
GSE17538,M1_msd,839,RUVBL2;ACTL7B;H2AFV;OPA1,0.0,0.1949859785409188,0.3109050096747818,0.0787243788781914,0.0787243788781914,0.1504451980650536,0.1504451980650536,0.4613625334775149,0.1779232193869732,,b839
GSE17538,M1_msd,840,MCOLN1;LOC105376796;TMBIM1;SLC27A5,0.0,0.2920496458749915,0.5570258547866361,0.1506669911816637,0.1506669911816637,0.2813569046858485,0.2813569046858485,0.1642886746792679,0.0108040705772612,,b840
GSE17538,M1_msd,841,PPAN;ADH1A;SLC25A3;MCFD2,0.0,0.3321204796504959,0.4570422103281426,0.0658426260645426,0.0658426260645426,0.1606212691431921,0.1606212691431921,0.5368035292916051,0.1353921400704192,,b841
GSE17538,M1_msd,842,LSG1;ANGPT4;ADD3;STAU2-AS1,0.0,0.4157381133501477,0.9725440018157118,-0.0173123403709122,0.0173123403709122,0.0292397653317149,0.0292397653317149,0.8658280762615242,0.7783590492135741,,b842
GSE17538,M1_msd,843,SYNGR2;DLL1;ALG11;S100PBP,0.0,0.189561739942515,0.2408266558242197,0.0823986173033047,0.0823986173033047,0.1553918555355574,0.1553918555355574,0.450631804919075,0.1442898302747144,,b843
GSE17538,M1_msd,844,UBL4A;LOC102723692;USP1;NPHS2,0.0,0.1739337180988679,0.2617059444939755,-0.0091951972355645,0.0091951972355645,0.0181123395875106,0.0181123395875106,0.9271631451427051,0.8741014310354269,,b844
GSE17538,M1_msd,845,CLINT1;LOC101928419;LOC100996696;FCHO1,0.0,0.3256956167025541,0.5242374109117417,-0.0324429363431287,0.0324429363431287,0.0795081261558297,0.0795081261558297,0.7610252844962573,0.4549130668780266,,b845
GSE17538,M1_msd,846,HN1L;DCP2;SRPK1;LINC01111,0.0,0.1224961452987691,0.2530866426704674,0.0131594128167641,0.0131594128167641,0.0705724799393399,0.0705724799393399,0.9001756363398447,0.5094087917271033,,b846
GSE17538,M1_msd,847,UBXN2A;TTC39B;NDUFA9;ALMS1,0.0,0.3125137287294139,0.6647420673174086,0.0881513899440774,0.0881513899440774,0.1343912273774252,0.1343912273774252,0.3974152575182496,0.2510874099770057,,b847
GSE17538,M1_msd,848,RBM10;GPR26;P2RX4;COX11,0.0,0.2085787923768964,0.4274024763854689,0.0947496164628246,0.0947496164628246,0.1560888554846519,0.1560888554846519,0.3760559989178181,0.1364652753018126,,b848
GSE17538,M1_msd,849,HN1L;RBM48;ZNF146;RNF157,0.0,0.1321581926389634,0.2145468678015572,0.0002567087193728,0.0002567087193728,0.0560705238573435,0.0560705238573435,0.998019211982038,0.6019788049749824,,b849
GSE17538,M1_msd,850,ZC3HC1;ABCA11P;UBP1;EPB41L5,0.0,0.2251639162486274,0.5263936526275091,0.1120890322245411,0.1120890322245411,0.1091934743332023,0.1091934743332023,0.3044117336113897,0.33649756358082,,b850
GSE17538,M1_msd,851,C1orf123;BOD1L2;PCMT1;CSNK1A1,0.0,0.1600578861708516,0.2173710854563062,0.2053956042537814,0.2053956042537814,0.3141118335859245,0.3141118335859245,0.0762881591591705,0.0132255023019955,,b851
GSE17538,M1_msd,852,TDRD7;SASS6;PPIB;PRIMPOL,0.0,0.5062259485150506,1.2255792060555262,0.14378438113334,0.14378438113334,0.3272095230013619,0.3272095230013619,0.1777159045365692,0.0070752222211831,,b852
GSE17538,M1_msd,853,HOOK2;LRRC8E;SNORD81;NEPRO,0.0,0.3261869000724121,0.5239539750090385,0.1978202303866731,0.1978202303866731,0.2219506434604545,0.2219506434604545,0.0790090565352674,0.0346477135165341,,b853
GSE17538,M1_msd,854,HEIH;AMN1;TM2D3;WDR26,0.0,0.1583678497582898,0.280506319211079,0.1130523463139486,0.1130523463139486,0.1880293413854223,0.1880293413854223,0.2839188599072023,0.1071818185133453,,b854
GSE17538,M1_msd,855,UBQLN4;ANGPT4;COPS5;TRABD2A,0.0,0.3165214198236302,0.5760355319027581,-0.0227053123514297,0.0227053123514297,0.0160111394108803,0.0160111394108803,0.8285948013207489,0.8765292791712864,,b855
GSE17538,M1_msd,856,SAE1;SCYL3;DNAJB11;PRR5,0.0,0.3257769008974879,0.585049164032104,0.098772386131954,0.098772386131954,0.2183027526331689,0.2183027526331689,0.3503801701563556,0.0643802918989348,,b856
GSE17538,M1_msd,857,GPKOW;CRNN;RAB13;MMEL1,0.0,0.4015304036640978,1.012156395710054,0.0173001410663624,0.0173001410663624,0.083684383929563,0.083684383929563,0.86771101224616,0.4116989070238737,,b857
GSE17538,M1_msd,858,CIAO1;MAP3K2;NPTN;MCFD2,0.0,0.483126755467169,1.168768453083174,0.2029491085054005,0.2029491085054005,0.3401589414705414,0.3401589414705414,0.0705724994089359,0.007596128304332,,b858
GSE17538,M1_msd,859,PEX19;FST;HYOU1;SLC27A5,0.0,0.3608133438495153,0.8032637614952424,0.2937742484966887,0.2937742484966887,0.3668903110702457,0.3668903110702457,0.0066306754309043,0.000952513664535,,b859
GSE17538,M1_msd,860,RBM17;CCNT2;MLEC;ACAD8,0.0,0.4369618416889368,0.9899847869416828,0.1257179761674434,0.1257179761674434,0.1600025470104052,0.1600025470104052,0.2480337376594389,0.1777005183839771,,b860
GSE17538,M1_msd,861,PMVK;MCC;SEMA4B;RIIAD1,0.0,0.304485683172068,0.533053180061023,0.040777425268208,0.040777425268208,0.1099027010981701,0.1099027010981701,0.6871221903925309,0.2880707170638834,,b861
GSE17538,M1_msd,862,IRF2BP1;KMT5C;CHURC1;TPR,0.0,0.1686201725828117,0.20765908512247,0.002521383483956,0.002521383483956,0.1551682508463323,0.1551682508463323,0.9806495630769024,0.149157722211202,,b862
GSE17538,M1_msd,863,TRIM21;ZMYM2;NAP1L1;RHOT1,0.0,0.1962480801938143,0.4055438609715779,0.2097906935345247,0.2097906935345247,0.2387140803446247,0.2387140803446247,0.0655732737334122,0.0384052119462576,,b863
GSE17538,M1_msd,864,CDK16;CLEC11A;C20orf24;DNAJC25,0.0,0.5460269164570497,1.5117189085009268,0.109684888269426,0.109684888269426,0.1482007583439501,0.1482007583439501,0.2899407491940889,0.1878555005073027,,b864
GSE17538,M1_msd,865,AKIP1;LOC101927379;IDH3B;LRRC37B,0.0,0.1806800804727267,0.362224351435267,0.0339367798008466,0.0339367798008466,0.0592495896548233,0.0592495896548233,0.7451798617242554,0.5642776268606339,,b865
GSE17538,M1_msd,866,DECR2;FMO1;PIGY;C3orf52,0.0,0.0440654798460252,0.0764705385628803,-0.0672050243868127,0.0672050243868127,-0.0454817917404795,0.0454817917404795,0.5003945206803191,0.6541208115415074,,b866
GSE17538,M1_msd,867,POLD4;LRRC57;SNORD74;LOC100506548,0.0,0.2211749167376998,0.5239539750090385,0.2121907981184206,0.2121907981184206,0.3167184736852717,0.3167184736852717,0.0569314442238353,0.0068581890815843,,b867
GSE17538,M1_msd,868,DEXI;LOC100507006;SLIRP;FBXO45,0.0,0.3789754895205657,0.8062790038802423,0.1338458033738143,0.1338458033738143,0.2526223389987443,0.2526223389987443,0.2159746569878746,0.034472687173024,,b868
GSE17538,M1_msd,869,AP3B1;ZMYM1;RPL18A;PTCD2,0.0,0.1630361361230402,0.3777770208703487,0.0843721732637052,0.0843721732637052,0.0837584302358256,0.0837584302358256,0.4246348347433303,0.3618787766978008,,b869
GSE17538,M1_msd,870,KIFC1;C22orf31;PCMT1;SH3RF3,0.0,0.2201637084610706,0.4079688887011187,0.1214946867406497,0.1214946867406497,0.2632952536836018,0.2632952536836018,0.2582492986933197,0.018743203619745,,b870
GSE17538,M1_msd,871,C16orf91;SLC2A6;ALDH3A2;FNDC3A,0.0,0.1535875990027368,0.2760114789144201,0.0437983820186397,0.0437983820186397,0.1457440522272363,0.1457440522272363,0.6740010807391666,0.2030718891792813,,b871
GSE17538,M1_msd,872,UBL4A;AEBP2;MRPL40;STAU2-AS1,0.0,0.1802679089962452,0.2617059444939755,0.0832297799583604,0.0832297799583604,0.0737670368598456,0.0737670368598456,0.4326663455030993,0.5024671613994521,,b872
GSE17538,M1_msd,873,PYCR2;ANXA2P1;BLCAP;SLC27A3,0.0,0.2756430989090853,0.6315341803790382,0.1740630819087608,0.1740630819087608,0.2752258366978464,0.2752258366978464,0.1075712022741493,0.0155121986677436,,b873
GSE17538,M1_msd,874,DNPH1;CD300A;MGAT4B;SMPD3,0.0,0.218855369290693,0.3673956322739234,-0.0802407966295839,0.0802407966295839,-0.0816863933038262,0.0816863933038262,0.4242418333312814,0.3997168363561006,,b874
GSE17538,M1_msd,875,IPO8;FST;PDHA1;EBF4,0.0,0.2008850365247353,0.3792362621139488,0.2489301579971309,0.2489301579971309,0.345741046864164,0.345741046864164,0.0237502984873104,0.0033731434517405,,b875
GSE17538,M1_msd,876,HDAC3;FRMD3;RAP1B;IGF1R,0.0,0.3471106062591282,1.0513722680906978,0.1816470945240786,0.1816470945240786,0.3207551871784816,0.3207551871784816,0.0970972495414348,0.0098869498625366,,b876
GSE17538,M1_msd,877,TRIM21;BICC1;CNIH1;IER5L,0.0,0.1715541977968056,0.2795159983805143,0.2834478035661225,0.2834478035661225,0.4140086011493987,0.4140086011493987,0.0076156849584559,0.0003123495514477,,b877
GSE17538,M1_msd,878,CLK2;EXOG;MIR6513;ARGLU1,0.0,0.295846292962018,0.5570258547866361,0.2275584964954379,0.2275584964954379,0.3655435831931043,0.3655435831931043,0.0434762800936693,0.0011571430983522,,b878
GSE17538,M1_msd,879,MTPN;SIRPG;PDIA3;NIPAL2,0.0,0.1517167653917921,0.3080223501149264,0.0483848655738296,0.0483848655738296,0.1612827710357894,0.1612827710357894,0.6517080702509237,0.163827878144088,,b879
GSE17538,M1_msd,880,HDAC3;DLL1;PPP3CA;KRIT1,0.0,0.1204619993524632,0.2161184417195029,0.2449673489765047,0.2449673489765047,0.3997569639464033,0.3997569639464033,0.0342672173018557,0.0018403501571894,,b880
GSE17538,M1_msd,881,RBMX;SORCS2;IRF2BPL;EPB41L5,0.0,0.2649036046794576,0.4934574994955399,0.2003393682231538,0.2003393682231538,0.2432068142630041,0.2432068142630041,0.0825134851130228,0.0463124851990435,,b881
GSE17538,M1_msd,882,CLINT1;ZNF292;BIRC2;PIP5K1B,0.0,0.294631302128979,0.5242374109117417,0.1409378424670689,0.1409378424670689,0.2302400270381631,0.2302400270381631,0.1896777547408391,0.0518368567359437,,b882
GSE17538,M1_msd,883,ADCY6;ARHGAP44;WDR77;CEP170P1,0.0,0.193210049942562,0.4429458079417497,0.0528580994708613,0.0528580994708613,0.0807730981208176,0.0807730981208176,0.6095612902650527,0.4658129221617509,,b883
GSE17538,M1_msd,884,RBMX;GAREM1;LAMP1;KIAA0232,0.0,0.3061165221871969,0.6243045168600468,0.0916477707181084,0.0916477707181084,0.133232680934805,0.133232680934805,0.402457356509911,0.2569568491648896,,b884
GSE17538,M1_msd,885,MIR6778;FRMD3;MTX2;RAB21,0.0,0.1809995471971695,0.2270059962045307,0.1745405510839248,0.1745405510839248,0.3413717742460727,0.3413717742460727,0.0967917486003727,0.0060946006407892,,b885
GSE17538,M1_msd,886,HOOK2;PAQR7;ABLIM1;SLC27A3,0.0,0.2294571841979455,0.4860868777042927,0.09789949659299,0.09789949659299,0.2024196078565314,0.2024196078565314,0.3405103116791799,0.0604738009025298,,b886
GSE17538,M1_msd,887,NPLOC4;LOC101928317;NBL1;SMPD3,0.0,0.2628089917129483,0.6755626480848534,-0.0530948660265702,0.0530948660265702,0.0859491883563732,0.0859491883563732,0.599516054736636,0.3989553932961891,,b887
GSE17538,M1_msd,888,HSPA9;XRN1;ORMDL2;TRIQK,0.0,0.2273038078179612,0.3348564293036961,0.1754053089984449,0.1754053089984449,0.2280633912785772,0.2280633912785772,0.1072856645975765,0.0413009004190646,,b888
GSE17538,M1_msd,889,SLC41A3;MTURN;GHITM;KCTD7,0.0,0.3488459988042431,0.8315799418207173,0.0645144966880009,0.0645144966880009,0.0882708924764417,0.0882708924764417,0.5464806451945019,0.4218308503941895,,b889
GSE17538,M1_msd,890,C16orf91;SMCHD1;NCK2;ESCO1,0.0,0.1566864316184735,0.2760114789144201,0.1447426331442771,0.1447426331442771,0.3794584014982069,0.3794584014982069,0.1622430580428437,0.0015075236488203,,b890
GSE17538,M1_msd,891,MUTYH;XRN1;PPP1R8;ZFP57,0.0,0.1610419551673165,0.223670666288754,0.026694525477096,0.026694525477096,0.1709385853236167,0.1709385853236167,0.7952697106882574,0.1135619322898974,,b891
GSE17538,M1_msd,892,RNF220;GXYLT1;DCAF12;FOXA2,0.0,0.106346683549357,0.1166395569260125,0.1105755724368965,0.1105755724368965,0.1592867381197007,0.1592867381197007,0.2972881148854613,0.1751607368144445,,b892
GSE17538,M1_msd,893,ANAPC5;LOC646743;VPS51;PPP1R13B,0.0,0.2487484933185036,0.4989717029505847,0.0178555726285752,0.0178555726285752,0.0595589910186555,0.0595589910186555,0.8654144295785592,0.5682127751637459,,b893
GSE17538,M1_msd,894,OTUB1;SSUH2;ASNSD1;C1orf52,0.0,0.1234759417134044,0.1990583513561562,0.1061059572191756,0.1061059572191756,0.1075204358977876,0.1075204358977876,0.3321154931086304,0.3355834456406094,,b894
GSE17538,M1_msd,895,PRMT1;PDPN;COPZ1;TMEM19,0.0,0.3802193175429444,0.7707147667318982,0.0766768347524995,0.0766768347524995,0.2113237125200807,0.2113237125200807,0.46952115002158,0.0567624217643596,,b895
GSE17538,M1_msd,896,TDRD7;CSGALNACT1;THAP12;ACCS,0.0,0.2844765606114547,0.4937647370419394,0.0338414764728974,0.0338414764728974,0.1339766823477608,0.1339766823477608,0.7373919266622306,0.2135104614685058,,b896
GSE17538,M1_msd,897,SAE1;PLBD1-AS1;LOC100996696;TRABD2A,0.0,0.2658725297879028,0.4854562749982358,-0.0481751917732661,0.0481751917732661,0.0335897409074918,0.0335897409074918,0.6405122696700055,0.7541056385918585,,b897
GSE17538,M1_msd,898,AP1M1;POLR1E;GNAI2;MAN1C1,0.0,0.2257285215201293,0.4574029811678257,0.1818782671397869,0.1818782671397869,0.1669022644269596,0.1669022644269596,0.0730907460996772,0.1379190517942994,,b898
GSE17538,M1_msd,899,ANAPC5;GXYLT1;MIF;USP30,0.0,0.6175966366156983,1.6809648266345123,0.1590054955989557,0.1590054955989557,0.0954248829722185,0.0954248829722185,0.1391632695279985,0.4156644372557614,,b899
GSE17538,M1_msd,900,SAE1;B3GNTL1;RPL18A;NPHS2,0.0,0.2493322223662414,0.4854562749982358,-0.0035675674542285,0.0035675674542285,0.0445883457631083,0.0445883457631083,0.972119905184984,0.6402331490446671,,b900
GSE17538,M1_msd,901,ATG4A;FRMD3;TGIF2-C20orf24;KRIT1,0.0,0.562701282984586,1.5117189085009268,0.1758818865029121,0.1758818865029121,0.1725033733455974,0.1725033733455974,0.1090029979873889,0.1501899224038318,,b901
GSE17538,M1_msd,902,AGAP12P;FCRLB;SPINT2;ARRDC2,0.0,0.4679093472507696,1.2601989930975903,0.0478134902085135,0.0478134902085135,0.2107960106646587,0.2107960106646587,0.6553641324543962,0.0550816545009504,,b902
GSE17538,M1_msd,903,OTUB1;MAP3K2;PPP3CA;PREX1,0.0,0.1203471345030014,0.1990583513561562,0.1682634257963521,0.1682634257963521,0.3560208983855945,0.3560208983855945,0.1215573332230158,0.0044847962512251,,b903
GSE17538,M1_msd,904,LRP6;MTURN;CALR;XXYLT1,0.0,0.2259070620932027,0.4998306933045515,0.0619234237531979,0.0619234237531979,0.1942363415402115,0.1942363415402115,0.5710746611883621,0.0793921100438174,,b904
GSE17538,M1_msd,905,SIAH2;LOC102723692;STAU1;CELSR3,0.0,0.3193933029577638,0.870200874752673,0.0059994214817876,0.0059994214817876,-0.0165887673789345,0.0165887673789345,0.9543532047756226,0.8881450307254948,,b905
GSE17538,M1_msd,906,ANAPC5;PRR7;BLCAP;ARTN,0.0,0.3241893765824625,0.6315341803790382,0.0003645701475672,0.0003645701475672,0.0714156250967972,0.0714156250967972,0.9971990804924318,0.4978398893655514,,b906
GSE17538,M1_msd,907,FAM91A1;VPS13A;PRELID3B;IGF2BP2,0.0,0.1784818118503751,0.5433440466406818,0.0543223830050685,0.0543223830050685,0.0504692878052551,0.0504692878052551,0.6011467750988477,0.6620601166753778,,b907
GSE17538,M1_msd,908,HDAC3;AMN1;SPTSSA;KRIT1,0.0,0.1470732353079793,0.2325266938144382,0.1505410334005915,0.1505410334005915,0.1854749356561368,0.1854749356561368,0.1832615910320942,0.1165015163140207,,b908
GSE17538,M1_msd,909,POLD4;B3GNTL1;SNORD81;GALNT2,0.0,0.2198029500741981,0.5239539750090385,0.1556013725821032,0.1556013725821032,0.2632793541513635,0.2632793541513635,0.167843969879431,0.0247345966873458,,b909
GSE17538,M1_msd,910,SAAL1;ZNF134;SERINC3;C8orf44-SGK3,0.0,0.2883812156918499,0.6686643753066845,0.1134643062020005,0.1134643062020005,0.0827519973836156,0.0827519973836156,0.2831391202463343,0.462231874310791,,b910
GSE17538,M1_msd,911,AKIP1;ZNF326;ALG11;EPB41L5,0.0,0.1647690619980821,0.362224351435267,0.018072163378007,0.018072163378007,0.0121858288705154,0.0121858288705154,0.8650094796742508,0.9125216460979816,,b911
GSE17538,M1_msd,912,SEPT8;PDPN;USP14;SLC27A3,0.0,0.2292011406646318,0.4652706015176164,0.1860390937175782,0.1860390937175782,0.4307617007039678,0.4307617007039678,0.0802276425697243,0.0001715307791823,,b912
GSE17538,M1_msd,913,LOC440434;LINC00540;DAP;ASXL1,0.0,0.2215139767433362,0.3657124833123958,-0.0550514776804705,0.0550514776804705,-0.011700427745199,0.011700427745199,0.5904637116747813,0.9099027644670276,,b913
GSE17538,M1_msd,914,IP6K2;LPAR6;PEPD;CC2D2B,0.0,0.1542976113884199,0.1999604103425907,0.0238459836779562,0.0238459836779562,-0.0390357245134796,0.0390357245134796,0.8217499392861181,0.7145311076772403,,b914
GSE17538,M1_msd,915,ILKAP;TTC39B;DAP;ARHGAP5-AS1,0.0,0.2941860436834753,0.4847792126883219,0.1293782777235273,0.1293782777235273,0.2281504381436137,0.2281504381436137,0.2191597762921782,0.0464552863316804,,b915
GSE17538,M1_msd,916,CRB3;H1FOO;PPP4R1;PRR5,0.0,0.1738317930884597,0.3532461870449176,0.078622064282284,0.078622064282284,0.2767792252529908,0.2767792252529908,0.4516671286758653,0.0109052887190927,,b916
GSE17538,M1_msd,917,METTL17;ZNF85;CSE1L;PLIN1,0.0,0.1283462910373699,0.3667861075024343,0.2772810348416338,0.2772810348416338,0.1592061868813219,0.1592061868813219,0.0092538373570869,0.1216850685445502,,b917
GSE17538,M1_msd,918,SHQ1;C11orf52;TMBIM1;NUP133,0.0,0.3403502207035339,0.5570258547866361,0.2167495916986541,0.2167495916986541,0.2710415275659987,0.2710415275659987,0.0538039542418227,0.0285174535773362,,b918
GSE17538,M1_msd,919,TNPO1;ABCA11P;UBP1;COL7A1,0.0,0.2393650624535054,0.4355609248996857,0.1297206525710749,0.1297206525710749,0.3452419177373098,0.3452419177373098,0.2225136565060442,0.0028903108624489,,b919
GSE17538,M1_msd,920,TIMM23;ARHGAP44;IGBP1;SLC9A8,0.0,0.1725230316874604,0.310448526192365,0.0097090191742902,0.0097090191742902,-0.0124915442422866,0.0124915442422866,0.9265549452732424,0.9092488907465844,,b920
GSE17538,M1_msd,921,TXN2;C3orf38;MPST;PTCD2,0.0,0.1016857548973771,0.1635433108861596,-0.0420448108677048,0.0420448108677048,-0.027500792219193,0.027500792219193,0.6717069796303405,0.7896354708556489,,b921
GSE17538,M1_msd,922,LOC101060581;LINC00906;PDCD10;METTL7A,0.0,0.4606013422082408,1.1047464132553282,0.0729600854722763,0.0729600854722763,0.1737864952970285,0.1737864952970285,0.4931822591004945,0.1251959371843749,,b922
GSE17538,M1_msd,923,UBXN2A;LRRC57;DNAJA1;ARRDC2,0.0,0.3114232360138,0.7227248547703216,0.1242627810723806,0.1242627810723806,0.261050538824462,0.261050538824462,0.2573884372920511,0.0310721637418935,,b923
GSE17538,M1_msd,924,SEPT8;ACTL7B;PRR11;PINX1,0.0,0.2364442681328643,0.4652706015176164,0.066171314102486,0.066171314102486,0.195371690780527,0.195371690780527,0.5370443781703613,0.0753060400390541,,b924
GSE17538,M1_msd,925,PTPA;EED;SNRPF;MTFR1,0.0,0.3073529421605215,0.6566005841008599,0.2185037786444692,0.2185037786444692,0.4582322759867988,0.4582322759867988,0.0485835681680112,0.0002922304036937,,b925
GSE17538,M1_msd,926,ILKAP;LOC646743;PSMD12;KRIT1,0.0,0.233739373237372,0.4847792126883219,0.110431863477447,0.110431863477447,0.1758540857849805,0.1758540857849805,0.3024152951627686,0.112585932579553,,b926
GSE17538,M1_msd,927,TRIM21;LOC102725426;BET1;STAM2,0.0,0.1782260555496507,0.2795159983805143,0.0704589393675223,0.0704589393675223,0.1807275144588379,0.1807275144588379,0.5037171113073127,0.0940830225802849,,b927
GSE17538,M1_msd,928,SHQ1;RBM48;HSD17B10;IGF2BP2,0.0,0.3139065803466661,0.6948758043863419,0.0137296771351946,0.0137296771351946,0.0267912126988112,0.0267912126988112,0.8941334121692354,0.8014111084520269,,b928
GSE17538,M1_msd,929,SIAH2;VSTM2L;LOC101928830;ASGR2,0.0,0.2962976359621763,0.7209244015121242,0.0730592564967181,0.0730592564967181,0.056518613439055,0.056518613439055,0.4859339390056671,0.5671736598853917,,b929
GSE17538,M1_msd,930,DDX23;LOC101926916;GTF2I;FKBPL,0.0,0.175050217280537,0.2758777865741982,0.0545384508597548,0.0545384508597548,0.1487551190067244,0.1487551190067244,0.6074431776565785,0.2063701973203678,,b930
GSE17538,M1_msd,931,ILKAP;PRR4;MGST2;NAA25,0.0,0.3287244652225756,0.6968077880497011,0.1806245137975005,0.1806245137975005,0.2715255332850684,0.2715255332850684,0.1025868147928009,0.026579679972843,,b931
GSE17538,M1_msd,932,SHQ1;LRRC8E;MGST2;LOC100132731,0.0,0.3498659950548887,0.6968077880497011,0.0506480892584499,0.0506480892584499,0.1422925741388898,0.1422925741388898,0.6359018855092292,0.1902098466773257,,b932
GSE17538,M1_msd,933,ZNF622;SAMD15;TOMM34;PDE2A,0.0,0.1025676378652347,0.1640859484807988,0.0797487194690559,0.0797487194690559,0.12859293387988,0.12859293387988,0.4416426461534185,0.2422566182923444,,b933
GSE17538,M1_msd,934,BUD31;HLA-DQB2;AKR7A3;SLC9A8,0.0,0.2143152168659673,0.4601183964521019,0.003822563985066,0.003822563985066,0.0946747939128564,0.0946747939128564,0.9705901435497424,0.3898809782042451,,b934
GSE17538,M1_msd,935,FAM91A1;RBM48;ALDH3A2;COX19,0.0,0.2147257852138939,0.5433440466406818,0.1407527609015424,0.1407527609015424,0.1971139457710665,0.1971139457710665,0.2077652839033356,0.0909354455098272,,b935
GSE17538,M1_msd,936,IRF2BP1;ALPP;DNAJA2;ALDH6A1,0.0,0.0845471624844071,0.1453737195264526,-0.0218597927089137,0.0218597927089137,0.0279351745789841,0.0279351745789841,0.8299350639514905,0.7779833835299741,,b936
GSE17538,M1_msd,937,MLKL;HOMER3;SPINT2;NKAP,0.0,0.4267526326270175,1.2601989930975903,0.1937089631075383,0.1937089631075383,0.2107736856250913,0.2107736856250913,0.0805792229295489,0.0483560689423586,,b937
GSE17538,M1_msd,938,FAM109B;PDGFD;RAB11A;CEP68,0.0,0.2458911167086016,0.5257558893117937,0.1471721690139085,0.1471721690139085,0.113329098129344,0.113329098129344,0.1619195884976932,0.3044852925739191,,b938
GSE17538,M1_msd,939,LOC440434;LINC00906;SUMF2;TGM2,0.0,0.1750908986802915,0.2149840840760797,-0.1227854112477817,0.1227854112477817,0.0174005126589594,0.0174005126589594,0.2288850090201964,0.8642740046364726,,b939
GSE17538,M1_msd,940,PMVK;C7orf25;NBPF20;TAF1L,0.0,0.2463769678877652,0.533053180061023,0.0834174583867886,0.0834174583867886,0.1209456926203334,0.1209456926203334,0.4443822867377199,0.2557827616146105,,b940
GSE17538,M1_msd,941,MGRN1;ZNF292;BET1;ITFG1,0.0,0.2217960195539446,0.4459711280913281,0.2070342072802816,0.2070342072802816,0.2119038783628045,0.2119038783628045,0.0681105924705401,0.0873477798227792,,b941
GSE17538,M1_msd,942,ALKBH5;LOC102725426;SNORD1A;NQO2,0.0,0.360538876064953,0.6501854311129363,0.0927804935513409,0.0927804935513409,0.3706450139777137,0.3706450139777137,0.3810323133944274,0.0018055326282948,,b942
GSE17538,M1_msd,943,EBP;STK17B;GPD1L;CGRRF1,0.0,0.1967251882542192,0.4098910730799386,0.0557872978462549,0.0557872978462549,0.1133821178603513,0.1133821178603513,0.5998040986784858,0.3220111691634481,,b943
GSE17538,M1_msd,944,NR2C2AP;PIGK;FBL;SMPD3,0.0,0.4822910414306312,1.2207742289173684,0.0757842636771103,0.0757842636771103,0.1320021784652117,0.1320021784652117,0.4755190824538979,0.2390970864800391,,b944
GSE17538,M1_msd,945,POLR2L;B3GNTL1;ATRAID;KRIT1,0.0,0.4224822523123175,0.8917052138870327,0.1022293249389875,0.1022293249389875,0.2140266662139644,0.2140266662139644,0.3427409658796401,0.0834291340532692,,b945
GSE17538,M1_msd,946,AKIP1;XCL2;HLA-J;METTL7A,0.0,0.3888351117949231,0.7986017794247761,-0.061181087471711,0.061181087471711,0.0177145424509328,0.0177145424509328,0.5420088295619467,0.8584628544970805,,b946
GSE17538,M1_msd,947,NBPF8;LOC102725426;MRPL36;COL7A1,0.0,0.2677682754969711,0.5224356918754643,0.1353185567558233,0.1353185567558233,0.3578402520306284,0.3578402520306284,0.2044561191399382,0.0013903675568388,,b947
GSE17538,M1_msd,948,BUD31;LOC101927379;SUSD6;PRR5,0.0,0.2053236265333121,0.4601183964521019,0.0857776413550685,0.0857776413550685,0.2585278778478388,0.2585278778478388,0.4261289743662934,0.0295619288998731,,b948
GSE17538,M1_msd,949,MAD2L1BP;C7orf25;RAB9A;PINX1,0.0,0.1004237993806025,0.1837363263347517,0.1276981414039535,0.1276981414039535,0.1714075944092109,0.1714075944092109,0.2307623761219477,0.1112607717232957,,b949
GSE17538,M1_msd,950,HECTD3;TTTY8B;UBE2A;CD79A,0.0,0.2337917919953706,0.4516207225101463,-0.0180214501137892,0.0180214501137892,0.0410442881532727,0.0410442881532727,0.8624733522573514,0.6928037879978923,,b950
GSE17538,M1_msd,951,MGRN1;LOC400043;SNORD76;TRMT1,0.0,0.2872029955038513,0.5239539750090385,0.2248311972739526,0.2248311972739526,0.2007859557515258,0.2007859557515258,0.0477869023403961,0.0490032480878854,,b951
GSE17538,M1_msd,952,BCL7B;TISP43;TM9SF4;STAM2,0.0,0.1466396264677675,0.210409552586855,0.005968170065548,0.005968170065548,0.0751855482787738,0.0751855482787738,0.95499932510637,0.4930517741788401,,b952
GSE17538,M1_msd,953,RBM27;KIZ;USP14;KCTD18,0.0,0.1955706687630244,0.2084095794278744,0.1396128618335962,0.1396128618335962,0.2306821333204108,0.2306821333204108,0.2069573724257319,0.0515341386335353,,b953
GSE17538,M1_msd,954,UBQLN4;ZNRF2;LOC101928830;RAP1GAP,0.0,0.3929060945165123,0.7209244015121242,0.0516953419674675,0.0516953419674675,0.1621752074621523,0.1621752074621523,0.6264748187598741,0.1443491228965334,,b954
GSE17538,M1_msd,955,AGAP7P;AFF4;ANP32A;THEM4,0.0,0.1868334760819124,0.3217555680536475,0.148255795688167,0.148255795688167,0.3164121247167881,0.3164121247167881,0.1723366669946777,0.0079241116162499,,b955
GSE17538,M1_msd,956,SIVA1;PLBD1-AS1;FTH1;SLCO4A1,0.0,0.536555069592574,1.441843825524067,0.059831609167699,0.059831609167699,0.2009143117626081,0.2009143117626081,0.5775581729818442,0.0907960508876702,,b956
GSE17538,M1_msd,957,XPO5;XRN1;FBL;IER5L,0.0,0.4859833158462509,1.2207742289173684,0.1313931778869851,0.1313931778869851,0.2854399998574095,0.2854399998574095,0.2299292948700588,0.0179744098761211,,b957
GSE17538,M1_msd,958,C1orf123;C20orf196;NAP1L1;LOC100132731,0.0,0.1923821741865609,0.4055438609715779,0.0460823548999216,0.0460823548999216,0.1670163814389172,0.1670163814389172,0.6602962593245467,0.1408150511815751,,b958
GSE17538,M1_msd,959,MTPN;CRNN;MINOS1-NBL1;CBFA2T2,0.0,0.3499105775501799,0.92688602654736,-0.004482015881514,0.004482015881514,0.1033972138983009,0.1033972138983009,0.9668440865292924,0.3562590077125823,,b959
GSE17538,M1_msd,960,SAE1;ZC2HC1C;RAB13;TMCO3,0.0,0.4066763109129966,1.012156395710054,0.0793082829537136,0.0793082829537136,0.1866737926134907,0.1866737926134907,0.4595158525176823,0.0969610013115763,,b960
GSE17538,M1_msd,961,HTRA2;CAPS;PARP4;NAT14,0.0,0.3345647204438475,0.7139248436781191,0.0618891665526868,0.0618891665526868,0.1327069245269856,0.1327069245269856,0.5565751975709353,0.2219160254342377,,b961
GSE17538,M1_msd,962,UGP2;SLMAP;LSM6;CCAR1,0.0,0.1576697837647887,0.2427732036837668,0.1943300976807807,0.1943300976807807,0.3176091163379084,0.3176091163379084,0.0766899836275256,0.0084844583429119,,b962
GSE17538,M1_msd,963,SRA1;INTS6L;UBAC2;TMEM170A,0.0,0.1656430920033078,0.2189508366248579,0.3429749389979392,0.3429749389979392,0.2917935628256984,0.2917935628256984,0.0030845414081736,0.0105432043440255,,b963
GSE17538,M1_msd,964,ARFGAP1;ZNF45;BET1;MAN1C1,0.0,0.2182374966416798,0.4037637040360121,0.0954673763300767,0.0954673763300767,0.0922927471614142,0.0922927471614142,0.3776844079508672,0.4091380643064709,,b964
GSE17538,M1_msd,965,PSMD11;TAF9B;KLHDC2;ALMS1,0.0,0.1747278328565955,0.350164459914776,0.1457931221022113,0.1457931221022113,0.2140200898978912,0.2140200898978912,0.1813333352830674,0.0656645517609235,,b965
GSE17538,M1_msd,966,HSPBP1;BOD1L2;GTF2B;ITGB1,0.0,0.208426055975848,0.4676785832659341,0.1166936826616328,0.1166936826616328,0.261779918633338,0.261779918633338,0.2731437324468598,0.0328403492746081,,b966
GSE17538,M1_msd,967,UBAC1;RGS4;UBAC2;LINC00028,0.0,0.146124140420116,0.2189508366248579,0.0900599970224158,0.0900599970224158,0.1786578111187369,0.1786578111187369,0.4010731310226203,0.108548454391288,,b967
GSE17538,M1_msd,968,TSACC;XCL2;TMEM167A;SSX2IP,0.0,0.3043329490266439,0.4268804532448532,0.1065800836664095,0.1065800836664095,0.1975198695630783,0.1975198695630783,0.3250688209810569,0.0653643367722461,,b968
GSE17538,M1_msd,969,NR2C2AP;CDC25A;AKR7A3;NR0B2,0.0,0.2285958694743978,0.4511755284986823,-0.0509919182831675,0.0509919182831675,-0.0012474232135623,0.0012474232135623,0.6154332835455129,0.9905262155191622,,b969
GSE17538,M1_msd,970,NR2C2AP;LRRC8E;RPIA;FBXO45,0.0,0.2756597228088072,0.4520180508787832,0.0549450168503674,0.0549450168503674,0.0931454888446699,0.0931454888446699,0.6080900846875009,0.399658016788004,,b970
GSE17538,M1_msd,971,TOMM40;S1PR1;GPX4;RHOT1,0.0,0.2866681499910356,0.7700935184507601,0.1450464349472885,0.1450464349472885,0.1908892405845046,0.1908892405845046,0.1743528369978733,0.0719903379233838,,b971
GSE17538,M1_msd,972,EGFR;TRMT13;SMNDC1;FNDC3A,0.0,0.2038861308626028,0.5061255282492549,0.1460901617685765,0.1460901617685765,0.1737198677804914,0.1737198677804914,0.2026614963482751,0.1161221156991599,,b972
GSE17538,M1_msd,973,CRB3;AMZ2P1;AP2M1;C8orf44-SGK3,0.0,0.2967290336240347,0.544602163980027,0.1298495865787651,0.1298495865787651,0.1007071115770834,0.1007071115770834,0.2280351175004135,0.3880061584726821,,b973
GSE17538,M1_msd,974,CNNM3;GAL3ST1;HACD2;LINC00028,0.0,0.2156418091653822,0.4254398405400245,0.0409689413861119,0.0409689413861119,0.0892590176673728,0.0892590176673728,0.7016048163281291,0.4053125214854267,,b974
GSE17538,M1_msd,975,TNPO1;LYPD6B;SMIM15;ADPRM,0.0,0.3457466529017386,0.7163996545218122,0.1578549603498416,0.1578549603498416,0.3165906431359553,0.3165906431359553,0.1487852275684461,0.0053688793197513,,b975
GSE17538,M1_msd,976,DNPH1;ZNF45;MIEN1;DCTN4,0.0,0.2033713289480095,0.3673956322739234,0.1066654082237897,0.1066654082237897,0.1292194933704842,0.1292194933704842,0.3153212365636962,0.2540479973025288,,b976
GSE17538,M1_msd,977,POLD4;SLC2A6;LOC101928830;TPR,0.0,0.2987646374536259,0.7209244015121242,0.1620991377507174,0.1620991377507174,0.3180195094038261,0.3180195094038261,0.1397736030806595,0.0094936765750517,,b977
GSE17538,M1_msd,978,AMPD2;LRRC8E;PIGP;TMEM19,0.0,0.2167815800125798,0.342809261462852,0.0827053884863633,0.0827053884863633,0.189423107236109,0.189423107236109,0.4266739214011322,0.0831133234420797,,b978
GSE17538,M1_msd,979,SNORA70;ATF2;PPP1R8;SIRPA,0.0,0.1347369889652753,0.1974637491201789,0.1281348216213362,0.1281348216213362,0.2648834185010243,0.2648834185010243,0.2433519212893405,0.024762637082494,,b979
GSE17538,M1_msd,980,EPHB4;ZMYM2;SUCO;PIP5K1B,0.0,0.2387806533535477,0.5252918313784601,0.0899295785012536,0.0899295785012536,0.0746316234037788,0.0746316234037788,0.4108065474636668,0.5114194683351685,,b980
GSE17538,M1_msd,981,RPL36;C11orf95;HNRNPA3P1;TPR,0.0,0.1872171440400735,0.3652601287530772,0.2025939578504196,0.2025939578504196,0.2696865714151583,0.2696865714151583,0.0739116532234079,0.0275867113135039,,b981
GSE17538,M1_msd,982,MAX;PGBD5;YTHDF1;GALNT2,0.0,0.2812915112359788,0.5012682893617977,0.0754164807251668,0.0754164807251668,0.1070000021460979,0.1070000021460979,0.4741756761243094,0.318915423731517,,b982
GSE17538,M1_msd,983,ALKBH5;LOC102725426;RNF149;KAT6A,0.0,0.2801709931693982,0.463391193635916,0.1629255255231422,0.1629255255231422,0.3956560085712211,0.3956560085712211,0.1304681063412323,0.0009995495030931,,b983
GSE17538,M1_msd,984,MCAM;PGBD3;IGBP1;CBX5,0.0,0.2285146943295017,0.342112437504451,0.1257267697885813,0.1257267697885813,0.1743300849344102,0.1743300849344102,0.2507948360239641,0.1313679172887265,,b984
GSE17538,M1_msd,985,C9orf16;NPIPB3;MTIF2;PIGH,0.0,0.2508373785867912,0.4606564863455837,0.0615851823846963,0.0615851823846963,0.1864289674164016,0.1864289674164016,0.5623982440182449,0.0974078194839141,,b985
GSE17538,M1_msd,986,RALBP1;LOC101928317;C14orf119;ZNF14,0.0,0.2742500172121873,0.4844161449636336,0.1215329404969356,0.1215329404969356,0.2885123166803611,0.2885123166803611,0.2579965710158202,0.0125699076980087,,b986
GSE17538,M1_msd,987,XPO1;AMN1;RALY;ZCCHC6,0.0,0.1950282144506307,0.4059396587478077,0.0479164927791648,0.0479164927791648,0.1472043962663538,0.1472043962663538,0.6587624195412678,0.198430787141165,,b987
GSE17538,M1_msd,988,TMEM126B;POLR1E;TMEM126A;CNKSR1,0.0,0.1945575639020518,0.3311498888051437,0.0788352429434218,0.0788352429434218,0.1398826595506057,0.1398826595506057,0.4562094945466272,0.1841073437907825,,b988
GSE17538,M1_msd,989,SLC29A3;MAPK8IP1;SLC38A2;TGM2,0.0,0.3999438395625282,0.9521475142043266,0.08498353591852,0.08498353591852,0.1636190522674977,0.1636190522674977,0.4189347351518652,0.1154944510139663,,b989
GSE17538,M1_msd,990,CHKB;AMZ2P1;NDFIP1;RAB36,0.0,0.1186740564378428,0.2401333779568779,0.1157775115047974,0.1157775115047974,-0.0161900138522973,0.0161900138522973,0.262666429567549,0.8887363660972036,,b990
GSE17538,M1_msd,991,ILKAP;ZMYM2;PDIA3;CEP170,0.0,0.2161593391902685,0.4847792126883219,0.3048680365322139,0.3048680365322139,0.5444265964504039,0.5444265964504039,0.0093490001360137,4.605802807452532e-05,,b991
GSE17538,M1_msd,992,SYS1;LRRC57;SLC38A2;KCTD7,0.0,0.401789784378284,0.9521475142043266,0.1800853145787387,0.1800853145787387,0.2960213142254652,0.2960213142254652,0.1040194339484198,0.0152323937847438,,b992
GSE17538,M1_msd,993,SNORA21;SLC2A6;OSBPL9;WHAMM,0.0,0.2710643167845715,0.4013355186584264,0.10676264505521,0.10676264505521,0.3084198815111934,0.3084198815111934,0.3120607622922009,0.0116527992069102,,b993
GSE17538,M1_msd,994,SF3B3;GPR26;DSP;NPHS2,0.0,0.4752571156557503,1.1537943595859672,0.0424383141630549,0.0424383141630549,0.1413332755756233,0.1413332755756233,0.6826183554545793,0.21075379163073,,b994
GSE17538,M1_msd,995,ANKHD1-EIF4EBP3;GDF15;PIGY;ARL5C,0.0,0.1823911655015164,0.3680301328298189,0.0870302574136684,0.0870302574136684,0.074137217203844,0.074137217203844,0.4260208577605404,0.5422012616277976,,b995
GSE17538,M1_msd,996,DDX46;XCL2;PPIL1;DDIAS,0.0,0.1848347110350543,0.2186210533155374,0.0901212567923377,0.0901212567923377,0.1736606083579484,0.1736606083579484,0.388150661623966,0.1058880582236475,,b996
GSE17538,M1_msd,997,LOC101928747;HOMER3;USP1;FCHO1,0.0,0.2094983853748237,0.368495875636288,0.1044463820310754,0.1044463820310754,0.2188364819814323,0.2188364819814323,0.3307098166710503,0.0585971507525366,,b997
GSE17538,M1_msd,998,UBXN2A;JMY;SH3D19;USP34,0.0,0.1854280354541426,0.3092440209892233,0.0947012485180935,0.0947012485180935,0.1706278531931951,0.1706278531931951,0.3815391737627849,0.1513252041510415,,b998
GSE17538,M1_msd,999,TCF7L2;HOXA6;SNORD1C;EPB41L5,0.0,0.2228675104941442,0.6501854311129363,0.0507792605242091,0.0507792605242091,0.1351545548908547,0.1351545548908547,0.6297456009813172,0.2196357112939632,,b999
GSE17538,M2_msd_coexpr,0,DESI1;OSTM1;BLCAP;HBG2,0.0,0.2889016982568734,0.6315341803790382,0.0639562756289022,0.0639562756289022,0.1069683078096485,0.1069683078096485,0.5516705022331494,0.3709380518554032,,b1000
GSE17538,M2_msd_coexpr,1,NAGA;SIRPG;NCK2;CSNK1A1,0.0,0.2063671567847208,0.407748180161041,0.0164100728301166,0.0164100728301166,0.0942231842675362,0.0942231842675362,0.8742293320665544,0.3750217886077672,,b1001
GSE17538,M2_msd_coexpr,2,IRF3;AEBP2;ACTN4;HS3ST2,0.0,0.304846700385346,0.7317266463106492,0.0877247207365101,0.0877247207365101,0.1175673265196542,0.1175673265196542,0.4067822471711069,0.2616079416349897,,b1002
GSE17538,M2_msd_coexpr,3,TMEM138;ZNF85;USP11;LRRC36,0.0,0.182710743261167,0.4411347629552734,0.067185292542863,0.067185292542863,0.0640922149778158,0.0640922149778158,0.5255153063600028,0.56399707928978,,b1003
GSE17538,M2_msd_coexpr,4,EPHB4;LOC100507006;RALY;TMCO3,0.0,0.2475141868989654,0.5252918313784601,-0.0086966384495819,0.0086966384495819,0.0012332847292574,0.0012332847292574,0.933450091626566,0.9903282190189664,,b1004
GSE17538,M2_msd_coexpr,5,TMEM245;SLMAP;IFT172;EPB41L5,0.0,0.1304203910617363,0.2950236045820553,0.1195401650643147,0.1195401650643147,0.1090948686286679,0.1090948686286679,0.2588646439488298,0.3476192127495883,,b1005
GSE17538,M2_msd_coexpr,6,TDRD7;FGF17;SEPHS2;B3GNT5,0.0,0.3029566411722738,0.516959398758714,0.0522645754903041,0.0522645754903041,0.0878851246952924,0.0878851246952924,0.6104876686126741,0.421302395478048,,b1006
GSE17538,M2_msd_coexpr,7,C5orf15;STK17B;GPD1L;LOC101928274,0.0,0.1803567474680502,0.3702902541455413,0.0673904950326698,0.0673904950326698,0.028711688868138,0.028711688868138,0.5326826919043703,0.7995407425612756,,b1007
GSE17538,M2_msd_coexpr,8,COPS7A;C20orf196;ACADVL;TOMM40L,0.0,0.1068530101352937,0.2091097324162555,0.1320857528796438,0.1320857528796438,0.1351712903194732,0.1351712903194732,0.2040156023068625,0.1412414116032763,,b1008
GSE17538,M2_msd_coexpr,9,MYH14;ZNRF2;BCAP31;PIP5K1B,0.0,0.4681592668776824,1.0807167038415102,-0.075700207571217,0.075700207571217,-0.1428567594493164,0.1428567594493164,0.4405153073634625,0.1756143915604266,,b1009
GSE17538,M2_msd_coexpr,10,NDUFS8;TFAP2A;CIB1;RICTOR,0.0,0.2373280427490595,0.3366935924440811,0.2871429592964108,0.2871429592964108,0.487224164479617,0.487224164479617,0.0063457354179915,4.341294689058984e-05,,b1010
GSE17538,M2_msd_coexpr,11,CRB3;LOC102723692;ACTN4;RIN2,0.0,0.3204866824761814,0.7317266463106492,0.018531812609199,0.018531812609199,-0.0166380169046576,0.0166380169046576,0.8554212932419092,0.8764766986643581,,b1011
GSE17538,M2_msd_coexpr,12,ATXN1L;LPAR6;TM9SF4;ACTR3B,0.0,0.2179490509279482,0.3491682518997402,0.0509755841770448,0.0509755841770448,0.0176613835455967,0.0176613835455967,0.6388738778503882,0.8781841340437433,,b1012
GSE17538,M2_msd_coexpr,13,EPHB4;LINC00906;SEPHS2;IGF1R,0.0,0.3499493565112094,0.5252918313784601,-0.0095138546966159,0.0095138546966159,-0.0169678064929305,0.0169678064929305,0.9275621424308034,0.8708375421816847,,b1013
GSE17538,M2_msd_coexpr,14,DAG1;DCP2;GSS;PRR5,0.0,0.123293809806796,0.1702983252796009,0.0067521487505434,0.0067521487505434,0.0421458422815634,0.0421458422815634,0.9485972377653712,0.6948008645454571,,b1014
GSE17538,M2_msd_coexpr,15,NDUFS8;GOLGA6L6;ATP1B1;LRRC36,0.0,0.509568924673884,1.5215660304083305,0.012574121710396,0.012574121710396,0.0691679811780358,0.0691679811780358,0.9068196693631174,0.5192153553412175,,b1015
GSE17538,M2_msd_coexpr,16,LSM4;PRKAA1;NBPF25P;DDIAS,0.0,0.2164541827423325,0.4131682404987287,0.1715985091559644,0.1715985091559644,0.2745355172584273,0.2745355172584273,0.115954871686429,0.0125087062786136,,b1016
GSE17538,M2_msd_coexpr,17,EIF2AK2;POLR1E;TUBA4A;ATL3,0.0,0.3807840503587431,0.6748428869805324,0.2263990791321245,0.2263990791321245,0.2898142455108782,0.2898142455108782,0.0396618147314849,0.007388680935118,,b1017
GSE17538,M2_msd_coexpr,18,NPLOC4;ZNF85;STAU1;WDR26,0.0,0.2891948568612703,0.870200874752673,0.0793531677267773,0.0793531677267773,0.1294422030356407,0.1294422030356407,0.4597327111556368,0.2431943640266405,,b1018
GSE17538,M2_msd_coexpr,19,TMEM138;ZNF45;HLA-F;NPHS2,0.0,0.3154211275960761,0.5070982848996147,0.1060909399553623,0.1060909399553623,0.2271060991213324,0.2271060991213324,0.3202300970989442,0.0343383088582338,,b1019
GSE17538,M2_msd_coexpr,20,ANAPC5;TSGA10IP;PRELID3B;PIGB,0.0,0.1792608598215691,0.4989717029505847,0.0263484263262585,0.0263484263262585,0.1141143995859451,0.1141143995859451,0.8027160241211067,0.3264634776797269,,b1020
GSE17538,M2_msd_coexpr,21,ZNF580;LOC102725426;BLVRB;ZNF766,0.0,0.1770656247141949,0.382593690487695,0.085425748058101,0.085425748058101,0.1456176534827083,0.1456176534827083,0.4139874688761296,0.1522586119456165,,b1021
GSE17538,M2_msd_coexpr,22,POLR2L;DCP2;GPD1L;PREX1,0.0,0.1671476599308969,0.4132486071309814,0.1288131029895186,0.1288131029895186,0.2160749688979123,0.2160749688979123,0.2329806024777151,0.0769738421078767,,b1022
GSE17538,M2_msd_coexpr,23,PYCR2;LOC101926963;SEMA4B;ASGR2,0.0,0.1527914530259806,0.2012306151414214,0.0953660210321626,0.0953660210321626,0.1105190011715326,0.1105190011715326,0.3824082005893519,0.2549351958462916,,b1023
GSE17538,M2_msd_coexpr,24,DUSP3;SNORA65;YWHAB;STAU2-AS1,0.0,0.5175429763710093,1.3143258213116242,0.0158749126629103,0.0158749126629103,0.0476637728032122,0.0476637728032122,0.8792245278444862,0.656023404121761,,b1024
GSE17538,M2_msd_coexpr,25,TINF2;SCYL3;YWHAB;GLRA2,0.0,0.3585515815426928,1.3143258213116242,0.0522143547171247,0.0522143547171247,0.1148752068415198,0.1148752068415198,0.6173342009541042,0.2998398867476445,,b1025
GSE17538,M2_msd_coexpr,26,TMEM8A;ZHX2;DDX27;GLRA2,0.0,0.149971186394283,0.2147660771589274,-0.0611456683910182,0.0611456683910182,-0.0730830084119948,0.0730830084119948,0.5592281634286744,0.4792280791479032,,b1026
GSE17538,M2_msd_coexpr,27,TNPO3;ZNF277;PPDPF;ATL3,0.0,0.1976329013362624,0.233913554179213,0.1628137975460362,0.1628137975460362,0.0448747824318749,0.0448747824318749,0.1461934804982138,0.6880631705549494,,b1027
GSE17538,M2_msd_coexpr,28,TSPYL2;ALPP;MRPL16;MTF2,0.0,0.207389189071239,0.282015454448254,0.1139667865470996,0.1139667865470996,0.269816743255617,0.269816743255617,0.2862234813534542,0.0240712324013509,,b1028
GSE17538,M2_msd_coexpr,29,IRF2BP1;EED;SMCO4;RHOT1,0.0,0.0904862616975759,0.1495066064633903,0.1494565232098684,0.1494565232098684,0.2241207345084337,0.2241207345084337,0.1765095238730799,0.0341252448715058,,b1029
GSE17538,M2_msd_coexpr,30,XPO5;CA5BP1;HLA-F;RTN4IP1,0.0,0.3133939332798333,0.5070982848996147,0.058653774334611,0.058653774334611,0.1187901029422634,0.1187901029422634,0.5681134497823135,0.2895780668529992,,b1030
GSE17538,M2_msd_coexpr,31,DDX23;FAM133B;SLC25A39;NAA25,0.0,0.1410041293188953,0.2371330024359661,0.1607359406129171,0.1607359406129171,0.2179532660552786,0.2179532660552786,0.1347922377605071,0.0510795884645464,,b1031
GSE17538,M2_msd_coexpr,32,DHPS;C7orf25;ACADVL;C10orf2,0.0,0.1641015301966707,0.2592774998317065,0.157776816016145,0.157776816016145,0.1974898937634794,0.1974898937634794,0.1494001387924235,0.0688709422168412,,b1032
GSE17538,M2_msd_coexpr,33,DHPS;FGF17;NDUFA9;TSPAN11,0.0,0.2658118302091141,0.6647420673174086,-0.0217400734052127,0.0217400734052127,0.08095894531222,0.08095894531222,0.831812080205412,0.442265614165974,,b1033
GSE17538,M2_msd_coexpr,34,FAM109B;LOC100130285;MIR6513;IGF1R,0.0,0.3115860426752957,0.5570258547866361,0.1227608141202409,0.1227608141202409,0.2775240469281865,0.2775240469281865,0.2486411839178858,0.018698599352114,,b1034
GSE17538,M2_msd_coexpr,35,LSM4;LOC100507006;MINOS1-NBL1;CCAR1,0.0,0.3862667410883672,0.92688602654736,0.1116097101471879,0.1116097101471879,0.2885880855055546,0.2885880855055546,0.3157183706869194,0.0164157613763066,,b1035
GSE17538,M2_msd_coexpr,36,DDX23;LOC100507006;IER2;DMXL2,0.0,0.4351027998503891,1.184421467706463,0.1926209297234763,0.1926209297234763,0.2493367959133656,0.2493367959133656,0.0808247299839437,0.0306172058832477,,b1036
GSE17538,M2_msd_coexpr,37,XPO5;PAQR7;B4GALT5;MLXIPL,0.0,0.2393497272963632,0.4718530766648238,-0.0612928248993391,0.0612928248993391,-0.0246470305614583,0.0246470305614583,0.5564118182829662,0.81591774908767,,b1037
GSE17538,M2_msd_coexpr,38,PSMD11;STK17B;PARP4;ZNF703,0.0,0.2741416917467538,0.7139248436781191,-0.1013008506880348,0.1013008506880348,-0.0446950619994796,0.0446950619994796,0.3304632894141424,0.6759016962022328,,b1038
GSE17538,M2_msd_coexpr,39,MUTYH;PRR7;NBPF25P;S100PBP,0.0,0.2363133734441388,0.4131682404987287,0.0244031722916995,0.0244031722916995,0.1115475365611211,0.1115475365611211,0.8185204226266889,0.2938369940750726,,b1039
GSE17538,M2_msd_coexpr,40,TINF2;NPIPB11;MPST;NIPAL2,0.0,0.0954316573578377,0.1635433108861596,-0.0437393406296874,0.0437393406296874,0.0136771268756404,0.0136771268756404,0.6618631884063051,0.8985247009693026,,b1040
GSE17538,M2_msd_coexpr,41,CHRAC1;C22orf31;ELF1;NQO2,0.0,0.2851985013624785,0.5085801338696023,0.1029372664562213,0.1029372664562213,0.2052641685314901,0.2052641685314901,0.337635342775414,0.0878632560440444,,b1041
GSE17538,M2_msd_coexpr,42,XPO1;CD300C;MIF;DNAJC25,0.0,0.5917788895424658,1.6809648266345123,0.2279231057867386,0.2279231057867386,0.3173532888941195,0.3173532888941195,0.0490216364917477,0.0089590388508393,,b1042
GSE17538,M2_msd_coexpr,43,MPHOSPH10;FAM76A;AKR7A3;KCTD7,0.0,0.1241057245454216,0.2715897808495803,0.0746772483852288,0.0746772483852288,0.12946998753717,0.12946998753717,0.4791131675535871,0.2220661432834263,,b1043
GSE17538,M2_msd_coexpr,44,EGFR;LOC102725426;PPDPF;RAPH1,0.0,0.2396978547792717,0.5061255282492549,-0.0517553736752306,0.0517553736752306,-0.0289875081519399,0.0289875081519399,0.6313002712009737,0.7797925206521532,,b1044
GSE17538,M2_msd_coexpr,45,DAG1;NPIPB11;STAU1;RHOV,0.0,0.3216131762119515,0.870200874752673,0.0007923014076633,0.0007923014076633,0.176000841613935,0.176000841613935,0.9939418117109722,0.1473104404676426,,b1045
GSE17538,M2_msd_coexpr,46,PCDHGA8;ERCC6-PGBD3;PTRH2;LOC100506548,0.0,0.2371454713207695,0.4735632995188149,0.2235209737860189,0.2235209737860189,0.3633281733415541,0.3633281733415541,0.0516447755956161,0.0036034249847793,,b1046
GSE17538,M2_msd_coexpr,47,ILKAP;LINC00265;PRELID3B;DNAJC25-GNG10,0.0,0.2307342826842415,0.4847792126883219,0.0491394362530896,0.0491394362530896,-0.0380311551830877,0.0380311551830877,0.6275914869516053,0.7000021922753139,,b1047
GSE17538,M2_msd_coexpr,48,UBXN2A;LOC102725426;ARPC1B;MTF2,0.0,0.4014562232569931,0.9824239913551248,0.1089079559919438,0.1089079559919438,0.2521368895029207,0.2521368895029207,0.3124989730859357,0.043716791032325,,b1048
GSE17538,M2_msd_coexpr,49,TXN2;LRRC57;MIEN1;CENPV,0.0,0.1288692438348224,0.2624173216257718,0.0468642847201283,0.0468642847201283,0.0670069950925029,0.0670069950925029,0.6490481235669187,0.5570687718955334,,b1049
GSE17538,M2_msd_coexpr,50,TOMM40;OR2H2;USP11;PPP1R21,0.0,0.2104153299042508,0.2983554220503527,0.0481024669912044,0.0481024669912044,0.1492592649565804,0.1492592649565804,0.6474991995291859,0.1736205777525393,,b1050
GSE17538,M2_msd_coexpr,51,MCRIP1;GNRH2;MCRIP2;EPB41L4A-AS1,0.0,0.1851641315900747,0.4403372217846573,0.0817992322384994,0.0817992322384994,0.1580034452712072,0.1580034452712072,0.4426718492921966,0.1457133657923441,,b1051
GSE17538,M2_msd_coexpr,52,ALG3;CD300C;PTRH2;TRIQK,0.0,0.1318824714637332,0.1493347576617626,0.0209182434425719,0.0209182434425719,0.0442633417674315,0.0442633417674315,0.8385754912067833,0.676934998164163,,b1052
GSE17538,M2_msd_coexpr,53,PPAN;B3GNTL1;ACTN4;CCAR1,0.0,0.3927797817390537,0.7317266463106492,-0.0061966658094191,0.0061966658094191,0.0834246167032782,0.0834246167032782,0.9506055529950111,0.4127604493552732,,b1053
GSE17538,M2_msd_coexpr,54,ATXN7L3B;GXYLT1;NCK2;TPR,0.0,0.1741940147668025,0.2890410563272342,0.1396509320201309,0.1396509320201309,0.1439430272635944,0.1439430272635944,0.1925914361403484,0.2322285338006563,,b1054
GSE17538,M2_msd_coexpr,55,KLHDC3;ANXA2P1;YWHAB;SGK3,0.0,0.4575829668429353,1.3143258213116242,0.0536008362582441,0.0536008362582441,0.061374879315216,0.061374879315216,0.6104452115049208,0.5979350367403984,,b1055
GSE17538,M2_msd_coexpr,56,ATXN1L;TRIM13;PRELID3B;SIRPA,0.0,0.1780603075556485,0.3491682518997402,-0.0146167047076403,0.0146167047076403,-0.0105458702752066,0.0105458702752066,0.8887029118264939,0.927830208277994,,b1056
GSE17538,M2_msd_coexpr,57,HOOK2;MKRN7P;MIF;TMCO3,0.0,0.5697672717986125,1.6809648266345123,0.0914797977088536,0.0914797977088536,0.0532217546065325,0.0532217546065325,0.392379324007242,0.6236831802345966,,b1057
GSE17538,M2_msd_coexpr,58,LOC440434;TISP43;ATP6V0D1;NAA25,0.0,0.2420892852990055,0.6214953676582238,0.0859382179121731,0.0859382179121731,0.1765079961053171,0.1765079961053171,0.4228680107711539,0.141193210619804,,b1058
GSE17538,M2_msd_coexpr,59,MIR6741;EED;MGAT4B;SH3RF3,0.0,0.178791689237161,0.317559331750892,0.1313488145027,0.1313488145027,0.2005759060521263,0.2005759060521263,0.2453746969861345,0.0837805530606322,,b1059
GSE17538,M2_msd_coexpr,60,XPO5;LINC00906;IFT172;FAM83F,0.0,0.2165601926265983,0.4718530766648238,-0.1749105515589319,0.1749105515589319,-0.1516726156656526,0.1516726156656526,0.0595976522415753,0.1207740756901709,,b1060
GSE17538,M2_msd_coexpr,61,CLDN4;CBFA2T3;CALR;SGK3,0.0,0.2269839122522442,0.2847587965931336,-0.0113979022127997,0.0113979022127997,0.0998313136983694,0.0998313136983694,0.9127269720265324,0.3607151869516195,,b1061
GSE17538,M2_msd_coexpr,62,COMMD9;C20orf196;PTRH2;DNAJC25,0.0,0.1267970074693603,0.1601459968384402,0.0631920243049257,0.0631920243049257,0.0381369386584301,0.0381369386584301,0.5343225498174882,0.704586394679485,,b1062
GSE17538,M2_msd_coexpr,63,DPH2;TTTY8;PRELID3B;C8orf44-SGK3,0.0,0.184606796185485,0.4392643855155066,-0.0780654804273834,0.0780654804273834,-0.1125416949492772,0.1125416949492772,0.4414111226126138,0.3087650265342555,,b1063
GSE17538,M2_msd_coexpr,64,DAG1;FMO1;PLIN3;CUTC,0.0,0.1140719204644483,0.1696320751161645,0.2151896253875008,0.2151896253875008,0.4173024931873957,0.4173024931873957,0.0327726846518333,0.0002375908601657,,b1064
GSE17538,M2_msd_coexpr,65,DTD1;GPR26;BCAP31;STAU2-AS1,0.0,0.476847930305726,1.0807167038415102,0.0288194217560929,0.0288194217560929,0.0254446976220216,0.0254446976220216,0.782781791456244,0.8171538279773731,,b1065
GSE17538,M2_msd_coexpr,66,HARS2;CD79B;SEMA4B;RAPH1,0.0,0.2627847110280057,0.4782426686725593,0.164171556285364,0.164171556285364,0.2338057369231093,0.2338057369231093,0.1283311645118937,0.0337714886038329,,b1066
GSE17538,M2_msd_coexpr,67,TRIM21;SORCS2;SMCO4;CBX5,0.0,0.1609549452896014,0.2795159983805143,-0.0067682917628058,0.0067682917628058,0.0555287695651492,0.0555287695651492,0.9473490829715148,0.5937301166125338,,b1067
GSE17538,M2_msd_coexpr,68,KIFC1;GPR26;TM9SF4;POMGNT2,0.0,0.208999557204161,0.4079688887011187,-0.0367228944943375,0.0367228944943375,0.0706908935962292,0.0706908935962292,0.7178716510193305,0.5007195428877179,,b1068
GSE17538,M2_msd_coexpr,69,TOMM40;TTTY8;IER2;CDKN2C,0.0,0.3896655240342817,1.184421467706463,0.0708925720196383,0.0708925720196383,0.1630146923384429,0.1630146923384429,0.4871744909246007,0.1165661274635709,,b1069
GSE17538,M2_msd_coexpr,70,EBP;LINC00906;MRPL16;CCAR1,0.0,0.2874159538220098,0.4098910730799386,0.0651195863897201,0.0651195863897201,0.150300428683583,0.150300428683583,0.5249863662593828,0.1858567194397028,,b1070
GSE17538,M2_msd_coexpr,71,POLR2L;ZNF45;VEGFA;FAM83F,0.0,0.1841764645940725,0.4132486071309814,0.1125034031228415,0.1125034031228415,0.1844200577926429,0.1844200577926429,0.2873224993419365,0.1137160615754092,,b1071
GSE17538,M2_msd_coexpr,72,HEIH;GNRH2;NCK2;WDR26,0.0,0.1298643512732273,0.280506319211079,0.0642832438084013,0.0642832438084013,0.0747843560477637,0.0747843560477637,0.521277331576474,0.4870646995272184,,b1072
GSE17538,M2_msd_coexpr,73,MYH14;CCNT2;USP11;CENPV,0.0,0.2422673936399618,0.4895574346690233,0.0502456491208857,0.0502456491208857,0.136681703539456,0.136681703539456,0.6351240293100658,0.2366081560141455,,b1073
GSE17538,M2_msd_coexpr,74,COMMD9;CD300C;P2RX4;MLXIPL,0.0,0.1145910308901083,0.148714836573797,-0.0276145501901072,0.0276145501901072,-0.0021368933213715,0.0021368933213715,0.7868607334620493,0.9828223408508786,,b1074
GSE17538,M2_msd_coexpr,75,MIR6741;SIRPG;KLF6;NBR1,0.0,0.1436142623029341,0.18251737663508,0.1412808115003537,0.1412808115003537,0.2151494744273123,0.2151494744273123,0.1983914697255731,0.0657694498373001,,b1075
GSE17538,M2_msd_coexpr,76,NDUFS8;ZMYM6;AKR7A2;CC2D2B,0.0,0.17860648424875,0.3366935924440811,0.0520485590594084,0.0520485590594084,0.070305797708655,0.070305797708655,0.6236217224575968,0.4979909593800223,,b1076
GSE17538,M2_msd_coexpr,77,RBM27;CA5BP1;STAU1;ATG4C,0.0,0.3478314631567119,0.870200874752673,0.1281516060790303,0.1281516060790303,0.1489018969246332,0.1489018969246332,0.2351405682094808,0.2007803829491647,,b1077
GSE17538,M2_msd_coexpr,78,PSMD11;CD300C;EIF6;C10orf2,0.0,0.3028334103739841,0.8386268108755821,0.0394519320856773,0.0394519320856773,0.1441607633041541,0.1441607633041541,0.7069655916321418,0.1743714944799347,,b1078
GSE17538,M2_msd_coexpr,79,CHRAC1;EED;CALR;ZNF766,0.0,0.2058297317956328,0.5085801338696023,0.2546691361830271,0.2546691361830271,0.4115088263851516,0.4115088263851516,0.0192614436486701,0.0004387084497885,,b1079
GSE17538,M2_msd_coexpr,80,SEC24C;DENND4A;IER2;MMEL1,0.0,0.383046362388351,1.184421467706463,0.3119368636317159,0.3119368636317159,0.3490581312827988,0.3490581312827988,0.0056416570618185,0.0016496150810627,,b1080
GSE17538,M2_msd_coexpr,81,TSR2;LINC00906;MRPL16;PRKG2,0.0,0.2404312398633455,0.3303646332877322,-0.0111344485524897,0.0111344485524897,0.0558895843957617,0.0558895843957617,0.9126854596801564,0.6033106565059029,,b1081
GSE17538,M2_msd_coexpr,82,MUTYH;BCRP3;EIF6;PREX1,0.0,0.3185773457118186,0.8386268108755821,-0.025393677250667,0.025393677250667,0.0765424172935363,0.0765424172935363,0.8003016481860566,0.4677779342620182,,b1082
GSE17538,M2_msd_coexpr,83,DNASE2;EED;MPST;PPP1R13B,0.0,0.1875423102601621,0.4794862672684306,0.0682756803297287,0.0682756803297287,0.1539836800580742,0.1539836800580742,0.522492338228157,0.1746881332730152,,b1083
GSE17538,M2_msd_coexpr,84,HARS2;CD300C;AKR7A3;LINC00511,0.0,0.2144592483984236,0.4782426686725593,0.053394890584602,0.053394890584602,0.0127170081487928,0.0127170081487928,0.6093303137583841,0.9032521138724008,,b1084
GSE17538,M2_msd_coexpr,85,SMDT1;ATP12A;TUBA4A;PIP5K1B,0.0,0.3557878171566275,0.6748428869805324,-0.1153714092835365,0.1153714092835365,-0.2126899653521474,0.2126899653521474,0.2318890780840199,0.0563633182801437,,b1085
GSE17538,M2_msd_coexpr,86,SMDT1;CREM;PARP4;LOC101928274,0.0,0.3849903172036523,0.7139248436781191,0.035723697384387,0.035723697384387,-0.0815848916926628,0.0815848916926628,0.7325935200174841,0.469409765022144,,b1086
GSE17538,M2_msd_coexpr,87,PEX19;CD300C;MIEN1;NPHS2,0.0,0.2204695552993025,0.4674946315084948,0.0286730559206621,0.0286730559206621,0.0269891625128427,0.0269891625128427,0.7807716487815535,0.795105949645654,,b1087
GSE17538,M2_msd_coexpr,88,UGP2;LINC00324;NBPF25P;NAT14,0.0,0.2084486357690025,0.4131682404987287,0.1265910014616358,0.1265910014616358,0.3067562219923067,0.3067562219923067,0.2446688764058419,0.0075591197632314,,b1088
GSE17538,M2_msd_coexpr,89,LOC732360;PPP2R3B;ACTN4;THEM4,0.0,0.2936657807035432,0.7317266463106492,0.0441776760758086,0.0441776760758086,0.1804779334495748,0.1804779334495748,0.6672495119007283,0.1235964706965037,,b1089
GSE17538,M2_msd_coexpr,90,ANKHD1-EIF4EBP3;OR2H2;RNF114;ZFP57,0.0,0.2293262332075481,0.3680301328298189,-0.0535154928042687,0.0535154928042687,-0.0450994392818261,0.0450994392818261,0.5965958302347478,0.6697259117256289,,b1090
GSE17538,M2_msd_coexpr,91,MAX;ERCC6-PGBD3;P2RX4;BICD2,0.0,0.2216779886057323,0.4434091504012311,0.186000823422036,0.186000823422036,0.3398042061967175,0.3398042061967175,0.0960983462518789,0.0032004863381259,,b1091
GSE17538,M2_msd_coexpr,92,TSPYL2;PRR4;BLVRB;LOC100132731,0.0,0.1888658139391529,0.2554757754758279,0.0797576472801186,0.0797576472801186,0.1773893010677931,0.1773893010677931,0.4584390085580841,0.0929645620631607,,b1092
GSE17538,M2_msd_coexpr,93,LOC101927673;SAMD15;MIF;SPSB1,0.0,0.5367064474959593,1.6809648266345123,0.1072051527694186,0.1072051527694186,0.1445111770409651,0.1445111770409651,0.3308920567978177,0.1740504567379578,,b1093
GSE17538,M2_msd_coexpr,94,RBM10;STK17B;MAGED1;NIPAL2,0.0,0.3241588992459777,0.6761091634731808,-0.0130515000877513,0.0130515000877513,0.0537690370852372,0.0537690370852372,0.8993351171082953,0.6254196155212371,,b1094
GSE17538,M2_msd_coexpr,95,ZNF106;KRBOX1;RALY;PPP1R21,0.0,0.2498523350477542,0.421376560831032,0.0762480744856343,0.0762480744856343,0.1384239859709351,0.1384239859709351,0.4808638494188848,0.2213190483390595,,b1095
GSE17538,M2_msd_coexpr,96,DDX23;ZHX2;SMCO4;DDIAS,0.0,0.1919584191177761,0.2371330024359661,0.12151908818556,0.12151908818556,0.2097770804347861,0.2097770804347861,0.2445627725187742,0.0636165156450453,,b1096
GSE17538,M2_msd_coexpr,97,TXN2;PGBD3;PLIN3;TGIF1,0.0,0.1562545951686051,0.2170557932477477,0.058515931168788,0.058515931168788,0.2060793223120806,0.2060793223120806,0.5785578183824902,0.0934171873392334,,b1097
GSE17538,M2_msd_coexpr,98,DTD1;GPR26;MCRIP2;ESCO1,0.0,0.2396507129955727,0.5299442114754722,0.090962675402926,0.090962675402926,0.2615082052789227,0.2615082052789227,0.388675068392871,0.0288126806343,,b1098
GSE17538,M2_msd_coexpr,99,ANKHD1-EIF4EBP3;CRNN;MIR6513;KIAA0232,0.0,0.2726962887539468,0.5570258547866361,0.1799806043834654,0.1799806043834654,0.1455532008383341,0.1455532008383341,0.1048717249301358,0.1885710689098289,,b1099
GSE17538,M2_msd_coexpr,100,RSAD1;SNORA65;MRPL16;CUTC,0.0,0.1878806585075144,0.282015454448254,0.0843899296814222,0.0843899296814222,0.1915022325985693,0.1915022325985693,0.4201375760247178,0.0959431877095747,,b1100
GSE17538,M2_msd_coexpr,101,MAX;LOC101928317;NDUFV2;KAT6A,0.0,0.3227400110979891,0.4828558679980459,0.0887267610276112,0.0887267610276112,0.3179438032300314,0.3179438032300314,0.3992107885392778,0.0053185309059709,,b1101
GSE17538,M2_msd_coexpr,102,MGRN1;ERCC6-PGBD3;LOC102724884;TSPAN11,0.0,0.208870401218578,0.4459711280913281,0.0687836106281957,0.0687836106281957,0.174880903855253,0.174880903855253,0.5110362373240691,0.126201331218794,,b1102
GSE17538,M2_msd_coexpr,103,DUSP3;LINC00906;ORMDL2;ACTR3B,0.0,0.2562508574447996,0.4728697040986913,0.1021887045400415,0.1021887045400415,0.1311291361766895,0.1311291361766895,0.3480035716608446,0.230871428050195,,b1103
GSE17538,M2_msd_coexpr,104,HEIH;C3orf38;DDX27;ATG4C,0.0,0.2003727118586055,0.280506319211079,0.0568489966521586,0.0568489966521586,-0.0187889192750129,0.0187889192750129,0.5774843486590291,0.8679832502289828,,b1104
GSE17538,M2_msd_coexpr,105,DNPH1;FMO1;ARPC1B;CC2D2B,0.0,0.3842782262952366,0.9824239913551248,-0.0267995977533798,0.0267995977533798,-0.0586866130618572,0.0586866130618572,0.7952158586226958,0.5332661838666168,,b1105
GSE17538,M2_msd_coexpr,106,ARFGAP1;SNORA65;TUBA4A;HS3ST2,0.0,0.3089296646974246,0.6748428869805324,0.0310932049858968,0.0310932049858968,0.1123710838612426,0.1123710838612426,0.769318616121039,0.3077515841231494,,b1106
GSE17538,M2_msd_coexpr,107,TOMM40;LOC101927379;IER2;HS3ST2,0.0,0.3917552363964524,1.184421467706463,0.0521133588413576,0.0521133588413576,0.1719282973794721,0.1719282973794721,0.6199467402310814,0.1110964589771841,,b1107
GSE17538,M2_msd_coexpr,108,SRA1;MKRN7P;SLC25A39;PRR5,0.0,0.1507263885713301,0.2096704630270119,0.0237891137740561,0.0237891137740561,0.0873755512655383,0.0873755512655383,0.8193978827747584,0.3865096659242338,,b1108
GSE17538,M2_msd_coexpr,109,ALKBH5;TTC39B;STAU1;POLR3D,0.0,0.4182382954872332,0.870200874752673,0.1132713317105294,0.1132713317105294,0.3416663162802285,0.3416663162802285,0.2907312958720012,0.0070238186396736,,b1109
GSE17538,M2_msd_coexpr,110,TMEM106C;ZC2HC1C;LOC102724884;PIGB,0.0,0.1929293366980942,0.5389011184662038,-0.0051074472550495,0.0051074472550495,0.0416947736100039,0.0416947736100039,0.960711964637642,0.6961756476696903,,b1110
GSE17538,M2_msd_coexpr,111,PNPLA6;STK17B;NDUFA9;NBR1,0.0,0.372479334168819,0.6647420673174086,0.0381404705826641,0.0381404705826641,0.0889291228155587,0.0889291228155587,0.7189363745218024,0.3937526872510553,,b1111
GSE17538,M2_msd_coexpr,112,EIF2AK2;ZMYM2;DDX27;RICTOR,0.0,0.2428970796438572,0.5158338227535747,0.1046044738308672,0.1046044738308672,0.148062348983164,0.148062348983164,0.3415933242687584,0.1988209775666848,,b1112
GSE17538,M2_msd_coexpr,113,TMEM184B;NDUFB7;USP11;PPM1D,0.0,0.1129745921504764,0.1884268071617044,0.0970263063783594,0.0970263063783594,0.1392765126123701,0.1392765126123701,0.3615853933094987,0.1890760578697611,,b1113
GSE17538,M2_msd_coexpr,114,TRIM21;LRRC57;NDUFA9;NQO2,0.0,0.3143118443509305,0.6647420673174086,0.1216481304204331,0.1216481304204331,0.2127555888096504,0.2127555888096504,0.2467665335831819,0.0805078597445188,,b1114
GSE17538,M2_msd_coexpr,115,CRB3;TTTY8B;GSS;CCAR1,0.0,0.1952979491210049,0.3532461870449176,0.1040129430784121,0.1040129430784121,0.1481591070924492,0.1481591070924492,0.3210753499313674,0.1732604994364319,,b1115
GSE17538,M2_msd_coexpr,116,MIR6741;ZNF45;IFT172;PIP5K1B,0.0,0.1347796723062897,0.1686999818339689,0.004703030304251,0.004703030304251,-0.0019738342247428,0.0019738342247428,0.963304683622609,0.9854927612644296,,b1116
GSE17538,M2_msd_coexpr,117,MGRN1;TTTY8;RALY;TGIF1,0.0,0.2083871792376257,0.4459711280913281,-0.0775721953740598,0.0775721953740598,-0.0175181603065486,0.0175181603065486,0.4367935163064055,0.8670731196771617,,b1117
GSE17538,M2_msd_coexpr,118,TMEM184B;DCP2;GNAI2;KIAA0232,0.0,0.1200529632770157,0.1812514542573042,0.1440718017162001,0.1440718017162001,0.1690406729199087,0.1690406729199087,0.1884539982842137,0.1415135650642035,,b1118
GSE17538,M2_msd_coexpr,119,TMEM184B;EED;KLF6;BICD2,0.0,0.0852461163575351,0.1049522598648328,0.2665685163190462,0.2665685163190462,0.5150348303235925,0.5150348303235925,0.0124971843199451,4.844299098190791e-05,,b1119
GSE17538,M2_msd_coexpr,120,ARFGAP1;CCDC140;HLA-J;PRIMPOL,0.0,0.3940535077972742,0.7986017794247761,-0.0756777548962353,0.0756777548962353,0.0225015985585018,0.0225015985585018,0.4594900891988828,0.829526562561558,,b1120
GSE17538,M2_msd_coexpr,121,MYH14;PRR4;NCK2;KRIT1,0.0,0.2253542067601726,0.4895574346690233,-0.0148611091086274,0.0148611091086274,0.0190963349353405,0.0190963349353405,0.8871612218967714,0.8581681761725216,,b1121
GSE17538,M2_msd_coexpr,122,SIVA1;FAM133DP;MIR6513;TRIQK,0.0,0.3118780185903861,0.5570258547866361,0.2829635131835751,0.2829635131835751,0.483136225365573,0.483136225365573,0.0093591498111632,3.938764866601144e-05,,b1122
GSE17538,M2_msd_coexpr,123,EGFR;SCYL3;HLA-J;DNAJC25-GNG10,0.0,0.3817942859481205,0.7986017794247761,0.1156399336756127,0.1156399336756127,0.1041110656251618,0.1041110656251618,0.2684001913507073,0.2998013290131137,,b1123
GSE17538,M2_msd_coexpr,124,TCTA;ZNF45;ACSS2;CD79A,0.0,0.2575091689263642,0.3798372150716443,-0.0097803886325106,0.0097803886325106,-0.0151449699363578,0.0151449699363578,0.9234169057970196,0.8833803975193206,,b1124
GSE17538,M2_msd_coexpr,125,RELA;JMY;PPDPF;ASPSCR1,0.0,0.1497989414524176,0.233913554179213,-0.0259963293956082,0.0259963293956082,-0.1111977708471374,0.1111977708471374,0.8052499828406874,0.2593261494894684,,b1125
GSE17538,M2_msd_coexpr,126,DHPS;KMT5C;TMBIM1;ZNF14,0.0,0.2763280552280476,0.5570258547866361,0.1359081608701886,0.1359081608701886,0.2218277214924388,0.2218277214924388,0.2153586407820132,0.0449142264798013,,b1126
GSE17538,M2_msd_coexpr,127,ANAPC5;PAQR7;PRELID3B;TOMM40L,0.0,0.1892965110543797,0.4989717029505847,0.0112988323135664,0.0112988323135664,0.079295483212625,0.079295483212625,0.9129084962630128,0.4728784372167579,,b1127
GSE17538,M2_msd_coexpr,128,LOC101927673;RBM48;SMCO4;THEM4,0.0,0.1360717291714517,0.1990583513561562,0.0399639909092457,0.0399639909092457,0.1328694428975747,0.1328694428975747,0.7041731452651464,0.2238588501142526,,b1128
GSE17538,M2_msd_coexpr,129,C16orf91;ZMYM2;ORMDL2;ZCCHC6,0.0,0.160620123600824,0.2760114789144201,0.0759701915358981,0.0759701915358981,0.2288996983976803,0.2288996983976803,0.4634870857085491,0.0620017087328161,,b1129
GSE17538,M2_msd_coexpr,130,TNPO3;SLC2A6;NBL1;DNAJC25,0.0,0.2955033643455003,0.6755626480848534,0.0983065389462616,0.0983065389462616,0.2321150164007517,0.2321150164007517,0.3549294070531852,0.0465569277770031,,b1130
GSE17538,M2_msd_coexpr,131,DEXI;JMY;EIF6;SLC5A3,0.0,0.3921628731657183,0.8386268108755821,0.1264143710662443,0.1264143710662443,0.2530821301715701,0.2530821301715701,0.2404379672718923,0.0403625262224342,,b1131
GSE17538,M2_msd_coexpr,132,MIR4691;FAM133B;MIF;CGRRF1,0.0,0.5653020621367103,1.6809648266345123,0.2563892885668572,0.2563892885668572,0.3256143132579667,0.3256143132579667,0.0223578604832171,0.0039804931541421,,b1132
GSE17538,M2_msd_coexpr,133,ABT1;PRR4;AKR7A3;TRANK1,0.0,0.1598144870723113,0.260636041805246,0.1018662240164717,0.1018662240164717,0.2063838165224231,0.2063838165224231,0.3434594884489003,0.0637702215320188,,b1133
GSE17538,M2_msd_coexpr,134,UBXN2A;CCDC140;SERINC3;ZFP57,0.0,0.3081921813905318,0.6686643753066845,-0.0327785550988764,0.0327785550988764,0.0492956763668174,0.0492956763668174,0.7495688828969211,0.6511687694884511,,b1134
GSE17538,M2_msd_coexpr,135,SPINT1;CREM;ATP1B1;HS3ST2,0.0,0.516358600180969,1.5215660304083305,0.102208721684359,0.102208721684359,0.2386222612885913,0.2386222612885913,0.3466020141987608,0.0466831359965086,,b1135
GSE17538,M2_msd_coexpr,136,ZDHHC12;KRBOX1;GNAI2;PRR5,0.0,0.1772015307837256,0.2702719302540505,0.015480848538583,0.015480848538583,0.0789866436932655,0.0789866436932655,0.8796536446841338,0.4500260297649577,,b1136
GSE17538,M2_msd_coexpr,137,DECR2;CD79B;ATP5G1;CD180,0.0,0.2528064447889815,0.5735035240065565,-0.069069118515061,0.069069118515061,-0.0045150818402952,0.0045150818402952,0.4794065440063014,0.9645569065306776,,b1137
GSE17538,M2_msd_coexpr,138,MEN1;KDSR;MIF;KNTC1,0.0,0.5770702048458839,1.6809648266345123,0.1636641797212674,0.1636641797212674,0.2077622466631472,0.2077622466631472,0.1362643765075364,0.0673178773808763,,b1138
GSE17538,M2_msd_coexpr,139,TSPYL2;CA5BP1;EIF6;ESCO1,0.0,0.3456489750698043,0.8386268108755821,0.1684371174229293,0.1684371174229293,0.3386099315703025,0.3386099315703025,0.124850487886517,0.0052404329142008,,b1139
GSE17538,M2_msd_coexpr,140,PMVK;LPAR6;VEGFA;ZNF354A,0.0,0.2194601451044019,0.533053180061023,0.1141529497262535,0.1141529497262535,0.1184806386217891,0.1184806386217891,0.2875695315878817,0.2643670418392193,,b1140
GSE17538,M2_msd_coexpr,141,CLDN4;LOC102725426;HLA-F;KIAA0232,0.0,0.2479989052140072,0.5070982848996147,0.0171306936053522,0.0171306936053522,0.1035797133770625,0.1035797133770625,0.8682192598400214,0.3518763443340024,,b1141
GSE17538,M2_msd_coexpr,142,ILKAP;GXYLT1;SEPHS2;DMXL2,0.0,0.3004966761407348,0.516959398758714,0.1635946917918793,0.1635946917918793,0.1798917852380254,0.1798917852380254,0.1228768118365406,0.1266493410640673,,b1142
GSE17538,M2_msd_coexpr,143,LSM4;LOC101928419;PPDPF;NAA25,0.0,0.143379039626359,0.233913554179213,-0.0229793016115058,0.0229793016115058,-0.1254558119771842,0.1254558119771842,0.8210291385800398,0.1881673720647495,,b1143
GSE17538,M2_msd_coexpr,144,NAGA;KDSR;NCK2;ESCO1,0.0,0.2102948492947744,0.407748180161041,0.1292546441977099,0.1292546441977099,0.2765047595128099,0.2765047595128099,0.1975700503063855,0.0136089628517332,,b1144
GSE17538,M2_msd_coexpr,145,EGFR;MAP3K2;GSS;PTCD2,0.0,0.177669094184874,0.5061255282492549,0.0193953880005402,0.0193953880005402,0.004801159605707,0.004801159605707,0.8571216468491847,0.9627345898918532,,b1145
GSE17538,M2_msd_coexpr,146,ANAPC5;KIAA0430;B4GALT5;CDKN2C,0.0,0.2312120563619339,0.4989717029505847,0.1043694383684939,0.1043694383684939,0.228056645026644,0.228056645026644,0.3260504817818519,0.0597153018927086,,b1146
GSE17538,M2_msd_coexpr,147,HOOK2;PAQR7;RALY;LINC01111,0.0,0.2079975231719154,0.4860868777042927,-0.023968715346955,0.023968715346955,0.0103260956399106,0.0103260956399106,0.816026430194708,0.9161421603441384,,b1147
GSE17538,M2_msd_coexpr,148,TSPYL2;BCRP3;MCRIP2;HS3ST2,0.0,0.1452774498029699,0.2554757754758279,0.0714119142950176,0.0714119142950176,0.196978126051456,0.196978126051456,0.5047548465925917,0.0749513707872528,,b1148
GSE17538,M2_msd_coexpr,149,MUTYH;LOC101928419;ACADVL;FAM83F,0.0,0.1672619953958749,0.223670666288754,-0.2039832558092168,0.2039832558092168,-0.1829959306010624,0.1829959306010624,0.0417943000053513,0.0587978574168486,,b1149
GSE17538,M2_msd_coexpr,150,AP1M1;FAM133B;MPST;CD180,0.0,0.2230531341611203,0.4574029811678257,0.0549521114353669,0.0549521114353669,0.1020976722770807,0.1020976722770807,0.6004438344920207,0.3235132921698012,,b1150
GSE17538,M2_msd_coexpr,151,RALBP1;SLC2A6;AKR7A2;SLC27A3,0.0,0.2080072366745028,0.3292868735697662,0.0879688497984041,0.0879688497984041,0.3742456380154935,0.3742456380154935,0.3900067830150654,0.0010160792306857,,b1151
GSE17538,M2_msd_coexpr,152,ZNF580;GPR26;ACSS2;EPB41L4A-AS1,0.0,0.2095466374781404,0.382593690487695,0.0560217536605983,0.0560217536605983,0.0937412946899822,0.0937412946899822,0.5980277548246222,0.3896828975950061,,b1152
GSE17538,M2_msd_coexpr,153,SDHAF2;NDUFB7;SEPHS2;ITGB1,0.0,0.2242195118772251,0.516959398758714,0.1791461994956262,0.1791461994956262,0.2344571504030942,0.2344571504030942,0.0935526831519408,0.0410121028556041,,b1153
GSE17538,M2_msd_coexpr,154,POLR2L;SCYL3;DDX27;LINC00511,0.0,0.1963593729487746,0.4132486071309814,0.0585601455253717,0.0585601455253717,-0.0472281470071396,0.0472281470071396,0.5685352774379075,0.6811152021941529,,b1154
GSE17538,M2_msd_coexpr,155,SLC41A3;CDC25A;SLC25A39;ZCCHC6,0.0,0.1968915578697674,0.3879675641546923,0.0055611032460295,0.0055611032460295,0.0895864205111215,0.0895864205111215,0.956778841370982,0.3941701300219277,,b1155
GSE17538,M2_msd_coexpr,156,LARP1;FAM76A;ALDH3A2;ADPRM,0.0,0.1524887582391746,0.3034432124951429,0.2197569327591375,0.2197569327591375,0.2184274158315774,0.2184274158315774,0.0506019717854831,0.0649684421529757,,b1156
GSE17538,M2_msd_coexpr,157,FAM109B;MCM8;NBPF19;KAT6A,0.0,0.2654212428784972,0.5257558893117937,0.1173096079191043,0.1173096079191043,0.2426286653981491,0.2426286653981491,0.2796429888096224,0.027302495730285,,b1157
GSE17538,M2_msd_coexpr,158,ATXN1L;TRAPPC2;VPS51;SLC8A3,0.0,0.2516332601030576,0.3491682518997402,0.0483569882167042,0.0483569882167042,0.0658964380630639,0.0658964380630639,0.6502595618356748,0.5237099278584978,,b1158
GSE17538,M2_msd_coexpr,159,TSACC;EPHA5-AS1;CEBPB;XRCC2,0.0,0.4550619495176407,1.2768214441640693,-0.0177438650988576,0.0177438650988576,0.0856355185719334,0.0856355185719334,0.8636509706591524,0.4330919225748342,,b1159
GSE17538,M2_msd_coexpr,160,PCDHGA8;PRR4;ELF1;HS3ST2,0.0,0.2318910487800601,0.4735632995188149,0.1321043448285155,0.1321043448285155,0.2371728677897194,0.2371728677897194,0.2180923426197661,0.0386406388729308,,b1160
GSE17538,M2_msd_coexpr,161,TBC1D23;ZBTB49;NDUFV2;TRIQK,0.0,0.2858334758045491,0.4828558679980459,0.1111688526456433,0.1111688526456433,0.2586286872295404,0.2586286872295404,0.2887448159050549,0.0182653134449574,,b1161
GSE17538,M2_msd_coexpr,162,LSM4;CD300A;TUBA4A;ZCCHC10,0.0,0.2809160599101684,0.6748428869805324,0.1234838838477977,0.1234838838477977,0.1794007121429405,0.1794007121429405,0.2486350149786156,0.1400202049495972,,b1162
GSE17538,M2_msd_coexpr,163,TCTA;GXYLT1;MGAT4B;MYO5B,0.0,0.2340722791811564,0.3798372150716443,-0.0512469040561306,0.0512469040561306,-0.1057819341030148,0.1057819341030148,0.6130580323439679,0.3221137685222378,,b1163
GSE17538,M2_msd_coexpr,164,LARP1;LOC100130285;ORMDL2;CSNK1A1,0.0,0.184738964681235,0.3034432124951429,0.1806208519228831,0.1806208519228831,0.2331223778362464,0.2331223778362464,0.1079541973317967,0.0515575537697238,,b1164
GSE17538,M2_msd_coexpr,165,EPHB4;C22orf31;PARP4;XRCC2,0.0,0.358332238722644,0.7139248436781191,-0.0196230392559339,0.0196230392559339,0.0173202303311845,0.0173202303311845,0.8520484024233065,0.870324188375571,,b1165
GSE17538,M2_msd_coexpr,166,EBP;CDC25A;ELF1;ATG4C,0.0,0.2656080996003038,0.4098910730799386,-0.0276080917586443,0.0276080917586443,-0.0178726972711907,0.0178726972711907,0.7865763773327643,0.8671790267603838,,b1166
GSE17538,M2_msd_coexpr,167,LARP1;LOC101926963;ATP6V0D1;SLC27A3,0.0,0.309364207851038,0.6214953676582238,0.0571870645487685,0.0571870645487685,0.0913284218645275,0.0913284218645275,0.5882716709218974,0.3852190052936435,,b1167
GSE17538,M2_msd_coexpr,168,DNPH1;ZNRF2;MIEN1;RAB36,0.0,0.1776256111597046,0.3673956322739234,-0.0828010960909925,0.0828010960909925,-0.1731668438944014,0.1731668438944014,0.4173324146576223,0.081907584453534,,b1168
GSE17538,M2_msd_coexpr,169,TMEM106C;PAQR7;ACTN4;RHOV,0.0,0.3949955449278556,0.7317266463106492,-0.1068093409163012,0.1068093409163012,0.0364526103375194,0.0364526103375194,0.2744095882958541,0.7248246593043726,,b1169
GSE17538,M2_msd_coexpr,170,DPH2;GNRH2;NBL1;CEP170P1,0.0,0.3360490410798301,0.6755626480848534,0.0847942321451591,0.0847942321451591,0.2434750643648013,0.2434750643648013,0.4232757432270614,0.0283678883005287,,b1170
GSE17538,M2_msd_coexpr,171,LOC101927673;CA5BP1;MXI1;TGIF1,0.0,0.2279767366737377,0.4680506882237802,0.1030105384490583,0.1030105384490583,0.2125207929132754,0.2125207929132754,0.3317187943078183,0.0518312346957136,,b1171
GSE17538,M2_msd_coexpr,172,TNPO3;PRR7;GNAI2;WDR5B,0.0,0.1909147478747489,0.281059655040521,0.0536804613310223,0.0536804613310223,0.029047957251888,0.029047957251888,0.6099892173031184,0.7763444402631502,,b1172
GSE17538,M2_msd_coexpr,173,DEXI;STAG3L4;SEMA4B;PRKG2,0.0,0.2016698067725567,0.3822597255340115,0.1939255506026794,0.1939255506026794,0.2268832653418648,0.2268832653418648,0.0834121928625349,0.0427216114928589,,b1173
GSE17538,M2_msd_coexpr,174,SMDT1;PAQR7;NBPF19;ARHGAP5-AS1,0.0,0.2680452965231185,0.5078410882293312,0.1057374526400452,0.1057374526400452,0.2319762377167057,0.2319762377167057,0.3258494283293274,0.0440456238525853,,b1174
GSE17538,M2_msd_coexpr,175,GNPTG;SIRPG;LOC102724884;ZNF14,0.0,0.1595212235997839,0.2409206341430336,0.0982516114957857,0.0982516114957857,0.1926282488003796,0.1926282488003796,0.3435229199041077,0.0729202076596937,,b1175
GSE17538,M2_msd_coexpr,176,PMVK;AMN1;NCK2;HS3ST2,0.0,0.2108424655995767,0.533053180061023,0.0046667322737727,0.0046667322737727,0.0384186185118254,0.0384186185118254,0.963822537533506,0.7133240659450304,,b1176
GSE17538,M2_msd_coexpr,177,RPL36;ANGPT4;SERINC3;WDR26,0.0,0.3107918703520008,0.6686643753066845,0.1051677495280514,0.1051677495280514,0.1533118013699662,0.1533118013699662,0.3296313406031356,0.1878191941204107,,b1177
GSE17538,M2_msd_coexpr,178,RSAD1;PPP2R3B;NCK2;TGIF1,0.0,0.1699874137337489,0.2627393861568008,-0.0584386445373147,0.0584386445373147,0.0491794079681305,0.0491794079681305,0.5586067953904494,0.6426254900088062,,b1178
GSE17538,M2_msd_coexpr,179,MGRN1;ZNF277;MRPL16;NQO2,0.0,0.2710470069630664,0.4459711280913281,0.1551890045743702,0.1551890045743702,0.205362755751635,0.205362755751635,0.1662712642359463,0.1170667843435222,,b1179
GSE17538,M2_msd_coexpr,180,NAGA;SLC2A6;MXI1;KCTD7,0.0,0.2649428763298685,0.4680506882237802,0.0673370821683929,0.0673370821683929,0.1871892908996232,0.1871892908996232,0.5216624264884251,0.0793263002496292,,b1180
GSE17538,M2_msd_coexpr,181,TOMM40;GPR26;TM9SF4;B3GNT5,0.0,0.1761656338656251,0.2621020150772481,-0.0409398254924837,0.0409398254924837,0.0657072460035267,0.0657072460035267,0.685281247976772,0.5218635302803638,,b1181
GSE17538,M2_msd_coexpr,182,SIGIRR;LOC102723692;LOC102724884;TAF1L,0.0,0.1909404550543317,0.4286078539838117,-0.0253428253442354,0.0253428253442354,0.0159430759211013,0.0159430759211013,0.8023885861664898,0.8770734429876899,,b1182
GSE17538,M2_msd_coexpr,183,ZNF581;MCM8;PLOD3;NR2F2,0.0,0.1498743984903123,0.2065800939829267,0.0852673780015634,0.0852673780015634,0.1435737473942502,0.1435737473942502,0.4268756405885725,0.196550493304472,,b1183
GSE17538,M2_msd_coexpr,184,FAM109B;CBFA2T3;TUBA4A;NR2F2,0.0,0.3969923985965965,0.6748428869805324,0.1487633124968451,0.1487633124968451,0.3240887146232399,0.3240887146232399,0.1642268227794849,0.007715078001972,,b1184
GSE17538,M2_msd_coexpr,185,AMPD2;KRBOX1;EIF6;KAT6A,0.0,0.3594938198263447,0.8386268108755821,0.0646813692431813,0.0646813692431813,0.1572903165986289,0.1572903165986289,0.5283998098884808,0.14729850409333,,b1185
GSE17538,M2_msd_coexpr,186,DECR2;FMO1;GSS;TAF1L,0.0,0.0895664303516886,0.1469632994610921,-0.0844294018577348,0.0844294018577348,-0.1133283994042193,0.1133283994042193,0.4035718718019977,0.2557472427674182,,b1186
GSE17538,M2_msd_coexpr,187,AP1M1;AMN1;NDUFV2;CEP68,0.0,0.3126977644638641,0.4828558679980459,0.1503854567983495,0.1503854567983495,0.1954675887230565,0.1954675887230565,0.1574201604933907,0.078303344249752,,b1187
GSE17538,M2_msd_coexpr,188,SLC41A3;LOC101926963;ACADVL;SLC5A3,0.0,0.2255842604441801,0.3879675641546923,0.0907655328916434,0.0907655328916434,0.1876745485456744,0.1876745485456744,0.3923891177053017,0.0795970131773992,,b1188
GSE17538,M2_msd_coexpr,189,DPH2;GXYLT1;IFT172;C8orf44-SGK3,0.0,0.2000520118523959,0.4392643855155066,-0.03892944821428,0.03892944821428,-0.1354075008306866,0.1354075008306866,0.7064942063203443,0.2335774786273772,,b1189
GSE17538,M2_msd_coexpr,190,LARP1;ZNF277;LOC102724884;RAB36,0.0,0.147789504857181,0.3034432124951429,0.1460126078127187,0.1460126078127187,0.009033861936455,0.009033861936455,0.159241525611024,0.9298346830432213,,b1190
GSE17538,M2_msd_coexpr,191,SEC24C;AMN1;ORMDL2;KAT6A,0.0,0.1847665411912947,0.2403054158190532,0.2846559402750589,0.2846559402750589,0.3897899776390225,0.3897899776390225,0.014513318598129,0.0013485563032351,,b1191
GSE17538,M2_msd_coexpr,192,YARS2;TISP43;LOC102724884;XXYLT1,0.0,0.1618220777149376,0.3638861280525448,0.121847413057547,0.121847413057547,0.2390195904211678,0.2390195904211678,0.2426466290679869,0.036760420160573,,b1192
GSE17538,M2_msd_coexpr,193,XPO5;MCM8;VEGFA;DNAJC25-GNG10,0.0,0.1898383033856833,0.4718530766648238,0.1305445131076029,0.1305445131076029,0.1147466281696766,0.1147466281696766,0.2183171588284104,0.2897858397252252,,b1193
GSE17538,M2_msd_coexpr,194,DEXI;ACTL7B;MAGED1;SH3RF3,0.0,0.3480206209271761,0.6761091634731808,0.0728380102712788,0.0728380102712788,0.1913307468475271,0.1913307468475271,0.4876850636588045,0.0906635297933314,,b1194
GSE17538,M2_msd_coexpr,195,FAM109B;ZC2HC1C;DDX27;KAT6A,0.0,0.2514635309855346,0.5257558893117937,0.0445933228316941,0.0445933228316941,0.0587709948449355,0.0587709948449355,0.6760446804581206,0.5846825008391159,,b1195
GSE17538,M2_msd_coexpr,196,DDX23;RBM48;MAGED1;SMARCA2,0.0,0.2599525805968525,0.6761091634731808,0.1352439396538117,0.1352439396538117,0.1918117884041061,0.1918117884041061,0.2047605218891329,0.1151991765059142,,b1196
GSE17538,M2_msd_coexpr,197,MGRN1;ADH1A;AKR7A3;KRIT1,0.0,0.2436652341871218,0.4459711280913281,0.0321841331855833,0.0321841331855833,0.0282624102201481,0.0282624102201481,0.7574923699269704,0.7982494684154747,,b1197
GSE17538,M2_msd_coexpr,198,LOC440434;FMO1;CIB1;CDKN2C,0.0,0.1497674730094876,0.2715312597901435,0.1015153213958345,0.1015153213958345,0.2964325793231926,0.2964325793231926,0.3330019896309829,0.0112331767534204,,b1198
GSE17538,M2_msd_coexpr,199,MEN1;SNORA65;ARHGDIB;NKAP,0.0,0.1702655393735088,0.3107395506490437,-0.0143783373433911,0.0143783373433911,-0.0644696430353088,0.0644696430353088,0.888956535634659,0.5128093539735754,,b1199
GSE17538,M2_msd_coexpr,200,CHRAC1;ANGPT4;ARPC1B;DNAJC25-GNG10,0.0,0.4398785744092471,0.9824239913551248,0.2098796719655592,0.2098796719655592,0.2296849288212231,0.2296849288212231,0.0622205981681676,0.0618874230100987,,b1200
GSE17538,M2_msd_coexpr,201,HOOK2;TFAP2A;MCRIP2;LRRC37B,0.0,0.2328847950499172,0.4860868777042927,0.1811071564005994,0.1811071564005994,0.141635439174959,0.141635439174959,0.1036179121736762,0.1705431783175256,,b1201
GSE17538,M2_msd_coexpr,202,CHRAC1;ZNF23;HLA-F;METTL7A,0.0,0.3058553350088981,0.5085801338696023,0.1695631553690842,0.1695631553690842,0.2303497905594693,0.2303497905594693,0.1118283643541966,0.0530206804253883,,b1202
GSE17538,M2_msd_coexpr,203,TCTA;CD300A;STAU1;NAT14,0.0,0.3530133322790388,0.870200874752673,0.0096340453428554,0.0096340453428554,0.0510681980877484,0.0510681980877484,0.9250696978784132,0.6507842965110459,,b1203
GSE17538,M2_msd_coexpr,204,SIVA1;STK17B;ORMDL2;ACCS,0.0,0.2246717978373385,0.4697162519829979,0.1358101695296269,0.1358101695296269,0.2829424798826115,0.2829424798826115,0.1963513348206603,0.0145517836107256,,b1204
GSE17538,M2_msd_coexpr,205,LRP6;NPIPB11;USP11;SLC8A3,0.0,0.2320985615331434,0.4998306933045515,0.0936551792122172,0.0936551792122172,0.1398625389958148,0.1398625389958148,0.393547813505158,0.2135706423668283,,b1205
GSE17538,M2_msd_coexpr,206,CREB3;CAPS;ATP1B1;CDKN2C,0.0,0.5144657411838555,1.5215660304083305,0.0482449829521674,0.0482449829521674,0.1392999583817545,0.1392999583817545,0.6459737676320207,0.186750362824003,,b1206
GSE17538,M2_msd_coexpr,207,GNPTG;ZNF268;AKR7A3;DNAJC25-GNG10,0.0,0.163101262240693,0.2409206341430336,0.1845759551860611,0.1845759551860611,0.2953575581005274,0.2953575581005274,0.0912420236564582,0.0215078250450458,,b1207
GSE17538,M2_msd_coexpr,208,TDRD7;NPIPB11;RNF114;LOC101928274,0.0,0.2635208931968782,0.4742586968004439,-0.058230823195813,0.058230823195813,-0.1422048454122917,0.1422048454122917,0.5633400108650963,0.2145727508960421,,b1208
GSE17538,M2_msd_coexpr,209,RUVBL2;ZNF268;ACTN4;ESCO1,0.0,0.3470023611490656,0.7317266463106492,0.1459638258635369,0.1459638258635369,0.2123076835069356,0.2123076835069356,0.1796707985963681,0.0701351443803061,,b1209
GSE17538,M2_msd_coexpr,210,PYCR2;FMO1;ACSS2;SMPD3,0.0,0.1443411781675437,0.220768895562504,0.0076883201853206,0.0076883201853206,0.0281164852693648,0.0281164852693648,0.9415772993467726,0.7892267433216953,,b1210
GSE17538,M2_msd_coexpr,211,COPS7A;LRRC37A2;CALR;C10orf2,0.0,0.1280032606681041,0.2313941123965017,0.1747908487571358,0.1747908487571358,0.4047312487707027,0.4047312487707027,0.1194574462509718,0.0007367446490722,,b1211
GSE17538,M2_msd_coexpr,212,EIF2AK2;NUDT16P1;PARP4;LRRC36,0.0,0.3367483451273602,0.7139248436781191,-0.0402329540834984,0.0402329540834984,-0.05405613013309,0.05405613013309,0.705788163931723,0.6090959983521396,,b1212
GSE17538,M2_msd_coexpr,213,ATXN7L3B;LOC105376796;GSS;HBG2,0.0,0.1606642517982307,0.2890410563272342,-0.077115373275522,0.077115373275522,-0.0232949382516477,0.0232949382516477,0.4374862340192125,0.8172401639117366,,b1213
GSE17538,M2_msd_coexpr,214,TMEM106C;LOC554174;MINOS1-NBL1;DMXL2,0.0,0.4175116254063495,0.92688602654736,-0.13056346740451,0.13056346740451,0.0154413966467309,0.0154413966467309,0.1989231989043089,0.8777089995027281,,b1214
GSE17538,M2_msd_coexpr,215,NDUFS8;LINC00906;AKR7A3;TRIQK,0.0,0.201659902229625,0.3366935924440811,0.0662334696584243,0.0662334696584243,0.1444159540795957,0.1444159540795957,0.5288454932103875,0.1833125724037311,,b1215
GSE17538,M2_msd_coexpr,216,SMG8;IFNA6;CIB1;PIK3CB,0.0,0.2540808368321277,0.3991559527005373,0.1617912154871307,0.1617912154871307,0.1559196017315224,0.1559196017315224,0.1365129641995562,0.1364671333718286,,b1216
GSE17538,M2_msd_coexpr,217,ALG3;DDX60L;MPST;TAF1L,0.0,0.1673539112197757,0.2228558799445505,-0.1456204583025656,0.1456204583025656,-0.0897511325182569,0.0897511325182569,0.1492010691070575,0.3494461220732667,,b1217
GSE17538,M2_msd_coexpr,218,TSR2;ZNRF2;NBPF25P;ATG4C,0.0,0.2807310716182659,0.4131682404987287,0.0813415086797871,0.0813415086797871,0.140014095452534,0.140014095452534,0.4468105850580918,0.2249890129177852,,b1218
GSE17538,M2_msd_coexpr,219,TMEM245;ADH1A;MXI1;SLC27A3,0.0,0.2885122324752224,0.4680506882237802,0.1462021406205703,0.1462021406205703,0.2313695032636285,0.2313695032636285,0.1603459683600375,0.0234330813943429,,b1219
GSE17538,M2_msd_coexpr,220,MGRN1;ZNF268;GNAI2;SH3RF3,0.0,0.2366722731189938,0.4459711280913281,0.1924464641870774,0.1924464641870774,0.280940558946809,0.280940558946809,0.0759820789997607,0.0264786611617935,,b1220
GSE17538,M2_msd_coexpr,221,AMPD2;C20orf196;GSS;CENPV,0.0,0.195121349283747,0.2720586392667969,-0.0324613162221004,0.0324613162221004,0.0335982140956242,0.0335982140956242,0.7429136946627758,0.7585181603293822,,b1221
GSE17538,M2_msd_coexpr,222,GNPTG;MKRN7P;TUBA4A;CD79A,0.0,0.3191781211888886,0.6748428869805324,0.0279027075662084,0.0279027075662084,0.1508829641036141,0.1508829641036141,0.7827304403141861,0.2008355431439228,,b1222
GSE17538,M2_msd_coexpr,223,PEX19;LOC105376796;ELF1;PPM1D,0.0,0.2455015087112692,0.4674946315084948,0.0726116482333144,0.0726116482333144,0.0650023097191622,0.0650023097191622,0.4950083763290407,0.5619417319986071,,b1223
GSE17538,M2_msd_coexpr,224,XPO1;PRR7;MXI1;COX19,0.0,0.2638309050097844,0.4680506882237802,0.1068056895367304,0.1068056895367304,0.167098764071287,0.167098764071287,0.3321814629878155,0.1263274561727407,,b1224
GSE17538,M2_msd_coexpr,225,C9orf16;LOC554174;LOC102724884;CENPV,0.0,0.2384076666376018,0.4606564863455837,-0.0686375456692309,0.0686375456692309,0.0713710140259798,0.0713710140259798,0.4931275763948002,0.5083916776426887,,b1225
GSE17538,M2_msd_coexpr,226,CDK16;ZBTB49;CEBPB;HS3ST2,0.0,0.489073405493005,1.2768214441640693,0.0873661099979015,0.0873661099979015,0.1970271334969809,0.1970271334969809,0.4154911101343563,0.0945296813634105,,b1226
GSE17538,M2_msd_coexpr,227,POLR2L;PRR7;DDX27;IGF1R,0.0,0.1948454053190172,0.4132486071309814,-0.0230900421219328,0.0230900421219328,-0.0363703887341342,0.0363703887341342,0.8217634999018995,0.7190334833313478,,b1227
GSE17538,M2_msd_coexpr,228,MCRIP1;MCM8;P2RX4;POLR3D,0.0,0.2006510480571495,0.4403372217846573,0.1064526960234636,0.1064526960234636,0.2208988612238945,0.2208988612238945,0.3202571454466512,0.0389412309371568,,b1228
GSE17538,M2_msd_coexpr,229,TSR2;CD79B;ACSS2;LOC100506548,0.0,0.2275347962141977,0.3303646332877322,-0.0408668093526439,0.0408668093526439,0.0561574150872707,0.0561574150872707,0.6894798695801012,0.6070356236260507,,b1229
GSE17538,M2_msd_coexpr,230,C16orf91;FGF17;IFT172;CD79A,0.0,0.1859265353896736,0.2942143060573996,-0.1293498572554014,0.1293498572554014,-0.0855907357987928,0.0855907357987928,0.1827830272684329,0.4099463791521399,,b1230
GSE17538,M2_msd_coexpr,231,AP1M1;SASS6;ATP6V0D1;TAF1L,0.0,0.3215118540004301,0.6214953676582238,0.1531407056793456,0.1531407056793456,0.1155817734701764,0.1155817734701764,0.1805723186038204,0.2745935560862818,,b1231
GSE17538,M2_msd_coexpr,232,NAGA;LOC102725426;ARPC1B;DNAJC25-GNG10,0.0,0.4051311764729971,0.9824239913551248,0.1036398303761647,0.1036398303761647,0.2192958221116897,0.2192958221116897,0.3264666079704927,0.0642316867892505,,b1232
GSE17538,M2_msd_coexpr,233,SEPT8;AMN1;ELF1;ACCS,0.0,0.2457625262209452,0.4652706015176164,0.0849828858121809,0.0849828858121809,0.123010682651368,0.123010682651368,0.4322142223696094,0.271404224421067,,b1233
GSE17538,M2_msd_coexpr,234,PCDHGA8;FAM76A;ATP1B1;NAA25,0.0,0.5221713347232169,1.5215660304083305,0.3036411624837499,0.3036411624837499,0.4913538424326262,0.4913538424326262,0.008428539779739,0.0001420051481386,,b1234
GSE17538,M2_msd_coexpr,235,DUSP3;DCP2;ADD3;WDR26,0.0,0.4025921612122128,0.9725440018157118,0.1742130957229934,0.1742130957229934,0.1839465135097237,0.1839465135097237,0.112416414875448,0.1128859984329244,,b1235
GSE17538,M2_msd_coexpr,236,UBXN2A;METTL4;BLVRB;PIK3CB,0.0,0.2526092947978163,0.3092440209892233,0.1820415500733248,0.1820415500733248,0.2252132884607251,0.2252132884607251,0.0895367625708519,0.0386104260335617,,b1236
GSE17538,M2_msd_coexpr,237,CHKB;KIAA0430;PTRH2;TAF1L,0.0,0.1423176534366335,0.2401333779568779,0.0466908816756805,0.0466908816756805,0.0207909349643617,0.0207909349643617,0.6576267676597035,0.8445088602986784,,b1237
GSE17538,M2_msd_coexpr,238,TNPO3;PARPBP;ADD3;SMARCA2,0.0,0.3422244980662954,0.9725440018157118,0.1312551726906329,0.1312551726906329,0.1025031685074277,0.1025031685074277,0.224332796827097,0.3882392100217362,,b1238
GSE17538,M2_msd_coexpr,239,RBM27;XRN1;ADAP1;EMC3-AS1,0.0,0.1655140264696933,0.2084095794278744,0.0203491910765296,0.0203491910765296,0.0643056828825831,0.0643056828825831,0.8494818197480911,0.5555210717399717,,b1239
GSE17538,M2_msd_coexpr,240,PMVK;TTTY8;TM9SF4;RAPH1,0.0,0.2327305095348216,0.533053180061023,-0.0495278681478476,0.0495278681478476,0.0364539672550345,0.0364539672550345,0.6337905531778836,0.7290431995334643,,b1240
GSE17538,M2_msd_coexpr,241,NPLOC4;ANXA2P1;CEBPB;TSPAN11,0.0,0.3907197171202189,1.2768214441640693,0.1376007291955605,0.1376007291955605,0.3540455347406835,0.3540455347406835,0.2023111804463215,0.0042485775814365,,b1241
GSE17538,M2_msd_coexpr,242,NDUFS8;ATF2;NDUFA9;SIRPA,0.0,0.3249445118816188,0.6647420673174086,0.1295083438316212,0.1295083438316212,0.1708329318135615,0.1708329318135615,0.2361987327272271,0.1305328439252797,,b1242
GSE17538,M2_msd_coexpr,243,CHRAC1;CD300A;MIEN1;SMPD3,0.0,0.2037824893079158,0.5085801338696023,0.0819026015016904,0.0819026015016904,0.0746315079881431,0.0746315079881431,0.4271209274263754,0.49302775731586,,b1243
GSE17538,M2_msd_coexpr,244,SEC24C;TFAP2A;VPS51;ITGB1,0.0,0.181665776336231,0.3469923143094694,0.3490945258477738,0.3490945258477738,0.4876958315207176,0.4876958315207176,0.0038400022120884,0.0001778212424232,,b1244
GSE17538,M2_msd_coexpr,245,FAM109B;EXOG;ACSS2;ADPRM,0.0,0.2528882324349777,0.5257558893117937,0.0977605597428517,0.0977605597428517,0.2265520508408017,0.2265520508408017,0.3559829472186553,0.0540663161289842,,b1245
GSE17538,M2_msd_coexpr,246,MGRN1;CD300C;EIF6;MTF2,0.0,0.4121533395155637,0.8386268108755821,0.0448725725669032,0.0448725725669032,0.1205292906909633,0.1205292906909633,0.6623766530416908,0.2997803335039106,,b1246
GSE17538,M2_msd_coexpr,247,SPINT1;KRBOX1;NBL1;NAA25,0.0,0.27651341787959,0.6755626480848534,0.0889025988615087,0.0889025988615087,0.2150576151543152,0.2150576151543152,0.4078092248030172,0.0691968671457257,,b1247
GSE17538,M2_msd_coexpr,248,RBM10;KIAA0430;PLIN3;CD180,0.0,0.214240656208445,0.4274024763854689,0.1116318162621236,0.1116318162621236,0.2081913633200998,0.2081913633200998,0.2983894140299996,0.0630849360824994,,b1248
GSE17538,M2_msd_coexpr,249,UGP2;C7orf25;YWHAB;NKAP,0.0,0.4118845933282106,1.3143258213116242,0.1338650990983094,0.1338650990983094,0.0520036821293684,0.0520036821293684,0.2043596985039872,0.6490710606980465,,b1249
GSE17538,M2_msd_coexpr,250,TMEM184B;LRRC57;AKR7A2;LINC00511,0.0,0.1299095176610976,0.2061667668118804,0.0632804813425211,0.0632804813425211,0.1098086573303216,0.1098086573303216,0.5426889970969475,0.3405114844097252,,b1250
GSE17538,M2_msd_coexpr,251,SRA1;LINC00265;DDX27;PRKG2,0.0,0.157182311101396,0.1821833772114987,0.042503721703426,0.042503721703426,-0.0841751033777818,0.0841751033777818,0.6733996635578703,0.4219273115940474,,b1251
GSE17538,M2_msd_coexpr,252,TXN2;ZNF268;GSS;CUTC,0.0,0.124542795649507,0.1462588994151633,0.1020499224946683,0.1020499224946683,0.1051138018063782,0.1051138018063782,0.335584872691079,0.3636924676940334,,b1252
GSE17538,M2_msd_coexpr,253,MUTYH;ZNF85;MIEN1;C8orf44-SGK3,0.0,0.1440536349526268,0.223670666288754,-0.0008546407797865,0.0008546407797865,-0.0495875241135946,0.0495875241135946,0.993486896400954,0.643107788487125,,b1253
GSE17538,M2_msd_coexpr,254,LOC732360;TTTY8;P2RX4;LOC100506548,0.0,0.1274577302126619,0.1863166830769296,0.2006600010359873,0.2006600010359873,0.3992538016368654,0.3992538016368654,0.0770248131131784,0.001413539901072,,b1254
GSE17538,M2_msd_coexpr,255,NAGA;MAP3K2;GPD1L;TOMM40L,0.0,0.1446168016036108,0.407748180161041,-0.0193304207692988,0.0193304207692988,0.0142363693396235,0.0142363693396235,0.8521798710761266,0.8826809169920826,,b1255
GSE17538,M2_msd_coexpr,256,BYSL;SAMD15;USP11;EMC3-AS1,0.0,0.2083987310732945,0.4462782619491244,0.0198996931941057,0.0198996931941057,0.0529899912185435,0.0529899912185435,0.8473234206024158,0.6150970825259755,,b1256
GSE17538,M2_msd_coexpr,257,TMEM245;CAPS;ACSS2;USP30,0.0,0.2098390032641106,0.2950236045820553,-0.0163134164276668,0.0163134164276668,-0.1259808047978807,0.1259808047978807,0.8748543599590489,0.279024077224978,,b1257
GSE17538,M2_msd_coexpr,258,DUSP3;OSTM1;TUBA4A;WDR5B,0.0,0.3964081007258191,0.6748428869805324,0.2287669198299282,0.2287669198299282,0.2494134102480172,0.2494134102480172,0.0367300106215541,0.0387765732830555,,b1258
GSE17538,M2_msd_coexpr,259,RALBP1;ALPP;MIR6513;PRR5,0.0,0.2761815592126589,0.5570258547866361,0.0925994291855176,0.0925994291855176,0.31973626423199,0.31973626423199,0.3719492373344514,0.0048135112890705,,b1259
GSE17538,M2_msd_coexpr,260,TMEM8A;ZNRF2;SEPHS2;C10orf2,0.0,0.24640706221546,0.516959398758714,-0.0112975161757624,0.0112975161757624,-0.0380825119936191,0.0380825119936191,0.9122983367506816,0.7277466222490407,,b1260
GSE17538,M2_msd_coexpr,261,YARS2;ANGPT4;USP11;USP34,0.0,0.1817629224329522,0.3638861280525448,0.1940438220806258,0.1940438220806258,0.3044659171390572,0.3044659171390572,0.0833830623646236,0.0125263404753282,,b1261
GSE17538,M2_msd_coexpr,262,KLHDC3;BCRP3;EIF6;LRRC36,0.0,0.3050706122947177,0.8386268108755821,-0.1065051405253822,0.1065051405253822,-0.065808528843574,0.065808528843574,0.2879319156003493,0.4995743277922906,,b1262
GSE17538,M2_msd_coexpr,263,SLC29A3;ANGPT4;ADAP1;POMGNT2,0.0,0.191263835314555,0.3936459162005,-0.0064634042201126,0.0064634042201126,0.0135233745610609,0.0135233745610609,0.95046365149556,0.8956385760156915,,b1263
GSE17538,M2_msd_coexpr,264,PNPLA6;NDUFB7;VEGFA;ATG4C,0.0,0.2350300763425318,0.5361533632160783,0.1591376343099381,0.1591376343099381,0.1776497322504089,0.1776497322504089,0.1537897126745428,0.1161503816147559,,b1264
GSE17538,M2_msd_coexpr,265,LOC101927673;ZMYM6;VEGFA;PRIMPOL,0.0,0.1489156297165575,0.2648801234896539,0.1494306546784176,0.1494306546784176,0.1539695793359809,0.1539695793359809,0.1668085435968329,0.1665831079103719,,b1265
GSE17538,M2_msd_coexpr,266,SRA1;CA5BP1;SLC25A39;NAA25,0.0,0.1251192954688209,0.2096704630270119,0.233993553881826,0.233993553881826,0.3326282055028767,0.3326282055028767,0.0317296316778761,0.0058822333147708,,b1266
GSE17538,M2_msd_coexpr,267,SDHAF2;C7orf25;ATP1B1;ZNF766,0.0,0.4493470314413834,1.5215660304083305,0.2250827621148311,0.2250827621148311,0.2189691421904932,0.2189691421904932,0.0412521425601563,0.062417760462648,,b1267
GSE17538,M2_msd_coexpr,268,IRF3;ZBTB49;GSS;CD180,0.0,0.1992871576218322,0.3143028462933425,-0.0014415910947301,0.0014415910947301,0.061971356194566,0.061971356194566,0.9885684138558658,0.5385408345171468,,b1268
GSE17538,M2_msd_coexpr,269,SLC29A3;C3orf38;YWHAB;SLC27A3,0.0,0.5082787773990471,1.3143258213116242,0.0487764796553669,0.0487764796553669,0.154587834521877,0.154587834521877,0.6346942063568735,0.1790600732258653,,b1269
GSE17538,M2_msd_coexpr,270,MIR7113;LOC646743;RNF114;SLC5A3,0.0,0.2302784551368044,0.3366935924440811,0.0025696884372801,0.0025696884372801,0.072708279603867,0.072708279603867,0.9801236920402524,0.4990805342466861,,b1270
GSE17538,M2_msd_coexpr,271,DDX23;PIGK;MXI1;ESCO1,0.0,0.2561102180617281,0.4680506882237802,0.2898847538090555,0.2898847538090555,0.4592455676484316,0.4592455676484316,0.0110881140382867,0.0004644110415704,,b1271
GSE17538,M2_msd_coexpr,272,KLHDC3;ZHX2;PARP4;KCTD7,0.0,0.3083490512481277,0.7139248436781191,0.0535601872749436,0.0535601872749436,0.078026940533899,0.078026940533899,0.6178889067191409,0.4788633690113782,,b1272
GSE17538,M2_msd_coexpr,273,ANKHD1-EIF4EBP3;METTL4;HLA-F;CEP170,0.0,0.3233904511341417,0.5070982848996147,0.2743501871225715,0.2743501871225715,0.3844370607207911,0.3844370607207911,0.0138570278281451,0.0011086922420339,,b1273
GSE17538,M2_msd_coexpr,274,PYCR2;OSTM1;GSS;EPB41L5,0.0,0.1247812314194023,0.1686999818339689,0.1356656215368952,0.1356656215368952,0.0601538028496853,0.0601538028496853,0.2172136674467731,0.6023499471475818,,b1274
GSE17538,M2_msd_coexpr,275,LARP1;TRAPPC2;PTRH2;TMCO3,0.0,0.1660039862459514,0.3034432124951429,0.1919288410426835,0.1919288410426835,0.1511379455287982,0.1511379455287982,0.0781075736105945,0.195369007752595,,b1275
GSE17538,M2_msd_coexpr,276,PNPLA6;MAPK8IP1;CEBPB;NAA25,0.0,0.4979335895664299,1.2768214441640693,0.1884196477844441,0.1884196477844441,0.285194940048625,0.285194940048625,0.079253695131986,0.0155506080896274,,b1276
GSE17538,M2_msd_coexpr,277,UBXN2A;ALPP;NDUFV2;LYSMD1,0.0,0.234611044381012,0.4828558679980459,0.0051254885778475,0.0051254885778475,0.1642662758077818,0.1642662758077818,0.9605325206697518,0.1291757699654783,,b1277
GSE17538,M2_msd_coexpr,278,C9orf16;ZNRF2;GNAI2;HBG1,0.0,0.2145397455680618,0.4606564863455837,-0.0445119452479762,0.0445119452479762,0.0504682051844905,0.0504682051844905,0.6609415067407156,0.6334570864833882,,b1278
GSE17538,M2_msd_coexpr,279,ZNF580;TFAP2A;SERINC3;LINC01111,0.0,0.3012955511946932,0.6686643753066845,0.0461163660567437,0.0461163660567437,0.1383591894139312,0.1383591894139312,0.6699104587855911,0.1779001769786191,,b1279
GSE17538,M2_msd_coexpr,280,LRP6;PLBD1-AS1;YWHAB;COX11,0.0,0.525015857065468,1.3143258213116242,0.0595965798264366,0.0595965798264366,0.0784147889020494,0.0784147889020494,0.5707854587857462,0.4586057764583637,,b1280
GSE17538,M2_msd_coexpr,281,LSM4;CD300A;NDUFA9;SLC8A3,0.0,0.2458406650434524,0.6647420673174086,0.0277139613989414,0.0277139613989414,0.1104072848304919,0.1104072848304919,0.7929574967640864,0.3278378895981847,,b1281
GSE17538,M2_msd_coexpr,282,DPH2;JMY;MGAT4B;ACTR3B,0.0,0.2600186808883309,0.4392643855155066,-0.0115731663224452,0.0115731663224452,-0.1011741960222856,0.1011741960222856,0.9108086925480294,0.3574600506323823,,b1282
GSE17538,M2_msd_coexpr,283,HTRA2;LOC554174;ELF1;DDIAS,0.0,0.2361923086337586,0.3738674329963488,0.0606396656494148,0.0606396656494148,0.1238862901973012,0.1238862901973012,0.5622635381862272,0.2478802855917925,,b1283
GSE17538,M2_msd_coexpr,284,MAX;FOXCUT;CALR;S100PBP,0.0,0.2441845160505684,0.4434091504012311,0.1019644217616458,0.1019644217616458,0.3868785962456674,0.3868785962456674,0.3305961234222089,0.0007519898286113,,b1284
GSE17538,M2_msd_coexpr,285,CHKB;TAF9B;MINOS1-NBL1;PIP5K1B,0.0,0.3557299504286612,0.92688602654736,-0.0130005316063152,0.0130005316063152,0.0725498015927755,0.0725498015927755,0.903504735560416,0.5121837626866568,,b1285
GSE17538,M2_msd_coexpr,286,MIR6741;C7orf25;ELF1;LOC100132731,0.0,0.1752912442728763,0.2922819368024979,0.0372622794803529,0.0372622794803529,0.0376093842405993,0.0376093842405993,0.7281242366643648,0.7296445191388308,,b1286
GSE17538,M2_msd_coexpr,287,RPL36;TTTY8B;MINOS1-NBL1;C19orf68,0.0,0.3573604799033993,0.92688602654736,-0.0638030996080825,0.0638030996080825,0.076499575339621,0.076499575339621,0.5448391335903062,0.4684695007445678,,b1287
GSE17538,M2_msd_coexpr,288,TRIM21;RBM48;NDUFV2;USP30,0.0,0.2591936589277559,0.4828558679980459,0.0609765868186208,0.0609765868186208,0.0946517813464449,0.0946517813464449,0.5584229244585714,0.3937745026260489,,b1288
GSE17538,M2_msd_coexpr,289,COPS7A;ZNF292;RNF114;PIP5K1B,0.0,0.1543209374473279,0.3106058196451107,0.0788102367743131,0.0788102367743131,0.0872555387890714,0.0872555387890714,0.4511064867623132,0.467658978018925,,b1289
GSE17538,M2_msd_coexpr,290,EGFR;ANAPC10;LOC102724884;ACTR5,0.0,0.2554904683190061,0.5061255282492549,0.0910552942591359,0.0910552942591359,0.0484834466719229,0.0484834466719229,0.3958231916463967,0.6420108084203358,,b1290
GSE17538,M2_msd_coexpr,291,ILKAP;CREM;KLF6;CCAR1,0.0,0.2507134832088549,0.4847792126883219,0.2807733960868426,0.2807733960868426,0.4213479876616092,0.4213479876616092,0.0082042832459622,0.000483404308463,,b1291
GSE17538,M2_msd_coexpr,292,GNPTG;ZMYM6;ARHGDIB;LOC100132731,0.0,0.1665511662452808,0.2409206341430336,0.0459387488126664,0.0459387488126664,0.1376287148479315,0.1376287148479315,0.6557750613104235,0.1926005125541875,,b1292
GSE17538,M2_msd_coexpr,293,LOC101927673;CDC25A;YTHDF1;TRANK1,0.0,0.2743333602893439,0.5012682893617977,-0.0157836219052447,0.0157836219052447,0.037484446727952,0.037484446727952,0.8793714982853089,0.7224094310334788,,b1293
GSE17538,M2_msd_coexpr,294,BRE;LOC105376796;STAU1;HBG1,0.0,0.3014064269104586,0.870200874752673,-0.0485226081919182,0.0485226081919182,-0.0335894042561839,0.0335894042561839,0.6322141089104142,0.7640627290794734,,b1294
GSE17538,M2_msd_coexpr,295,MPHOSPH10;LPAR6;ARHGDIB;ARHGAP21,0.0,0.2312458814473725,0.2715897808495803,0.1925476830928826,0.1925476830928826,0.183331124232411,0.183331124232411,0.0836699403318011,0.082907652758377,,b1295
GSE17538,M2_msd_coexpr,296,IRF3;LOC100507006;MGAT4B;DNAJC25-GNG10,0.0,0.2546993554633336,0.317559331750892,0.0296779519899244,0.0296779519899244,0.0570257815696488,0.0570257815696488,0.7707302125897392,0.568455700197164,,b1296
GSE17538,M2_msd_coexpr,297,RUVBL2;LOC101928419;GSS;SMARCA2,0.0,0.1592012443945226,0.3109050096747818,-0.0217969908302545,0.0217969908302545,-0.108845689137701,0.108845689137701,0.8334514559389374,0.2567166771398886,,b1297
GSE17538,M2_msd_coexpr,298,ANKHD1-EIF4EBP3;HLA-DQB2;DDX27;MLXIPL,0.0,0.1833146766855203,0.3680301328298189,-0.0918208163568859,0.0918208163568859,-0.2533504745411621,0.2533504745411621,0.3789345981314577,0.0236916103541292,,b1298
GSE17538,M2_msd_coexpr,299,RELA;SASS6;SEMA4B;MYO5B,0.0,0.1255301178069424,0.2012306151414214,0.1165869541306866,0.1165869541306866,0.2216094713485787,0.2216094713485787,0.2782708929822975,0.0477879516841151,,b1299
GSE17538,M2_msd_coexpr,300,ATXN1L;HOXA6;TM9SF4;CUTC,0.0,0.1878326498022369,0.3491682518997402,0.0803037920573046,0.0803037920573046,0.1240059887507004,0.1240059887507004,0.4583251151371733,0.2869868394714377,,b1300
GSE17538,M2_msd_coexpr,301,DTD1;ZNF45;YWHAB;ITGB1,0.0,0.5209687712113298,1.3143258213116242,0.1953821425148469,0.1953821425148469,0.2976672845704839,0.2976672845704839,0.0750180455415829,0.0124123209611207,,b1301
GSE17538,M2_msd_coexpr,302,GNPTG;ATF2;MCRIP2;CCAR1,0.0,0.1792210046340165,0.2427732036837668,0.1857072747875344,0.1857072747875344,0.3550827360193762,0.3550827360193762,0.0970814280236358,0.0049784367811481,,b1302
GSE17538,M2_msd_coexpr,303,CHKB;TREML2;TUBA4A;C10orf2,0.0,0.3050168002099547,0.6748428869805324,0.0350500239677947,0.0350500239677947,0.1465982946102934,0.1465982946102934,0.7273461510393298,0.1707919838879736,,b1303
GSE17538,M2_msd_coexpr,304,SEC24C;C20orf196;ACSS2;METTL7A,0.0,0.1605897455480843,0.220768895562504,0.0862530840383644,0.0862530840383644,0.0876777476340497,0.0876777476340497,0.4096748261644852,0.3921855019290509,,b1304
GSE17538,M2_msd_coexpr,305,NKIRAS2;C7orf25;ATP5G1;ASPSCR1,0.0,0.3151214801214459,0.5735035240065565,0.0733504526617722,0.0733504526617722,-0.0161036725892175,0.0161036725892175,0.4892164882343105,0.8662458590379509,,b1305
GSE17538,M2_msd_coexpr,306,COLGALT1;AEBP2;YTHDF1;C10orf2,0.0,0.2912510503899607,0.5012682893617977,0.0404477028717207,0.0404477028717207,0.1093937577694652,0.1093937577694652,0.6992357908247127,0.3242621397115259,,b1306
GSE17538,M2_msd_coexpr,307,COMMD9;CREM;MIEN1;POP1,0.0,0.1243889103351186,0.1719536615793378,0.03802402094219,0.03802402094219,0.032666816655243,0.032666816655243,0.708228763596683,0.7666716198151129,,b1307
GSE17538,M2_msd_coexpr,308,IRF3;ZMYM6;HLA-F;RAPH1,0.0,0.2511228224299046,0.5070982848996147,0.0469398475534712,0.0469398475534712,0.1917123854189202,0.1917123854189202,0.64886409675823,0.0743224647935636,,b1308
GSE17538,M2_msd_coexpr,309,LARP1;ZNF45;RALY;RAB36,0.0,0.1757182837033819,0.3034432124951429,0.0814000754924697,0.0814000754924697,-0.0030837852869725,0.0030837852869725,0.4368672130910793,0.975143403910804,,b1309
GSE17538,M2_msd_coexpr,310,BRE;NPIPB11;ADD3;LYSMD1,0.0,0.3304545673976578,0.9725440018157118,-0.0155614671145436,0.0155614671145436,-0.0280790647324398,0.0280790647324398,0.8810169133842006,0.7911248400475681,,b1310
GSE17538,M2_msd_coexpr,311,CDK16;UACA;ATP6V0D1;CGRRF1,0.0,0.338136449420358,0.6214953676582238,0.0748709377516469,0.0748709377516469,0.1490277807199358,0.1490277807199358,0.4883652959567127,0.1801933965823499,,b1311
GSE17538,M2_msd_coexpr,312,EBP;ZNF611;LSR;ZNF14,0.0,0.2822488412890994,0.4435821894850127,0.0800653970624208,0.0800653970624208,0.0902855509620067,0.0902855509620067,0.4628855708661088,0.4117666806960678,,b1312
GSE17538,M2_msd_coexpr,313,LOC440434;LOC102725426;SERINC3;SMPD3,0.0,0.2701340367439409,0.6686643753066845,-0.0212630191228581,0.0212630191228581,0.1075495570954774,0.1075495570954774,0.8369135693337391,0.3417973856783919,,b1313
GSE17538,M2_msd_coexpr,314,DUSP3;ZNF85;MIF;ZNF14,0.0,0.5961954463212548,1.6809648266345123,0.2085997177850988,0.2085997177850988,0.1787158147949562,0.1787158147949562,0.048359652830682,0.087369422798945,,b1314
GSE17538,M2_msd_coexpr,315,CHKB;CA5BP1;LSR;CSNK1A1,0.0,0.2405407536850988,0.4435821894850127,0.1768964588489451,0.1768964588489451,0.2080200219586582,0.2080200219586582,0.0981994594351056,0.0542249921110569,,b1315
GSE17538,M2_msd_coexpr,316,PSMD11;PRR4;SEPHS2;PIGB,0.0,0.1886887606023577,0.516959398758714,0.1099602768274117,0.1099602768274117,0.1662501774534645,0.1662501774534645,0.3117335827257614,0.1357843371714678,,b1316
GSE17538,M2_msd_coexpr,317,COPS7A;NPIPB11;ORMDL2;MLXIPL,0.0,0.1242566158684779,0.2248916527218203,0.064582389138616,0.064582389138616,0.1265837207655559,0.1265837207655559,0.545193386422595,0.2411361683616808,,b1317
GSE17538,M2_msd_coexpr,318,MYH14;PRR7;ATP6V0D1;KNTC1,0.0,0.3424151090806184,0.6214953676582238,-0.0680528168523533,0.0680528168523533,-0.023997360280641,0.023997360280641,0.4864182395190121,0.7920874064907107,,b1318
GSE17538,M2_msd_coexpr,319,TBC1D23;IFNA6;NBPF25P;CGRRF1,0.0,0.2625779095805523,0.4131682404987287,0.1498913079286791,0.1498913079286791,0.2946596879758288,0.2946596879758288,0.1621766931115076,0.0104490918410219,,b1319
GSE17538,M2_msd_coexpr,320,PSMD11;ZNF611;GPD1L;ZNF703,0.0,0.1227856467860097,0.156516164829141,-0.1182615850640023,0.1182615850640023,-0.0659195917705191,0.0659195917705191,0.2454301197890294,0.5017766347997945,,b1320
GSE17538,M2_msd_coexpr,321,LOC101927673;CBFA2T3;GPD1L;CD180,0.0,0.1811604770101048,0.227361991131785,-0.0226761184257642,0.0226761184257642,0.0281274337548187,0.0281274337548187,0.8265220650058429,0.7872404747825986,,b1321
GSE17538,M2_msd_coexpr,322,TINF2;SIRPG;ELF1;SLC27A3,0.0,0.1511976818669174,0.2922819368024979,0.0489206271200837,0.0489206271200837,0.1799371735053296,0.1799371735053296,0.6284013047400991,0.0858094668769276,,b1322
GSE17538,M2_msd_coexpr,323,AMPD2;SNORA65;SMCO4;CBX5,0.0,0.1372333483369202,0.2720586392667969,-0.0313378809195859,0.0313378809195859,0.0728189393517082,0.0728189393517082,0.7602115775246248,0.4972184468202422,,b1323
GSE17538,M2_msd_coexpr,324,SYS1;LINC00324;LOC102724884;NR2F2,0.0,0.2306054520530906,0.5289668780643249,0.0811746191668525,0.0811746191668525,0.1958818534050145,0.1958818534050145,0.438657617586373,0.0787816439498522,,b1324
GSE17538,M2_msd_coexpr,325,NDUFS8;DDX60L;NDUFA9;LYSMD1,0.0,0.3306301612570467,0.6647420673174086,0.0281827713422176,0.0281827713422176,0.0573278308065157,0.0573278308065157,0.7877881428963136,0.5558366587449279,,b1325
GSE17538,M2_msd_coexpr,326,ZNF580;PRR4;GSS;EPB41L5,0.0,0.1609228739544068,0.382593690487695,0.0145445743535861,0.0145445743535861,0.0049537846733234,0.0049537846733234,0.8908798853167815,0.9618094088609768,,b1326
GSE17538,M2_msd_coexpr,327,TMEM106C;HOXA6;KLF6;LOC101928274,0.0,0.2141004443048544,0.5389011184662038,0.0116461171012504,0.0116461171012504,-0.0212969389915947,0.0212969389915947,0.9099151801323098,0.851739578964323,,b1327
GSE17538,M2_msd_coexpr,328,HARS2;LOC102723692;PLIN3;PIP5K1B,0.0,0.2161401431259146,0.4782426686725593,0.0604305015746632,0.0604305015746632,-0.0052228575807765,0.0052228575807765,0.5510342620957609,0.9608595514198416,,b1328
GSE17538,M2_msd_coexpr,329,MUTYH;EPHA5-AS1;LSR;ZNF703,0.0,0.2260774309909356,0.4435821894850127,-0.2253958726745454,0.2253958726745454,-0.230301004131979,0.230301004131979,0.0135293167660164,0.0156274577636943,,b1329
GSE17538,M2_msd_coexpr,330,MIF4GD;PARPBP;CIB1;TGIF1,0.0,0.2575826821413791,0.474669084004963,0.017051497371675,0.017051497371675,0.1639589259971577,0.1639589259971577,0.8671957386745932,0.1698247210561111,,b1330
GSE17538,M2_msd_coexpr,331,IRF3;FGF17;YTHDF1;RTN4IP1,0.0,0.2716266982640318,0.5012682893617977,-0.0107872056593746,0.0107872056593746,0.0223596298472367,0.0223596298472367,0.9136253027283288,0.8323326469290273,,b1331
GSE17538,M2_msd_coexpr,332,TMEM184B;ZNF268;ACADVL;SGK3,0.0,0.1560484961033415,0.2091097324162555,0.1104682515696169,0.1104682515696169,0.1687912036087401,0.1687912036087401,0.2901845651035635,0.1448852245782588,,b1332
GSE17538,M2_msd_coexpr,333,DDX23;LIN28A;IFT172;CD79A,0.0,0.2072054436550037,0.2942143060573996,-0.0858292240173485,0.0858292240173485,-0.0474953918513244,0.0474953918513244,0.3724095750261178,0.6055053396957029,,b1333
GSE17538,M2_msd_coexpr,334,RBM10;LOC100507006;BLVRB;TRANK1,0.0,0.2855243828894529,0.4274024763854689,0.0987540163659188,0.0987540163659188,0.1725872666825247,0.1725872666825247,0.354143011197627,0.0742090285355989,,b1334
GSE17538,M2_msd_coexpr,335,SIGIRR;HOXA6;PTRH2;COX11,0.0,0.1950282959135119,0.4286078539838117,0.0232529987666236,0.0232529987666236,0.037489708776213,0.037489708776213,0.8177981989261192,0.70280667461333,,b1335
GSE17538,M2_msd_coexpr,336,DNPH1;NPIPB11;SEPHS2;PRIMPOL,0.0,0.318053133884107,0.516959398758714,0.0043311237184593,0.0043311237184593,0.0153476193021501,0.0153476193021501,0.9655266191561288,0.8836411576876583,,b1336
GSE17538,M2_msd_coexpr,337,YIPF1;TTTY8B;MINOS1-NBL1;PIK3CB,0.0,0.4340938058889703,0.92688602654736,0.1000166301443576,0.1000166301443576,0.1779781748672048,0.1779781748672048,0.3557805339955094,0.0907828912921711,,b1337
GSE17538,M2_msd_coexpr,338,ILKAP;BOD1L2;PLOD3;NEPRO,0.0,0.259384756220801,0.4847792126883219,0.1460241104523917,0.1460241104523917,0.1912052088263355,0.1912052088263355,0.1858125203049042,0.1038847520355338,,b1338
GSE17538,M2_msd_coexpr,339,HEIH;LPAR6;MRPL16;RAPH1,0.0,0.22775699578829,0.282015454448254,0.0773496906726201,0.0773496906726201,0.0694486025369363,0.0694486025369363,0.4471385524080349,0.5183083451869837,,b1339
GSE17538,M2_msd_coexpr,340,DDX23;GPR26;AKR7A3;PTCD2,0.0,0.1147920345012152,0.2371330024359661,0.0373633758702942,0.0373633758702942,0.1002554115077616,0.1002554115077616,0.7191873089017812,0.3504512018993474,,b1340
GSE17538,M2_msd_coexpr,341,TRIM21;LOC105376796;ACTN4;KRIT1,0.0,0.3434924697484581,0.7317266463106492,-0.0165147621052947,0.0165147621052947,0.0251221173494166,0.0251221173494166,0.872836642593345,0.8101276309991248,,b1341
GSE17538,M2_msd_coexpr,342,LSM4;ADH1A;VEGFA;ZCCHC10,0.0,0.1750256221134193,0.2473601244559206,0.1212305295489699,0.1212305295489699,0.1021540977794594,0.1021540977794594,0.2707106697841045,0.3690254850858726,,b1342
GSE17538,M2_msd_coexpr,343,XPNPEP1;BCRP3;HLA-J;SIRPA,0.0,0.3473320482162418,0.7986017794247761,0.0485092986316568,0.0485092986316568,0.2119144633850984,0.2119144633850984,0.6461851204864162,0.0728759583677411,,b1343
GSE17538,M2_msd_coexpr,344,LRP6;ZNRF2;NBPF19;POP1,0.0,0.2512716895193181,0.4998306933045515,0.0751586932248002,0.0751586932248002,0.1281104345919392,0.1281104345919392,0.4874169330963197,0.2434184449767599,,b1344
GSE17538,M2_msd_coexpr,345,C9orf16;LOC101927379;CALR;POMGNT2,0.0,0.2148253388668752,0.4606564863455837,-0.0162973963774215,0.0162973963774215,0.1949285678805854,0.1949285678805854,0.8746569832199413,0.097151425180268,,b1345
GSE17538,M2_msd_coexpr,346,PPAN;CD300A;LOC102724884;SH3RF3,0.0,0.1931813806602225,0.4277625304500458,0.0418742707459956,0.0418742707459956,0.1858262338441355,0.1858262338441355,0.6827602517588361,0.077930255060874,,b1346
GSE17538,M2_msd_coexpr,347,ZNF581;SAMD15;ATP5G1;PDE2A,0.0,0.245379389977021,0.5735035240065565,0.0415294931326707,0.0415294931326707,0.1386867610495556,0.1386867610495556,0.6872881478525352,0.1878941572751727,,b1347
GSE17538,M2_msd_coexpr,348,PCDHGA8;KMT5C;RNF114;STAU2-AS1,0.0,0.2785801995364305,0.4735632995188149,-0.0051960592465012,0.0051960592465012,0.0747895702520606,0.0747895702520606,0.9604293191915074,0.4927492123102279,,b1348
GSE17538,M2_msd_coexpr,349,YARS2;KMT5C;LSR;XXYLT1,0.0,0.2513911181580349,0.4435821894850127,0.1026870861822839,0.1026870861822839,0.1915176232632892,0.1915176232632892,0.352798710219438,0.0918516156972922,,b1349
GSE17538,M2_msd_coexpr,350,MCRIP1;SAMD15;ARPC1B;SH3RF3,0.0,0.4209995538424746,0.9824239913551248,0.11667884342096,0.11667884342096,0.2119770037209827,0.2119770037209827,0.2799500002768275,0.0620216332517326,,b1350
GSE17538,M2_msd_coexpr,351,RELA;LOC101928419;CEBPB;TRIQK,0.0,0.4203386516037584,1.2768214441640693,0.1014320341506356,0.1014320341506356,0.0541685343794304,0.0541685343794304,0.3420371685814498,0.5923954962445612,,b1351
GSE17538,M2_msd_coexpr,352,MEN1;AEBP2;MIR6513;LOC100506548,0.0,0.2757056671759294,0.5570258547866361,0.1978775630839616,0.1978775630839616,0.2621199212425231,0.2621199212425231,0.0737912455971039,0.0216098227044411,,b1352
GSE17538,M2_msd_coexpr,353,RBM10;MKRN7P;GPX4;XRCC2,0.0,0.3441958348601445,0.7700935184507601,-0.034766371474221,0.034766371474221,0.0624331995827438,0.0624331995827438,0.728214159965302,0.5218489336590049,,b1353
GSE17538,M2_msd_coexpr,354,SMDT1;CDC25A;GSS;ACTR5,0.0,0.2501214130081629,0.5078410882293312,-0.083671384526346,0.083671384526346,-0.0690988348754241,0.0690988348754241,0.4045595925892032,0.4874116967941597,,b1354
GSE17538,M2_msd_coexpr,355,SPINT1;NDUFB7;PTRH2;PRIMPOL,0.0,0.1918961042444938,0.2977287682071043,0.0119749164890826,0.0119749164890826,0.0377584527670287,0.0377584527670287,0.905258246803464,0.7228947636810241,,b1355
GSE17538,M2_msd_coexpr,356,ZDHHC12;GXYLT1;SERINC3;ACTR3B,0.0,0.2898437263176945,0.6686643753066845,0.0205248696521854,0.0205248696521854,-0.0026523647167524,0.0026523647167524,0.8478097551290633,0.9818398886847918,,b1356
GSE17538,M2_msd_coexpr,357,ATXN7L3B;CD300A;YTHDF1;NR2F2,0.0,0.2507902284259614,0.5012682893617977,0.1031868037231708,0.1031868037231708,0.1841780465160185,0.1841780465160185,0.3328062848051197,0.1205428911424659,,b1357
GSE17538,M2_msd_coexpr,358,LRP6;TAF9B;GPX4;SMARCA2,0.0,0.3533498139908956,0.7700935184507601,0.2004990740654992,0.2004990740654992,0.2214054766597445,0.2214054766597445,0.0732543384767496,0.0517044950815191,,b1358
GSE17538,M2_msd_coexpr,359,ALG3;FOXCUT;SMCO4;PRKG2,0.0,0.1202571735680821,0.1495066064633903,-0.0971356346569993,0.0971356346569993,-0.0545564930432245,0.0545564930432245,0.3289126708532423,0.6091829445485045,,b1359
GSE17538,M2_msd_coexpr,360,LOC440434;SLC2A6;NBL1;NAT14,0.0,0.2753303674482054,0.6755626480848534,-0.0271453022378107,0.0271453022378107,0.2380824286043614,0.2380824286043614,0.7880316416014622,0.0426702441872223,,b1360
GSE17538,M2_msd_coexpr,361,COPS7A;CAPS;LSR;DMXL2,0.0,0.1904328989726256,0.4435821894850127,0.1130994010558645,0.1130994010558645,0.1484930336251429,0.1484930336251429,0.2856091358644723,0.1722991098395515,,b1361
GSE17538,M2_msd_coexpr,362,SLC29A3;ZNF268;SERINC3;MTF2,0.0,0.362992969474537,0.6686643753066845,0.084031382327656,0.084031382327656,0.152398976017022,0.152398976017022,0.4321393063296598,0.2020701596336457,,b1362
GSE17538,M2_msd_coexpr,363,SIVA1;MAP3K2;YTHDF1;C19orf68,0.0,0.2769828351591983,0.5012682893617977,0.0456765134962414,0.0456765134962414,0.1759242547505762,0.1759242547505762,0.6642843320441287,0.1220447760853844,,b1363
GSE17538,M2_msd_coexpr,364,ZDHHC12;PRR4;AKR7A3;CEP170,0.0,0.1657342255635854,0.2702719302540505,0.1515721665042327,0.1515721665042327,0.2742352722267601,0.2742352722267601,0.1631594144469277,0.0154643331292802,,b1364
GSE17538,M2_msd_coexpr,365,TSACC;TISP43;STAU1;COX11,0.0,0.3697734028374262,0.870200874752673,-0.0099896391655405,0.0099896391655405,0.0090604524778616,0.0090604524778616,0.9225590247636716,0.9302916796092288,,b1365
GSE17538,M2_msd_coexpr,366,ATXN1L;XCL2;CALR;COX11,0.0,0.2401751802709623,0.3491682518997402,0.0853785411770594,0.0853785411770594,0.2151970689389397,0.2151970689389397,0.4148544901811369,0.04671404263833,,b1366
GSE17538,M2_msd_coexpr,367,TCTA;STK17B;HLA-F;TOMM40L,0.0,0.2568009958800579,0.5070982848996147,0.0113631669445153,0.0113631669445153,0.0476751695886171,0.0476751695886171,0.912969374474711,0.6227928641860079,,b1367
GSE17538,M2_msd_coexpr,368,ANAPC5;LOC101926963;RNF114;CC2D2B,0.0,0.26877163682903,0.4989717029505847,-0.1501955628781676,0.1501955628781676,-0.1490420770978744,0.1490420770978744,0.1311721046495482,0.1564567916722679,,b1368
GSE17538,M2_msd_coexpr,369,MIR6741;STAG3L4;VPS51;KCTD7,0.0,0.1689870426072947,0.3469923143094694,0.0964184489980205,0.0964184489980205,0.0603509347230283,0.0603509347230283,0.3908211769071137,0.5542953943904013,,b1369
GSE17538,M2_msd_coexpr,370,ZNF580;CCDC140;MPST;KRIT1,0.0,0.2178059668330031,0.382593690487695,-0.0773668438527616,0.0773668438527616,-0.0309897391288857,0.0309897391288857,0.4505784594220912,0.7664779681916876,,b1370
GSE17538,M2_msd_coexpr,371,ZNF622;LRRC37A2;PLIN3;ESCO1,0.0,0.1192149672165306,0.19966654536611,0.2318711102299339,0.2318711102299339,0.3983464537596503,0.3983464537596503,0.0294816987848351,0.0008300246584474,,b1371
GSE17538,M2_msd_coexpr,372,MAX;JMY;IFT172;CC2D2B,0.0,0.2099414220870619,0.4434091504012311,0.0225105131521882,0.0225105131521882,0.0414156041017156,0.0414156041017156,0.8244892588099757,0.6719377019274735,,b1372
GSE17538,M2_msd_coexpr,373,CHKB;GNRH2;ADD3;POLR3D,0.0,0.3564798524933323,0.9725440018157118,0.0254218097762262,0.0254218097762262,0.1062201485694687,0.1062201485694687,0.8049633244466112,0.3443795654460628,,b1373
GSE17538,M2_msd_coexpr,374,CDK16;SNORA65;NCK2;SMARCA2,0.0,0.1735248099957058,0.4685303871603726,0.0155809972722108,0.0155809972722108,0.0308702814787823,0.0308702814787823,0.8812497375100865,0.7687630608951038,,b1374
GSE17538,M2_msd_coexpr,375,RUVBL2;SASS6;MGAT4B;MTF2,0.0,0.2331501130716235,0.317559331750892,0.0182551865515942,0.0182551865515942,0.0334979170360081,0.0334979170360081,0.8584336525205296,0.7479953219891837,,b1375
GSE17538,M2_msd_coexpr,376,DTD1;H1FOO;VPS51;LOC100506548,0.0,0.2773531098817108,0.5299442114754722,-0.0206712102747632,0.0206712102747632,0.0451103575371174,0.0451103575371174,0.8383252365000806,0.6621221236329844,,b1376
GSE17538,M2_msd_coexpr,377,POLR2L;NUDT16P1;LOC102724884;CCAR1,0.0,0.2155949801576455,0.4132486071309814,0.1544742336768757,0.1544742336768757,0.2055283370839975,0.2055283370839975,0.1322427876259647,0.055138593221572,,b1377
GSE17538,M2_msd_coexpr,378,C5orf15;SEPT5-GP1BB;GNAI2;SPSB1,0.0,0.2072432188676879,0.3702902541455413,0.1358533336000047,0.1358533336000047,0.2925856995172924,0.2925856995172924,0.1866756667865351,0.0111819660297204,,b1378
GSE17538,M2_msd_coexpr,379,TOMM40;TAF9B;MXI1;NR2F2,0.0,0.2498004453188785,0.4680506882237802,0.1674609915670301,0.1674609915670301,0.3462516925731902,0.3462516925731902,0.1190602990708746,0.0038860868152967,,b1379
GSE17538,M2_msd_coexpr,380,MYH14;XCL2;TMBIM1;PDE2A,0.0,0.3447891373355757,0.5570258547866361,0.0854375336851991,0.0854375336851991,0.2351283255370048,0.2351283255370048,0.4169334383031072,0.0417234150322819,,b1380
GSE17538,M2_msd_coexpr,381,CRB3;PIGK;ARHGDIB;GLMN,0.0,0.2307824167442371,0.3532461870449176,0.1658486220371141,0.1658486220371141,0.1851396471454765,0.1851396471454765,0.1149677762111635,0.0587687676009713,,b1381
GSE17538,M2_msd_coexpr,382,DNPH1;SLC2A6;MGAT4B;STAU2-AS1,0.0,0.2493875195692192,0.3673956322739234,-0.1431835528593804,0.1431835528593804,-0.085024245191524,0.085024245191524,0.1419682483651335,0.3513519934635893,,b1382
GSE17538,M2_msd_coexpr,383,PCDHGA8;ZNF23;AKR7A3;C8orf44-SGK3,0.0,0.1938652203513029,0.4735632995188149,0.2228066103005163,0.2228066103005163,0.2892651043136092,0.2892651043136092,0.0415450997446673,0.0145229779920368,,b1383
GSE17538,M2_msd_coexpr,384,SEC24C;ZNRF2;ORMDL2;LYSMD1,0.0,0.156142456911108,0.2248916527218203,0.1596302084393958,0.1596302084393958,0.2000144253778631,0.2000144253778631,0.1421190236024855,0.0654685283833447,,b1384
GSE17538,M2_msd_coexpr,385,XPO1;SLMAP;MXI1;NR2F2,0.0,0.2862522359436807,0.4680506882237802,0.2894221691955908,0.2894221691955908,0.4656443156624824,0.4656443156624824,0.0079520810560413,0.0001255248074328,,b1385
GSE17538,M2_msd_coexpr,386,FAM109B;NPIPB11;PLOD3;CHDH,0.0,0.2824199142814456,0.5257558893117937,0.0234595441550461,0.0234595441550461,0.0090175754812833,0.0090175754812833,0.8242705811832328,0.9352741833729872,,b1386
GSE17538,M2_msd_coexpr,387,DECR2;LOC101928317;AKR7A2;METTL7A,0.0,0.1303052748329584,0.2061667668118804,-0.0374055335790355,0.0374055335790355,-0.0236232654796426,0.0236232654796426,0.7040324872277286,0.816368750755913,,b1387
GSE17538,M2_msd_coexpr,388,SDHAF2;ZBTB49;PLIN3;LRRC36,0.0,0.1320651854584148,0.1926312280814221,0.1530603502912394,0.1530603502912394,0.1770233046477099,0.1770233046477099,0.1350030852993022,0.1192161762467568,,b1388
GSE17538,M2_msd_coexpr,389,COMMD9;LIN28A;CALR;USP30,0.0,0.1870025702373262,0.2313941123965017,0.077344782433663,0.077344782433663,0.1301360664652266,0.1301360664652266,0.4607545763998316,0.2371368958297904,,b1389
GSE17538,M2_msd_coexpr,390,AMPD2;LOC101926963;BLVRB;ZFP57,0.0,0.1934270292619022,0.2720586392667969,0.0107607494539307,0.0107607494539307,0.1332953186549501,0.1332953186549501,0.9157105343851536,0.1810863388943232,,b1390
GSE17538,M2_msd_coexpr,391,TSR2;GPR26;ATP5G1;SLC27A3,0.0,0.2961447888161283,0.5735035240065565,-0.011836285712152,0.011836285712152,0.1208130858902664,0.1208130858902664,0.9081294692286452,0.2483019802092655,,b1391
GSE17538,M2_msd_coexpr,392,MGRN1;GAL3ST1;ACTN4;EMC3-AS1,0.0,0.3341936771918449,0.7317266463106492,-0.0360455852419264,0.0360455852419264,-0.0481401903829811,0.0481401903829811,0.7222854320349448,0.630687773217656,,b1392
GSE17538,M2_msd_coexpr,393,CCDC117;PGBD3;MAGED1;TAF1L,0.0,0.35159119034343,0.6761091634731808,0.1107626288859297,0.1107626288859297,0.1565071421645823,0.1565071421645823,0.3151044580752878,0.1335920974032521,,b1393
GSE17538,M2_msd_coexpr,394,MCOLN1;TFAP2A;ADAP1;PIP5K1B,0.0,0.2077594859379423,0.4127360713294191,0.0250503183878337,0.0250503183878337,0.048451606682706,0.048451606682706,0.817219788096547,0.6363347291927273,,b1394
GSE17538,M2_msd_coexpr,395,LSM4;LPAR6;MAGED1;RAB36,0.0,0.274052195076561,0.6761091634731808,0.0556302308843083,0.0556302308843083,0.0364122363889279,0.0364122363889279,0.5814725700928756,0.7364700962646833,,b1395
GSE17538,M2_msd_coexpr,396,DPH2;LOC102725426;LSR;RHOV,0.0,0.2834464210616264,0.4435821894850127,-0.0350431996921793,0.0350431996921793,0.0789077621531807,0.0789077621531807,0.7316592045559112,0.464697222082066,,b1396
GSE17538,M2_msd_coexpr,397,ZDHHC12;ZNF85;B4GALT5;RHOV,0.0,0.203899673296214,0.2925543768121093,0.0142654161263046,0.0142654161263046,0.1264816157774403,0.1264816157774403,0.890898539737397,0.2437686173417798,,b1397
GSE17538,M2_msd_coexpr,398,RPL36;ZNF85;NDUFA9;CHDH,0.0,0.345063544914714,0.6647420673174086,-0.0086053748756346,0.0086053748756346,-0.155065298403176,0.155065298403176,0.933177726742752,0.1320292687174176,,b1398
GSE17538,M2_msd_coexpr,399,SEC24C;PLBD1-AS1;ALDH3A2;POMGNT2,0.0,0.1252388801136266,0.1459462867984654,0.2126928127343533,0.2126928127343533,0.2385434033624112,0.2385434033624112,0.0502452039637783,0.0202526310356133,,b1399
GSE17538,M2_msd_coexpr,400,MUTYH;CD7;CALR;CD180,0.0,0.1916074220986039,0.2313941123965017,-0.0032475954737461,0.0032475954737461,0.2085045926827579,0.2085045926827579,0.9742917334146144,0.0591529202260876,,b1400
GSE17538,M2_msd_coexpr,401,DHPS;MAPK8IP1;ARPC1B;CSNK1A1,0.0,0.3910759697316889,0.9824239913551248,0.1041978239399846,0.1041978239399846,0.1484001782161704,0.1484001782161704,0.3500476467826677,0.183366559217368,,b1401
GSE17538,M2_msd_coexpr,402,CLDN4;TISP43;ADD3;RTN4IP1,0.0,0.3850357177527767,0.9725440018157118,-0.0223764700467358,0.0223764700467358,-0.0465091065281886,0.0465091065281886,0.8281823832350061,0.6721595759616146,,b1402
GSE17538,M2_msd_coexpr,403,AP1M1;CAPS;VPS51;MLXIPL,0.0,0.252514753705368,0.4574029811678257,-0.1283940962222667,0.1283940962222667,-0.1376456383813618,0.1376456383813618,0.1939285951682503,0.0818760392899319,,b1403
GSE17538,M2_msd_coexpr,404,HEIH;TREML2;ACTN4;HS3ST2,0.0,0.3146223290637587,0.7317266463106492,-0.0762208487655176,0.0762208487655176,-0.0270682801994634,0.0270682801994634,0.4358985561394375,0.7690935982241088,,b1404
GSE17538,M2_msd_coexpr,405,COMMD9;KMT5C;AKR7A3;DMXL2,0.0,0.1132526704330369,0.1301014261521248,0.0420148046572721,0.0420148046572721,0.1279861849363805,0.1279861849363805,0.6864576530619935,0.2375947818843509,,b1405
GSE17538,M2_msd_coexpr,406,MCRIP1;FGF17;MINOS1-NBL1;HBG1,0.0,0.3782773904017916,0.92688602654736,-0.0327810517316028,0.0327810517316028,0.1143794472883637,0.1143794472883637,0.7425929477854797,0.2584295557285341,,b1406
GSE17538,M2_msd_coexpr,407,PPAN;ATF2;MIEN1;RAPH1,0.0,0.1983175696175484,0.4277625304500458,0.0070337857762054,0.0070337857762054,0.0765616780267836,0.0765616780267836,0.9461029407867576,0.4449707674098397,,b1407
GSE17538,M2_msd_coexpr,408,TNPO3;ANGPT4;YWHAB;CD79A,0.0,0.4876660634947906,1.3143258213116242,0.0087242724460191,0.0087242724460191,0.0250312583919548,0.0250312583919548,0.931136091010288,0.8213222865826637,,b1408
GSE17538,M2_msd_coexpr,409,C16orf91;LINC00324;PRELID3B;ESCO1,0.0,0.1716469218023283,0.2760114789144201,-0.0304428536023314,0.0304428536023314,0.1023076768009517,0.1023076768009517,0.7614272263562825,0.3820266335605896,,b1409
GSE17538,M2_msd_coexpr,410,POLR2L;LOC646743;ADD3;POP1,0.0,0.3917847873844526,0.9725440018157118,0.0071547657772528,0.0071547657772528,0.0461649580227462,0.0461649580227462,0.943995477794245,0.6816766008493156,,b1410
GSE17538,M2_msd_coexpr,411,DUSP3;ATP12A;MIR6513;ATG4C,0.0,0.3368478339970951,0.5570258547866361,0.1528267130019856,0.1528267130019856,0.186996521950199,0.186996521950199,0.1108121703418467,0.0907796428049495,,b1411
GSE17538,M2_msd_coexpr,412,HTRA2;ZC2HC1C;KLF6;GLRA2,0.0,0.152503822802404,0.3738674329963488,0.1341337606945434,0.1341337606945434,0.1807296809648238,0.1807296809648238,0.2138038882547387,0.0917024437274672,,b1412
GSE17538,M2_msd_coexpr,413,ZNF622;EXOG;IER2;ITGB1,0.0,0.3623839505824085,1.184421467706463,0.2175771449696153,0.2175771449696153,0.346900600608443,0.346900600608443,0.0458513397308463,0.003471291179495,,b1413
GSE17538,M2_msd_coexpr,414,DAG1;LOC101926916;ELF1;LINC00511,0.0,0.1412491768943036,0.2922819368024979,-0.0137802379180781,0.0137802379180781,0.0004281122759373,0.0004281122759373,0.8935242466936197,0.9969387297605788,,b1414
GSE17538,M2_msd_coexpr,415,LARP1;LOC101927379;CALR;EPB41L4A-AS1,0.0,0.179823064487688,0.3034432124951429,0.1764903603772401,0.1764903603772401,0.2779809544795487,0.2779809544795487,0.1229967682917814,0.0267459838162054,,b1415
GSE17538,M2_msd_coexpr,416,RALBP1;EED;RALY;LOC100132731,0.0,0.1905791724077841,0.3292868735697662,0.0850042452329404,0.0850042452329404,0.2897458052920731,0.2897458052920731,0.4253090412706887,0.0130850810181376,,b1416
GSE17538,M2_msd_coexpr,417,TMEM245;MAP3K2;MINOS1-NBL1;POP1,0.0,0.3361945608576195,0.92688602654736,0.0409936874158479,0.0409936874158479,0.1869577748368408,0.1869577748368408,0.6975620204753619,0.1069152820566542,,b1417
GSE17538,M2_msd_coexpr,418,MGRN1;MAPK8IP1;MPST;STAU2-AS1,0.0,0.235636600202569,0.4459711280913281,-0.1228650217721955,0.1228650217721955,-0.1015837180684336,0.1015837180684336,0.2138014034785822,0.3090876587268827,,b1418
GSE17538,M2_msd_coexpr,419,IRF3;MAPK8IP1;MINOS1-NBL1;KNTC1,0.0,0.3912975711685482,0.92688602654736,0.0144551514757489,0.0144551514757489,0.1907469636226917,0.1907469636226917,0.8872018028190328,0.095141223764799,,b1419
GSE17538,M2_msd_coexpr,420,C9orf16;OSTM1;STAU1;ACTR5,0.0,0.4244331059089424,0.870200874752673,0.0238790397642075,0.0238790397642075,0.0594422896031382,0.0594422896031382,0.8194373046688413,0.605639219669163,,b1420
GSE17538,M2_msd_coexpr,421,SIVA1;MCM8;ATP5G1;SMPD3,0.0,0.3027545008673615,0.5735035240065565,0.0602492978222775,0.0602492978222775,0.1406497122201124,0.1406497122201124,0.5590621266935608,0.1980846625768315,,b1421
GSE17538,M2_msd_coexpr,422,TDRD7;FAM133DP;NCK2;DNAJC25,0.0,0.203511958987843,0.4742586968004439,0.1570063674743902,0.1570063674743902,0.1798136227462577,0.1798136227462577,0.1340808333760663,0.0811171975231818,,b1422
GSE17538,M2_msd_coexpr,423,SIVA1;LINC00906;ADD3;POP1,0.0,0.4353871022142107,0.9725440018157118,0.0258518550891503,0.0258518550891503,0.1109333933909513,0.1109333933909513,0.802884405137821,0.3359232047005853,,b1423
GSE17538,M2_msd_coexpr,424,PNPLA6;TSGA10IP;NBPF19;MYO5B,0.0,0.2559790823021347,0.5361533632160783,0.0350483163555424,0.0350483163555424,0.1928555007139783,0.1928555007139783,0.7443249249091806,0.0900367662554865,,b1424
GSE17538,M2_msd_coexpr,425,NDUFS8;IFNA6;NDUFA9;PRIMPOL,0.0,0.3392392835241526,0.6647420673174086,0.0684623581213857,0.0684623581213857,0.0861551501400569,0.0861551501400569,0.5106997077532656,0.4064069559288823,,b1425
GSE17538,M2_msd_coexpr,426,XPNPEP1;ACTL7B;ACADVL;TSPAN11,0.0,0.1743209706730553,0.2741261231775232,0.0841196252922137,0.0841196252922137,0.3406953180147001,0.3406953180147001,0.4219473111815545,0.0055476170640237,,b1426
GSE17538,M2_msd_coexpr,427,LOC732360;ALPP;MAGED1;C10orf2,0.0,0.2608903888657371,0.6761091634731808,0.1291974968362141,0.1291974968362141,0.3023722407427026,0.3023722407427026,0.211434475308239,0.0065336347138517,,b1427
GSE17538,M2_msd_coexpr,428,HTRA2;BCRP3;PLOD3;SNX19,0.0,0.1851610133664914,0.3738674329963488,0.1436590921051538,0.1436590921051538,0.187696281728468,0.187696281728468,0.1941151897962898,0.0874271173531253,,b1428
GSE17538,M2_msd_coexpr,429,XPO5;TISP43;ATP6V0D1;BICD2,0.0,0.3169807720330661,0.6214953676582238,0.0675965362289633,0.0675965362289633,0.1364923649964831,0.1364923649964831,0.5369721486141916,0.2439984708129035,,b1429
GSE17538,M2_msd_coexpr,430,UGP2;ANXA2P1;ACADVL;ZNF14,0.0,0.1706744116238103,0.2091097324162555,0.3197889918409267,0.3197889918409267,0.3844579182885003,0.3844579182885003,0.0056594707882792,0.0009412144483971,,b1430
GSE17538,M2_msd_coexpr,431,DTD1;MCM8;NBPF19;CENPV,0.0,0.2719962998710965,0.5299442114754722,0.0634553881075096,0.0634553881075096,0.1659436364538822,0.1659436364538822,0.5422576046533398,0.1051487830947247,,b1431
GSE17538,M2_msd_coexpr,432,TSPYL2;CD300A;HLA-J;SGK3,0.0,0.3178352612101747,0.7986017794247761,0.0566245280810175,0.0566245280810175,0.148941393642741,0.148941393642741,0.5859111432415028,0.200658371030739,,b1432
GSE17538,M2_msd_coexpr,433,IRF3;LOC100507006;VEGFA;SPSB1,0.0,0.2043981636386678,0.3143028462933425,0.1243982708033645,0.1243982708033645,0.2277192340095237,0.2277192340095237,0.2417714780244086,0.047341927028007,,b1433
GSE17538,M2_msd_coexpr,434,NBPF8;CA5BP1;GSS;MTF2,0.0,0.1956309208764648,0.3034876723827572,0.1129185878908463,0.1129185878908463,0.2188928339534552,0.2188928339534552,0.2889134751431185,0.0510398732120613,,b1434
GSE17538,M2_msd_coexpr,435,SLC41A3;PRKAA1;ACADVL;GLMN,0.0,0.2448542943349698,0.3879675641546923,0.2171151595082838,0.2171151595082838,0.2819316959648899,0.2819316959648899,0.0507850726638707,0.0151637595477765,,b1435
GSE17538,M2_msd_coexpr,436,GMEB2;IFNA6;IER2;RAB36,0.0,0.4304806364555764,1.184421467706463,0.0594263741274862,0.0594263741274862,0.0301696080648829,0.0301696080648829,0.5718342226904787,0.771191364728054,,b1436
GSE17538,M2_msd_coexpr,437,AMPD2;SIRPG;RNF114;POLR3D,0.0,0.2214834933115679,0.3106058196451107,-0.0357907212480164,0.0357907212480164,0.0983915488805333,0.0983915488805333,0.7152210818211069,0.3794758656687523,,b1437
GSE17538,M2_msd_coexpr,438,PSMD11;ZNF326;PARP4;RHOT1,0.0,0.2327683574531868,0.7139248436781191,0.1547624632439828,0.1547624632439828,0.1843004978506439,0.1843004978506439,0.163129219908075,0.1012712087649542,,b1438
GSE17538,M2_msd_coexpr,439,DDX23;LOC101926963;BLCAP;NPHS2,0.0,0.2938475481718306,0.6315341803790382,0.0054165199523035,0.0054165199523035,0.0559799264795575,0.0559799264795575,0.9584876041405456,0.5963032758636473,,b1439
GSE17538,M2_msd_coexpr,440,LOC101927673;PRR7;HLA-F;EMC3-AS1,0.0,0.2212881718138695,0.5070982848996147,-0.0477634459545428,0.0477634459545428,0.0269326313953029,0.0269326313953029,0.6398739232506296,0.7777375185872402,,b1440
GSE17538,M2_msd_coexpr,441,TMEM106C;METTL4;PLOD3;HBG2,0.0,0.2553280506920948,0.5389011184662038,-0.0387654950887564,0.0387654950887564,0.039485714344209,0.039485714344209,0.7024116536369719,0.7137655500468153,,b1441
GSE17538,M2_msd_coexpr,442,PMVK;FBXL4;GPX4;DNAJC25-GNG10,0.0,0.4151344120930645,0.7700935184507601,0.1231734853644494,0.1231734853644494,0.1204175377047242,0.1204175377047242,0.2528072906868823,0.300283247207213,,b1442
GSE17538,M2_msd_coexpr,443,LSM4;SLMAP;MXI1;CEP170,0.0,0.2317959310525532,0.4680506882237802,0.3614789274023168,0.3614789274023168,0.5378724181357394,0.5378724181357394,0.0009717477014662,6.9640509268173165e-06,,b1443
GSE17538,M2_msd_coexpr,444,DUSP3;TRIM13;ACTN4;ACTR3B,0.0,0.3466587561239794,0.7317266463106492,0.0388850506926663,0.0388850506926663,-0.0060708183456523,0.0060708183456523,0.7168111513442978,0.9547175497030068,,b1444
GSE17538,M2_msd_coexpr,445,SRA1;ZBTB49;ARPC1B;SGK3,0.0,0.3599506746913186,0.9824239913551248,0.1851368375753723,0.1851368375753723,0.1736600628530097,0.1736600628530097,0.1047495819090957,0.1584314576583702,,b1445
GSE17538,M2_msd_coexpr,446,MIR6741;DCP2;IER2;TRIQK,0.0,0.3916330860905556,1.184421467706463,0.2365885411781347,0.2365885411781347,0.2389623629578631,0.2389623629578631,0.0415406857555717,0.0422571213022649,,b1446
GSE17538,M2_msd_coexpr,447,BRE;MCM8;SEMA4B;CEP170,0.0,0.1397444077421055,0.2012306151414214,0.2769376930058249,0.2769376930058249,0.3273149713390643,0.3273149713390643,0.0113130000958596,0.0035202660850045,,b1447
GSE17538,M2_msd_coexpr,448,DAG1;LOC554174;ALDH3A2;POLR3D,0.0,0.1294479548003558,0.1833776784756697,0.0651496451494512,0.0651496451494512,0.1819189850464485,0.1819189850464485,0.5297348088873419,0.091411304082125,,b1448
GSE17538,M2_msd_coexpr,449,PSMD11;LOC101928317;PARP4;CD79A,0.0,0.3130374972205477,0.7139248436781191,-0.0077972848813573,0.0077972848813573,0.070431071514534,0.070431071514534,0.9400926366669828,0.5201738352261318,,b1449
GSE17538,M2_msd_coexpr,450,YARS2;LOC100130285;MINOS1-NBL1;TFPT,0.0,0.3590270101860178,0.92688602654736,0.1006310452635822,0.1006310452635822,0.2379538127669387,0.2379538127669387,0.3475176734257064,0.0354617406003259,,b1450
GSE17538,M2_msd_coexpr,451,LRP6;DENND4A;GPD1L;RIN2,0.0,0.1977183863761124,0.4998306933045515,0.1977525459564793,0.1977525459564793,0.1775905633341448,0.1775905633341448,0.0792875647871621,0.1274567278449334,,b1451
GSE17538,M2_msd_coexpr,452,AP1M1;RBM48;ARHGDIB;PIP5K1B,0.0,0.2254878666240917,0.4574029811678257,0.0768551965319777,0.0768551965319777,0.0691935559652466,0.0691935559652466,0.4614237496412128,0.5087980130368241,,b1452
GSE17538,M2_msd_coexpr,453,CHKB;SNORA65;CALR;RHOT1,0.0,0.1415915404791822,0.2401333779568779,0.1678884608467213,0.1678884608467213,0.2947732104685637,0.2947732104685637,0.1279757197124209,0.0113226957400058,,b1453
GSE17538,M2_msd_coexpr,454,CHRAC1;MKRN7P;TMBIM1;CDKN2C,0.0,0.3013914383110177,0.5570258547866361,0.1705931199477293,0.1705931199477293,0.236504747039754,0.236504747039754,0.1026309711499737,0.030758467934125,,b1454
GSE17538,M2_msd_coexpr,455,KLHDC3;JMY;ATP1B1;EMC3-AS1,0.0,0.509311169072676,1.5215660304083305,0.0675742363014571,0.0675742363014571,0.1932424252121226,0.1932424252121226,0.5314406415217163,0.1151858581487179,,b1455
GSE17538,M2_msd_coexpr,456,TMEM184B;GAL3ST1;BCAP31;CEP170,0.0,0.3582106393076954,1.0807167038415102,0.2184469762114317,0.2184469762114317,0.1986329347173794,0.1986329347173794,0.0460926694056758,0.0677347204267994,,b1456
GSE17538,M2_msd_coexpr,457,SEPT8;ZNF85;ARPC1B;XXYLT1,0.0,0.3969322840563227,0.9824239913551248,0.1756755934031857,0.1756755934031857,0.1937117554119253,0.1937117554119253,0.1127118021782162,0.090172563451845,,b1457
GSE17538,M2_msd_coexpr,458,ZNF581;PRR4;ADD3;WDR5B,0.0,0.3869291922772459,0.9725440018157118,-0.0420605702383809,0.0420605702383809,-0.0075246779224173,0.0075246779224173,0.6816524964228718,0.9416244691032328,,b1458
GSE17538,M2_msd_coexpr,459,LRP6;BOD1L2;LSR;KRIT1,0.0,0.3284303754166182,0.4998306933045515,0.1293920125159127,0.1293920125159127,0.1076392305446613,0.1076392305446613,0.2417516396234889,0.3325313770416677,,b1459
GSE17538,M2_msd_coexpr,460,CLDN4;TTTY8;YTHDF1;ZFP57,0.0,0.242708124330667,0.5012682893617977,-0.0494041318334424,0.0494041318334424,0.0040915240599741,0.0040915240599741,0.6269623486852642,0.969545534395324,,b1460
GSE17538,M2_msd_coexpr,461,EIF2AK2;PRR7;NBL1;PRR5,0.0,0.3573206818207205,0.6755626480848534,-0.1147003994345277,0.1147003994345277,0.0025245287657874,0.0025245287657874,0.2368976011129906,0.9781793901935508,,b1461
GSE17538,M2_msd_coexpr,462,TOMM40;TAF9B;GPX4;LINC01111,0.0,0.2914560530829841,0.7700935184507601,-0.0095074985791455,0.0095074985791455,0.0877279446757402,0.0877279446757402,0.9252762370847946,0.3788037665411198,,b1462
GSE17538,M2_msd_coexpr,463,RUVBL2;CD300A;PARP4;POMGNT2,0.0,0.299652957214465,0.7139248436781191,0.069605635364142,0.069605635364142,0.1007777199020572,0.1007777199020572,0.5096696287297282,0.3653838477805342,,b1463
GSE17538,M2_msd_coexpr,464,PMVK;ZMYM2;YTHDF1;LINC00511,0.0,0.3190608651905355,0.533053180061023,-0.0683308357191379,0.0683308357191379,-0.120618269453785,0.120618269453785,0.5078393274732563,0.2857753583693251,,b1464
GSE17538,M2_msd_coexpr,465,MYCBP2;ZNF277;CALR;ZNF766,0.0,0.1091962408996496,0.2313941123965017,0.2004385090708059,0.2004385090708059,0.2971991335013088,0.2971991335013088,0.0769041749014817,0.0158339946781935,,b1465
GSE17538,M2_msd_coexpr,466,XPO5;TTTY8B;SMCO4;PDE2A,0.0,0.1935563490098729,0.4718530766648238,0.1022246567383991,0.1022246567383991,0.1789597655584762,0.1789597655584762,0.3377393669275291,0.1109431503639252,,b1466
GSE17538,M2_msd_coexpr,467,OTUB1;PIGK;MAGED1;MTF2,0.0,0.3096771235491588,0.6761091634731808,0.168135540272833,0.168135540272833,0.2407256938401019,0.2407256938401019,0.117193692362598,0.0423185578068789,,b1467
GSE17538,M2_msd_coexpr,468,SPINT1;ZMYM2;MIEN1;C19orf68,0.0,0.1500535633770158,0.2977287682071043,-0.0516213660995311,0.0516213660995311,0.0002186024627606,0.0002186024627606,0.6211314187793562,0.9983032798925234,,b1468
GSE17538,M2_msd_coexpr,469,ALKBH5;C20orf196;PPDPF;CC2D2B,0.0,0.2335191257514997,0.463391193635916,-0.1565535703847839,0.1565535703847839,-0.1255521901654565,0.1255521901654565,0.1269527634879041,0.1814647244137212,,b1469
GSE17538,M2_msd_coexpr,470,NKIRAS2;PIGK;TMBIM1;LYSMD1,0.0,0.3306331412598818,0.5570258547866361,0.2026548008218802,0.2026548008218802,0.1800734578822701,0.1800734578822701,0.0684098409509859,0.088290832374132,,b1470
GSE17538,M2_msd_coexpr,471,DHPS;STK17B;RNF114;STAU2-AS1,0.0,0.2191095254532995,0.3106058196451107,-0.070973002903389,0.070973002903389,-0.0281775311435059,0.0281775311435059,0.4903839416550575,0.7875101163456448,,b1471
GSE17538,M2_msd_coexpr,472,MEN1;LOC101926916;RNF114;CC2D2B,0.0,0.1911593519561593,0.3107395506490437,-0.1977239113189365,0.1977239113189365,-0.2412062933440014,0.2412062933440014,0.0512531909286383,0.0141881169483408,,b1472
GSE17538,M2_msd_coexpr,473,AMPD2;JMY;NDUFV2;RHOT1,0.0,0.2344550172471149,0.4828558679980459,0.2640345615430884,0.2640345615430884,0.456221897100093,0.456221897100093,0.0187203055416466,0.0002362898676986,,b1473
GSE17538,M2_msd_coexpr,474,PPAN;METTL4;BCAP31;ADPRM,0.0,0.4691152766132733,1.0807167038415102,0.1715263484298405,0.1715263484298405,0.2301761194805482,0.2301761194805482,0.1192085442445007,0.0348132709171296,,b1474
GSE17538,M2_msd_coexpr,475,TRIM21;CD300A;SERINC3;WDR5B,0.0,0.3205206924450646,0.6686643753066845,-0.0150990667347613,0.0150990667347613,0.0180953141617744,0.0180953141617744,0.8833085973993873,0.8641172296763853,,b1475
GSE17538,M2_msd_coexpr,476,IRF3;ZMYM6;GNAI2;NKAP,0.0,0.1529850409197177,0.3143028462933425,0.1033885863782231,0.1033885863782231,0.1116870894532904,0.1116870894532904,0.3248020393029557,0.3083322646034825,,b1476
GSE17538,M2_msd_coexpr,477,CCDC117;POLR1E;EIF6;POLR3D,0.0,0.3739178723633509,0.8386268108755821,0.0949037565464299,0.0949037565464299,0.2089635548075857,0.2089635548075857,0.3769896158411687,0.0549007627309859,,b1477
GSE17538,M2_msd_coexpr,478,GNPTG;RBM48;NDUFA9;XRCC2,0.0,0.2775871879431014,0.6647420673174086,0.031459989813472,0.031459989813472,0.1444546278929862,0.1444546278929862,0.7584288873958084,0.2058130432294784,,b1478
GSE17538,M2_msd_coexpr,479,CCDC117;DDX60L;PLIN3;KIAA0232,0.0,0.2221641155195781,0.3662365051916995,0.1829733439019069,0.1829733439019069,0.2817833740277682,0.2817833740277682,0.0823117098052063,0.0162241817445853,,b1479
GSE17538,M2_msd_coexpr,480,MCOLN1;DENND4A;ARPC1B;ARHGAP21,0.0,0.4271356321772674,0.9824239913551248,0.2861895606698281,0.2861895606698281,0.3407200782699073,0.3407200782699073,0.0126247779465635,0.006607316218937,,b1480
GSE17538,M2_msd_coexpr,481,LOC440434;SAMD15;B4GALT5;NQO2,0.0,0.2106124790448651,0.2925543768121093,0.0579426796980505,0.0579426796980505,0.257820314076031,0.257820314076031,0.5809597224981976,0.0310858369190643,,b1481
GSE17538,M2_msd_coexpr,482,KIFC1;KMT5C;ALDH3A2;USP30,0.0,0.2075050274833745,0.4079688887011187,0.0328627662628225,0.0328627662628225,0.013425868940638,0.013425868940638,0.7451111029554591,0.8947997840180484,,b1482
GSE17538,M2_msd_coexpr,483,PMVK;ZNF85;PLOD3;ARHGAP5-AS1,0.0,0.2445240639352995,0.533053180061023,0.0655603360872311,0.0655603360872311,0.0715232251831561,0.0715232251831561,0.5278843902279136,0.4904698323341535,,b1483
GSE17538,M2_msd_coexpr,484,MYCBP2;MAPK8IP1;ATP5G1;LYSMD1,0.0,0.2210208954398861,0.5735035240065565,0.0243923348859525,0.0243923348859525,0.0965244629622185,0.0965244629622185,0.8206169295644329,0.3599927026809389,,b1484
GSE17538,M2_msd_coexpr,485,HEIH;ZNF268;ELF1;SIRPA,0.0,0.2289908120946193,0.2922819368024979,0.0480130695624311,0.0480130695624311,-0.0069244045188262,0.0069244045188262,0.636299691873908,0.953209073879798,,b1485
GSE17538,M2_msd_coexpr,486,DTD1;BCRP3;ARPC1B;CSNK1A1,0.0,0.4552813556774734,0.9824239913551248,0.1188654688503536,0.1188654688503536,0.1694556459356909,0.1694556459356909,0.291053067867803,0.1397937488082155,,b1486
GSE17538,M2_msd_coexpr,487,ALG3;MPHOSPH9;ADAP1;XXYLT1,0.0,0.1123392609303305,0.1421060150314784,-0.0153022131713621,0.0153022131713621,-0.025330318261786,0.025330318261786,0.8859957001964088,0.8047866707758429,,b1487
GSE17538,M2_msd_coexpr,488,ZNF106;ZMYM2;NCK2;EMC3-AS1,0.0,0.1822531325380231,0.421376560831032,0.034036596069169,0.034036596069169,0.0593241879925978,0.0593241879925978,0.753662883654371,0.6075090598896774,,b1488
GSE17538,M2_msd_coexpr,489,DUSP3;CCNT2;RNF114;POMGNT2,0.0,0.2332706923248926,0.4728697040986913,0.0644295485389711,0.0644295485389711,0.080648608566338,0.080648608566338,0.5451254251820421,0.4727941717479315,,b1489
GSE17538,M2_msd_coexpr,490,TSR2;B3GNTL1;NCK2;PPP1R13B,0.0,0.1648541996466805,0.3303646332877322,0.023044631905065,0.023044631905065,0.0242325344044529,0.0242325344044529,0.8260595738532513,0.8243814775113157,,b1490
GSE17538,M2_msd_coexpr,491,CCDC117;TRAPPC2;PPDPF;RAPH1,0.0,0.2354772420182472,0.3662365051916995,0.0798574812121307,0.0798574812121307,0.1032351428483537,0.1032351428483537,0.4616221892258662,0.3302959919643803,,b1491
GSE17538,M2_msd_coexpr,492,DCP1A;METTL4;ARPC1B;POP1,0.0,0.4068994728373687,0.9824239913551248,0.1578077188071855,0.1578077188071855,0.2226140052209526,0.2226140052209526,0.1549439929384989,0.0800669844350595,,b1492
GSE17538,M2_msd_coexpr,493,FAM109B;ZNF292;SLC25A39;CD79A,0.0,0.2761676562717025,0.5257558893117937,0.0898289107033437,0.0898289107033437,0.1751251664528764,0.1751251664528764,0.3945368794825946,0.1078509807155104,,b1493
GSE17538,M2_msd_coexpr,494,DHPS;ZMYM6;SEMA4B;SPSB1,0.0,0.1685933377485565,0.2592774998317065,0.1307537257653902,0.1307537257653902,0.2267473043382336,0.2267473043382336,0.2273015113175905,0.0408260643463508,,b1494
GSE17538,M2_msd_coexpr,495,RBM10;CD7;IFT172;PRKG2,0.0,0.1904098603136703,0.4274024763854689,-0.0773047222822696,0.0773047222822696,0.0268234305357332,0.0268234305357332,0.433759520447441,0.7854397127289084,,b1495
GSE17538,M2_msd_coexpr,496,TBC1D23;ATF2;ARPC1B;CUTC,0.0,0.3953829309051994,0.9824239913551248,0.2097330904074779,0.2097330904074779,0.2740484159114275,0.2740484159114275,0.0556560707586803,0.0191809935813974,,b1496
GSE17538,M2_msd_coexpr,497,ZNF622;PRR4;GPX4;SPSB1,0.0,0.2704245186069491,0.7700935184507601,0.0648869280733482,0.0648869280733482,0.1273508624181427,0.1273508624181427,0.528140146443792,0.2002454175091224,,b1497
GSE17538,M2_msd_coexpr,498,ARFGAP1;MAPK8IP1;GSS;RICTOR,0.0,0.2236889800059074,0.4037637040360121,2.598271484808374e-05,2.598271484808374e-05,0.061218079189195,0.061218079189195,0.9998002565420216,0.5560103252279285,,b1498
GSE17538,M2_msd_coexpr,499,LOC732360;LOC101928317;MCRIP2;NKAP,0.0,0.1312148347669536,0.1863166830769296,0.0741691434718878,0.0741691434718878,0.1267370764136587,0.1267370764136587,0.4708102600450971,0.2739652635777604,,b1499
GSE17538,M2_msd_coexpr,500,SEC24C;DDX60L;USP11;HBG1,0.0,0.1544943081930199,0.2228558799445505,0.1577601234709998,0.1577601234709998,0.2572919174883207,0.2572919174883207,0.1331607395699896,0.0179435344695765,,b1500
GSE17538,M2_msd_coexpr,501,TSR2;PPP2R3B;PTRH2;DDIAS,0.0,0.1929751797999641,0.3303646332877322,0.0059904569182856,0.0059904569182856,0.0218322386643447,0.0218322386643447,0.953738431328416,0.8350451436993159,,b1501
GSE17538,M2_msd_coexpr,502,GMEB2;FAM76A;ARHGDIB;SGK3,0.0,0.1982732249376376,0.3753390079315855,-0.0192022708379348,0.0192022708379348,-0.0189732334655773,0.0189732334655773,0.8519307738209602,0.8584581324869216,,b1502
GSE17538,M2_msd_coexpr,503,PMVK;BCRP3;TMBIM1;EMC3-AS1,0.0,0.3301559239562506,0.5570258547866361,0.000185990743815,0.000185990743815,0.1339557361213064,0.1339557361213064,0.9985957035854496,0.2160004970544212,,b1503
GSE17538,M2_msd_coexpr,504,SEPT8;FAM133B;YTHDF1;LOC100506790,0.0,0.3183558432146143,0.5012682893617977,0.1197014071294396,0.1197014071294396,0.2198535751181504,0.2198535751181504,0.2823521427010448,0.0662429554872119,,b1504
GSE17538,M2_msd_coexpr,505,XPNPEP1;LINC00324;EIF6;POLR3D,0.0,0.3528029328647132,0.8386268108755821,0.0689496527052958,0.0689496527052958,0.2543644757591971,0.2543644757591971,0.5177928228245832,0.0276483823637953,,b1505
GSE17538,M2_msd_coexpr,506,CLDN4;LPAR6;CALR;MTF2,0.0,0.2400159156196169,0.2847587965931336,0.100670902708184,0.100670902708184,0.2894859067128005,0.2894859067128005,0.3610757639513412,0.0152911919593264,,b1506
GSE17538,M2_msd_coexpr,507,SMDT1;LOC101928419;CIB1;ZCCHC10,0.0,0.2929846869418702,0.5078410882293312,0.0363035804629112,0.0363035804629112,-0.0433309215802587,0.0433309215802587,0.7216919422629918,0.6853630976428258,,b1507
GSE17538,M2_msd_coexpr,508,ARFGAP1;PLBD1-AS1;LOC102724884;NKAP,0.0,0.1820899505545306,0.4037637040360121,-0.0237836238801092,0.0237836238801092,-0.0478128464677274,0.0478128464677274,0.8154057339176554,0.6403999118202973,,b1508
GSE17538,M2_msd_coexpr,509,TSACC;LOC100130285;VPS51;PIK3CB,0.0,0.243330094147225,0.3503329635158985,-0.0304615330933852,0.0304615330933852,-0.0252757021599703,0.0252757021599703,0.7730569668488144,0.7902994435947829,,b1509
GSE17538,M2_msd_coexpr,510,PPAN;LIN28A;MCRIP2;EPB41L4A-AS1,0.0,0.2268374118120454,0.4277625304500458,-0.0121629779520729,0.0121629779520729,0.0536013345432811,0.0536013345432811,0.904958353593365,0.5751847902590751,,b1510
GSE17538,M2_msd_coexpr,511,RBM27;GNRH2;ELF1;NAT14,0.0,0.1599320915486855,0.2922819368024979,0.0569423496883229,0.0569423496883229,0.1342425269886947,0.1342425269886947,0.5982019793942615,0.2362582250447119,,b1511
GSE17538,M2_msd_coexpr,512,ZNF106;GXYLT1;NCK2;SMPD3,0.0,0.1938472190315565,0.421376560831032,0.101857258124618,0.101857258124618,0.0783361855444459,0.0783361855444459,0.3300575704695634,0.5155599546346522,,b1512
GSE17538,M2_msd_coexpr,513,TMEM106C;LOC102723692;GPD1L;ZNF766,0.0,0.1838274590775843,0.5389011184662038,-0.1037025378033519,0.1037025378033519,-0.1152518919946408,0.1152518919946408,0.2971856030161117,0.2301167472049622,,b1513
GSE17538,M2_msd_coexpr,514,NPLOC4;IFNA6;PARP4;B3GNT5,0.0,0.2634241364384073,0.7139248436781191,0.0473862908392542,0.0473862908392542,0.1112639706808053,0.1112639706808053,0.6613493353309561,0.3027384752853819,,b1514
GSE17538,M2_msd_coexpr,515,MUTYH;MAP3K2;ACADVL;CGRRF1,0.0,0.1608648898905298,0.223670666288754,0.1494689184476395,0.1494689184476395,0.2606638302266571,0.2606638302266571,0.1601940029061983,0.022029074323042,,b1515
GSE17538,M2_msd_coexpr,516,DESI1;SEPT5-GP1BB;ATP5G1;SMPD3,0.0,0.2789254458779428,0.5735035240065565,-0.0338571132033903,0.0338571132033903,0.0578356190195597,0.0578356190195597,0.7368445030929492,0.5865771030173316,,b1516
GSE17538,M2_msd_coexpr,517,RUVBL2;CD300C;NBL1;CC2D2B,0.0,0.310888488018088,0.6755626480848534,-0.1198787516129522,0.1198787516129522,-0.0078125533101992,0.0078125533101992,0.2442245553494104,0.9334015266863248,,b1517
GSE17538,M2_msd_coexpr,518,DPH2;AFF4;VEGFA;PDE2A,0.0,0.1879057023486496,0.4392643855155066,0.1650285716085331,0.1650285716085331,0.1783865088933498,0.1783865088933498,0.1341446152247791,0.1270540037057874,,b1518
GSE17538,M2_msd_coexpr,519,DDX23;HLA-DQB2;MAGED1;LINC00511,0.0,0.3030050576064149,0.6761091634731808,0.0243337029634559,0.0243337029634559,-0.0091185731480622,0.0091185731480622,0.809020892560889,0.9323267921040048,,b1519
GSE17538,M2_msd_coexpr,520,COMMD9;SLC2A6;CEBPB;THEM4,0.0,0.4045423749313738,1.2768214441640693,0.08653600008343,0.08653600008343,0.2272247208547091,0.2272247208547091,0.4047060504105546,0.0552513036003238,,b1520
GSE17538,M2_msd_coexpr,521,UGP2;CD79B;ADD3;FAM83F,0.0,0.3707744389892065,0.9725440018157118,-0.0556776747228876,0.0556776747228876,0.0124895510052981,0.0124895510052981,0.5796449265278937,0.9120194833335716,,b1521
GSE17538,M2_msd_coexpr,522,TDRD7;TTTY8;NDUFV2;TSPAN11,0.0,0.2625294426045533,0.4828558679980459,0.0228793841121207,0.0228793841121207,0.2881861376086544,0.2881861376086544,0.8262340137382436,0.0154911520802412,,b1522
GSE17538,M2_msd_coexpr,523,CRB3;LRRC57;BLCAP;GLRA2,0.0,0.2720968732057028,0.6315341803790382,0.0514024310491845,0.0514024310491845,0.0790819357270365,0.0790819357270365,0.6352130506973024,0.4589544273636711,,b1523
GSE17538,M2_msd_coexpr,524,LOC732360;KDSR;TUBA4A;THEM4,0.0,0.2725762262277814,0.6748428869805324,0.2008931318157796,0.2008931318157796,0.4825594848053854,0.4825594848053854,0.0677244012637076,0.0005034213314125,,b1524
GSE17538,M2_msd_coexpr,525,AMPD2;DCP2;TM9SF4;C8orf44-SGK3,0.0,0.177741269475309,0.2720586392667969,0.0440549282939469,0.0440549282939469,0.062768519101833,0.062768519101833,0.6780157071860204,0.5814900554128374,,b1525
GSE17538,M2_msd_coexpr,526,DPH2;C20orf196;KLF6;FAM83F,0.0,0.18335602120329,0.4392643855155066,-0.0536740957232091,0.0536740957232091,-0.0376084981174538,0.0376084981174538,0.5912346723023474,0.7202859164895394,,b1526
GSE17538,M2_msd_coexpr,527,KAT7;CCDC140;CALR;LRRC37B,0.0,0.1833388251938885,0.2313941123965017,0.1245357162018527,0.1245357162018527,0.2126547778951992,0.2126547778951992,0.2535899614831429,0.0459575792473299,,b1527
GSE17538,M2_msd_coexpr,528,MYCBP2;LPAR6;PPDPF;ATG4C,0.0,0.1842829594585328,0.233913554179213,0.126268441479274,0.126268441479274,0.0814629909406349,0.0814629909406349,0.2458839947211413,0.477034884428882,,b1528
GSE17538,M2_msd_coexpr,529,ANKHD1-EIF4EBP3;TSGA10IP;ATP5G1;USP30,0.0,0.3038512147039437,0.5735035240065565,0.0750546487051136,0.0750546487051136,-0.0021830445602596,0.0021830445602596,0.4813853498859783,0.9844063699249228,,b1529
GSE17538,M2_msd_coexpr,530,TINF2;CRNN;P2RX4;CD79A,0.0,0.1218282045292833,0.2942143060573996,0.0730546032384425,0.0730546032384425,0.1419684005480417,0.1419684005480417,0.4813719413355027,0.1415591975008443,,b1530
GSE17538,M2_msd_coexpr,531,LSM4;ALPP;ACTN4;LRRC37B,0.0,0.2780663414788012,0.7317266463106492,0.0658211193847973,0.0658211193847973,0.0918237505077119,0.0918237505077119,0.5447398561535746,0.380981576543188,,b1531
GSE17538,M2_msd_coexpr,532,UBXN2A;ZC2HC1C;PPDPF;PRIMPOL,0.0,0.2229618865801827,0.3092440209892233,-0.0419296931133857,0.0419296931133857,-0.077092837327678,0.077092837327678,0.6884936249377018,0.467847656374722,,b1532
GSE17538,M2_msd_coexpr,533,CREB3;TRIM13;PPDPF;C19orf68,0.0,0.1809635544520989,0.3217777204522248,-0.062140439843024,0.062140439843024,-0.0057917455011238,0.0057917455011238,0.5596637763620576,0.954027012281636,,b1533
GSE17538,M2_msd_coexpr,534,POLR2L;CD300C;TMBIM1;SLC8A3,0.0,0.3018747256297253,0.5570258547866361,0.1595106923177537,0.1595106923177537,0.3492508819605699,0.3492508819605699,0.1455463920796005,0.0045430800772341,,b1534
GSE17538,M2_msd_coexpr,535,KAT7;SASS6;VPS51;LOC100506790,0.0,0.212953767243775,0.3469923143094694,0.0479354255632803,0.0479354255632803,0.0614490337870109,0.0614490337870109,0.6519995521934288,0.5346843110703231,,b1535
GSE17538,M2_msd_coexpr,536,YIPF1;TRIM13;VPS51;ACTR5,0.0,0.2855922029858517,0.5155809066759867,-0.0029718429367349,0.0029718429367349,0.0178554717858715,0.0178554717858715,0.9776457546298938,0.864602970973482,,b1536
GSE17538,M2_msd_coexpr,537,KLHDC3;LINC00906;PRELID3B;SLC5A3,0.0,0.1802155188917371,0.2332775086432014,-0.0686883981286314,0.0686883981286314,0.0233049889740131,0.0233049889740131,0.4989049875533521,0.8325980740566075,,b1537
GSE17538,M2_msd_coexpr,538,XPO1;CDC25A;ELF1;MTF2,0.0,0.2696356743326808,0.4059396587478077,0.0392231401264842,0.0392231401264842,0.1284827397994301,0.1284827397994301,0.7085929436750626,0.2571380878690306,,b1538
GSE17538,M2_msd_coexpr,539,YARS2;SNORA65;BLCAP;NR2F2,0.0,0.3095888156594771,0.6315341803790382,0.2001755801324543,0.2001755801324543,0.3476808431055302,0.3476808431055302,0.0793983045566248,0.0077102786255091,,b1539
GSE17538,M2_msd_coexpr,540,EGFR;SLC2A6;AKR7A2;C19orf68,0.0,0.2308048536141283,0.5061255282492549,-0.0149134402435839,0.0149134402435839,0.1045191075762545,0.1045191075762545,0.8863702543090765,0.3010942501127637,,b1540
GSE17538,M2_msd_coexpr,541,DTD1;PAQR7;ATP1B1;SPSB1,0.0,0.5898632404388605,1.5215660304083305,0.1059401510708887,0.1059401510708887,0.2713065657989353,0.2713065657989353,0.3227636161093796,0.0192660523978927,,b1541
GSE17538,M2_msd_coexpr,542,IRF2BP1;FMO1;ARPC1B;CSNK1A1,0.0,0.3419226132016673,0.9824239913551248,0.0361616566704295,0.0361616566704295,0.1264528802289754,0.1264528802289754,0.7370025883532032,0.2506867257394338,,b1542
GSE17538,M2_msd_coexpr,543,HEIH;XRN1;B4GALT5;MMEL1,0.0,0.2273766688452203,0.2925543768121093,-0.0446814211793216,0.0446814211793216,-0.0116461475823012,0.0116461475823012,0.6558774658967998,0.9141362125981896,,b1543
GSE17538,M2_msd_coexpr,544,UBQLN4;LINC00906;NBPF25P;CDKN2C,0.0,0.3022046381447514,0.5074411209909535,0.0841395676790597,0.0841395676790597,0.206456884339373,0.206456884339373,0.4341296447706206,0.0485619948692084,,b1544
GSE17538,M2_msd_coexpr,545,SEPT8;NDUFB7;SEMA4B;LRRC36,0.0,0.1946603582002717,0.4652706015176164,0.1431213257363818,0.1431213257363818,0.2316433399106469,0.2316433399106469,0.1875468508124873,0.0414421706431774,,b1545
GSE17538,M2_msd_coexpr,546,C5orf15;SIRPG;TUBA4A;GLRA2,0.0,0.3035037831628505,0.6748428869805324,0.0455098814985413,0.0455098814985413,0.1463152652548154,0.1463152652548154,0.6589015240652769,0.175823458956979,,b1546
GSE17538,M2_msd_coexpr,547,RALBP1;ACTL7B;GPX4;ATG4C,0.0,0.370806837431005,0.7700935184507601,0.134998971953092,0.134998971953092,0.3228766285158925,0.3228766285158925,0.2026631113668734,0.0079269478161696,,b1547
GSE17538,M2_msd_coexpr,548,TSPYL2;FAM133B;NBL1;ZCCHC10,0.0,0.3124584394866874,0.6755626480848534,0.141257678043261,0.141257678043261,0.3176450392614469,0.3176450392614469,0.1947475748331593,0.0091911578127527,,b1548
GSE17538,M2_msd_coexpr,549,LRP6;ZC2HC1C;ACADVL;ACTR3B,0.0,0.2262520655665137,0.4998306933045515,0.1123684151940163,0.1123684151940163,0.0941834157897449,0.0941834157897449,0.3040541869296324,0.3804689618352603,,b1549
GSE17538,M2_msd_coexpr,550,YIPF1;LOC100130285;TM9SF4;ZNF766,0.0,0.1937958196173191,0.5155809066759867,0.0686386914311527,0.0686386914311527,0.1052097238876184,0.1052097238876184,0.5213212534121832,0.3454373380492985,,b1550
GSE17538,M2_msd_coexpr,551,EIF2AK2;PRR7;GPX4;MLXIPL,0.0,0.3544712212129355,0.7700935184507601,-0.1262732188895366,0.1262732188895366,-0.095606194953704,0.095606194953704,0.2025767243808456,0.2815332617882559,,b1551
GSE17538,M2_msd_coexpr,552,DAG1;MPHOSPH9;MIF;NIPAL2,0.0,0.4958323191963855,1.6809648266345123,0.1010185051797782,0.1010185051797782,0.1579966329103319,0.1579966329103319,0.3377866255219895,0.186380128371977,,b1552
GSE17538,M2_msd_coexpr,553,DECR2;MPHOSPH9;P2RX4;NEPRO,0.0,0.115631214623,0.1958354174159026,0.0889692610880936,0.0889692610880936,0.0665649280721206,0.0665649280721206,0.4054980121704232,0.5624360418646102,,b1553
GSE17538,M2_msd_coexpr,554,LOC440434;CD300A;PLOD3;DNAJC25,0.0,0.1549411043897077,0.2040414620462787,0.1344101874619309,0.1344101874619309,0.2201915910940848,0.2201915910940848,0.211139169538142,0.0587665402720214,,b1554
GSE17538,M2_msd_coexpr,555,ALKBH5;ZNF326;CIB1;HS3ST2,0.0,0.2236808016993617,0.463391193635916,0.165612718589,0.165612718589,0.5004197785150716,0.5004197785150716,0.1346516225913335,0.0002405561338174,,b1555
GSE17538,M2_msd_coexpr,556,CHKB;PAQR7;PARP4;NKAP,0.0,0.2911303921534405,0.7139248436781191,0.079849430940578,0.079849430940578,0.0163625508472634,0.0163625508472634,0.4557176820081321,0.8817859205581977,,b1556
GSE17538,M2_msd_coexpr,557,MIF4GD;POLR1E;ACSS2;ARHGAP5-AS1,0.0,0.2432843795316071,0.474669084004963,0.0339169074374371,0.0339169074374371,0.0672792597276335,0.0672792597276335,0.7390622467781708,0.5123176969810078,,b1557
GSE17538,M2_msd_coexpr,558,LOC440434;GOLGA6L6;MCRIP2;TGIF1,0.0,0.1607746574973954,0.2040414620462787,-0.0958135670318259,0.0958135670318259,0.063476520001322,0.063476520001322,0.331797129431658,0.5559602117984328,,b1558
GSE17538,M2_msd_coexpr,559,XPNPEP1;ATP12A;YTHDF1;CUTC,0.0,0.2482108064846809,0.5012682893617977,0.0551275758331095,0.0551275758331095,0.0989023716788198,0.0989023716788198,0.5955368672457151,0.3745478354330016,,b1559
GSE17538,M2_msd_coexpr,560,GNPTG;FMO1;MINOS1-NBL1;TRIQK,0.0,0.3418533703851101,0.92688602654736,0.0688991778010344,0.0688991778010344,0.218788516629425,0.218788516629425,0.4985223696039927,0.0455078586349229,,b1560
GSE17538,M2_msd_coexpr,561,PYCR2;GOLGA6L6;B4GALT5;XRCC2,0.0,0.1811453832503412,0.2925543768121093,0.0026821334602176,0.0026821334602176,0.1038886691200612,0.1038886691200612,0.979747935676563,0.3482764185705044,,b1561
GSE17538,M2_msd_coexpr,562,TMEM138;GNRH2;BLCAP;WSB1,0.0,0.2892658897811279,0.6315341803790382,0.1337690520323987,0.1337690520323987,0.2624966039922033,0.2624966039922033,0.229302769523105,0.0314504713874574,,b1562
GSE17538,M2_msd_coexpr,563,MAX;CD7;GPX4;TGIF1,0.0,0.3702519206135299,0.7700935184507601,-0.016839615185036,0.016839615185036,0.2076520071862601,0.2076520071862601,0.8688051688576762,0.0657600234095132,,b1563
GSE17538,M2_msd_coexpr,564,LOC440434;EPHA5-AS1;ACADVL;ACTR3B,0.0,0.151487471676494,0.2091097324162555,-0.0228911972912377,0.0228911972912377,0.0621872319007862,0.0621872319007862,0.8257724192564199,0.549013923779927,,b1564
GSE17538,M2_msd_coexpr,565,TDRD7;FBXL4;PRELID3B;NQO2,0.0,0.2564261339486903,0.4742586968004439,0.081777598008735,0.081777598008735,0.119035999778453,0.119035999778453,0.4334391918508818,0.314526206687887,,b1565
GSE17538,M2_msd_coexpr,566,EPHB4;CCNT2;NDUFA9;LYSMD1,0.0,0.3292327537803408,0.6647420673174086,0.0326780105206678,0.0326780105206678,0.0103794436676134,0.0103794436676134,0.7614416992969031,0.9213465009905352,,b1566
GSE17538,M2_msd_coexpr,567,SMG8;XCL2;USP11;KRIT1,0.0,0.2555805637243205,0.3991559527005373,0.0985463282308364,0.0985463282308364,0.1024985269792988,0.1024985269792988,0.3456570567720112,0.3348479030766118,,b1567
GSE17538,M2_msd_coexpr,568,ATXN1L;ZMYM6;LOC102724884;ZNF703,0.0,0.1646484400899976,0.3491682518997402,-0.0757493188507079,0.0757493188507079,-0.0594606113559183,0.0594606113559183,0.4560393229711252,0.5766343768804973,,b1568
GSE17538,M2_msd_coexpr,569,LOC440434;SLC2A6;TUBA4A;PPP1R13B,0.0,0.2608541742135243,0.6748428869805324,0.0668056276057854,0.0668056276057854,0.2232048465146277,0.2232048465146277,0.5223593454343551,0.0538248997212076,,b1569
GSE17538,M2_msd_coexpr,570,C16orf91;FMO1;ADD3;ASGR2,0.0,0.3528937381725345,0.9725440018157118,-0.0115137377616577,0.0115137377616577,-0.0057081516995099,0.0057081516995099,0.9122053497858996,0.9582645975058884,,b1570
GSE17538,M2_msd_coexpr,571,TOMM40;PARPBP;CEBPB;RHOT1,0.0,0.4197488124444272,1.2768214441640693,0.1592604548877121,0.1592604548877121,0.2233023890324875,0.2233023890324875,0.1413718300912705,0.0518520619960856,,b1571
GSE17538,M2_msd_coexpr,572,LSM4;TTTY8;BLVRB;RHOV,0.0,0.1488835828992236,0.2272697663964366,0.0370457020928794,0.0370457020928794,0.1707592170534322,0.1707592170534322,0.7235901181154472,0.1094089375182413,,b1572
GSE17538,M2_msd_coexpr,573,TNPO3;LRRC57;ATP1B1;PIP5K1B,0.0,0.4892007743437665,1.5215660304083305,0.1034962832489816,0.1034962832489816,0.1252626021466926,0.1252626021466926,0.3388571402072791,0.3279862269903595,,b1573
GSE17538,M2_msd_coexpr,574,MYCBP2;LOC101927379;NBPF25P;ESCO1,0.0,0.1846288878913896,0.4131682404987287,0.2021406686407851,0.2021406686407851,0.3836686638842259,0.3836686638842259,0.0820223113039667,0.0018710198803547,,b1574
GSE17538,M2_msd_coexpr,575,MIR6741;KRBOX1;LOC102724884;NKAP,0.0,0.1139727207965999,0.1686999818339689,0.0881289851241544,0.0881289851241544,0.0350052748136459,0.0350052748136459,0.4111767826220287,0.7404660081041371,,b1575
GSE17538,M2_msd_coexpr,576,AP1M1;AMN1;ATP5G1;USP34,0.0,0.3063009733859902,0.5735035240065565,0.1739718872942371,0.1739718872942371,0.2307002578666844,0.2307002578666844,0.1077892369915312,0.0375839191343977,,b1576
GSE17538,M2_msd_coexpr,577,ATXN1L;ATP12A;ACSS2;CCAR1,0.0,0.2265793745911153,0.3491682518997402,-0.0046640004450673,0.0046640004450673,-0.0473772278064318,0.0473772278064318,0.9637584942511777,0.6726929517953735,,b1577
GSE17538,M2_msd_coexpr,578,IRF2BP1;NPIPB11;DDX27;LINC01111,0.0,0.1122306248702395,0.1559829711486507,-0.0979818647510271,0.0979818647510271,-0.0266193211566434,0.0266193211566434,0.337115924062674,0.7953819949627436,,b1578
GSE17538,M2_msd_coexpr,579,CHKB;SEPT5-GP1BB;GNAI2;ESCO1,0.0,0.1797904170006312,0.2401333779568779,0.159671325074751,0.159671325074751,0.3421995150731881,0.3421995150731881,0.1240455971449367,0.0031285785377293,,b1579
GSE17538,M2_msd_coexpr,580,PNPLA6;CCNT2;ATP1B1;SMARCA2,0.0,0.5302055494809541,1.5215660304083305,0.2198961522459122,0.2198961522459122,0.3216524227163712,0.3216524227163712,0.0575476519126212,0.0072941954352051,,b1580
GSE17538,M2_msd_coexpr,581,ATXN1L;CCDC140;PARP4;C8orf44-SGK3,0.0,0.3341205671760175,0.7139248436781191,0.0201331859490476,0.0201331859490476,0.0043654752900266,0.0043654752900266,0.8513298388099345,0.9692686340848043,,b1581
GSE17538,M2_msd_coexpr,582,ANKHD1-EIF4EBP3;ZMYM6;DDX27;COX19,0.0,0.1680757013141477,0.3680301328298189,0.0485466564053295,0.0485466564053295,0.0125409009577148,0.0125409009577148,0.6504638090344207,0.9109483043810674,,b1582
GSE17538,M2_msd_coexpr,583,RBM27;CA5BP1;YWHAB;LOC100506790,0.0,0.4617528603375229,1.3143258213116242,0.0840078114782853,0.0840078114782853,0.1491344893697475,0.1491344893697475,0.4302324488546608,0.1918703770610841,,b1583
GSE17538,M2_msd_coexpr,584,DPH2;LIN28A;TUBA4A;WDR26,0.0,0.3560295595545059,0.6748428869805324,0.1000733095089964,0.1000733095089964,0.1839267189534683,0.1839267189534683,0.3463017118225293,0.108608832726569,,b1584
GSE17538,M2_msd_coexpr,585,MYCBP2;PLBD1-AS1;MPST;DNAJC25-GNG10,0.0,0.1318620403314878,0.1635433108861596,0.041930675269154,0.041930675269154,0.0859329176912674,0.0859329176912674,0.6871500651536075,0.4584639117287157,,b1585
GSE17538,M2_msd_coexpr,586,PMVK;LOC101927379;TM9SF4;TMCO3,0.0,0.2087642450504822,0.533053180061023,-0.0644768588582968,0.0644768588582968,-0.0082396364319946,0.0082396364319946,0.5375958554921139,0.938293732553613,,b1586
GSE17538,M2_msd_coexpr,587,ZC3HC1;C3orf38;ACSS2;STAM2,0.0,0.2685790734722365,0.5263936526275091,0.0957357543563554,0.0957357543563554,0.133032940210406,0.133032940210406,0.3730878033534762,0.2501725604139305,,b1587
GSE17538,M2_msd_coexpr,588,TMEM138;B3GNTL1;ORMDL2;CHDH,0.0,0.2782738328417812,0.4411347629552734,0.0299104745642968,0.0299104745642968,0.0720207159587887,0.0720207159587887,0.7731176659571296,0.5300558334364094,,b1588
GSE17538,M2_msd_coexpr,589,PMVK;FAM133DP;MRPL16;SNX19,0.0,0.2328524265362446,0.533053180061023,0.0661263943765742,0.0661263943765742,0.1619215800199425,0.1619215800199425,0.5268722660795961,0.1425651709961725,,b1589
GSE17538,M2_msd_coexpr,590,RBM10;MCM8;PTRH2;SLC27A3,0.0,0.190921068582671,0.4274024763854689,-0.0258222761636007,0.0258222761636007,0.0268848849781075,0.0268848849781075,0.8023808248605713,0.7922946407343512,,b1590
GSE17538,M2_msd_coexpr,591,SLC41A3;C22orf31;USP11;CCAR1,0.0,0.2251817919511,0.3879675641546923,0.1392950547520868,0.1392950547520868,0.1800198432978083,0.1800198432978083,0.2025315197305819,0.1282345589511735,,b1591
GSE17538,M2_msd_coexpr,592,LRP6;ZMYM6;SMCO4;CEP170,0.0,0.2208466095343143,0.4998306933045515,0.23153960592991,0.23153960592991,0.3111762495301327,0.3111762495301327,0.0404120074246826,0.0070839121076339,,b1592
GSE17538,M2_msd_coexpr,593,CLDN4;LOC101928419;YWHAB;PPP1R21,0.0,0.510661578811799,1.3143258213116242,-0.0118206189079522,0.0118206189079522,-0.0565534209025697,0.0565534209025697,0.9110711729270842,0.5901747833415552,,b1593
GSE17538,M2_msd_coexpr,594,CLDN4;AEBP2;NDUFA9;SMPD3,0.0,0.2965740011010622,0.6647420673174086,0.0508310085875029,0.0508310085875029,0.0143717246957142,0.0143717246957142,0.627340520852512,0.8979719548302656,,b1594
GSE17538,M2_msd_coexpr,595,LARP1;GOLGA6L6;GNAI2;SLC5A3,0.0,0.2030602732317338,0.3034432124951429,0.1647951865332973,0.1647951865332973,0.2651144537730588,0.2651144537730588,0.1370699083709086,0.0334207218440703,,b1595
GSE17538,M2_msd_coexpr,596,RALBP1;CRNN;PRELID3B;KIAA0232,0.0,0.147711146241951,0.3292868735697662,0.0309842746628369,0.0309842746628369,0.1247898711677835,0.1247898711677835,0.7664066238734797,0.2985972488515929,,b1596
GSE17538,M2_msd_coexpr,597,LOC440434;PRKAA1;PLIN3;HBG2,0.0,0.1430059522339752,0.2040414620462787,0.0863960218043272,0.0863960218043272,0.2114755142997904,0.2114755142997904,0.3863604739635886,0.0533603601181887,,b1597
GSE17538,M2_msd_coexpr,598,SYS1;GPR26;PTRH2;C19orf68,0.0,0.2115266466925822,0.5289668780643249,-0.0428699673784847,0.0428699673784847,0.0333268997040151,0.0333268997040151,0.6736490598412694,0.7494793784013192,,b1598
GSE17538,M2_msd_coexpr,599,NKIRAS2;MAP3K2;USP11;RTN4IP1,0.0,0.2401189800459,0.5476869687096884,0.1459570084783239,0.1459570084783239,0.113303770011258,0.113303770011258,0.1779362761395302,0.3195980350508136,,b1599
GSE17538,M2_msd_coexpr,600,PNPLA6;LOC101926963;GPD1L;LOC100132731,0.0,0.2370540990198854,0.5361533632160783,-0.1039119786829444,0.1039119786829444,-0.0205977995909097,0.0205977995909097,0.3047046470197907,0.8266446234055381,,b1600
GSE17538,M2_msd_coexpr,601,SMDT1;LOC101928317;ACSS2;MYO5B,0.0,0.2459278882600288,0.5078410882293312,-0.0557083406367,0.0557083406367,-0.0173924671868621,0.0173924671868621,0.5751185199753583,0.8732343229066822,,b1601
GSE17538,M2_msd_coexpr,602,DECR2;FAM133DP;GNAI2;S100PBP,0.0,0.1270711948384715,0.2408266558242197,0.0937848778711051,0.0937848778711051,0.146750846769863,0.146750846769863,0.3710811572524057,0.2035891212143864,,b1602
GSE17538,M2_msd_coexpr,603,PPAN;LRRC57;BLCAP;LOC101928274,0.0,0.3150388389722818,0.6315341803790382,0.0015812428029974,0.0015812428029974,-0.0582884421948536,0.0582884421948536,0.9883642756502732,0.5997910313864927,,b1603
GSE17538,M2_msd_coexpr,604,DUSP3;CD300C;PARP4;ARHGAP5-AS1,0.0,0.3692821668436057,0.7139248436781191,0.1186015488970254,0.1186015488970254,0.1557467808033359,0.1557467808033359,0.2741969492191786,0.1559763903880363,,b1604
GSE17538,M2_msd_coexpr,605,NKIRAS2;PGBD3;YWHAB;ZNF766,0.0,0.5268152719260814,1.3143258213116242,0.1448195225383623,0.1448195225383623,0.1162453747326317,0.1162453747326317,0.1842942890999285,0.306772911488975,,b1605
GSE17538,M2_msd_coexpr,606,RELA;ZNF23;MINOS1-NBL1;LYSMD1,0.0,0.2917392298572215,0.92688602654736,0.0234436351398267,0.0234436351398267,0.0888202152360248,0.0888202152360248,0.8296852044168558,0.3742861552447907,,b1606
GSE17538,M2_msd_coexpr,607,FAM109B;CCNT2;IFT172;SGK3,0.0,0.2017967378704457,0.5257558893117937,0.0170051075557103,0.0170051075557103,0.020995426089336,0.020995426089336,0.8700244756136478,0.8461789138548401,,b1607
GSE17538,M2_msd_coexpr,608,DNPH1;TREML2;ARHGDIB;ZNF14,0.0,0.2259821146169978,0.3673956322739234,-0.0057101145406587,0.0057101145406587,0.0461094876520486,0.0461094876520486,0.9553225971335392,0.6296238560489795,,b1608
GSE17538,M2_msd_coexpr,609,NPLOC4;ZNF277;ORMDL2;LRRC36,0.0,0.116405570271605,0.2248916527218203,0.0284633008787607,0.0284633008787607,0.05429447370078,0.05429447370078,0.7878365290594539,0.6162523909915594,,b1609
GSE17538,M2_msd_coexpr,610,DEXI;KRBOX1;VEGFA;ATL3,0.0,0.1978632050783416,0.3822597255340115,0.2177287648725873,0.2177287648725873,0.2535693493540999,0.2535693493540999,0.0515007923815573,0.0275212696435475,,b1610
GSE17538,M2_msd_coexpr,611,MIR7113;LOC101928419;CEBPB;RIN2,0.0,0.4714673814831641,1.2768214441640693,0.1879176822536425,0.1879176822536425,0.0929788113224592,0.0929788113224592,0.0759510830605953,0.3936220485063776,,b1611
GSE17538,M2_msd_coexpr,612,ZNF580;LPAR6;PPDPF;MMEL1,0.0,0.2381953106956564,0.382593690487695,-0.0920717418267269,0.0920717418267269,-0.094812302928082,0.094812302928082,0.381320760755757,0.3529680780821517,,b1612
GSE17538,M2_msd_coexpr,613,DNASE2;FAM76A;KLF6;TAF1L,0.0,0.1943938971741956,0.4794862672684306,0.1046462830915886,0.1046462830915886,0.1571399506783085,0.1571399506783085,0.3380503037467571,0.1494535839843973,,b1613
GSE17538,M2_msd_coexpr,614,SEPT8;HLA-DQB2;ALDH3A2;ZNF703,0.0,0.2190857864144522,0.4652706015176164,0.0303027620927467,0.0303027620927467,0.0368302127227359,0.0368302127227359,0.7747100462413083,0.7248177546343475,,b1614
GSE17538,M2_msd_coexpr,615,ZNF622;ZNF277;ADD3;GLMN,0.0,0.3399654085197975,0.9725440018157118,0.0875303180155086,0.0875303180155086,0.0898304152824158,0.0898304152824158,0.406734602801782,0.4163878954838875,,b1615
GSE17538,M2_msd_coexpr,616,XPNPEP1;TAF9B;ADAP1;NPHS2,0.0,0.1758768981841799,0.2741261231775232,0.0735449627010747,0.0735449627010747,0.125608966844599,0.125608966844599,0.5005770440165924,0.244582453383782,,b1616
GSE17538,M2_msd_coexpr,617,ZNF580;BOD1L2;EIF6;LOC101928274,0.0,0.380413088462126,0.8386268108755821,-0.0264284983372642,0.0264284983372642,-0.0817504964516798,0.0817504964516798,0.7979336086309045,0.4669036466643349,,b1617
GSE17538,M2_msd_coexpr,618,MAD2L1BP;FAM133B;GPD1L;C19orf68,0.0,0.0829956850897806,0.0983905308921292,0.0396041763433184,0.0396041763433184,0.1088970973520785,0.1088970973520785,0.7082291735740043,0.3309961321596014,,b1618
GSE17538,M2_msd_coexpr,619,RALBP1;EXOG;NDUFA9;WSB1,0.0,0.2911335213674058,0.6647420673174086,0.1437750496588899,0.1437750496588899,0.3099107098548093,0.3099107098548093,0.1528508556351911,0.0052205855416585,,b1619
GSE17538,M2_msd_coexpr,620,CRB3;XRN1;NCK2;SLC5A3,0.0,0.2095896124651964,0.3532461870449176,0.1080754168560042,0.1080754168560042,0.1838439331970958,0.1838439331970958,0.2862132171362951,0.0791226237089822,,b1620
GSE17538,M2_msd_coexpr,621,SRA1;CA5BP1;SEMA4B;ZNF703,0.0,0.1506939142340946,0.2012306151414214,0.0569894514302968,0.0569894514302968,0.13027108820515,0.13027108820515,0.5896364560428093,0.2027801590107787,,b1621
GSE17538,M2_msd_coexpr,622,TMEM8A;XRN1;IER2;RICTOR,0.0,0.4441127521158217,1.184421467706463,0.203078985181601,0.203078985181601,0.2769778599586329,0.2769778599586329,0.0589307444497898,0.0145122768619904,,b1622
GSE17538,M2_msd_coexpr,623,KIFC1;SLC2A6;ATP6V0D1;DNAJC25,0.0,0.3255387786550431,0.6214953676582238,0.0275447447110032,0.0275447447110032,0.1392336717021156,0.1392336717021156,0.786254451513902,0.1823757019913506,,b1623
GSE17538,M2_msd_coexpr,624,SEC24C;JMY;SMCO4;SMPD3,0.0,0.1510174206878978,0.1709930174043178,0.2560586566182088,0.2560586566182088,0.3824038186992616,0.3824038186992616,0.0206595313555215,0.0019467929673804,,b1624
GSE17538,M2_msd_coexpr,625,XPNPEP1;POLR1E;ADAP1;ACCS,0.0,0.15530934756432,0.2741261231775232,0.0640477571305969,0.0640477571305969,0.1212088065593415,0.1212088065593415,0.5490769217312162,0.2452652658794022,,b1625
GSE17538,M2_msd_coexpr,626,DUSP3;CBFA2T3;MINOS1-NBL1;PPP1R21,0.0,0.4813682859570473,0.92688602654736,0.1098439037994807,0.1098439037994807,0.2284346912766267,0.2284346912766267,0.2997144570510192,0.0386064672750978,,b1626
GSE17538,M2_msd_coexpr,627,ALKBH5;RBM48;NBPF19;SIRPA,0.0,0.2546093792567415,0.463391193635916,0.12562361377514,0.12562361377514,0.3178843587003801,0.3178843587003801,0.2594398292210922,0.0088959478803287,,b1627
GSE17538,M2_msd_coexpr,628,POLR2L;EPHA5-AS1;PPDPF;TRANK1,0.0,0.2470847266190687,0.4132486071309814,-0.0577628106352412,0.0577628106352412,-0.0131699178481115,0.0131699178481115,0.5819887400065737,0.8967449926875644,,b1628
GSE17538,M2_msd_coexpr,629,COLGALT1;RBM48;NBPF19;NPHS2,0.0,0.2418404489694823,0.4315440180915506,0.0392643440160312,0.0392643440160312,0.1885712094316809,0.1885712094316809,0.7173062697840871,0.0987006899869966,,b1629
GSE17538,M2_msd_coexpr,630,PPAN;XCL2;ACSS2;ATL3,0.0,0.2730453690296251,0.4277625304500458,0.0184456947552431,0.0184456947552431,0.108941766633079,0.108941766633079,0.8615177255412801,0.2985586136803752,,b1630
GSE17538,M2_msd_coexpr,631,DUSP3;IFNA6;GPD1L;TRANK1,0.0,0.2306344069103834,0.4728697040986913,0.0720253183617774,0.0720253183617774,0.1102516366139442,0.1102516366139442,0.5008860374601827,0.2898230531179121,,b1631
GSE17538,M2_msd_coexpr,632,RSAD1;ZNRF2;GPX4;ZNF703,0.0,0.3362129630596756,0.7700935184507601,-0.1494451207788782,0.1494451207788782,-0.0848728683712427,0.0848728683712427,0.1235841481942633,0.3772249825718607,,b1632
GSE17538,M2_msd_coexpr,633,TSPYL2;PRKAA1;YWHAB;CD180,0.0,0.4768086610884748,1.3143258213116242,0.1161378206416306,0.1161378206416306,0.2228106697611183,0.2228106697611183,0.2832994278263632,0.0663020009641752,,b1633
GSE17538,M2_msd_coexpr,634,EGFR;XRN1;GNAI2;ESCO1,0.0,0.2717939798643088,0.5061255282492549,0.1852111347958835,0.1852111347958835,0.2698897627696289,0.2698897627696289,0.0943726304782722,0.0146695545028974,,b1634
GSE17538,M2_msd_coexpr,635,HEIH;FAM76A;LSR;WSB1,0.0,0.2065992349611221,0.4435821894850127,0.0819573732239538,0.0819573732239538,0.0243905426386887,0.0243905426386887,0.4323928858217641,0.8137355945116836,,b1635
GSE17538,M2_msd_coexpr,636,LOC440434;LINC00906;MINOS1-NBL1;POMGNT2,0.0,0.3667127017805348,0.92688602654736,-0.0257541050664566,0.0257541050664566,0.1809443901479433,0.1809443901479433,0.7999012909642489,0.1176051225608338,,b1636
GSE17538,M2_msd_coexpr,637,DNPH1;GXYLT1;HLA-J;WDR26,0.0,0.3437642060751389,0.7986017794247761,0.097996834628243,0.097996834628243,0.1801928761509427,0.1801928761509427,0.3588617632006329,0.1179205265570862,,b1637
GSE17538,M2_msd_coexpr,638,C16orf91;UACA;EIF6;TFPT,0.0,0.3323448211219336,0.8386268108755821,0.0334479653895526,0.0334479653895526,0.0838354160344997,0.0838354160344997,0.7490132604273452,0.4522099988526796,,b1638
GSE17538,M2_msd_coexpr,639,ATXN1L;C7orf25;ELF1;TRANK1,0.0,0.2392711483369998,0.3491682518997402,0.0966001861250135,0.0966001861250135,0.0876245812470038,0.0876245812470038,0.3735143478742498,0.4309964547230356,,b1639
GSE17538,M2_msd_coexpr,640,BRE;TRAPPC2;PLIN3;LRRC36,0.0,0.1300386386558096,0.1932131095508399,0.1222716643838099,0.1222716643838099,0.1020393386880228,0.1020393386880228,0.2315951829601689,0.3616831392651235,,b1640
GSE17538,M2_msd_coexpr,641,KLHDC3;LOC101928419;BLCAP;HBG2,0.0,0.2676915557954211,0.6315341803790382,-0.2119393882086232,0.2119393882086232,-0.1861226111316906,0.1861226111316906,0.0425158128840396,0.0396317771068158,,b1641
GSE17538,M2_msd_coexpr,642,LSM4;FMO1;USP11;C19orf68,0.0,0.1214249038686647,0.1884268071617044,0.0277270147144845,0.0277270147144845,0.1227280542242563,0.1227280542242563,0.7914544166750512,0.2462308070904579,,b1642
GSE17538,M2_msd_coexpr,643,UBXN2A;PRR7;HLA-J;KRIT1,0.0,0.3478880433245888,0.7986017794247761,-0.0201472644091925,0.0201472644091925,0.0236472263281471,0.0236472263281471,0.8465214158384017,0.8213380588866855,,b1643
GSE17538,M2_msd_coexpr,644,YIPF1;LOC646743;GSS;CSNK1A1,0.0,0.2371257386092553,0.5155809066759867,0.0781171056004699,0.0781171056004699,0.1490431022802208,0.1490431022802208,0.4701606366483172,0.1972016013509551,,b1644
GSE17538,M2_msd_coexpr,645,LSM4;PRKAA1;PARP4;NBR1,0.0,0.2956656800927449,0.7139248436781191,0.1176568659159481,0.1176568659159481,0.129615503268957,0.129615503268957,0.2902636574430389,0.2422835736640081,,b1645
GSE17538,M2_msd_coexpr,646,PREB;ALPP;ATP6V0D1;C19orf68,0.0,0.2429521421696277,0.6214953676582238,-0.0164894574947283,0.0164894574947283,0.0720544093225636,0.0720544093225636,0.8718886601998137,0.4810150327225388,,b1646
GSE17538,M2_msd_coexpr,647,CLDN4;ZBTB49;CEBPB;USP30,0.0,0.4701513742314844,1.2768214441640693,0.1240474220862909,0.1240474220862909,0.0600524948209885,0.0600524948209885,0.2554477002783796,0.616681706729517,,b1647
GSE17538,M2_msd_coexpr,648,YARS2;METTL4;NBPF25P;CEP170,0.0,0.2988719388396017,0.4131682404987287,0.3740204164968757,0.3740204164968757,0.6177168100653364,0.6177168100653364,0.0010414294598716,4.227698651742997e-07,,b1648
GSE17538,M2_msd_coexpr,649,SMG8;TREML2;CALR;LRRC37B,0.0,0.2466063811348708,0.3991559527005373,0.1039825990023746,0.1039825990023746,0.190732711536043,0.190732711536043,0.3276069547113642,0.0708795556191154,,b1649
GSE17538,M2_msd_coexpr,650,DEXI;CD300A;VPS51;METTL7A,0.0,0.2394970109750328,0.3822597255340115,-0.0067092787590889,0.0067092787590889,0.004884324089549,0.004884324089549,0.9483792520020712,0.9626648872661566,,b1650
GSE17538,M2_msd_coexpr,651,MAD2L1BP;LOC101928317;BLCAP;TFPT,0.0,0.2360085258723798,0.6315341803790382,0.0821397392501133,0.0821397392501133,0.10474297981981,0.10474297981981,0.4343806767136315,0.364655095269384,,b1651
GSE17538,M2_msd_coexpr,652,TMEM106C;MAPK8IP1;MCRIP2;GALNT2,0.0,0.2050881552399975,0.5389011184662038,-0.0840916591028046,0.0840916591028046,0.0157960243572181,0.0157960243572181,0.3945188027472145,0.8773511557114541,,b1652
GSE17538,M2_msd_coexpr,653,TMEM8A;SAMD15;PLIN3;LOC100506548,0.0,0.1432863117315822,0.1801455416029203,0.073681618021316,0.073681618021316,0.1547086552701177,0.1547086552701177,0.4826388271041719,0.1520298268471264,,b1653
GSE17538,M2_msd_coexpr,654,SLC29A3;ZBTB49;IER2;CD79A,0.0,0.5022593850207093,1.184421467706463,0.0725760356266756,0.0725760356266756,0.114121353232871,0.114121353232871,0.4923483591335507,0.2749076865205573,,b1654
GSE17538,M2_msd_coexpr,655,ZNF622;LINC00265;PRELID3B;NBR1,0.0,0.1263199897267057,0.18251737663508,-0.0746772734283862,0.0746772734283862,-0.2009810012391424,0.2009810012391424,0.4724437296121552,0.0669069965542804,,b1655
GSE17538,M2_msd_coexpr,656,TBC1D23;SEPT5-GP1BB;YWHAB;USP34,0.0,0.4632995295293772,1.3143258213116242,0.0472478939575864,0.0472478939575864,0.192458645989795,0.192458645989795,0.6520057288629955,0.0919900607360768,,b1656
GSE17538,M2_msd_coexpr,657,ZNF622;OR2H2;LSR;ASPSCR1,0.0,0.1663517477008183,0.4435821894850127,-0.0427594938376747,0.0427594938376747,-0.0745060170893726,0.0745060170893726,0.669667375744827,0.4277234993140381,,b1657
GSE17538,M2_msd_coexpr,658,SYS1;PRKAA1;ELF1;STAU2-AS1,0.0,0.2897252701506482,0.5289668780643249,0.0048597010369056,0.0048597010369056,0.0148979683495659,0.0148979683495659,0.9636194236687504,0.8932289861978719,,b1658
GSE17538,M2_msd_coexpr,659,TRIM21;STAG3L4;CEBPB;PPM1D,0.0,0.4301965538172447,1.2768214441640693,0.2738897689497794,0.2738897689497794,0.2640147568812026,0.2640147568812026,0.0143068758533457,0.0242500635574531,,b1659
GSE17538,M2_msd_coexpr,660,COLGALT1;SCYL3;ATP1B1;LRRC37B,0.0,0.5498047342545334,1.5215660304083305,0.1900589122949718,0.1900589122949718,0.2813432185177133,0.2813432185177133,0.0847004142991399,0.0166665202596744,,b1660
GSE17538,M2_msd_coexpr,661,CDK16;ZNF45;ADD3;STAM2,0.0,0.4405828666247091,0.9725440018157118,0.0376062986451689,0.0376062986451689,0.0891071988040579,0.0891071988040579,0.7180837729339371,0.4116179487667669,,b1661
GSE17538,M2_msd_coexpr,662,MIR7113;TFAP2A;AKR7A2;CEP170P1,0.0,0.217925212360632,0.3366935924440811,0.2965880147262631,0.2965880147262631,0.4492105578685053,0.4492105578685053,0.006040732531275,0.0001026653708605,,b1662
GSE17538,M2_msd_coexpr,663,C16orf91;SLC2A6;AKR7A2;CCAR1,0.0,0.2093740777081143,0.2760114789144201,0.0780368045136421,0.0780368045136421,0.2769412049152918,0.2769412049152918,0.439925554249627,0.0187334197381966,,b1663
GSE17538,M2_msd_coexpr,664,SAAL1;TREML2;MINOS1-NBL1;ZFP57,0.0,0.3763216749813222,0.92688602654736,-0.0189985651465251,0.0189985651465251,0.1264194366044274,0.1264194366044274,0.8494610840278356,0.2305632597608858,,b1664
GSE17538,M2_msd_coexpr,665,XPO5;TREML2;GSS;USP34,0.0,0.2141392413069822,0.4718530766648238,-0.0129945721341424,0.0129945721341424,0.0411737919469883,0.0411737919469883,0.9007073088881655,0.7060047616147949,,b1665
GSE17538,M2_msd_coexpr,666,SIVA1;POLR1E;B4GALT5;HS3ST2,0.0,0.2359717660586656,0.4697162519829979,0.1696425542015739,0.1696425542015739,0.3511603673007177,0.3511603673007177,0.1239718545869166,0.0055336867825381,,b1666
GSE17538,M2_msd_coexpr,667,ZNF622;C7orf25;ACTN4;PRKG2,0.0,0.2414591144635049,0.7317266463106492,0.0619120720088265,0.0619120720088265,0.0524744087812912,0.0524744087812912,0.5548704364629735,0.611085695057201,,b1667
GSE17538,M2_msd_coexpr,668,ZNF580;EED;TMBIM1;EMC3-AS1,0.0,0.2765449603975868,0.5570258547866361,0.1966228403170034,0.1966228403170034,0.3940085721834404,0.3940085721834404,0.070277577198012,0.0006518702393337,,b1668
GSE17538,M2_msd_coexpr,669,LOC101927673;LOC100507006;MIR6513;LRRC36,0.0,0.2530287604077626,0.5570258547866361,0.1162847857097592,0.1162847857097592,0.1785867324545246,0.1785867324545246,0.2766898604966533,0.1200741664872676,,b1669
GSE17538,M2_msd_coexpr,670,DNPH1;FBXL4;NDUFA9;WSB1,0.0,0.3209782291696243,0.6647420673174086,0.1257060175347392,0.1257060175347392,0.0842741703264768,0.0842741703264768,0.2233845229019216,0.4314309710157819,,b1670
GSE17538,M2_msd_coexpr,671,OTUB1;ACTL7B;ORMDL2;PRKG2,0.0,0.1795672798845458,0.2248916527218203,0.0834125338458595,0.0834125338458595,0.1646267199442993,0.1646267199442993,0.4415564157195132,0.1360803655637973,,b1671
GSE17538,M2_msd_coexpr,672,ABT1;C20orf196;ORMDL2;CEP170,0.0,0.1774021705051414,0.2248916527218203,0.2331732657330572,0.2331732657330572,0.3054217474657161,0.3054217474657161,0.035313657724809,0.0071611886200192,,b1672
GSE17538,M2_msd_coexpr,673,SYS1;PRR4;PLIN3;NKAP,0.0,0.2169933688007781,0.5289668780643249,0.0752806293447495,0.0752806293447495,0.0536063953934417,0.0536063953934417,0.4707063118796584,0.6260256785320145,,b1673
GSE17538,M2_msd_coexpr,674,ATXN1L;AEBP2;NBL1;POLR3D,0.0,0.326819986717138,0.6755626480848534,0.1050141769291527,0.1050141769291527,0.2273607740981217,0.2273607740981217,0.3246809207541,0.0521232025100407,,b1674
GSE17538,M2_msd_coexpr,675,PYCR2;C20orf196;ORMDL2;BICD2,0.0,0.1427185863957995,0.2248916527218203,0.1096925413900437,0.1096925413900437,0.1930634207622193,0.1930634207622193,0.3105715708245805,0.089274095083492,,b1675
GSE17538,M2_msd_coexpr,676,HOOK2;CRNN;HLA-J;NIPAL2,0.0,0.3517763125802637,0.7986017794247761,-0.0468583979304868,0.0468583979304868,-0.0292621084890119,0.0292621084890119,0.6517124386810702,0.7599271554030478,,b1676
GSE17538,M2_msd_coexpr,677,MUTYH;ANAPC10;ARHGDIB;TGIF1,0.0,0.1931633089268292,0.223670666288754,0.0111854611146527,0.0111854611146527,0.0652881558394139,0.0652881558394139,0.915231117577916,0.537196803010296,,b1677
GSE17538,M2_msd_coexpr,678,EIF2AK2;LRRC57;CIB1;CHDH,0.0,0.2800485553635545,0.5158338227535747,0.0940425450348412,0.0940425450348412,0.1255689951187687,0.1255689951187687,0.3679370227968915,0.2892286449732053,,b1678
GSE17538,M2_msd_coexpr,679,ALKBH5;LOC101927379;SEMA4B;POMGNT2,0.0,0.2079681413756881,0.463391193635916,0.1349190785774056,0.1349190785774056,0.3727948477387587,0.3727948477387587,0.2127523866281847,0.003056705290239,,b1679
GSE17538,M2_msd_coexpr,680,MCOLN1;ERCC6-PGBD3;TUBA4A;GLRA2,0.0,0.3384062268060832,0.6748428869805324,0.0737317589467917,0.0737317589467917,0.1497815444963477,0.1497815444963477,0.4893403354285778,0.1565153730392513,,b1680
GSE17538,M2_msd_coexpr,681,GMEB2;ZMYM2;CIB1;BICD2,0.0,0.203105589756437,0.3753390079315855,0.1595173618119191,0.1595173618119191,0.3208003275996486,0.3208003275996486,0.1488717026192124,0.0123375643259067,,b1681
GSE17538,M2_msd_coexpr,682,ANKHD1-EIF4EBP3;LINC00906;NBPF25P;SIRPA,0.0,0.2984115516312016,0.4131682404987287,0.0988090634542368,0.0988090634542368,0.1789073554306116,0.1789073554306116,0.3626037220530836,0.1165484506546624,,b1682
GSE17538,M2_msd_coexpr,683,HEIH;LOC101928419;SLC25A39;ACCS,0.0,0.1832394536670007,0.280506319211079,-0.1455780718868144,0.1455780718868144,-0.1531208357868737,0.1531208357868737,0.1337901897409793,0.0610880483526939,,b1683
GSE17538,M2_msd_coexpr,684,SIVA1;TISP43;KLF6;KCTD7,0.0,0.1853835879970793,0.4697162519829979,0.2181649032967356,0.2181649032967356,0.3809981073390458,0.3809981073390458,0.0561067953882467,0.0037745218980958,,b1684
GSE17538,M2_msd_coexpr,685,DDX23;SLC2A6;ATP5G1;LINC00511,0.0,0.2692708655250919,0.5735035240065565,-0.0107469371649634,0.0107469371649634,0.0230253899449805,0.0230253899449805,0.9149732318827678,0.8241152398975852,,b1685
GSE17538,M2_msd_coexpr,686,ALKBH5;SAMD15;AKR7A2;CD180,0.0,0.23921768261391,0.463391193635916,0.0689638835841296,0.0689638835841296,0.2573795754898533,0.2573795754898533,0.5147911161003479,0.0239295896310623,,b1686
GSE17538,M2_msd_coexpr,687,HOOK2;NUDT16P1;CEBPB;SNX19,0.0,0.4739518272835162,1.2768214441640693,0.1278654819767357,0.1278654819767357,0.0855766269679648,0.0855766269679648,0.241176362999635,0.4264918390339158,,b1687
GSE17538,M2_msd_coexpr,688,DAG1;C20orf196;MIEN1;TPR,0.0,0.1299305459884881,0.1913464595301997,0.0434163238073938,0.0434163238073938,0.1080921531924911,0.1080921531924911,0.667704452699664,0.3082726519916827,,b1688
GSE17538,M2_msd_coexpr,689,MPHOSPH10;PRKAA1;GPX4;FAM83F,0.0,0.3175866549482109,0.7700935184507601,0.049805394069463,0.049805394069463,0.0800866776893308,0.0800866776893308,0.6356039860503973,0.4546984364574344,,b1689
GSE17538,M2_msd_coexpr,690,MEN1;PRKAA1;VPS51;ITGB1,0.0,0.2249306677272313,0.3469923143094694,0.1070659060579426,0.1070659060579426,0.1075345514129569,0.1075345514129569,0.3243097002908428,0.3127070798124637,,b1690
GSE17538,M2_msd_coexpr,691,MIR4691;PLBD1-AS1;RALY;FAM83F,0.0,0.1862093635424494,0.3366935924440811,-0.1319179650121736,0.1319179650121736,-0.0647618587511044,0.0647618587511044,0.1738152348083775,0.4820539037314111,,b1691
GSE17538,M2_msd_coexpr,692,TBC1D23;MAPK8IP1;HLA-J;MYO5B,0.0,0.3591707187356149,0.7986017794247761,-0.0425570231081258,0.0425570231081258,0.1084046514021061,0.1084046514021061,0.686174680984308,0.3115030350343948,,b1692
GSE17538,M2_msd_coexpr,693,TMEM106C;KIAA0430;ACADVL;TPR,0.0,0.2498635872711142,0.5389011184662038,0.0574903417378782,0.0574903417378782,0.1590375489132687,0.1590375489132687,0.5847770478845099,0.1587763324079637,,b1693
GSE17538,M2_msd_coexpr,694,SLC41A3;TRIM13;LSR;SLC5A3,0.0,0.2695255944231592,0.4435821894850127,0.0847092176934914,0.0847092176934914,0.0990701920533932,0.0990701920533932,0.4423272865624859,0.372387632224799,,b1694
GSE17538,M2_msd_coexpr,695,ZNF622;SAMD15;GPX4;DDIAS,0.0,0.2671884763181538,0.7700935184507601,0.0679068933919891,0.0679068933919891,0.1163920406554472,0.1163920406554472,0.5183462634460364,0.2465512485318121,,b1695
GSE17538,M2_msd_coexpr,696,ANAPC5;TTTY8;VPS51;SIRPA,0.0,0.2705853181801012,0.4989717029505847,0.0141499998451463,0.0141499998451463,0.0827376874707376,0.0827376874707376,0.8907568898157383,0.4353875267920696,,b1696
GSE17538,M2_msd_coexpr,697,ABT1;JMY;MRPL16;SNX19,0.0,0.1708440117589311,0.282015454448254,0.2080342579242978,0.2080342579242978,0.2783628273542757,0.2783628273542757,0.0572848407231362,0.0243843017553244,,b1697
GSE17538,M2_msd_coexpr,698,TBC1D23;HLA-DQB2;NBPF25P;ZNF354A,0.0,0.2450197408971746,0.4131682404987287,0.0940828842362486,0.0940828842362486,0.1974222155365821,0.1974222155365821,0.3652916334225419,0.0647922374306302,,b1698
GSE17538,M2_msd_coexpr,699,MPHOSPH10;LOC101928317;ARPC1B;ZFP57,0.0,0.3810738218514741,0.9824239913551248,0.0755919770336107,0.0755919770336107,0.13464556923615,0.13464556923615,0.474558306689927,0.2331098857623877,,b1699
GSE17538,M2_msd_coexpr,700,GMEB2;ZNF85;CIB1;TOMM40L,0.0,0.1881685090435211,0.3753390079315855,0.0976236840951683,0.0976236840951683,0.0993373803836792,0.0993373803836792,0.3431297393843239,0.3412799804908945,,b1700
GSE17538,M2_msd_coexpr,701,RUVBL2;ANGPT4;PTRH2;MLXIPL,0.0,0.1514289238469808,0.3109050096747818,-0.1116756442944423,0.1116756442944423,-0.1325758817461643,0.1325758817461643,0.2530000955680657,0.1605711806282681,,b1701
GSE17538,M2_msd_coexpr,702,DUSP3;POLR1E;GSS;SIRPA,0.0,0.2310057118861214,0.4728697040986913,0.0712285872291139,0.0712285872291139,0.0975553494734571,0.0975553494734571,0.4932570387429302,0.3765040732467092,,b1702
GSE17538,M2_msd_coexpr,703,HTRA2;FOXCUT;GNAI2;DNAJC25-GNG10,0.0,0.1940932574181036,0.3738674329963488,0.3005807183171513,0.3005807183171513,0.3632830202071695,0.3632830202071695,0.0031665925030926,0.0013354610867177,,b1703
GSE17538,M2_msd_coexpr,704,BRE;LRRC57;ARHGDIB;TMCO3,0.0,0.1083806130750139,0.2055549758481417,0.1257755829151479,0.1257755829151479,0.1114422359025999,0.1114422359025999,0.2368786172535847,0.3098504276554833,,b1704
GSE17538,M2_msd_coexpr,705,DECR2;BCRP3;NCK2;CGRRF1,0.0,0.1035576381012861,0.1721146195381,0.0205210274859511,0.0205210274859511,-0.0136518665957249,0.0136518665957249,0.8392759492697155,0.8963120799400368,,b1705
GSE17538,M2_msd_coexpr,706,ZDHHC12;FBXL4;NDUFV2;PDE2A,0.0,0.2660812394613093,0.4828558679980459,0.1539985397276173,0.1539985397276173,0.3099662481565466,0.3099662481565466,0.1490979396445919,0.0128841494577484,,b1706
GSE17538,M2_msd_coexpr,707,ILKAP;KRBOX1;PARP4;TSPAN11,0.0,0.3349445422474849,0.7139248436781191,0.0522759672588152,0.0522759672588152,0.1537051428228937,0.1537051428228937,0.6211970550357192,0.1552509526343574,,b1707
GSE17538,M2_msd_coexpr,708,DTD1;KMT5C;PARP4;ZFP57,0.0,0.3799655965833202,0.7139248436781191,-0.0107186299186632,0.0107186299186632,0.0598082247691647,0.0598082247691647,0.9169238644447258,0.5621810182450709,,b1708
GSE17538,M2_msd_coexpr,709,RPL36;LOC102725426;SLC25A39;TSPAN11,0.0,0.1748067071492558,0.3652601287530772,-0.047207500422194,0.047207500422194,0.1218559596642566,0.1218559596642566,0.6292865695038565,0.2473113932767665,,b1709
GSE17538,M2_msd_coexpr,710,TSR2;LIN28A;HLA-F;WDR5B,0.0,0.331913684293858,0.5070982848996147,-0.0295330388088318,0.0295330388088318,0.0524389581879064,0.0524389581879064,0.7796790118613904,0.620466675980199,,b1710
GSE17538,M2_msd_coexpr,711,SMDT1;C20orf196;LSR;NBR1,0.0,0.30842279779417,0.5078410882293312,0.0005755206490432,0.0005755206490432,-0.0173469906695412,0.0173469906695412,0.995517792037638,0.866426586097411,,b1711
GSE17538,M2_msd_coexpr,712,PMVK;TTC39B;SEPHS2;ADPRM,0.0,0.3387623195631764,0.533053180061023,0.0730420113721726,0.0730420113721726,0.1297084120450913,0.1297084120450913,0.4753193571604871,0.2404015800790847,,b1712
GSE17538,M2_msd_coexpr,713,LOC732360;LINC00906;PRELID3B;PDE2A,0.0,0.1527703794307051,0.2149840840760797,0.0915538507986635,0.0915538507986635,0.220735259151489,0.220735259151489,0.3848183798512162,0.0678844280085738,,b1713
GSE17538,M2_msd_coexpr,714,HEIH;CD300A;NDUFA9;CHDH,0.0,0.319075824189826,0.6647420673174086,-0.0474996145516273,0.0474996145516273,-0.1413003765055016,0.1413003765055016,0.6317436651564907,0.1717279113227845,,b1714
GSE17538,M2_msd_coexpr,715,C16orf91;POLR1E;BCAP31;POMGNT2,0.0,0.3962744780297008,1.0807167038415102,0.0542070420451563,0.0542070420451563,0.0438626617813722,0.0438626617813722,0.59961733125853,0.6878445857359887,,b1715
GSE17538,M2_msd_coexpr,716,KAT7;LOC101927379;ELF1;CEP68,0.0,0.1825976433103483,0.2922819368024979,0.0087502851544331,0.0087502851544331,-0.0150059953901797,0.0150059953901797,0.9333020958246142,0.8878137513938473,,b1716
GSE17538,M2_msd_coexpr,717,ARFGAP1;PRKAA1;ATP5G1;LRRC37B,0.0,0.3246685725467271,0.5735035240065565,0.1300309722279261,0.1300309722279261,0.135113649219029,0.135113649219029,0.228811491170936,0.2104085315871585,,b1717
GSE17538,M2_msd_coexpr,718,DPH2;TTTY8;PRELID3B;SLC5A3,0.0,0.1876945936758364,0.4392643855155066,-0.0435194915883042,0.0435194915883042,0.021000210968274,0.021000210968274,0.6661140383176685,0.8522595413204517,,b1718
GSE17538,M2_msd_coexpr,719,ZDHHC12;STAG3L4;SLC25A39;SH3RF3,0.0,0.1856314397342903,0.2702719302540505,0.1357255976537389,0.1357255976537389,0.1646611210769969,0.1646611210769969,0.216643923031658,0.0983921414484974,,b1719
GSE17538,M2_msd_coexpr,720,ALKBH5;DCP2;MIF;CEP68,0.0,0.5977603891735502,1.6809648266345123,0.2041129913131519,0.2041129913131519,0.2598561993189466,0.2598561993189466,0.074940500846047,0.0339521791313443,,b1720
GSE17538,M2_msd_coexpr,721,BRE;MCM8;BCAP31;XXYLT1,0.0,0.3267384174042694,1.0807167038415102,0.0360652452681075,0.0360652452681075,-0.0227025457756868,0.0227025457756868,0.7282318937309578,0.8300631458368377,,b1721
GSE17538,M2_msd_coexpr,722,FAM109B;H1FOO;USP11;LINC01111,0.0,0.2088402857868421,0.5257558893117937,0.0447764601809805,0.0447764601809805,0.1062707972424438,0.1062707972424438,0.6700121121074164,0.3171429080944086,,b1722
GSE17538,M2_msd_coexpr,723,ZNF581;MAPK8IP1;ARHGDIB;PTCD2,0.0,0.1412110466475633,0.2065800939829267,-0.0007668950168645,0.0007668950168645,0.0647020859855875,0.0647020859855875,0.9939373430114846,0.4944746512788119,,b1723
GSE17538,M2_msd_coexpr,724,COLGALT1;SIRPG;RNF114;CEP170,0.0,0.2653866131473116,0.4315440180915506,0.0482684482461168,0.0482684482461168,0.1928868821137198,0.1928868821137198,0.6426627801730005,0.0880059392188186,,b1724
GSE17538,M2_msd_coexpr,725,PCDHGA8;IFNA6;EIF6;PIGB,0.0,0.3583682144119279,0.8386268108755821,0.1820686350603847,0.1820686350603847,0.3078909448315965,0.3078909448315965,0.10283127621851,0.0107223148614463,,b1725
GSE17538,M2_msd_coexpr,726,SIGIRR;XRN1;SMCO4;GLMN,0.0,0.2557461799736502,0.4286078539838117,0.0734486761128344,0.0734486761128344,0.212097533198119,0.212097533198119,0.4745141964887822,0.0459849269680552,,b1726
GSE17538,M2_msd_coexpr,727,SDHAF2;XRN1;ALDH3A2;MYO5B,0.0,0.1582889919426589,0.200132391584566,0.167632990188678,0.167632990188678,0.2343990482886741,0.2343990482886741,0.1201419943329718,0.0412888613063596,,b1727
GSE17538,M2_msd_coexpr,728,TCTA;AFF4;AKR7A3;LINC00511,0.0,0.1851482491766668,0.3798372150716443,-0.000787574511672,0.000787574511672,-0.036862286129979,0.036862286129979,0.9938159596123012,0.7273591941514281,,b1728
GSE17538,M2_msd_coexpr,729,RALBP1;CREM;SEPHS2;ESCO1,0.0,0.304466619818482,0.516959398758714,0.1832687357909124,0.1832687357909124,0.357481071060732,0.357481071060732,0.0711549623609138,0.0015158797566675,,b1729
GSE17538,M2_msd_coexpr,730,TDRD7;ZNF85;PTRH2;POP1,0.0,0.1881698699623389,0.4742586968004439,0.0328932841459046,0.0328932841459046,0.0236872776472343,0.0236872776472343,0.7517699690665791,0.8228698749172353,,b1730
GSE17538,M2_msd_coexpr,731,PMVK;ZNF611;GSS;LOC100132731,0.0,0.2452778593851081,0.533053180061023,-0.0579765563248256,0.0579765563248256,0.0110982504040675,0.0110982504040675,0.566065882236442,0.9137446999434982,,b1731
GSE17538,M2_msd_coexpr,732,RUVBL2;CD300C;MIEN1;RAB36,0.0,0.154643528796695,0.3109050096747818,-0.0454407398237133,0.0454407398237133,-0.0870868732827269,0.0870868732827269,0.6605557797479338,0.3934361054684753,,b1732
GSE17538,M2_msd_coexpr,733,KIFC1;METTL4;GNAI2;NQO2,0.0,0.2666303231863107,0.4079688887011187,0.1612491087254327,0.1612491087254327,0.3993065866136843,0.3993065866136843,0.1379371569723306,0.0010021034689378,,b1733
GSE17538,M2_msd_coexpr,734,BRE;POLR1E;TMBIM1;ACCS,0.0,0.2225247220683877,0.5570258547866361,0.1375125983143474,0.1375125983143474,0.1895517831384272,0.1895517831384272,0.2074163549319051,0.0922934596706037,,b1734
GSE17538,M2_msd_coexpr,735,TNPO3;NUDT16P1;SEMA4B;KAT6A,0.0,0.1908222768892353,0.2403054158190532,0.1576692183112694,0.1576692183112694,0.1486228123947313,0.1486228123947313,0.1320348764581436,0.1446798078817169,,b1735
GSE17538,M2_msd_coexpr,736,UGP2;LINC00265;RNF114;B3GNT5,0.0,0.2061580742466651,0.3106058196451107,0.0180722988449522,0.0180722988449522,-0.083341482749212,0.083341482749212,0.864008006577759,0.4538974004522161,,b1736
GSE17538,M2_msd_coexpr,737,ZNF622;MAP3K2;RNF114;DDIAS,0.0,0.14008725310962,0.3106058196451107,0.0158441607688575,0.0158441607688575,0.0424166772418712,0.0424166772418712,0.877160494896585,0.6928810943523176,,b1737
GSE17538,M2_msd_coexpr,738,RUVBL2;ZNF611;NBL1;POLR3D,0.0,0.321614999671257,0.6755626480848534,0.0433802057046769,0.0433802057046769,0.2216458138925709,0.2216458138925709,0.6758872758521243,0.0382032765771192,,b1738
GSE17538,M2_msd_coexpr,739,MEN1;FAM133DP;P2RX4;CDKN2C,0.0,0.151028676041558,0.3107395506490437,0.1286362268327596,0.1286362268327596,0.1797974203898764,0.1797974203898764,0.2356790845751023,0.0817114301990611,,b1739
GSE17538,M2_msd_coexpr,740,PMVK;ZNF292;GNAI2;XRCC2,0.0,0.2254718220096731,0.533053180061023,0.106479631458989,0.106479631458989,0.2119253755695929,0.2119253755695929,0.3244807476358038,0.0705336137604411,,b1740
GSE17538,M2_msd_coexpr,741,CREB3;NUDT16P1;SMCO4;CCAR1,0.0,0.2005126640398827,0.3217777204522248,0.1254725445533086,0.1254725445533086,0.202240070440502,0.202240070440502,0.2347946932418337,0.0582379978536937,,b1741
GSE17538,M2_msd_coexpr,742,PPAN;FOXCUT;B4GALT5;EPB41L5,0.0,0.2021827351218553,0.4277625304500458,-0.0578688554982074,0.0578688554982074,-0.0939719767891002,0.0939719767891002,0.5763505973612839,0.3610404891454839,,b1742
GSE17538,M2_msd_coexpr,743,DTD1;TFAP2A;YWHAB;CUTC,0.0,0.5243618525401811,1.3143258213116242,0.1911208542896626,0.1911208542896626,0.2979473033338389,0.2979473033338389,0.0799634051633602,0.0120863034242997,,b1743
GSE17538,M2_msd_coexpr,744,TXN2;RBM48;STAU1;B3GNT5,0.0,0.2950410066285537,0.870200874752673,0.0200818292955093,0.0200818292955093,0.0451932839615388,0.0451932839615388,0.847424634661996,0.6829994772996195,,b1744
GSE17538,M2_msd_coexpr,745,FAM109B;CDC25A;RNF114;PRR5,0.0,0.2857576982176704,0.5257558893117937,-0.1662596131042971,0.1662596131042971,-0.1101930052836199,0.1101930052836199,0.09767927594871,0.2715151703274168,,b1745
GSE17538,M2_msd_coexpr,746,SEPT8;ERCC6-PGBD3;LOC102724884;SLC27A3,0.0,0.2461804559787559,0.4652706015176164,0.2234274882547315,0.2234274882547315,0.295798797968761,0.295798797968761,0.0437397903685064,0.0048732240922393,,b1746
GSE17538,M2_msd_coexpr,747,RBM27;KMT5C;EIF6;COX19,0.0,0.3227207895895695,0.8386268108755821,0.0253838150949747,0.0253838150949747,0.0899336670063205,0.0899336670063205,0.810107433281849,0.4104594747214525,,b1747
GSE17538,M2_msd_coexpr,748,MGRN1;STAG3L4;SMCO4;S100PBP,0.0,0.231283122288104,0.4459711280913281,0.1733542480757437,0.1733542480757437,0.1795451104826881,0.1795451104826881,0.1102400452731567,0.1034824241162286,,b1748
GSE17538,M2_msd_coexpr,749,SIGIRR;LOC101928317;PARP4;SMARCA2,0.0,0.3253392752579043,0.7139248436781191,0.0745354554388781,0.0745354554388781,0.1313056500500488,0.1313056500500488,0.491873866130724,0.2404794134299011,,b1749
GSE17538,M2_msd_coexpr,750,C9orf16;SLMAP;AKR7A3;ARHGAP21,0.0,0.2312929474180494,0.4606564863455837,0.097952149483267,0.097952149483267,0.205199430090739,0.205199430090739,0.3623995714379402,0.0656533175893847,,b1750
GSE17538,M2_msd_coexpr,751,PREB;XCL2;ATP6V0D1;ATG4C,0.0,0.3169552026727577,0.6214953676582238,0.0957315200193385,0.0957315200193385,0.1424909050579043,0.1424909050579043,0.3699511768992563,0.2089503084271204,,b1751
GSE17538,M2_msd_coexpr,752,PNPLA6;ZNF85;ATP5G1;TSPAN11,0.0,0.3089466002280697,0.5735035240065565,-0.0263528368868612,0.0263528368868612,0.0841083928411876,0.0841083928411876,0.8049696395118859,0.3883581975601311,,b1752
GSE17538,M2_msd_coexpr,753,ARFGAP1;PGBD3;ORMDL2;ATG4C,0.0,0.2673999449725457,0.4037637040360121,0.1219084143689663,0.1219084143689663,0.1837175600245645,0.1837175600245645,0.2593643983547308,0.1119676785816943,,b1753
GSE17538,M2_msd_coexpr,754,TMEM8A;C20orf196;TMBIM1;LRRC37B,0.0,0.2551817456137634,0.5570258547866361,0.137752868213002,0.137752868213002,0.1233896192940534,0.1233896192940534,0.2061905309324901,0.2615675549801961,,b1754
GSE17538,M2_msd_coexpr,755,ZNF581;TFAP2A;AKR7A2;COX11,0.0,0.1758999688648882,0.2065800939829267,0.12024606284775,0.12024606284775,0.2380056668272663,0.2380056668272663,0.2544514307799463,0.0346302550329903,,b1755
GSE17538,M2_msd_coexpr,756,MYH14;TTC39B;TM9SF4;ASPSCR1,0.0,0.2350618718173939,0.4895574346690233,-0.1228595482783549,0.1228595482783549,-0.1161710745494668,0.1161710745494668,0.2188841872363174,0.2312949252157996,,b1756
GSE17538,M2_msd_coexpr,757,TMEM106C;DENND4A;BLCAP;SMARCA2,0.0,0.3175935498291626,0.6315341803790382,0.1277799871482444,0.1277799871482444,0.2066485877793604,0.2066485877793604,0.2462539604897203,0.0918036325703236,,b1757
GSE17538,M2_msd_coexpr,758,TSR2;GAL3ST1;BLVRB;C8orf44-SGK3,0.0,0.1924309907755683,0.3303646332877322,0.0231571739763158,0.0231571739763158,-0.0076612023709552,0.0076612023709552,0.8264592367587879,0.9449052238759944,,b1758
GSE17538,M2_msd_coexpr,759,TXN2;PIGK;ADAP1;EMC3-AS1,0.0,0.113866036211145,0.1421060150314784,-0.0200496211039291,0.0200496211039291,-0.0054538276175581,0.0054538276175581,0.8459686999964928,0.9572139873559896,,b1759
GSE17538,M2_msd_coexpr,760,ILKAP;KDSR;MGAT4B;KRIT1,0.0,0.2860034313570808,0.4847792126883219,0.0820851221758693,0.0820851221758693,0.116782510747107,0.116782510747107,0.440817189682127,0.3263318330988323,,b1760
GSE17538,M2_msd_coexpr,761,DNASE2;LOC101927379;RNF114;SLC8A3,0.0,0.2383907434596791,0.4794862672684306,-0.0686945214778037,0.0686945214778037,0.0079485763230235,0.0079485763230235,0.5001260279868344,0.9405401703744856,,b1761
GSE17538,M2_msd_coexpr,762,HTRA2;ATP12A;MIF;STAU2-AS1,0.0,0.5871224149197457,1.6809648266345123,0.0339250491681074,0.0339250491681074,0.0284467102959574,0.0284467102959574,0.7459001876535908,0.7722928886230769,,b1762
GSE17538,M2_msd_coexpr,763,CHRAC1;BCRP3;GNAI2;CBX5,0.0,0.2133525374107097,0.5085801338696023,0.0771285736718525,0.0771285736718525,0.1120382833113288,0.1120382833113288,0.4714154410515531,0.3099119169666273,,b1763
GSE17538,M2_msd_coexpr,764,MCOLN1;ZNF292;NBPF25P;SLC27A3,0.0,0.2712411808531818,0.4131682404987287,0.2039457808168442,0.2039457808168442,0.3226074397673862,0.3226074397673862,0.0524164115424828,0.0023030037421033,,b1764
GSE17538,M2_msd_coexpr,765,RALBP1;AMN1;AKR7A2;BICD2,0.0,0.1852271560019099,0.3292868735697662,0.1702651667669292,0.1702651667669292,0.486204639715426,0.486204639715426,0.1093323798553868,0.0002933855620219,,b1765
GSE17538,M2_msd_coexpr,766,CREB3;ZNF45;ACTN4;CDKN2C,0.0,0.3154864331975066,0.7317266463106492,0.1388332548475661,0.1388332548475661,0.207971275082854,0.207971275082854,0.1690229538478974,0.0566654693368617,,b1766
GSE17538,M2_msd_coexpr,767,CRB3;TAF9B;TUBA4A;NAA25,0.0,0.2957267917300291,0.6748428869805324,0.2495812584639651,0.2495812584639651,0.2882526082920743,0.2882526082920743,0.0202886585291069,0.0102234002365598,,b1767
GSE17538,M2_msd_coexpr,768,C5orf15;LOC101928419;RNF114;PIK3CB,0.0,0.270274283268775,0.3702902541455413,-0.0068888190368006,0.0068888190368006,-0.1480948020310045,0.1480948020310045,0.9479866057753704,0.1766137352177248,,b1768
GSE17538,M2_msd_coexpr,769,MIR4691;METTL4;MIEN1;DNAJC25,0.0,0.2079628768299672,0.3366935924440811,0.1924924602517305,0.1924924602517305,0.2064796595623298,0.2064796595623298,0.078537372793946,0.0521939159889258,,b1769
GSE17538,M2_msd_coexpr,770,PCDHGA8;LOC100130285;ATP6V0D1;SLC27A3,0.0,0.3250223567105457,0.6214953676582238,0.1261778493995712,0.1261778493995712,0.2772261564905589,0.2772261564905589,0.2350933093962803,0.0166663007986449,,b1770
GSE17538,M2_msd_coexpr,771,EIF2AK2;LRRC37A2;ATP1B1;CUTC,0.0,0.5560130266662916,1.5215660304083305,0.1856558094282436,0.1856558094282436,0.3333461147178991,0.3333461147178991,0.0950439315013889,0.0038733422145779,,b1771
GSE17538,M2_msd_coexpr,772,AMPD2;ZNF277;GNAI2;GLRA2,0.0,0.1500323381324602,0.2720586392667969,0.0526984222909803,0.0526984222909803,0.1362351021596664,0.1362351021596664,0.6191735905517783,0.2246481571468893,,b1772
GSE17538,M2_msd_coexpr,773,TSACC;ZMYM2;BLVRB;TRANK1,0.0,0.2315646722053618,0.3503329635158985,0.0612315929856022,0.0612315929856022,0.1111260458223422,0.1111260458223422,0.5667601061209002,0.2499683555584146,,b1773
GSE17538,M2_msd_coexpr,774,HEIH;MAPK8IP1;PLOD3;CEP68,0.0,0.1997079112748784,0.280506319211079,-0.0062791598140121,0.0062791598140121,-0.0707745889903218,0.0707745889903218,0.9508975166496856,0.4921480013418595,,b1774
GSE17538,M2_msd_coexpr,775,MCOLN1;MCM8;EIF6;GLRA2,0.0,0.3326318733165272,0.8386268108755821,-0.0749816820445216,0.0749816820445216,-0.0020775028962257,0.0020775028962257,0.4677548259025563,0.9829644023854776,,b1775
GSE17538,M2_msd_coexpr,776,UGP2;DCP2;PARP4;POMGNT2,0.0,0.2738282251746178,0.7139248436781191,0.2026574192698136,0.2026574192698136,0.2124528186788055,0.2124528186788055,0.0840072482550357,0.0847202091134626,,b1776
GSE17538,M2_msd_coexpr,777,MIR4691;CD300A;LSR;ASPSCR1,0.0,0.2293538969776639,0.4435821894850127,0.0340085666280783,0.0340085666280783,-0.0236333449184128,0.0236333449184128,0.7484124318767508,0.7940570766732177,,b1777
GSE17538,M2_msd_coexpr,778,MIR6741;KIAA0430;PLIN3;ZNF14,0.0,0.1393341339409136,0.1696320751161645,0.196822408361533,0.196822408361533,0.2273794807113204,0.2273794807113204,0.0647190790736789,0.0373257238439855,,b1778
GSE17538,M2_msd_coexpr,779,LOC101927673;ZNF85;MCRIP2;ATG4C,0.0,0.1568245844288275,0.2238886298846028,0.1132087710436414,0.1132087710436414,0.1045146933827632,0.1045146933827632,0.2893649114259859,0.3280444354194618,,b1779
GSE17538,M2_msd_coexpr,780,YIPF1;FAM76A;PPDPF;NBR1,0.0,0.2449475011433866,0.5155809066759867,-0.0072570797597883,0.0072570797597883,0.0013014983750551,0.0013014983750551,0.94596931714411,0.990217482197924,,b1780
GSE17538,M2_msd_coexpr,781,YARS2;AMN1;MCRIP2;DNAJC25,0.0,0.196066619095321,0.3638861280525448,0.1617218930878724,0.1617218930878724,0.2275896876525559,0.2275896876525559,0.128094228958508,0.0432132915950165,,b1781
GSE17538,M2_msd_coexpr,782,TRIM21;ALPP;P2RX4;ZNF766,0.0,0.1261346306510523,0.2795159983805143,0.0763976862304313,0.0763976862304313,0.1070197448539726,0.1070197448539726,0.4525613536130246,0.2885064715532626,,b1782
GSE17538,M2_msd_coexpr,783,RBM27;ALPP;LSR;KIAA0232,0.0,0.2075097384883544,0.4435821894850127,0.1086021328556289,0.1086021328556289,0.081769318281349,0.081769318281349,0.310692446377256,0.4579835076115393,,b1783
GSE17538,M2_msd_coexpr,784,ARFGAP1;PPP2R3B;HLA-F;WDR5B,0.0,0.3362382104546712,0.5070982848996147,-0.0712415085293847,0.0712415085293847,0.0136305722732646,0.0136305722732646,0.4851727045949006,0.8931329986699149,,b1784
GSE17538,M2_msd_coexpr,785,MYCBP2;TAF9B;TM9SF4;PRR5,0.0,0.1422793430765979,0.210409552586855,0.0348827725127129,0.0348827725127129,0.0539146450967683,0.0539146450967683,0.7377546252906904,0.6090365605193191,,b1785
GSE17538,M2_msd_coexpr,786,NDUFS8;ATF2;VEGFA;KAT6A,0.0,0.193764332888234,0.3366935924440811,0.2404687022874686,0.2404687022874686,0.2642542716559248,0.2642542716559248,0.0367641735435663,0.0209113712478045,,b1786
GSE17538,M2_msd_coexpr,787,RBM10;LOC100130285;AKR7A2;B3GNT5,0.0,0.1975099931726666,0.4274024763854689,0.0738051434093254,0.0738051434093254,0.1980005379769931,0.1980005379769931,0.475844826571801,0.0725574875560128,,b1787
GSE17538,M2_msd_coexpr,788,SAAL1;EXOG;VPS51;STAM2,0.0,0.2273615928704479,0.3469923143094694,0.0760249388060533,0.0760249388060533,0.1341749633315537,0.1341749633315537,0.4725384956874245,0.2256001772803929,,b1788
GSE17538,M2_msd_coexpr,789,ZNF581;DDX60L;TM9SF4;KCTD7,0.0,0.1778183255066487,0.2228558799445505,-0.0097802385518933,0.0097802385518933,0.0811264900287754,0.0811264900287754,0.9240138093897242,0.4244775253997939,,b1789
GSE17538,M2_msd_coexpr,790,PEX19;RBM48;GPX4;C19orf68,0.0,0.3570259428036115,0.7700935184507601,0.0236406400682827,0.0236406400682827,0.0643141391585134,0.0643141391585134,0.8218137985377745,0.5311411721033645,,b1790
GSE17538,M2_msd_coexpr,791,SIVA1;CREM;SEMA4B;FAM83F,0.0,0.2334904590725404,0.4697162519829979,0.0780073205319413,0.0780073205319413,0.1888712404333814,0.1888712404333814,0.4411894418382895,0.0754820631351145,,b1791
GSE17538,M2_msd_coexpr,792,C16orf91;LOC100130285;STAU1;NEPRO,0.0,0.3407620214635413,0.870200874752673,-0.0034058243971527,0.0034058243971527,0.0551940148110431,0.0551940148110431,0.9736401005296734,0.6393029631567678,,b1792
GSE17538,M2_msd_coexpr,793,MAX;CBFA2T3;MRPL16;SLC5A3,0.0,0.282389633707558,0.4434091504012311,0.0660724670889116,0.0660724670889116,0.2387567874183649,0.2387567874183649,0.5193374269972753,0.0281936077196879,,b1793
GSE17538,M2_msd_coexpr,794,TXN2;SORCS2;ATP5G1;SGK3,0.0,0.2476597006480904,0.5735035240065565,0.0152580798578259,0.0152580798578259,0.0597863678956713,0.0597863678956713,0.8821826217691354,0.5855639777597882,,b1794
GSE17538,M2_msd_coexpr,795,BRE;GXYLT1;PARP4;WDR5B,0.0,0.307808222746178,0.7139248436781191,0.0720440259924483,0.0720440259924483,0.0067714243347973,0.0067714243347973,0.4988873794699142,0.9532866750290896,,b1795
GSE17538,M2_msd_coexpr,796,MAX;EPHA5-AS1;VPS51;SLC27A3,0.0,0.2637431532413775,0.4434091504012311,-0.0851064075562944,0.0851064075562944,0.0559417835275032,0.0559417835275032,0.391443693587267,0.542207409951829,,b1796
GSE17538,M2_msd_coexpr,797,IRF3;ANXA2P1;NDUFV2;COX11,0.0,0.2692459515732044,0.4828558679980459,0.1740829389958919,0.1740829389958919,0.3679853323502133,0.3679853323502133,0.100538749630403,0.001993559691623,,b1797
GSE17538,M2_msd_coexpr,798,RUVBL2;ZNF611;DDX27;SLC27A3,0.0,0.1918832720417826,0.3109050096747818,0.0068576070222349,0.0068576070222349,0.0592013030977712,0.0592013030977712,0.9466327877789316,0.5789140391334082,,b1798
GSE17538,M2_msd_coexpr,799,DPH2;FMO1;P2RX4;GALNT2,0.0,0.1636023841759496,0.4392643855155066,0.0665871197831019,0.0665871197831019,0.1337952629023473,0.1337952629023473,0.533857327951921,0.2091566937025325,,b1799
GSE17538,M2_msd_coexpr,800,MIR6741;DDX60L;SLC25A39;TPR,0.0,0.1981431960839328,0.2228558799445505,0.102316085411246,0.102316085411246,0.2059269903130776,0.2059269903130776,0.3453024133978212,0.0684028175675171,,b1800
GSE17538,M2_msd_coexpr,801,ZDHHC12;TTTY8B;RNF114;EPB41L5,0.0,0.1617742859710695,0.3106058196451107,-0.0391357612222292,0.0391357612222292,-0.0603357085917301,0.0603357085917301,0.6983887531879331,0.5728135656608445,,b1801
GSE17538,M2_msd_coexpr,802,MIR4691;KRBOX1;MCRIP2;PREX1,0.0,0.1622162280982341,0.3366935924440811,0.0659983278373248,0.0659983278373248,0.1543956717390298,0.1543956717390298,0.5328801396591395,0.1558657885872397,,b1802
GSE17538,M2_msd_coexpr,803,RALBP1;TRAPPC2;RALY;RICTOR,0.0,0.2317361336639073,0.3292868735697662,0.1581158064507496,0.1581158064507496,0.3106542454208471,0.3106542454208471,0.1414077718923904,0.0063389692124537,,b1803
GSE17538,M2_msd_coexpr,804,AMPD2;SAMD15;HLA-F;TRIQK,0.0,0.2539933542939173,0.5070982848996147,0.0542931430886241,0.0542931430886241,0.2109429492762153,0.2109429492762153,0.6074641692657899,0.0615568247758107,,b1804
GSE17538,M2_msd_coexpr,805,TXN2;C22orf31;KLF6;DDIAS,0.0,0.1084237029645602,0.1664279904128207,0.1241008127265103,0.1241008127265103,0.2221446706642266,0.2221446706642266,0.2379688621213495,0.0548467972304931,,b1805
GSE17538,M2_msd_coexpr,806,SMDT1;LOC102723692;CALR;TAF1L,0.0,0.2390060456509159,0.5078410882293312,-0.0213898123582277,0.0213898123582277,0.0762780755572725,0.0762780755572725,0.832701239916752,0.4679276610683709,,b1806
GSE17538,M2_msd_coexpr,807,CRB3;TAF9B;P2RX4;LINC01111,0.0,0.1588974256056607,0.3532461870449176,0.1342446837491666,0.1342446837491666,0.1714608748748089,0.1714608748748089,0.2263962478727289,0.0970783180204878,,b1807
GSE17538,M2_msd_coexpr,808,NBPF8;ZNRF2;GPX4;NAA25,0.0,0.3187154538794932,0.7700935184507601,0.2071133181721991,0.2071133181721991,0.2817965023229626,0.2817965023229626,0.058497410135349,0.0186604015026488,,b1808
GSE17538,M2_msd_coexpr,809,DHPS;CRNN;CEBPB;TGIF1,0.0,0.4319668120306319,1.2768214441640693,0.0640861430948414,0.0640861430948414,0.2087520166653522,0.2087520166653522,0.5525794111329169,0.0857685966668029,,b1809
GSE17538,M2_msd_coexpr,810,NPLOC4;EXOG;GPX4;TAF1L,0.0,0.2866729087342665,0.7700935184507601,0.0050897834026849,0.0050897834026849,0.0912727033205148,0.0912727033205148,0.9611777643928364,0.3570363986535689,,b1810
GSE17538,M2_msd_coexpr,811,MIR6741;STK17B;VEGFA;ITGB1,0.0,0.1191932472574968,0.1686999818339689,0.2014511406654622,0.2014511406654622,0.2760460527041613,0.2760460527041613,0.0698514851307839,0.0162435487292057,,b1811
GSE17538,M2_msd_coexpr,812,TRIM21;NDUFB7;BLCAP;PIK3CB,0.0,0.3122358975940915,0.6315341803790382,0.0800209695084006,0.0800209695084006,0.0719380244352852,0.0719380244352852,0.4542565814469295,0.4783646971670195,,b1812
GSE17538,M2_msd_coexpr,813,HARS2;LPAR6;ELF1;STAM2,0.0,0.2891314585816228,0.4782426686725593,0.1344201992818145,0.1344201992818145,0.1063815792977429,0.1063815792977429,0.2176148661104955,0.3310538417345383,,b1813
GSE17538,M2_msd_coexpr,814,EIF2AK2;SLMAP;CALR;NBR1,0.0,0.2601887704065041,0.5158338227535747,0.1522230292909775,0.1522230292909775,0.3344218088614372,0.3344218088614372,0.1646525969230804,0.0033714709332132,,b1814
GSE17538,M2_msd_coexpr,815,CLDN4;GAL3ST1;GPD1L;C8orf44-SGK3,0.0,0.1488097227258418,0.2847587965931336,-0.0490530965969729,0.0490530965969729,-0.1129830857575249,0.1129830857575249,0.6377833190475655,0.2867177777016294,,b1815
GSE17538,M2_msd_coexpr,816,TSR2;MAPK8IP1;KLF6;BICD2,0.0,0.1610565928437487,0.3303646332877322,0.149509547314311,0.149509547314311,0.292230465202595,0.292230465202595,0.1667685906302061,0.0171120478315785,,b1816
GSE17538,M2_msd_coexpr,817,UBL4A;MKRN7P;MIR6513;DMXL2,0.0,0.2443834847859169,0.5570258547866361,0.1293780760063713,0.1293780760063713,0.1662892307013219,0.1662892307013219,0.2310941660145052,0.1259633135953029,,b1817
GSE17538,M2_msd_coexpr,818,UBL4A;FMO1;MXI1;SH3RF3,0.0,0.2384459906971653,0.4680506882237802,0.1635637370529458,0.1635637370529458,0.2464164420066388,0.2464164420066388,0.1217189323314026,0.0250703712467872,,b1818
GSE17538,M2_msd_coexpr,819,KAT7;JMY;HLA-J;STAU2-AS1,0.0,0.3447081911402304,0.7986017794247761,0.079069841486831,0.079069841486831,0.1172709329290933,0.1172709329290933,0.4597186433855499,0.2453529021844787,,b1819
GSE17538,M2_msd_coexpr,820,MUTYH;CRNN;ACSS2;TGIF1,0.0,0.1590519664945024,0.223670666288754,-0.1000125912969384,0.1000125912969384,-0.0183148790211679,0.0183148790211679,0.3301541640608667,0.8640314018130851,,b1820
GSE17538,M2_msd_coexpr,821,SMDT1;FMO1;BLCAP;NPHS2,0.0,0.3419706338280402,0.6315341803790382,0.0196289992732149,0.0196289992732149,0.0645907046282732,0.0645907046282732,0.8511885690421429,0.5468292128124539,,b1821
GSE17538,M2_msd_coexpr,822,SLC29A3;LOC100507006;KLF6;CHDH,0.0,0.2504987968083577,0.3936459162005,0.098587211901093,0.098587211901093,0.1123304519688774,0.1123304519688774,0.349614695004604,0.3204577490547516,,b1822
GSE17538,M2_msd_coexpr,823,HARS2;PLBD1-AS1;ACSS2;EMC3-AS1,0.0,0.233702323560886,0.4782426686725593,-0.00986514524883,0.00986514524883,-0.0040111633894012,0.0040111633894012,0.9249080704863144,0.9707486266502254,,b1823
GSE17538,M2_msd_coexpr,824,SIGIRR;STK17B;MCRIP2;ZNF703,0.0,0.2059850225960302,0.4286078539838117,-0.1777649103821139,0.1777649103821139,-0.0826935671643629,0.0826935671643629,0.0588484885408018,0.3763368446584906,,b1824
GSE17538,M2_msd_coexpr,825,UBQLN4;SEPT5-GP1BB;KLF6;PPP1R21,0.0,0.2518136720868829,0.5074411209909535,0.2110921926176641,0.2110921926176641,0.3768849363996153,0.3768849363996153,0.0557966649779713,0.0020557324169415,,b1825
GSE17538,M2_msd_coexpr,826,CRB3;SIRPG;ATP5G1;NR2F2,0.0,0.3016625934681108,0.5735035240065565,0.103627413968702,0.103627413968702,0.241114693752212,0.241114693752212,0.3230806071732983,0.0396611074298554,,b1826
GSE17538,M2_msd_coexpr,827,TMEM106C;KDSR;KLF6;SLC5A3,0.0,0.2361444128671913,0.5389011184662038,0.1413023898481538,0.1413023898481538,0.3443670963596547,0.3443670963596547,0.187592486150705,0.0071800645086761,,b1827
GSE17538,M2_msd_coexpr,828,MCOLN1;LOC101926963;CEBPB;ADPRM,0.0,0.4917746465496485,1.2768214441640693,0.1842514778848041,0.1842514778848041,0.3137591134492148,0.3137591134492148,0.0888939702682907,0.0084033939506899,,b1828
GSE17538,M2_msd_coexpr,829,ZC3HC1;LOC102725426;MXI1;DDIAS,0.0,0.3077697172003731,0.5263936526275091,0.1734409683989051,0.1734409683989051,0.2753934579333278,0.2753934579333278,0.1087122995644407,0.012297363548768,,b1829
GSE17538,M2_msd_coexpr,830,SDHAF2;ZC2HC1C;PARP4;MMEL1,0.0,0.2816698767988272,0.7139248436781191,0.0195922499863917,0.0195922499863917,-0.0009396244649838,0.0009396244649838,0.8476985666373438,0.9925755941434098,,b1830
GSE17538,M2_msd_coexpr,831,CHKB;LOC100130285;LSR;PIGB,0.0,0.1838393196552269,0.4435821894850127,0.1280929768534326,0.1280929768534326,0.164132174880641,0.164132174880641,0.2239609889559015,0.1359159557759739,,b1831
GSE17538,M2_msd_coexpr,832,COPS7A;NUDT16P1;SEMA4B;LINC00511,0.0,0.1319784080481064,0.2012306151414214,0.1236682845147963,0.1236682845147963,0.1147710709798322,0.1147710709798322,0.2371924627584507,0.2815113586326331,,b1832
GSE17538,M2_msd_coexpr,833,NAGA;MCM8;BLVRB;WDR5B,0.0,0.2365630142481182,0.407748180161041,-0.0273937368068968,0.0273937368068968,0.0370739276333477,0.0370739276333477,0.7901276874730705,0.7039580623200634,,b1833
GSE17538,M2_msd_coexpr,834,RBM10;LPAR6;KLF6;XRCC2,0.0,0.2108158571604532,0.4274024763854689,0.1701640907686959,0.1701640907686959,0.2783804672727325,0.2783804672727325,0.1239492711960023,0.0147598585548825,,b1834
GSE17538,M2_msd_coexpr,835,EIF2AK2;SNORA65;PARP4;STAM2,0.0,0.3746814030461468,0.7139248436781191,0.061034757602931,0.061034757602931,0.1190935092278875,0.1190935092278875,0.573180386908456,0.2690499953385731,,b1835
GSE17538,M2_msd_coexpr,836,DAG1;CREM;SERINC3;EPB41L4A-AS1,0.0,0.2728258312611318,0.6686643753066845,0.131620851041297,0.131620851041297,0.2363462843498035,0.2363462843498035,0.2190005082696201,0.0541607054010822,,b1836
GSE17538,M2_msd_coexpr,837,DPH2;FOXCUT;ACTN4;PTCD2,0.0,0.3129566462906363,0.7317266463106492,-0.1031370889725821,0.1031370889725821,-0.1346995491838336,0.1346995491838336,0.3030762914555569,0.1147417815012001,,b1837
GSE17538,M2_msd_coexpr,838,RBM10;TTTY8B;MIF;FAM83F,0.0,0.5595855292366395,1.6809648266345123,-0.0570879739251697,0.0570879739251697,0.0004190518383956,0.0004190518383956,0.565500106735106,0.9966111181330686,,b1838
GSE17538,M2_msd_coexpr,839,UBQLN4;C20orf196;STAU1;KCTD7,0.0,0.3872050770207863,0.870200874752673,0.0013770009471786,0.0013770009471786,0.0375695594867388,0.0375695594867388,0.9894555322554384,0.7278949338229121,,b1839
GSE17538,M2_msd_coexpr,840,POLR2L;LIN28A;TUBA4A;XRCC2,0.0,0.3524440862722096,0.6748428869805324,0.082345355253244,0.082345355253244,0.235401916408176,0.235401916408176,0.4278081399774431,0.0425671580966651,,b1840
GSE17538,M2_msd_coexpr,841,UBL4A;LIN28A;ATP5G1;IGF1R,0.0,0.29672593606992,0.5735035240065565,0.0158067612565367,0.0158067612565367,0.0648404381221407,0.0648404381221407,0.8804965924706067,0.5581044980831436,,b1841
GSE17538,M2_msd_coexpr,842,SEPT8;MAP3K2;LOC102724884;LOC101928274,0.0,0.1921104506050329,0.4652706015176164,0.1509527022429342,0.1509527022429342,0.1208132618972733,0.1208132618972733,0.1745436098206164,0.2911175568051968,,b1842
GSE17538,M2_msd_coexpr,843,ALKBH5;LRRC57;EIF6;NKAP,0.0,0.3596191194991298,0.8386268108755821,0.1187910496459009,0.1187910496459009,0.1554603527119883,0.1554603527119883,0.268382946224897,0.1703866098810479,,b1843
GSE17538,M2_msd_coexpr,844,MPHOSPH10;PRR4;YWHAB;TRANK1,0.0,0.4835211655590686,1.3143258213116242,0.1088226375771599,0.1088226375771599,0.1911041363719221,0.1911041363719221,0.3131766858747501,0.0954160195790876,,b1844
GSE17538,M2_msd_coexpr,845,NAGA;NAGS;KLF6;ZCCHC6,0.0,0.1530357762094379,0.407748180161041,0.1308025835354447,0.1308025835354447,0.2771780310045267,0.2771780310045267,0.2177086703430577,0.0220387168234282,,b1845
GSE17538,M2_msd_coexpr,846,SDHAF2;TRAPPC2;TUBA4A;CDKN2C,0.0,0.2834780829065095,0.6748428869805324,0.2222245855678989,0.2222245855678989,0.2698764678353534,0.2698764678353534,0.0367142202947652,0.0181881138961353,,b1846
GSE17538,M2_msd_coexpr,847,ALG3;MKRN7P;NBL1;PIK3CB,0.0,0.2833363110597764,0.6755626480848534,-0.0508858744697909,0.0508858744697909,0.0198604902413298,0.0198604902413298,0.633102046511584,0.8319578559346166,,b1847
GSE17538,M2_msd_coexpr,848,RUVBL2;ALPP;ATP5G1;KCTD7,0.0,0.2509878731020583,0.5735035240065565,0.0165665024626229,0.0165665024626229,0.1048654423472745,0.1048654423472745,0.8685935456809915,0.3031080057083515,,b1848
GSE17538,M2_msd_coexpr,849,MGRN1;CDC25A;NBPF25P;EMC3-AS1,0.0,0.2767295617647717,0.4459711280913281,-0.011608167415648,0.011608167415648,0.0997696649258148,0.0997696649258148,0.9119064609841012,0.3688959358448018,,b1849
GSE17538,M2_msd_coexpr,850,KLHDC3;NPIPB11;ACTN4;LYSMD1,0.0,0.2965526603225335,0.7317266463106492,-0.0909688179740595,0.0909688179740595,-0.0382509436219275,0.0382509436219275,0.3565503325188828,0.676566055622241,,b1850
GSE17538,M2_msd_coexpr,851,TMEM184B;LOC101926916;LSR;KIAA0232,0.0,0.1711843175856531,0.4435821894850127,0.0402971920954999,0.0402971920954999,0.041541845277107,0.041541845277107,0.7039089497216808,0.6910801099838786,,b1851
GSE17538,M2_msd_coexpr,852,EGFR;MKRN7P;NBPF19;KNTC1,0.0,0.2573322749107212,0.5061255282492549,0.0992361306292542,0.0992361306292542,0.1696924891719076,0.1696924891719076,0.3710188237920626,0.130938617425575,,b1852
GSE17538,M2_msd_coexpr,853,TMEM245;ANAPC10;LOC102724884;THEM4,0.0,0.1761084098597252,0.2950236045820553,0.1483929661151875,0.1483929661151875,0.1996499027813894,0.1996499027813894,0.1728309862587915,0.0761854560851132,,b1853
GSE17538,M2_msd_coexpr,854,TMEM8A;KIAA0430;BLVRB;USP30,0.0,0.1624454381803538,0.2272697663964366,0.0751302829816987,0.0751302829816987,-0.0239826751914766,0.0239826751914766,0.4755468121181936,0.8302216199948977,,b1854
GSE17538,M2_msd_coexpr,855,RELA;GNRH2;TMBIM1;ATG4C,0.0,0.2301927414233562,0.5570258547866361,0.1359866644055874,0.1359866644055874,0.2322572527372786,0.2322572527372786,0.2183092325990366,0.0475946591790967,,b1855
GSE17538,M2_msd_coexpr,856,COMMD9;FAM76A;AKR7A3;KCTD7,0.0,0.0875119289717712,0.1252145985549789,0.0243560375549337,0.0243560375549337,0.0735489608297032,0.0735489608297032,0.8143475191628637,0.4779398978109438,,b1856
GSE17538,M2_msd_coexpr,857,EGFR;GXYLT1;NBPF19;ITGB1,0.0,0.2460360357774181,0.5061255282492549,0.2233156031067673,0.2233156031067673,0.2993874369774465,0.2993874369774465,0.0564846135950178,0.0141418957605147,,b1857
GSE17538,M2_msd_coexpr,858,HARS2;ZHX2;KLF6;PPM1D,0.0,0.2179943186665993,0.4782426686725593,0.3380749708176626,0.3380749708176626,0.355226085783713,0.355226085783713,0.0054980325277884,0.0075917242541207,,b1858
GSE17538,M2_msd_coexpr,859,DAG1;LOC105376796;ORMDL2;MYO5B,0.0,0.153688570438008,0.2248916527218203,0.0421201240924197,0.0421201240924197,0.2078105653646457,0.2078105653646457,0.6832370151737672,0.0720122791026819,,b1859
GSE17538,M2_msd_coexpr,860,SDHAF2;ZBTB49;TUBA4A;C8orf44-SGK3,0.0,0.2921626785169963,0.6748428869805324,0.1584914690126561,0.1584914690126561,0.1800942789063708,0.1800942789063708,0.1497577064056047,0.143664818304329,,b1860
GSE17538,M2_msd_coexpr,861,COPS7A;ADH1A;PLIN3;DMXL2,0.0,0.1383578917152778,0.2069441922010794,0.2254147059577712,0.2254147059577712,0.3252849758401137,0.3252849758401137,0.036825198116652,0.0055680131187098,,b1861
GSE17538,M2_msd_coexpr,862,CRB3;CAPS;ACADVL;NR2F2,0.0,0.2159147133212677,0.3532461870449176,0.1127656381654662,0.1127656381654662,0.2088599543027608,0.2088599543027608,0.2726990279922336,0.0570375490263111,,b1862
GSE17538,M2_msd_coexpr,863,SYS1;MCM8;MCRIP2;KCTD7,0.0,0.1907201627588801,0.5289668780643249,-0.0316789102206051,0.0316789102206051,0.0294112748336654,0.0294112748336654,0.7549371188935843,0.7741509325959404,,b1863
GSE17538,M2_msd_coexpr,864,DNPH1;MAPK8IP1;NCK2;ZNF703,0.0,0.1912753596221303,0.3673956322739234,-0.2028872451118936,0.2028872451118936,-0.1774426744481236,0.1774426744481236,0.0356725599163992,0.0575241836265371,,b1864
GSE17538,M2_msd_coexpr,865,SRA1;SASS6;MGAT4B;SMARCA2,0.0,0.1420955002664123,0.317559331750892,0.1743268931198546,0.1743268931198546,0.1719466202119992,0.1719466202119992,0.1066512768449711,0.1332228476518153,,b1865
GSE17538,M2_msd_coexpr,866,SEC24C;ZNF611;GPD1L;ASGR2,0.0,0.1184247222280098,0.1459462867984654,0.2070370904790043,0.2070370904790043,0.1925350910565805,0.1925350910565805,0.0728919680648591,0.0703737977812624,,b1866
GSE17538,M2_msd_coexpr,867,DPH2;XRN1;YTHDF1;HBG2,0.0,0.3003533313323074,0.5012682893617977,-0.0870880045023309,0.0870880045023309,-0.0466305382048791,0.0466305382048791,0.388306682247016,0.6707657901186006,,b1867
GSE17538,M2_msd_coexpr,868,BRE;ANGPT4;EIF6;SMPD3,0.0,0.3031706349933642,0.8386268108755821,0.0095163348489658,0.0095163348489658,0.0112982151759237,0.0112982151759237,0.9267803160150992,0.9170015860128252,,b1868
GSE17538,M2_msd_coexpr,869,NKIRAS2;AFF4;ALDH3A2;ACTR3B,0.0,0.2177129698213201,0.5476869687096884,0.1955010438498322,0.1955010438498322,0.1070732350237661,0.1070732350237661,0.0735103750246055,0.3140852654126884,,b1869
GSE17538,M2_msd_coexpr,870,SRA1;PARPBP;RALY;SLC5A3,0.0,0.1634565593589646,0.1926929439656855,0.0938059421548718,0.0938059421548718,0.1967016409354226,0.1967016409354226,0.3708213244156079,0.0789242361265816,,b1870
GSE17538,M2_msd_coexpr,871,ZC3HC1;ERCC6-PGBD3;DDX27;ASPSCR1,0.0,0.2459323704882328,0.5263936526275091,0.0169911451257074,0.0169911451257074,-0.0509336135009263,0.0509336135009263,0.8713187543147201,0.6083093692197117,,b1871
GSE17538,M2_msd_coexpr,872,RBM27;PRR4;USP11;LOC100132731,0.0,0.1673885251184814,0.2084095794278744,0.081354938062221,0.081354938062221,0.1262578865034187,0.1262578865034187,0.4555054571871464,0.2530075663394561,,b1872
GSE17538,M2_msd_coexpr,873,UBXN2A;TSGA10IP;BLVRB;TGIF1,0.0,0.1960216804670291,0.3092440209892233,0.0043053996031959,0.0043053996031959,0.1254512120323303,0.1254512120323303,0.9666279394444338,0.2535643124987234,,b1873
GSE17538,M2_msd_coexpr,874,DNASE2;AMN1;ARHGDIB;KCTD7,0.0,0.2210979570136688,0.4794862672684306,0.0539774503901449,0.0539774503901449,0.118850176277567,0.118850176277567,0.6074127634489159,0.2618149588601007,,b1874
GSE17538,M2_msd_coexpr,875,RELA;ZNF277;CEBPB;TPR,0.0,0.4189972840826227,1.2768214441640693,0.1882649637364081,0.1882649637364081,0.2350247792726686,0.2350247792726686,0.0953040255344599,0.0496346746743368,,b1875
GSE17538,M2_msd_coexpr,876,UBL4A;LOC554174;GPX4;USP34,0.0,0.3025914790529604,0.7700935184507601,0.0201755610494594,0.0201755610494594,0.0808996606258417,0.0808996606258417,0.8470101251754898,0.4432877777817686,,b1876
GSE17538,M2_msd_coexpr,877,DHPS;FMO1;SMCO4;GLRA2,0.0,0.1270115812875037,0.2592774998317065,-0.0219906995642893,0.0219906995642893,0.0694573997743038,0.0694573997743038,0.8310313731046572,0.4755714652936058,,b1877
GSE17538,M2_msd_coexpr,878,YIPF1;OR2H2;BLCAP;RIN2,0.0,0.3417600941037859,0.6315341803790382,0.1042874444180691,0.1042874444180691,0.1594490276738425,0.1594490276738425,0.3502168239933739,0.1676809658700825,,b1878
GSE17538,M2_msd_coexpr,879,PPAN;LINC00324;NBL1;NR2F2,0.0,0.344603781106813,0.6755626480848534,-0.0411119568089546,0.0411119568089546,0.1601957800583787,0.1601957800583787,0.7012365356466397,0.1091816015494109,,b1879
GSE17538,M2_msd_coexpr,880,MAX;LOC100507006;ATP1B1;PDE2A,0.0,0.5764291585878318,1.5215660304083305,0.157615293839627,0.157615293839627,0.3930119634592164,0.3930119634592164,0.1527273122848474,0.0019873319137987,,b1880
GSE17538,M2_msd_coexpr,881,ABT1;LOC100507006;GPD1L;LOC100132731,0.0,0.1739565467387278,0.2267892469706599,0.0272858091687593,0.0272858091687593,0.0929340893072427,0.0929340893072427,0.7923191456117691,0.397785651072856,,b1881
GSE17538,M2_msd_coexpr,882,ABT1;SCYL3;ATP1B1;LRRC36,0.0,0.4496432929208845,1.5215660304083305,0.0969739632200383,0.0969739632200383,0.1429080756659924,0.1429080756659924,0.3507752551129109,0.2463149639859229,,b1882
GSE17538,M2_msd_coexpr,883,HOOK2;ZNF292;NDUFA9;PPM1D,0.0,0.325369896415806,0.6647420673174086,0.2045755847781532,0.2045755847781532,0.137006706799381,0.137006706799381,0.0600741721633671,0.2427282489821091,,b1883
GSE17538,M2_msd_coexpr,884,BYSL;ANXA2P1;MGAT4B;RAPH1,0.0,0.2576727953451531,0.4462782619491244,0.0640975478316857,0.0640975478316857,0.0469735389501521,0.0469735389501521,0.5517858996040463,0.6682919467732285,,b1884
GSE17538,M2_msd_coexpr,885,DUSP3;SIRPG;ALDH3A2;NAT14,0.0,0.2029036068066699,0.4728697040986913,0.1284415813570149,0.1284415813570149,0.1773545665900373,0.1773545665900373,0.2321812972488673,0.0815386482025053,,b1885
GSE17538,M2_msd_coexpr,886,TNPO3;CD7;MIEN1;S100PBP,0.0,0.1755509480333633,0.2408266558242197,0.0803616464052021,0.0803616464052021,0.1255068126196356,0.1255068126196356,0.4356875888922762,0.2494283619190638,,b1886
GSE17538,M2_msd_coexpr,887,PREB;ZNF268;IFT172;PTCD2,0.0,0.1143991782531353,0.2038157598326667,0.0824338039682252,0.0824338039682252,0.0460421417084024,0.0460421417084024,0.4281977149662925,0.667729594372799,,b1887
GSE17538,M2_msd_coexpr,888,RBM10;LOC554174;IER2;POLR3D,0.0,0.4768483742227422,1.184421467706463,0.0679987042482396,0.0679987042482396,0.1670193148761158,0.1670193148761158,0.531584409532617,0.1097430526303757,,b1888
GSE17538,M2_msd_coexpr,889,DTD1;KIAA0430;TUBA4A;DDIAS,0.0,0.3578280318851558,0.6748428869805324,0.1295671599126293,0.1295671599126293,0.1904916024197841,0.1904916024197841,0.2125420967465171,0.08536241674676,,b1889
GSE17538,M2_msd_coexpr,890,ILKAP;SIRPG;NBPF25P;PPP1R13B,0.0,0.2674566938626604,0.4847792126883219,0.1222375807224849,0.1222375807224849,0.253663467256513,0.253663467256513,0.2576673616756563,0.0262253657754119,,b1890
GSE17538,M2_msd_coexpr,891,MIR4691;MAPK8IP1;HLA-F;B3GNT5,0.0,0.27806100026724,0.5070982848996147,0.0703589191576114,0.0703589191576114,0.1810630899726731,0.1810630899726731,0.5134939808585534,0.0977466592660641,,b1891
GSE17538,M2_msd_coexpr,892,YARS2;SCYL3;TM9SF4;ATG4C,0.0,0.2151220374510034,0.3638861280525448,0.1807259085883489,0.1807259085883489,0.1986576787063145,0.1986576787063145,0.0988224189812723,0.0896575445737883,,b1892
GSE17538,M2_msd_coexpr,893,TBC1D23;AEBP2;NDUFA9;EPB41L4A-AS1,0.0,0.3191110684879309,0.6647420673174086,0.1743855447750254,0.1743855447750254,0.1447132509920052,0.1447132509920052,0.1146721159821246,0.2015615795442847,,b1893
GSE17538,M2_msd_coexpr,894,BYSL;EED;MIF;RICTOR,0.0,0.598536718158534,1.6809648266345123,0.3375360612245172,0.3375360612245172,0.435606476862687,0.435606476862687,0.0042369675381159,0.0004576326690584,,b1894
GSE17538,M2_msd_coexpr,895,MYH14;CA5BP1;GPX4;HBG2,0.0,0.35230649513721,0.7700935184507601,-0.0670075930861111,0.0670075930861111,0.0378540029897378,0.0378540029897378,0.4845120076899977,0.6907525799878442,,b1895
GSE17538,M2_msd_coexpr,896,ZC3HC1;UACA;EIF6;POLR3D,0.0,0.4097008913258742,0.8386268108755821,0.1223887425669094,0.1223887425669094,0.220390439128719,0.220390439128719,0.2666454603002535,0.0606080367067482,,b1896
GSE17538,M2_msd_coexpr,897,SEC24C;CCNT2;EIF6;TSPAN11,0.0,0.2668327020142367,0.8386268108755821,0.140470054718166,0.140470054718166,0.2909618090297919,0.2909618090297919,0.1934013471308941,0.0098907525110522,,b1897
GSE17538,M2_msd_coexpr,898,FAM109B;HOXA6;AKR7A2;CENPV,0.0,0.2655627765727115,0.5257558893117937,0.0647120075828701,0.0647120075828701,0.2518812907046277,0.2518812907046277,0.5342803759809653,0.0417596326921885,,b1898
GSE17538,M2_msd_coexpr,899,MEN1;TREML2;PARP4;NIPAL2,0.0,0.3208385580374794,0.7139248436781191,-0.1008696435298456,0.1008696435298456,-0.0770671401017758,0.0770671401017758,0.3267164050989322,0.4221237541544976,,b1899
GSE17538,M2_msd_coexpr,900,ZNF106;ZNF268;CIB1;KCTD7,0.0,0.2275117098445399,0.421376560831032,0.1893122185012061,0.1893122185012061,0.3027639819513817,0.3027639819513817,0.0860183371734016,0.0167419816108354,,b1900
GSE17538,M2_msd_coexpr,901,RALBP1;ANGPT4;ACADVL;CGRRF1,0.0,0.2047188502744856,0.3292868735697662,0.1902246571298501,0.1902246571298501,0.3700607098703916,0.3700607098703916,0.0693872478558687,0.0012094316889872,,b1901
GSE17538,M2_msd_coexpr,902,ZDHHC12;LOC100130285;TM9SF4;PIK3CB,0.0,0.1891691454011094,0.2702719302540505,-0.0016203067790278,0.0016203067790278,0.0139092852203977,0.0139092852203977,0.9877550530411956,0.8935964562023118,,b1902
GSE17538,M2_msd_coexpr,903,ALG3;LOC101926963;AKR7A3;LRRC37B,0.0,0.1384932962297324,0.1838050492382414,0.0290592239764648,0.0290592239764648,0.0628409337833418,0.0628409337833418,0.778394019925713,0.5338440232989382,,b1903
GSE17538,M2_msd_coexpr,904,EPHB4;H1FOO;GPD1L;ZNF14,0.0,0.2197949553236163,0.5252918313784601,0.0028470565813968,0.0028470565813968,-0.0154425173766261,0.0154425173766261,0.9786806253176076,0.8769884757454147,,b1904
GSE17538,M2_msd_coexpr,905,TCTA;TRIM13;ATP6V0D1;PRR5,0.0,0.3103528983033597,0.6214953676582238,-0.0846237141925985,0.0846237141925985,-0.0819229565398083,0.0819229565398083,0.4129069507413054,0.3815090358538689,,b1905
GSE17538,M2_msd_coexpr,906,ZC3HC1;HOXA6;P2RX4;CGRRF1,0.0,0.2287835593202015,0.5263936526275091,0.1700196721060662,0.1700196721060662,0.2094580039702015,0.2094580039702015,0.1212706964994008,0.0498057397655787,,b1906
GSE17538,M2_msd_coexpr,907,UBL4A;GPR26;LOC102724884;MLXIPL,0.0,0.135280273577116,0.2617059444939755,-0.0797028314936772,0.0797028314936772,-0.097102238696533,0.097102238696533,0.440383109236298,0.3433371105111146,,b1907
GSE17538,M2_msd_coexpr,908,XPO1;LOC102725426;SEPHS2;TFPT,0.0,0.2793602916042252,0.516959398758714,0.1011767574472696,0.1011767574472696,0.1675799129809978,0.1675799129809978,0.3397738609342217,0.1368484705423466,,b1908
GSE17538,M2_msd_coexpr,909,NDUFS8;FAM133B;ALDH3A2;MTF2,0.0,0.1904398836376161,0.3366935924440811,0.1973078056727842,0.1973078056727842,0.2586471104318513,0.2586471104318513,0.0723072987200241,0.0184144609251179,,b1909
GSE17538,M2_msd_coexpr,910,TNPO3;ALPP;CEBPB;TSPAN11,0.0,0.4031965694236427,1.2768214441640693,0.0883306031767079,0.0883306031767079,0.240583253837458,0.240583253837458,0.401421843984315,0.055344221524451,,b1910
GSE17538,M2_msd_coexpr,911,TMEM8A;SLC2A6;EIF6;ACTR5,0.0,0.3353330299137184,0.8386268108755821,-0.0509193023281728,0.0509193023281728,-0.0021472312213772,0.0021472312213772,0.6178930664496161,0.9829366023836652,,b1911
GSE17538,M2_msd_coexpr,912,NDUFS8;LOC105376796;ALDH3A2;PTCD2,0.0,0.1531775454533274,0.3366935924440811,0.1112982042281699,0.1112982042281699,0.1101142285599434,0.1101142285599434,0.3087842914390278,0.2726723427605647,,b1912
GSE17538,M2_msd_coexpr,913,HTRA2;ZBTB49;SERINC3;ACTR3B,0.0,0.3228864118260288,0.6686643753066845,0.1069755381632711,0.1069755381632711,0.1224158884385329,0.1224158884385329,0.3237652969767671,0.278408555668744,,b1913
GSE17538,M2_msd_coexpr,914,LOC101927673;NAGS;GPD1L;MMEL1,0.0,0.1203130235377351,0.1990583513561562,-0.063594802160764,0.063594802160764,-0.0746955135154814,0.0746955135154814,0.542165128807608,0.4488011898907564,,b1914
GSE17538,M2_msd_coexpr,915,AMPD2;TFAP2A;AKR7A3;NPHS2,0.0,0.1713141821778892,0.2720586392667969,0.0704789630046344,0.0704789630046344,0.2095068331286569,0.2095068331286569,0.4946891310866662,0.0474301695069191,,b1915
GSE17538,M2_msd_coexpr,916,HEIH;STK17B;VEGFA;STAU2-AS1,0.0,0.1710601965481137,0.280506319211079,0.0427555656230435,0.0427555656230435,0.0370334981262608,0.0370334981262608,0.6850209782125016,0.7167959615050561,,b1916
GSE17538,M2_msd_coexpr,917,COMMD9;ZMYM2;BCAP31;PRIMPOL,0.0,0.3897078357475022,1.0807167038415102,0.1128658039331918,0.1128658039331918,0.0450127545953094,0.0450127545953094,0.2879687580689317,0.7005054134163615,,b1917
GSE17538,M2_msd_coexpr,918,RELA;BOD1L2;RALY;COX11,0.0,0.1545981384730693,0.1926929439656855,-0.0185397568246731,0.0185397568246731,0.0033013571191058,0.0033013571191058,0.8576911684570329,0.9726513335720184,,b1918
GSE17538,M2_msd_coexpr,919,SYS1;BOD1L2;NCK2;ZNF703,0.0,0.236970288108303,0.5289668780643249,-0.1495587089837813,0.1495587089837813,-0.1734464539269186,0.1734464539269186,0.1416064869840605,0.1033321784042388,,b1919
GSE17538,M2_msd_coexpr,920,CLDN4;LOC554174;BCAP31;BICD2,0.0,0.388799887239541,1.0807167038415102,0.0401811754447492,0.0401811754447492,0.0598574788201095,0.0598574788201095,0.7094471090548534,0.5915428459431095,,b1920
GSE17538,M2_msd_coexpr,921,RSAD1;LOC101928317;NDUFV2;ZNF703,0.0,0.2566252572894036,0.4828558679980459,-0.1626417753791823,0.1626417753791823,0.0688051721053952,0.0688051721053952,0.0890279397770595,0.5335440421379389,,b1921
GSE17538,M2_msd_coexpr,922,COMMD9;CRNN;TMBIM1;LOC100132731,0.0,0.2258055786323931,0.5570258547866361,0.0830034910011458,0.0830034910011458,0.1755860817673568,0.1755860817673568,0.4359462771822591,0.1070601028849611,,b1922
GSE17538,M2_msd_coexpr,923,DESI1;LRRC37A2;USP11;IGF1R,0.0,0.1750659258282903,0.3064641969975643,0.0484592246775964,0.0484592246775964,0.0866249770747627,0.0866249770747627,0.6479868385447451,0.4352557193505634,,b1923
GSE17538,M2_msd_coexpr,924,RBM10;SLC2A6;DDX27;CHDH,0.0,0.2435356195336969,0.4274024763854689,-0.0838725051410452,0.0838725051410452,-0.0941823029554141,0.0941823029554141,0.3964066922103203,0.3382876256807179,,b1924
GSE17538,M2_msd_coexpr,925,HEIH;NAGS;LOC102724884;CBX5,0.0,0.1227007369924337,0.280506319211079,-0.0442901750106353,0.0442901750106353,-0.1075174272276158,0.1075174272276158,0.6872068260759445,0.3321178476337764,,b1925
GSE17538,M2_msd_coexpr,926,DNPH1;FAM133B;BCAP31;ACCS,0.0,0.4042805757958519,1.0807167038415102,0.0708260795488999,0.0708260795488999,0.0793638974653065,0.0793638974653065,0.5052185299400687,0.4612630178149961,,b1926
GSE17538,M2_msd_coexpr,927,HEIH;ZNF45;NDUFV2;ZNF703,0.0,0.2637736527630437,0.4828558679980459,-0.0779743523072203,0.0779743523072203,0.028977244104257,0.028977244104257,0.4476986752413261,0.8092979703157291,,b1927
GSE17538,M2_msd_coexpr,928,MAX;HOXA6;B4GALT5;PPP1R13B,0.0,0.2139655355399092,0.4434091504012311,0.0672042205778668,0.0672042205778668,0.214011504804608,0.214011504804608,0.5225592769028031,0.0671984078925591,,b1928
GSE17538,M2_msd_coexpr,929,MAD2L1BP;CRNN;GNAI2;S100PBP,0.0,0.130412504304704,0.2408266558242197,0.1651925059021079,0.1651925059021079,0.2450584875538421,0.2450584875538421,0.1302383364314637,0.0417885763576001,,b1929
GSE17538,M2_msd_coexpr,930,TCTA;CA5BP1;MCRIP2;ACCS,0.0,0.1746375707089068,0.3798372150716443,0.0014637774490575,0.0014637774490575,0.0407193452753155,0.0407193452753155,0.9882857348857508,0.6757654982855035,,b1930
GSE17538,M2_msd_coexpr,931,RPL36;LIN28A;IER2;DNAJC25,0.0,0.4797399393113861,1.184421467706463,0.2324537742933563,0.2324537742933563,0.18024593413819,0.18024593413819,0.0332393213670067,0.0660450020586299,,b1931
GSE17538,M2_msd_coexpr,932,CREB3;MCM8;AKR7A2;CEP68,0.0,0.185182085480581,0.3217777204522248,0.0750514779051552,0.0750514779051552,0.1188484389578383,0.1188484389578383,0.4817096925273911,0.2827061644686716,,b1932
GSE17538,M2_msd_coexpr,933,YIPF1;GPR26;P2RX4;SNX19,0.0,0.2014705395078969,0.5155809066759867,0.1266360322188147,0.1266360322188147,0.2082777292772051,0.2082777292772051,0.2477796870102057,0.0554432261531874,,b1933
GSE17538,M2_msd_coexpr,934,IRF3;PIGK;NDUFV2;PIP5K1B,0.0,0.2659023741776602,0.4828558679980459,0.0675830856182206,0.0675830856182206,0.2444788946677417,0.2444788946677417,0.5254318974178865,0.0438240030436037,,b1934
GSE17538,M2_msd_coexpr,935,ZNF106;LPAR6;GPD1L;TGIF1,0.0,0.2189246601547673,0.421376560831032,-0.000543498550726,0.000543498550726,0.0754773108421998,0.0754773108421998,0.995985488389682,0.5266778922371669,,b1935
GSE17538,M2_msd_coexpr,936,RSAD1;NAGS;ADAP1;PRR5,0.0,0.1556583376493521,0.2627393861568008,-0.1064645111583546,0.1064645111583546,-0.0507550417743167,0.0507550417743167,0.3105411260127775,0.6024709017029926,,b1936
GSE17538,M2_msd_coexpr,937,CCDC117;TTTY8;ACTN4;GLMN,0.0,0.3454036314263384,0.7317266463106492,0.0888023195388247,0.0888023195388247,0.2170440154200773,0.2170440154200773,0.393922570692006,0.0484482709819767,,b1937
GSE17538,M2_msd_coexpr,938,EIF2AK2;GPR26;SEPHS2;LRRC37B,0.0,0.328319705956695,0.516959398758714,0.1087966232176722,0.1087966232176722,0.1242875080680343,0.1242875080680343,0.3004250879922523,0.2387371787251314,,b1938
GSE17538,M2_msd_coexpr,939,MCOLN1;SLMAP;ADAP1;PREX1,0.0,0.1896818051855517,0.4127360713294191,0.1159413062820865,0.1159413062820865,0.2013689715120667,0.2013689715120667,0.280391074231294,0.0737198702652022,,b1939
GSE17538,M2_msd_coexpr,940,NPLOC4;FAM133B;GNAI2;ARHGAP5-AS1,0.0,0.1341539110859642,0.1812514542573042,0.1367803263799933,0.1367803263799933,0.2888446990008939,0.2888446990008939,0.2172035622045848,0.0174215652752908,,b1940
GSE17538,M2_msd_coexpr,941,EGFR;CCNT2;SMCO4;TPR,0.0,0.2189116513365482,0.5061255282492549,0.1359149498761467,0.1359149498761467,0.1745569131265702,0.1745569131265702,0.2131298544395541,0.0945764839847771,,b1941
GSE17538,M2_msd_coexpr,942,TMEM184B;LOC100507006;MIEN1;SLC8A3,0.0,0.1412460454279445,0.2267892469706599,0.0065196714690996,0.0065196714690996,0.0845150848887352,0.0845150848887352,0.94957399608522,0.4007419595444478,,b1942
GSE17538,M2_msd_coexpr,943,TSPYL2;FAM133B;EIF6;LINC00511,0.0,0.3298599676292532,0.8386268108755821,0.0767402206645361,0.0767402206645361,0.1321956654642685,0.1321956654642685,0.4680701906270373,0.2461904564730042,,b1943
GSE17538,M2_msd_coexpr,944,ILKAP;ANAPC10;NDUFA9;NIPAL2,0.0,0.3558992906603466,0.6647420673174086,0.0827767977556094,0.0827767977556094,0.0640490435043393,0.0640490435043393,0.431262537570104,0.5716288826201823,,b1944
GSE17538,M2_msd_coexpr,945,ALKBH5;NAGS;P2RX4;NAA25,0.0,0.1763433740554242,0.463391193635916,0.2588879858888617,0.2588879858888617,0.4222442143251438,0.4222442143251438,0.0269560932322876,0.0011227287729419,,b1945
GSE17538,M2_msd_coexpr,946,NDUFS8;ZBTB49;GNAI2;ZNF14,0.0,0.2034020842403957,0.3366935924440811,0.1763955190535624,0.1763955190535624,0.2043680999041494,0.2043680999041494,0.109201824351144,0.0611158182232021,,b1946
GSE17538,M2_msd_coexpr,947,TMEM138;SASS6;ARHGDIB;LYSMD1,0.0,0.2012761529600351,0.4411347629552734,0.0806691450053021,0.0806691450053021,0.1228202708934054,0.1228202708934054,0.4483018402093022,0.2036063834061759,,b1947
GSE17538,M2_msd_coexpr,948,DECR2;NAGS;PRELID3B;RTN4IP1,0.0,0.0859718076159114,0.1857976029931975,-0.0996847617119764,0.0996847617119764,-0.2122243560301026,0.2122243560301026,0.3342267517511476,0.0476880558858595,,b1948
GSE17538,M2_msd_coexpr,949,PCDHGA8;SCYL3;CALR;XRCC2,0.0,0.219953484556272,0.4735632995188149,0.1900126141685038,0.1900126141685038,0.4085727471186618,0.4085727471186618,0.0871587245325928,0.0005160171032217,,b1949
GSE17538,M2_msd_coexpr,950,EBP;IFNA6;ALDH3A2;RIN2,0.0,0.184340256746955,0.4098910730799386,0.1076977333757133,0.1076977333757133,0.0911609874465438,0.0911609874465438,0.3163838222092799,0.3903391474536651,,b1950
GSE17538,M2_msd_coexpr,951,RUVBL2;AFF4;GPX4;PREX1,0.0,0.3187751063322456,0.7700935184507601,0.0976326890427193,0.0976326890427193,0.1947790698199245,0.1947790698199245,0.3533929656675606,0.0714272660400266,,b1951
GSE17538,M2_msd_coexpr,952,PNPLA6;ZNF45;VPS51;KIAA0232,0.0,0.2870734845913387,0.5361533632160783,0.0646919730590091,0.0646919730590091,0.0194226679024175,0.0194226679024175,0.5432952553818766,0.8415680584782115,,b1952
GSE17538,M2_msd_coexpr,953,KLHDC3;LOC101926916;ACADVL;RICTOR,0.0,0.1651024169489159,0.2332775086432014,0.10776290633141,0.10776290633141,0.2039055855871052,0.2039055855871052,0.318852371567293,0.0708933753113769,,b1953
GSE17538,M2_msd_coexpr,954,UBQLN4;B3GNTL1;IFT172;SPSB1,0.0,0.2359902615818663,0.5074411209909535,-0.0094692098812646,0.0094692098812646,0.0557465876379005,0.0557465876379005,0.9262212382768792,0.5760799504200333,,b1954
GSE17538,M2_msd_coexpr,955,GMEB2;SIRPG;ORMDL2;SH3RF3,0.0,0.2234694408486803,0.3753390079315855,0.0589756614031051,0.0589756614031051,0.1751257397296889,0.1751257397296889,0.5673842042505646,0.1039696277200957,,b1955
GSE17538,M2_msd_coexpr,956,XPNPEP1;KRBOX1;DDX27;LYSMD1,0.0,0.1538306532480668,0.2741261231775232,0.0349658524180481,0.0349658524180481,0.0735940044450326,0.0735940044450326,0.7464639656776437,0.4851168170572708,,b1956
GSE17538,M2_msd_coexpr,957,SLC29A3;JMY;MXI1;ZFP57,0.0,0.2946453817140407,0.4680506882237802,0.148274777949095,0.148274777949095,0.2160964520011044,0.2160964520011044,0.1649741098625973,0.0455121590878505,,b1957
GSE17538,M2_msd_coexpr,958,EGFR;SCYL3;LSR;PTCD2,0.0,0.2579347411925867,0.5061255282492549,0.1035678482700078,0.1035678482700078,0.0187053874331966,0.0187053874331966,0.3418163597123237,0.8505862437966166,,b1958
GSE17538,M2_msd_coexpr,959,COLGALT1;STK17B;P2RX4;TGIF1,0.0,0.2106836306813436,0.4315440180915506,0.0009915631198932,0.0009915631198932,0.1894858038264337,0.1894858038264337,0.9925667426780376,0.0937939304685269,,b1959
GSE17538,M2_msd_coexpr,960,TCTA;FOXCUT;MINOS1-NBL1;C19orf68,0.0,0.3665534112930784,0.92688602654736,-0.1729355178969921,0.1729355178969921,-0.0639568936864377,0.0639568936864377,0.0871151734845212,0.4851687205932853,,b1960
GSE17538,M2_msd_coexpr,961,EGFR;SIRPG;ATP6V0D1;POLR3D,0.0,0.3577226025604607,0.6214953676582238,0.0056782220025137,0.0056782220025137,0.0606662678860778,0.0606662678860778,0.957075570842879,0.5410477423157314,,b1961
GSE17538,M2_msd_coexpr,962,DCP1A;LOC101927379;EIF6;CGRRF1,0.0,0.3497485434714327,0.8386268108755821,0.1211893502448516,0.1211893502448516,0.1883389929014982,0.1883389929014982,0.2563613437254061,0.1162377482430868,,b1962
GSE17538,M2_msd_coexpr,963,LARP1;LOC102723692;ACTN4;HBG1,0.0,0.2914359500474725,0.7317266463106492,-0.0351478351275357,0.0351478351275357,-0.0595090532132571,0.0595090532132571,0.7191044558799848,0.5370697476932854,,b1963
GSE17538,M2_msd_coexpr,964,HTRA2;LOC101926916;P2RX4;SH3RF3,0.0,0.175652088904909,0.3738674329963488,0.2038765920515136,0.2038765920515136,0.2781454081123246,0.2781454081123246,0.0767476058170026,0.0120148937390479,,b1964
GSE17538,M2_msd_coexpr,965,DTD1;ZNF85;MIR6513;XXYLT1,0.0,0.3067511524036645,0.5570258547866361,0.1523880084618156,0.1523880084618156,0.2180893791631783,0.2180893791631783,0.1499986435947343,0.043321605321082,,b1965
GSE17538,M2_msd_coexpr,966,CRB3;CCDC140;MRPL16;LYSMD1,0.0,0.2106147927634932,0.3532461870449176,-0.000152156826187,0.000152156826187,0.0306420380538616,0.0306420380538616,0.9988291102947938,0.7556649420656609,,b1966
GSE17538,M2_msd_coexpr,967,MIR4691;ZNF326;PPDPF;THEM4,0.0,0.1899526387624087,0.3366935924440811,-0.0355363494567511,0.0355363494567511,0.0088164772376886,0.0088164772376886,0.7392205815507629,0.9320898520346048,,b1967
GSE17538,M2_msd_coexpr,968,UBL4A;ZNF277;ACTN4;KAT6A,0.0,0.332891777490696,0.7317266463106492,0.0821375060222826,0.0821375060222826,0.0332082489071557,0.0332082489071557,0.4361134977935099,0.7611274741773711,,b1968
GSE17538,M2_msd_coexpr,969,OTUB1;SCYL3;ATP1B1;DNAJC25,0.0,0.4857685544707344,1.5215660304083305,0.2336763317891772,0.2336763317891772,0.2946394162949498,0.2946394162949498,0.037637950740973,0.0168826553174391,,b1969
GSE17538,M2_msd_coexpr,970,TNPO3;C22orf31;ORMDL2;CD79A,0.0,0.2086063756549434,0.2942143060573996,0.0374355547223247,0.0374355547223247,0.0807471428259302,0.0807471428259302,0.7119468909374742,0.4432165664152122,,b1970
GSE17538,M2_msd_coexpr,971,CHKB;KDSR;MAGED1;SLC27A3,0.0,0.3064574313984099,0.6761091634731808,0.1206445911758395,0.1206445911758395,0.2289095480527198,0.2289095480527198,0.2344964850130059,0.0315413176053783,,b1971
GSE17538,M2_msd_coexpr,972,PPAN;NAGS;VEGFA;SLC8A3,0.0,0.1723978009691875,0.4277625304500458,0.0129373917343263,0.0129373917343263,0.0745113061338694,0.0745113061338694,0.9040664323899438,0.4751379838669003,,b1972
GSE17538,M2_msd_coexpr,973,DPH2;MAP3K2;SERINC3;SH3RF3,0.0,0.3300621422559555,0.6686643753066845,0.0220565774644155,0.0220565774644155,0.0979820176560869,0.0979820176560869,0.8352953132167891,0.3767595402476478,,b1973
GSE17538,M2_msd_coexpr,974,RSAD1;ZNF268;P2RX4;RHOT1,0.0,0.1422695025736546,0.2627393861568008,0.2037444533088935,0.2037444533088935,0.2494806173896886,0.2494806173896886,0.0685672781690684,0.0289606775577099,,b1974
GSE17538,M2_msd_coexpr,975,AP1M1;CD79B;MIF;RICTOR,0.0,0.6433097941296204,1.6809648266345123,0.2916331750967471,0.2916331750967471,0.3514075961955635,0.3514075961955635,0.0127142904116105,0.0024715024903708,,b1975
GSE17538,M2_msd_coexpr,976,TSACC;EED;GSS;POP1,0.0,0.1590120275985692,0.3503329635158985,0.0281474046394006,0.0281474046394006,0.0845821735405619,0.0845821735405619,0.7900947604586277,0.4374569472457373,,b1976
GSE17538,M2_msd_coexpr,977,TMEM245;SASS6;PLIN3;ATL3,0.0,0.1874676110508029,0.2950236045820553,0.3662279221694466,0.3662279221694466,0.5520050890913092,0.5520050890913092,0.0008424800792173,1.3742805098314273e-05,,b1977
GSE17538,M2_msd_coexpr,978,MYCBP2;LOC646743;PLOD3;LOC101928274,0.0,0.1313469014965458,0.2027342176215734,0.0872587754380949,0.0872587754380949,-0.0012289555527555,0.0012289555527555,0.4152188265661728,0.991097550356109,,b1978
GSE17538,M2_msd_coexpr,979,CCDC117;JMY;NBPF25P;COX19,0.0,0.2660357762493607,0.4131682404987287,0.192118648345746,0.192118648345746,0.3140586458701873,0.3140586458701873,0.0847182121680633,0.0057207814092513,,b1979
GSE17538,M2_msd_coexpr,980,RUVBL2;AFF4;SLC25A39;TRANK1,0.0,0.2206095117925077,0.3109050096747818,0.0863067312753917,0.0863067312753917,0.1703058214146107,0.1703058214146107,0.4035220559945263,0.0959277669752112,,b1980
GSE17538,M2_msd_coexpr,981,FAM109B;KDSR;LSR;ACTR3B,0.0,0.301788201737255,0.5257558893117937,0.1408990998904719,0.1408990998904719,0.200959767518845,0.200959767518845,0.1884528530878846,0.10663414961546,,b1981
GSE17538,M2_msd_coexpr,982,BRE;CBFA2T3;SLC25A39;TMCO3,0.0,0.1525957402196223,0.227361991131785,0.0310634030109928,0.0310634030109928,0.0637929153782852,0.0637929153782852,0.7645186848886782,0.5510588791175297,,b1982
GSE17538,M2_msd_coexpr,983,DNASE2;KIAA0430;MINOS1-NBL1;KIAA0232,0.0,0.3991003335783716,0.92688602654736,0.0446000506423991,0.0446000506423991,0.1203688200104087,0.1203688200104087,0.6736209917296128,0.2760620503847163,,b1983
GSE17538,M2_msd_coexpr,984,BYSL;POLR1E;RNF114;NR2F2,0.0,0.2560808508667405,0.4462782619491244,0.0561839654413847,0.0561839654413847,0.083894313472421,0.083894313472421,0.5890715797248943,0.4584502770265984,,b1984
GSE17538,M2_msd_coexpr,985,AP1M1;TTTY8;GSS;PTCD2,0.0,0.1655756986698073,0.4574029811678257,0.0945018182446405,0.0945018182446405,0.0747851828233092,0.0747851828233092,0.373970880585394,0.465660537742358,,b1985
GSE17538,M2_msd_coexpr,986,PMVK;CD300A;MINOS1-NBL1;NIPAL2,0.0,0.3998503438198683,0.92688602654736,-0.0803654795644178,0.0803654795644178,0.0193710121288751,0.0193710121288751,0.4265907060052655,0.848210830677805,,b1986
GSE17538,M2_msd_coexpr,987,SDHAF2;LOC646743;MGAT4B;PIGB,0.0,0.1594686064623063,0.317559331750892,0.0600039066767243,0.0600039066767243,0.0656161335060419,0.0656161335060419,0.5692711282414837,0.558840155860534,,b1987
GSE17538,M2_msd_coexpr,988,CHRAC1;XCL2;STAU1;XRCC2,0.0,0.4274886872418933,0.870200874752673,0.0236413132141363,0.0236413132141363,0.0928286854503126,0.0928286854503126,0.8178501148826659,0.405596154908722,,b1988
GSE17538,M2_msd_coexpr,989,EIF2AK2;MAPK8IP1;ORMDL2;EMC3-AS1,0.0,0.2462788260783414,0.5158338227535747,0.0143451914236864,0.0143451914236864,0.1469472855546039,0.1469472855546039,0.8911739968805092,0.1708192400470666,,b1989
GSE17538,M2_msd_coexpr,990,TNPO3;CD79B;RNF114;SPSB1,0.0,0.2367016021184769,0.3106058196451107,-0.0096476053184523,0.0096476053184523,0.0309768870362812,0.0309768870362812,0.9237696549241692,0.7812423791889188,,b1990
GSE17538,M2_msd_coexpr,991,MGRN1;ZNF45;TM9SF4;SMARCA2,0.0,0.206507933222038,0.4459711280913281,0.1615828257902128,0.1615828257902128,0.1889312629629679,0.1889312629629679,0.133221465362154,0.1194963477396768,,b1991
GSE17538,M2_msd_coexpr,992,GMEB2;EXOG;GSS;ACCS,0.0,0.1837868862504734,0.3753390079315855,-0.0217840030267123,0.0217840030267123,0.0260600054183721,0.0260600054183721,0.8303779684182262,0.8091799985673245,,b1992
GSE17538,M2_msd_coexpr,993,RBM10;PRR7;ACTN4;LINC00511,0.0,0.3451547820241066,0.7317266463106492,-0.0948741385554269,0.0948741385554269,-0.0972154909726209,0.0972154909726209,0.3199860829524503,0.237649226528844,,b1993
GSE17538,M2_msd_coexpr,994,NAGA;TTC39B;NBL1;RICTOR,0.0,0.3627614677249764,0.6755626480848534,0.0590553786638103,0.0590553786638103,0.2442946200642399,0.2442946200642399,0.5738517252612303,0.0291805480060253,,b1994
GSE17538,M2_msd_coexpr,995,LOC440434;FAM133B;MIEN1;PDE2A,0.0,0.1263780471929091,0.2040414620462787,0.0985251435001511,0.0985251435001511,0.2071443286215869,0.2071443286215869,0.3357265145007178,0.0641721674432892,,b1995
GSE17538,M2_msd_coexpr,996,XPNPEP1;LINC00265;YWHAB;ARHGAP21,0.0,0.5046284201124558,1.3143258213116242,0.1682350551777336,0.1682350551777336,0.1209643462112988,0.1209643462112988,0.1191048556885393,0.2772367857881985,,b1996
GSE17538,M2_msd_coexpr,997,EPHB4;EXOG;MIEN1;POP1,0.0,0.2104135232754841,0.5252918313784601,-0.0168568935275225,0.0168568935275225,-0.0112784278078897,0.0112784278078897,0.8724889992232727,0.9130307739005712,,b1997
GSE17538,M2_msd_coexpr,998,YARS2;ATP12A;SLC25A39;SLC27A3,0.0,0.2127985457979955,0.3638861280525448,-0.0057352388138753,0.0057352388138753,0.0943321797871509,0.0943321797871509,0.9568972443550386,0.3932404853896032,,b1998
GSE17538,M2_msd_coexpr,999,RALBP1;LOC101928419;MXI1;TRANK1,0.0,0.3007949697227194,0.4680506882237802,0.1559307021360755,0.1559307021360755,0.2793797620670881,0.2793797620670881,0.1236969677061958,0.0048797311083907,,b1999
